userWallet,total_deposit,total_borrow,total_repay,balance_mean,balance_std,tx_count,days_since_last_tx,health_ratio,leverage_ratio
0x00000000001accfa9cef68cf5371a23025b6d4b6,2000000000.0,0.0,0.0,2000000000.0,0.0,1.0,16,1.0,0.0
0x000000000051d07a4fb3bd10121a343d85818da6,1.45e+20,0.0,0.0,1.45e+20,0.0,1.0,105,1.0,0.0
0x000000000096026fb41fc39f9875d164bd82e2dc,5000000000000000.0,0.0,0.0,2500000000000000.0,2121320343559642.5,2.0,32,1.0,0.0
0x0000000000e189dd664b9ab08a33c4839953852c,0.0,0.0,0.0,2.8442924293334816e+17,1.0849013441996892e+18,17.0,6,1.0,0.0
0x0000000002032370b971dabd36d72f3e5a7bf1ee,9.45936581470771e+22,3.946000000007e+22,70024572850.0,4.348852554983178e+20,1.684377432357193e+21,323.2399999999998,0,1.7745710301539731e-12,0.41715270106920266
0x000000000a38444e0a6e37d3b630d7e855a7cb13,1.06096172676103e+22,11605000000.0,11613645226.0,4.244767261229196e+20,1.4372968724004906e+21,25.0,42,1.0007449570012925,1.0938189104548067e-12
0x000000003853fcedcd0355fec98ca3192833f00b,4.542699271260784e+16,0.0,0.0,5678374089075980.0,8007506601537841.0,8.0,24,1.0,0.0
0x000000003ce0cf2c037493b1dc087204bd7f713e,2.7418827529682684e+23,8.633978978750131e+22,3.3681345309004864e+20,1.109254309229092e+21,3.4706448248548407e+21,323.2399999999998,0,0.0039010223897812443,0.3148923479460703
0x000000007858e6f2668e1e06111cfa24403a5466,9.264749382774971e+16,0.0,0.0,9.264749382774971e+16,0.0,1.0,88,1.0,0.0
0x00000001a0f57e850c9db68b4a9bc34677437c5c,1797442.0,0.0,0.0,1797442.0,0.0,1.0,41,1.0,0.0
0x0000000506063a51c6ce59906d8c40f7d7fe92a7,5.376726769708291e+23,4.199051244553148e+23,1.4663222052498567e+23,4.0571448584575635e+22,4.807122567956568e+22,69.0,94,1.0020595180240393,0.7469233735021081
0x00000029ff545c86524ade7caf132527707948c4,5.376726769708291e+23,4.199051244553148e+23,1.4663222052498567e+23,1.663091582752502e+23,3.317324857355523e+23,47.0,139,1.000157193393154,0.4455347019537698
0x00000087c4cebffb95746d1935de7fbcab092f40,2.000200538589319e+22,2.1000000001237225e+22,1.1798988409671993e+21,1.6873164393981867e+20,1.2593416012772692e+21,250.0,0,0.05618565909036595,1.0498947278580322
0x000000e28faa823d5b53ff6c2922c28335840375,5.376726769708291e+23,4.199051244553148e+23,1.4663222052498567e+23,2.863229999794964e+22,4.991648225638239e+22,297.0,0,0.7018996328692699,1.0848397819635471
0x000006eee6e39015cb523aebdd4d0b1855aba682,3.87628792744121e+22,2.310000000000175e+22,2.3100038412828127e+22,4.821592209523189e+21,7.894605160183042e+21,28.0,99,1.0000016628929167,0.5959309636539403
0x00000a9c78912badb92d73b6ed26456e11def5eb,1690049.0,0.0,0.0,1690049.0,0.0,1.0,39,1.0,0.0
0x00001bc47f0973f794f79c16121cee879e272d6a,0.0,0.0,0.0,13348529576.75,65963965.10184094,4.0,23,1.0,0.0
0x00002b503a75998c97508916a74fdb41934fa030,8.753846698080166e+20,4.199051244553148e+23,1.4663222052498567e+23,6.917935852086809e+21,2.8497554719333e+22,147.0,0,0.7247732560713147,672.6128755840715
0x0000897253cc85f7547317eb2080b36b3255687a,1.4471757177770854e+17,0.0,0.0,1.4471856069988717e+17,1398547157141.6094,2.0,13,1.0,0.0
0x0000b252c943089fbba5554a1d196ef79bc77e4f,1109908.0,0.0,0.0,1109908.0,0.0,1.0,39,1.0,0.0
0x0000ce08fa224696a819877070bf378e8b131acf,2.500000001947075e+18,1.4170933200616298e+21,0.0,2.077539602492411e+20,4.448720712085871e+20,14.0,44,0.0,566.837327583182
0x00010a708585ba4812a1c5976182626c75cb7a6b,1.983901697249004e+20,3.000000000008307e+20,3.0041094863201875e+20,2.8283591316392944e+19,7.761911799397448e+19,29.0,4,1.0013698287706232,1.5121716989144598
0x00016fc0c9f7620e920e1423fd455f9574f48025,1.2652993450826146e+16,0.0,0.0,6326496725413073.0,22666167457852.0,2.0,45,1.0,0.0
0x0002761e848b24046a53d494847b11a3e1d36b09,1.0080314238445638e+18,0.0,0.0,1.0080314238445638e+18,0.0,1.0,47,1.0,0.0
0x00027e45436f11ec8549b7d5e0b86748ee61c13d,1010439.0,0.0,0.0,505219.5,714349.6759462414,2.0,44,1.0,0.0
0x0003816b25fd3d6c112eb65c089760fa3f791947,5e+21,1.3e+18,1.3e+18,2.50065e+21,2.886000790598182e+21,4.0,101,1.0,0.00026
0x0003bbb966655dc0fbbb380797b07fc547e9ddc5,1.8200000002238802e+19,915968086.0,0.0,1.447813216683455e+19,5.977358224987532e+19,37.0,9,0.0,5.032791680699592e-11
0x0003d4fb942d0cad7fa1b658ad6d46ef6c15f11b,1050025562.0,0.0,0.0,1050025679.5,166.17009357883867,2.0,112,1.0,0.0
0x0003f46779806fe779e7f30eec95dbdb4d45840b,2034568202.0,1945000000.0,1396327014.0,279271359.9166667,236376324.47409365,24.0,0,0.7179059197943445,0.9559768004277499
0x0004849537dab5c33fc8c494d05313dfbe2d99f3,999090000.0,507497107.0,512437824.0,323030608.3,277131096.8474342,10.0,1,1.009735458452574,0.5079593500085078
0x0004a89403e17f544bfbd25ecb1a7d9215a1d61b,8.458931552812315e+17,500000000.0,0.0,4.2294657789061574e+17,5.981367859050907e+17,2.0,2,0.0,5.910911997316807e-10
0x0004d4112ee696dabc22b221bef156ecdaeb1a59,2.5e+19,1.6e+19,1.6e+19,1.3666665000000002e+19,3.6147870384505364e+18,6.0,103,1.0,0.64
0x0005696d4be2359526c497fe4a4c0620b41f2426,2.9350141e+17,592247574.0,592297200.0,1.4736597132767429e+19,3.873077116269094e+19,7.0,84,1.0000837926606687,2.0178696041017315e-09
0x000660cad76200a2e326f53e033919905e6c50f5,1064772.0,0.0,0.0,1064772.0,0.0,1.0,49,1.0,0.0
0x00069a4bf1b2a8d5eded8e91347dbaa70796ff54,1.3e+18,0.0,0.0,1.3e+18,0.0,1.0,42,1.0,0.0
0x00080000158a9930aeb508823103b0a977161c47,3e+18,0.0,0.0,1.5e+18,7.071067811865476e+17,2.0,45,1.0,0.0
0x00099b1263c22ae2ce0a52624cef2a012e751970,4712595639187231.0,0.0,0.0,2356297819593615.5,3332069953908106.0,2.0,43,1.0,0.0
0x0009ce45d5df78e632a0b4987079432dfba2253a,4.1e+16,0.0,0.0,4.1e+16,0.0,1.0,124,1.0,0.0
0x000a27ba176083e4b50177378cbe7469a00dd557,276526904.0,160000000.0,160082274.0,72779897.08333333,49703908.74057894,12.0,58,1.0005142125,0.5786055450141662
0x000a3d1bef684a7c029267a26068de56b1c1b4dc,1.9281445079779706e+22,4.800000001338327e+19,13385125834.0,1.2102447431869305e+21,1.9586330459614017e+21,43.0,66,2.78856788130583e-10,0.0024894399675323337
0x000ab43e658935ba39504a1424b01756c1e9644c,1e+17,1e+16,0.0,5.5e+16,6.363961030678928e+16,2.0,23,0.0,0.1
0x000bc61d0a2dfee19346ad4d1fce2fa3c099e0cb,2.2002139414592373e+20,0.0,0.0,5.076690859644885e+18,1.2912819375251782e+19,77.0,5,1.0,0.0
0x000c8e2871750f458bf1de8ab528dda09bc95db6,1.5e+22,2.356e+21,2.356e+21,8.678e+21,7.300016803633628e+21,4.0,131,1.0,0.15706666666666666
0x000cdb5d7a2cda2947603f2993f05db57e3197dc,7.132457629292884e+16,971000000.0,921516338.0,1938770315524282.5,4996689912586357.0,71.0,3,0.9490384531410917,1.3613820795964063e-08
0x000cef8f0ab0a2fadbecaeb92e8781ab3e04b01e,2.00272e+20,40000000.0,40108150.0,3.337866666668002e+19,2.585521863503763e+19,6.0,51,1.00270375,1.9972836941759207e-13
0x000d0ccd6b0e27ce38018b1304ef4f2cd345b636,1000000000000000.0,0.0,0.0,1000000000000000.0,0.0,1.0,82,1.0,0.0
0x000dd5baf04ffe492508f5f45ac3d9374b193f57,1e+17,0.0,0.0,1e+17,0.0,1.0,101,1.0,0.0
0x000deb0c92e6d3da7f77ed01b8473b3f7f4efc39,2.8256901933637283e+17,879000000.0,501890779.0,3.5321127652419256e+16,9.990323476788603e+16,8.0,12,0.5709792707622298,3.110744419414324e-09
0x000df66a4ac5991f672ae2db1e8fc38f1e7d46d9,2.132617238514029e+18,0.0,0.0,3.9907817664519814e+17,5.5079396481472275e+17,8.0,0,1.0,0.0
0x000e840a3122ec28d0c29321db172375cb049762,3.837084420447951e+20,216908607.0,217048025.0,3.837084420454965e+19,5.46385102877679e+19,10.0,85,1.0006427499670403,5.652953733415058e-13
0x000e9bd1d42999446d60ff60f1fb3afb13604202,1.8112655988098611e+19,35000000.0,35002269.0,8.284232718622505e+17,2.8192355219211633e+18,22.0,5,1.0000648285714286,1.9323505080092977e-12
0x000eab293e332bd6e67018a9150e8807bfac3233,1.2e+18,0.0,0.0,1.2e+18,0.0,1.0,40,1.0,0.0
0x000f3b3cba440b4bd611d2ac4b6271400fb1e4e1,5.6e+19,0.0,0.0,5.604617176371426e+19,6.529673444338515e+16,2.0,76,1.0,0.0
0x000f4432a40560bbff1b581a8b7aded8dab80026,9.28472901901214e+18,17600000000.0,17614321013.0,3.6666892267456037e+19,1.7946979597421625e+20,25.0,110,1.0008136939204546,1.8955857477327405e-09
0x000f7f22bfc28d940d4b68e13213ab17cf107790,5.376726769708291e+23,4.199051244553148e+23,1.4663222052498567e+23,2.0576737106643694e+24,2.132800272320016e+24,73.0,129,1.000166484452041,0.8403974990248431
0x000f908720f9ce164d90f4fc89459fab4442907f,1.5296965019179294e+21,7.935281590685303e+20,7.935551142167785e+20,4.840144177342127e+19,4.966955156241589e+19,96.0,81,1.0000339687356272,0.5187487570727963
0x000fbfec300959d0f2f327728a889c1f5de8e2df,5.93233163408689e+20,1.4e+20,1.4004910116409685e+20,1.5291028307159823e+20,1.8980385888646886e+20,8.0,52,1.0003507226006918,0.2359948981873616
0x0011730224657eb527cf736039854c3a3f140e63,4.5e+21,7.39e+20,7.39e+20,2.6195e+21,2.1714143624221824e+21,4.0,136,1.0,0.16422222222222221
0x00120ea6fdbaf057eadc1bd149f957488444e92c,2.3675989569912272e+20,2608976.0,2608976.0,5.918997392478198e+19,6.8347398813222396e+19,4.0,59,1.0,1.1019501391044359e-14
0x0012668072f7e0579caf7e047713d8b6d476d0db,3e+18,0.0,0.0,1.5e+18,1.414213562373095e+17,2.0,43,1.0,0.0
0x00129c4ce6be31b273de64c65ff3fcdd4706a002,1.1486621116412448e+22,4.923462755854999e+21,9.33385959030951e+20,7.511939351054424e+19,4.153096748147045e+20,231.0,47,0.189579165176169,0.4286258514107512
0x0012a7f00af8a643ba5a6aa187f915b4c13289df,0.0,0.0,0.0,5000954281830769.0,0.0,1.0,51,1.0,0.0
0x00130437654e7e86cbbeeaf34f4771df6a1fb45c,9.26e+16,0.0,0.0,9.26e+16,0.0,1.0,98,1.0,0.0
0x00133f29e7d424f4e5773532b3fc35d020e9c54e,2455392.0,0.0,0.0,1227696.0,102336.73601400427,2.0,40,1.0,0.0
0x0014dfac19477a83d7354e6eaac28642c1959398,1.6993360966012305e+20,18156827224.0,18162323503.0,9.44081660969224e+18,1.2892295024626864e+19,36.0,73,1.0003027114226617,1.0684659297424855e-10
0x001589fe1923c2118f34e4277f2ef650fcbf0161,4.14069156227058e+21,9.433796318126906e+20,0.0,2.4187469064853363e+20,4.3269827755806386e+20,30.0,2,0.0,0.22783141840571702
0x00159370cbe576b765a7fb2e78582e0cb563d445,1.4378217549440027e+21,4.755336760005915e+20,0.0,1.5719081215497866e+20,3.062261868503934e+20,19.0,3,0.0,0.3307320078900264
0x0015b3f0266cd7b1f4105cf8180d37e7bd0ccead,14127252.0,0.0,0.0,14127264.0,16.97056274847714,2.0,97,1.0,0.0
0x0016469a65facda9e86fd0ae0e9661128843c224,2.21e+16,5000000000000000.0,0.0,1.355e+16,1.2091525958289962e+16,2.0,115,0.0,0.22624434389140272
0x0016dcd1d3c93067dce5bb30dc33258f36d33308,9.63e+16,0.0,0.0,9.63e+16,0.0,1.0,98,1.0,0.0
0x00183135585d70a523d61b2e43037a7138b36906,1.5304922101147493e+21,1.420027252822416e+21,6.407402824712978e+17,6.6581811636006715e+19,1.8314829062596818e+20,54.0,6,0.0004512168912235846,0.9278239009893091
0x00184e8aa1e95f491f2d9601e12b540092160ded,1.0235e+20,6.1e+19,6.1e+19,8.1675e+19,2.387343363099103e+19,4.0,141,1.0,0.5959941377625794
0x0018583d7654803d2c59467e10dec5f70bbe1851,260000000000460.0,0.0,0.0,3611111111117.5,4836934064297.674,72.0,93,1.0,0.0
0x001875a076b3cfe1c9535d76b0345c16e3d61118,2200000.0,0.0,0.0,1100000.0,0.0,2.0,44,1.0,0.0
0x0018d044b946ede86b43bb3b964a45772a5abeb9,1.462827654263013e+19,1121816.0,1121820.0,1.3370927428188378e+18,3.631743489815497e+18,22.0,23,1.0000035656471293,7.668818652223128e-14
0x0019971fb18fbfc9108d90eb2cdd4d5a0a897eee,0.0,79209353.0,158517071.0,3.747373367909707e+19,8.379381587705142e+19,5.0,61,2.001241835670593,0.0
0x0019bd9f6142943f3a03a8a62d0001a95213f555,1e+17,0.0,0.0,1e+17,0.0,1.0,101,1.0,0.0
0x001b024b98ee862aa01eea595c4c16a0213d2611,4.1189765583527866e+17,500000000.0,0.0,2.0594882816763933e+17,2.9125562524241485e+17,2.0,143,0.0,1.2138937741368312e-09
0x001bc3cfc3eed892dd6de07807333f2b05c5b4e9,3.914713099487479e+19,234424601.0,234555105.0,1.2233478436148436e+18,5.393139868639957e+18,32.0,68,1.0005566992518844,5.988295822513564e-12
0x001bc97d92e1a30b02d4e75be25f06063555d556,1.1484504979413797e+23,54452832761.0,54495849398.0,4.756227622753872e+21,6.961012333309168e+21,45.0,75,1.0007899797828481,4.74141748892162e-13
0x001be549fa377710b9e59d57bbdf593ce1e379ca,6240750099327031.0,0.0,0.0,3120375049663515.5,4412876693711560.0,2.0,25,1.0,0.0
0x001c88d92d199c9eb936ed3d6758da7c48e4d08e,2.0000000000000097e+18,0.0,0.0,1.0000000000000049e+18,1.414213562373088e+18,2.0,41,1.0,0.0
0x001d2a3192a49e28cac0a7abcaa916648c62b982,6461144026105417.0,0.0,0.0,6461144026105417.0,0.0,1.0,43,1.0,0.0
0x001d4aa3f14b6e0019e5615e9c8eb50659061220,1109087.0,0.0,0.0,1109087.0,0.0,1.0,40,1.0,0.0
0x001f96b7e19a54ae45f451b0148336504d03fdcf,18485.0,0.0,0.0,18485.0,0.0,1.0,44,1.0,0.0
0x001fbfc5e2b56d372d642f5f1b52b5cde4584779,9.189004126574749e+20,0.0,0.0,2.0315006877624582e+20,3.1308748716319795e+20,6.0,8,1.0,0.0
0x00202f8f6bb6f100241ce0726922f2bd4c7196ee,23783.0,0.0,0.0,23783.0,0.0,1.0,45,1.0,0.0
0x0020c5222a24e4a96b720c06b803fb8d34adc0af,0.0,0.0,0.0,2012030942630.0,0.0,1.0,37,1.0,0.0
0x0021be1d33a577bf5ede730a6b5d5d9f878ba7e4,1.1352405889685976e+18,0.0,0.0,5.676202944842988e+17,8.027363187378921e+17,2.0,45,1.0,0.0
0x00222d56e0509a5e9ab05c588c548290a5e9f876,4440486156185637.0,0.0,0.0,4440486156185637.0,0.0,1.0,45,1.0,0.0
0x002379916ac42a432f3b53f16782d33267debb4c,1.5e+18,0.0,0.0,1.5e+18,0.0,1.0,45,1.0,0.0
0x0023aa0d5d1675d6ccbe0aff5d6afdd0bc61d2be,2200000.0,0.0,0.0,1100000.0,0.0,2.0,44,1.0,0.0
0x0023d9ffe7d793895c5da5833d56c737832ead2b,14997724.0,0.0,0.0,7498862.0,3534997.918992598,2.0,45,1.0,0.0
0x0023e0f24acc95e838f76f81ab3d69e40b9b1933,4999194.0,0.0,0.0,4999194.0,0.0,1.0,45,1.0,0.0
0x0023f4cbb5d47ef377af97fc5c7399b62e31e0ff,1.2625001510457944e+16,0.0,0.0,6312500755228972.0,31530334465481.664,2.0,44,1.0,0.0
0x0024461e7a8ce7157866eaa4c24b702d328250ce,0.0,0.0,0.0,1012775168.0,0.0,1.0,25,1.0,0.0
0x0024511a019f836ddd88902bb516b4f0b3a2dcf9,2.5e+16,0.0,0.0,2.5e+16,0.0,1.0,67,1.0,0.0
0x00246f7813397868b1beec56e1677efa47816dae,3.0379081544958256e+21,2.3568e+21,2.3593073098584406e+21,2.4529306680004854e+20,4.390715181869709e+20,44.0,73,1.001063861956229,0.7757969892908553
0x0025a856d01a898bd52286d56c52323b13937b65,1e+17,0.0,0.0,1e+17,0.0,1.0,101,1.0,0.0
0x00261d225db379b3fc74cd0228d6f90582d39035,3.42e+16,5000000000000000.0,0.0,1.96e+16,2.0647518010647188e+16,2.0,114,0.0,0.14619883040935672
0x00262ffcfda82b5582d1905ca05b849f196b0419,101169192.0,57074003.0,57090279.0,31651425.2,18248736.649321463,10.0,79,1.0002851736192395,0.5641441022875818
0x0026bc865efa2fb74d18c3be5a77c780756e50e6,450246121481307.0,0.0,0.0,450246121481307.0,0.0,1.0,99,1.0,0.0
0x002729e3173b9fc6abcf03eb2d754b0e2ae4edbd,1851978.0,0.0,0.0,1851978.0,0.0,1.0,40,1.0,0.0
0x002761f50e9c9e98e4ca367ef215f3643eec9dd9,9.7e+16,0.0,0.0,9.7e+16,0.0,1.0,98,1.0,0.0
0x002775390698ef16589bb22bba37ae7906ae2f36,8.138977148594979e+19,6.8201720166501695e+19,3.201720166501698e+18,5.09310706063216e+18,1.1831425790290823e+19,30.0,66,0.04694485943588079,0.8379642665328686
0x0027c6cd01364a3c5d29f72269b36dfe85628193,1880888.0,0.0,0.0,1880888.0,0.0,1.0,39,1.0,0.0
0x0027f7335d610f15b325baa5798414548720fcaa,2.0055276752177456e+17,1518992970.0,1519063995.0,1.5427136512300714e+16,5.562332811446966e+16,13.0,2,1.00004675795175,7.574031457008336e-09
0x00283b611db7844cb5677b311afd67c8e3078518,7200645.0,0.0,0.0,7200645.0,0.0,1.0,39,1.0,0.0
0x00296e3cb10f1ddf6be160aa9722d7a288957b66,4.72e+16,0.0,0.0,4.72e+16,0.0,1.0,119,1.0,0.0
0x0029ab135b5be72168bf80f140d60a9264dbd0c5,2.6e+18,0.0,0.0,1.3e+18,1.414213562373095e+17,2.0,45,1.0,0.0
0x002a63fb3bb81ccc222e2d8192eb95a5767a2151,1107978.0,0.0,0.0,1107978.0,0.0,1.0,40,1.0,0.0
0x002aea16059a7d4bef638a03b61a9e80ef07e745,1.430619659525877e+21,6.74381785819342e+20,15406926.0,1.1123034449300932e+20,3.244452643278356e+20,41.0,40,2.2845999586541786e-14,0.4713913871719333
0x002bb13a55bf4525f02717708dd4534ecc475193,3145177.0,0.0,0.0,1572588.5,1111711.1600611464,2.0,45,1.0,0.0
0x002c77a71d54e6da4b28690fe1676752a74a67eb,1151220.0,0.0,0.0,1151220.0,0.0,1.0,45,1.0,0.0
0x002cd2707daccbd5f3f192a565fca0a2cea021a6,1.000000000005134e+18,2726309.0,2726309.0,2.000000000031441e+17,4.4721359549820026e+17,5.0,128,1.0,2.726308999986003e-12
0x002d2715b179d0db3e17cc28317a98f2f65e6884,7.932648299989014e+22,3.3426624892930284e+22,8.000894335516522e+21,6.328770408430586e+20,1.784202848596295e+21,253.0,44,0.239356930624746,0.42138039692212975
0x002d59b6a7b3483c8c1ef38c90cbe7790aeaea50,4674990964187967.0,0.0,0.0,4674990964187967.0,0.0,1.0,44,1.0,0.0
0x002dcc4d0ad0bdce1c444ad0bb4d51ac7e61d62b,1.52000000000005e+22,4500000000.0,1380602617.0,5.241379310347546e+20,1.9371656711386688e+21,29.0,10,0.30680058155555556,2.9605263157893767e-13
0x002de04d579930686698abab5f48bda0b24fb9fc,9.561601228095397e+21,42533281825.0,42583466718.0,1.1269848265814557e+20,4.48671604709297e+20,85.0,2,1.0011798970323165,4.448342993014814e-12
0x002e5e69ae7c8999834ee24aeb5c26ad05433820,2.1457e+22,2.5e+21,2.5e+21,1.19785e+22,1.0944829053027737e+22,4.0,136,1.0,0.11651209395535256
0x002e7ea05d6721a04cd36ab5e9f2c72338d7f7f3,15000000.0,0.0,0.0,1.4180272085557535e+19,3.473443102262277e+19,6.0,16,1.0,0.0
0x002eba74e10ff40a1bc1cfa2b9684f9e28f8dea7,12183.0,0.0,0.0,12183.0,0.0,1.0,47,1.0,0.0
0x002f93d5a1ca66a2a64b490bd0a0291c1a1c02b6,3.8119796786499373e+21,1.500000000029125e+20,2509969106.0,5.353684230788937e+19,1.249976953741854e+20,108.0,4,1.6733127373008433e-11,0.039349632644431344
0x0030040e8d836ac3e546c354f9b373e70a14deeb,0.0,0.0,0.0,22421097883.5,27720898060.980038,2.0,61,1.0,0.0
0x00301da1d3b20fd6b8451a791a8b1a5e20599fb8,9.647786848111267e+21,4.95000000000615e+21,0.0,2.5168598013995545e+20,4.402589393625679e+20,58.0,0,0.0,0.5130710366984532
0x00305f0dc87d6bf12ac07e37ac0d2336d5906b93,6764030347976762.0,0.0,0.0,6764030347976762.0,0.0,1.0,42,1.0,0.0
0x003064605a8677d5b2e8def620ac67d8f1f1b5ed,197000000.0,0.0,0.0,131660491.0,56594674.57352541,3.0,6,1.0,0.0
0x003094a91a3b5523bc601b221f80183bd347e9ae,2200000.0,0.0,0.0,1100000.0,0.0,2.0,44,1.0,0.0
0x0030a2c2268c9faafeae8ea22802db8b3c87f82c,165694780930095.0,0.0,0.0,165694780930095.0,0.0,1.0,51,1.0,0.0
0x0030d58fd7c5af92c6e9bbf4d06255b6a9d1490a,9.44067062908613e+22,5.404812000007117e+22,5.417605170497536e+22,4.435396537252356e+21,7.816951755452642e+21,67.0,3,1.002366996389588,0.572502972760772
0x0030de8f624d2b2513c6dbbff788bb109b80304d,512154521788658.0,0.0,0.0,512154521788658.0,0.0,1.0,46,1.0,0.0
0x0030e3b40e23f92bd064457fd1fb848482a0bde5,32765593476.0,0.0,0.0,16382796738.0,23166207946.008087,2.0,49,1.0,0.0
0x0030ee334630838ea4dee0b4b6ecbc973529031f,4.145e+21,5.500000000038e+20,1806279483.0,2.934375000003504e+20,4.3142677536261086e+20,16.0,10,3.2841445145227643e-12,0.1326899879381906
0x0031fc2cc920357b9767ab93200c5bf69c43e8e7,1.0711849113594033e+18,0.0,0.0,1.0711849113594033e+18,0.0,1.0,48,1.0,0.0
0x00326e37cef76788f6b0cf643c94481d60bd3d58,3e+19,0.0,0.0,1.5e+19,7.071067811865475e+18,2.0,42,1.0,0.0
0x00329e92ed6fd0a0ef76da9c476d51faeb6b26a0,5.376726769708291e+23,4.199051244553148e+23,1.4663222052498567e+23,1.259437528750749e+22,3.5378063362055494e+22,323.2399999999998,21,0.11551816918883266,1.8299090592111726
0x003325d3054cd7668fb16f19ea11bae6d02a474c,0.0,0.0,0.0,401186108926.4,417217907863.62646,5.0,15,1.0,0.0
0x0034baeeb160a5f1032b6d124d3e87cc94d74e62,5.376726769708291e+23,4.199051244553148e+23,1.4663222052498567e+23,1.0844288688291187e+24,1.9580230027251083e+24,162.0,98,1.0010982097653374,0.6617405698415967
0x0034d2a08772822866b08d2c585e5c8e25723760,4.76e+20,0.0,0.0,4.76e+20,0.0,1.0,75,1.0,0.0
0x0034daf2e65f6ef82bc6f893dbbfd7c232a0e59c,0.0,0.0,0.0,1.3097377256063703e+19,1.2141570720964284e+19,5.0,54,1.0,0.0
0x0035e2e614e53a5ebf5a518dede926a7fcec4f91,1.40438995854961e+21,3.332233623786781e+20,913894665.0,6.683128157426636e+19,1.36082899335761e+20,26.0,76,2.742588810329096e-12,0.2372726751213858
0x0036472d3ca5e7ab22477d62682b2a3d9436d328,1e+19,0.0,0.0,1e+19,0.0,1.0,48,1.0,0.0
0x0036534c48a754163f0f446601f36bcfda840f57,6.764733088455185e+20,1.6500000000125e+20,1.5004200209250887e+20,4.511053782970915e+19,1.319308741000121e+20,27.0,105,0.9093454672204375,0.24391206252149397
0x00368bb9dba2ee83f3553feae59710b9c3743e09,6.009616576102522e+20,5e+20,0.0,1.00087423419132e+20,1.9854041311859163e+20,11.0,51,0.0,0.8319998350448343
0x0036a2f1f6136bb9d7992f7def692126a279e702,3992596985892630.0,0.0,0.0,3992596985892630.0,0.0,1.0,45,1.0,0.0
0x0036a3f98bc84afb07fe42421f5a14cfe3c33219,1.8875272977127176e+21,2.020000000002401e+21,1.4002145576161926e+21,1.420403937887398e+20,2.4555902610284947e+20,43.0,34,0.6931755235715487,1.0701831981186245
0x0036bc671c03460dec7d0ab24f45df0cf33d042b,1.4036387132020113e+21,4.274986215513806e+20,4.311109504544958e+20,3.052351420033658e+20,3.535511969607364e+20,12.0,15,1.0084499194172982,0.30456457030610207
0x0037643e4ec2b622270676e9e7aa163b261cfb79,1843331.0,0.0,0.0,1843331.0,0.0,1.0,40,1.0,0.0
0x0037aca1c1c45787a95c11dfaabed6308dc2ff80,49613617892.0,0.0,0.0,11026406574.333334,7346640454.827721,9.0,41,1.0,0.0
0x0037daf6fb154db55110ced85cb4ba9e1204ca17,3.863706220943507e+19,6.304403429841318e+19,0.0,4.194909779886472e+18,7.461808332631981e+18,28.0,21,0.0,1.6316984442729705
0x0038281701bf3f51fdbb18903c6e18776780a9a1,1100000.0,0.0,0.0,1100000.0,0.0,1.0,40,1.0,0.0
0x00389de87cae34a6f89e13cc8225c4984add8b37,5.376726769708291e+23,4.199051244553148e+23,1423714851667.0,4.530630672267246e+21,1.7150082530336842e+22,323.2399999999998,58,1.1315302437327591e-12,0.8475418668811118
0x0039e71541bdc798d062346bce94230bf519bb72,3.25e+16,5000000000000000.0,0.0,1.875e+16,1.9445436482630056e+16,2.0,115,0.0,0.15384615384615385
0x0039e762ecd8e8f074e93575dc395abfce4ef8b6,9.960000000008995e+21,0.0,0.0,3.1600000000039977e+21,4.904854737907095e+21,6.0,118,1.0,0.0
0x003a85c562730b196f7cba202a2515f2ff855736,3.977519507196101e+23,5.0000000003232e+21,5.000087055004988e+21,2.3397719190946516e+21,1.2918728637279338e+22,177.0,2,1.0000174109363564,0.01257064859462596
0x003a969ef82e876824b4131a1bbafbdb46a2ca90,1.73e+21,885864724.0,886027497.0,1.3307692307705938e+20,2.4071506722617986e+20,13.0,84,1.0001837447587538,5.120605341040462e-13
0x003ae57782ab0f390908f8d7a3a9680bcfc62ec0,2105972.0,0.0,0.0,1052986.0,32386.90479190625,2.0,42,1.0,0.0
0x003ae6c26a2655eb54c1e53b03a266d97f3512e6,4.036479248781379e+20,7.250002020928938e+19,0.0,1.1073208025291332e+19,2.560932397300769e+19,43.0,0,0.0,0.17961202260900333
0x003b2816d976cebbf0cadec981ff59286b6d7f2f,141678625.0,0.0,0.0,70947352.75,54743620.95744919,4.0,94,1.0,0.0
0x003be39433bde975b12411fbc3025d49d813a84f,0.0,735469.0,0.0,183867.25,367734.5,4.0,44,0.0,0.0
0x003cb0842811db8d115e28f13048dd83db391dcb,1626066.0,0.0,0.0,1626066.0,0.0,1.0,43,1.0,0.0
0x003dc03b7d7fe265e1c1db88bb1c6b1e6bcd06a7,6308462378533841.0,0.0,0.0,6308462378533841.0,0.0,1.0,43,1.0,0.0
0x003e41b4f19f27ab2a07c19abe2d99ecb492ce62,0.0,1705879701.0,3412015169.0,8.339640290000061e+20,2.041806695709978e+21,6.0,75,2.0001499326123935,0.0
0x003e9a119439ef34de3237034cee95675b01d5d4,1.246863390918914e+19,17349700000.0,14071128198.0,8.045054154671716e+17,2.0601402610249e+18,31.0,1,0.8110300580413494,1.391467591907852e-09
0x003ed65a094ef804c934f2427b601e03113882ff,200000000000000.0,0.0,0.0,100000000000000.0,0.0,2.0,58,1.0,0.0
0x003edfecb016131dbd485c72f3b6f2e98a1429d9,1.0414436621635264e+21,5.132498204372299e+20,1069320800.0,1.0797675789474062e+19,3.995998044560646e+19,144.0,91,2.0834314156974502e-12,0.4928253337976913
0x003f705c2e62e268891d8aa2724e32f2176dc963,1e+19,0.0,0.0,1e+19,0.0,1.0,1,1.0,0.0
0x00402e826833fbeb6f67072f3df3c8554a0b10e6,2.0838286423165905e+21,17000000000.0,17023583187.0,7.505930412965102e+19,2.649204524789535e+20,39.0,59,1.0013872462941176,8.158060434902706e-12
0x00405f7b768a9a6b81e8060a17f0550501acf6be,30081600471.0,7.74016778832932e+18,0.0,5.375116547865286e+16,1.94152663131352e+17,144.0,14,0.0,257305717.35340965
0x0040932d4c252856709b24dc406244392d3df400,9770602.0,0.0,0.0,9770602.5,0.7071067811865476,2.0,86,1.0,0.0
0x0040daac32d83c78546ae36da42a496b28ab09e1,1.156e+21,0.0,0.0,1.9266666666666666e+20,3.100939642538478e+20,6.0,45,1.0,0.0
0x00418b8ea6c6e2d5676f651bf76a368adb845e91,5e+17,0.0,0.0,5e+17,0.0,1.0,140,1.0,0.0
0x0041dac13d9365b4d695fb612950dc71884f8db1,3.03590018406281e+21,8.71319800000607e+20,6.551913297126152e+20,3.0213447410671673e+19,8.785308349064567e+19,154.0,0,0.7519527614455206,0.28700541756104725
0x0043090d0a3338eb89914ea9af5c529e928a044c,9104597210.0,0.0,0.0,9104597839.0,889.5403307326768,2.0,31,1.0,0.0
0x0043260ff376a32f335de2091e8bd455d74ecef9,1106700.0,0.0,0.0,1106700.0,0.0,1.0,40,1.0,0.0
0x00432772ed25d4eb3c6eb26dc461239b35cf8760,4428075463800590.0,0.0,0.0,4428075463800590.0,0.0,1.0,45,1.0,0.0
0x00432beb667c8908a74f35fef62882b502347e61,20833601.0,0.0,0.0,13890882.666666666,6023456.778610297,3.0,59,1.0,0.0
0x00433d27687ff685d3871395d7fedfd42b1c3529,1.3509901083194155e+20,0.0,0.0,4.503634070293112e+18,6.371172890885093e+18,30.0,2,1.0,0.0
0x0043f8113eb1257bc6314fe0434eec0d9bac3837,1.28224e+20,0.0,0.0,1.6028000000050108e+19,4.002200149201356e+19,8.0,32,1.0,0.0
0x004403abb2246c48ac770e30e7b36e3b16e152a1,6.125292574661702e+18,2225060000.0,2226910929.0,1.0208821068206821e+18,2.1599074666412718e+18,12.0,77,1.0008318557701814,3.6325775020189783e-10
0x00447d3b5f40e1bb71766b5ffc656f5391f6e9d8,1040000838.0,0.0,0.0,1040000849.0,15.556349186104045,2.0,109,1.0,0.0
0x0044803a27c6c45babd3fb7affb80b3f913579d7,9.601353562399687e+19,3.000000000098e+19,3.0077541071282323e+19,6.244986067225405e+18,2.899329708446567e+19,67.0,16,1.0025847023433263,0.31245594494576695
0x0044f0ab1281b2bc850bfa39123dec1e8e09001d,1.851477411964053e+19,4.5000000000326306e+21,1.000000000016303e+20,9.425968926845963e+19,4.0103634295943345e+20,49.0,0,0.022222222222423375,243.04914394062288
0x00452d3fd0e6bd68943b30af56a8df4eb7685387,2.624e+20,223270563.0,223289236.0,4.373333333424935e+19,1.0712435141726891e+20,6.0,53,1.0000836339540202,8.508786699695122e-13
0x004624a132094f106e977c369c8f2e1ebffb2ae1,1106565.0,0.0,0.0,1106565.0,0.0,1.0,45,1.0,0.0
0x0046d10482bc3ae87fa4cb550e36706addf2304a,1108121.0,0.0,0.0,1108121.0,0.0,1.0,40,1.0,0.0
0x004815f49c32e9ef6341dc2d53411a59de5a2daa,8.2e+19,0.0,0.0,8.2e+19,0.0,1.0,78,1.0,0.0
0x00481898361901f3e49bfe3e40872d09e93c2c11,2.5130527946230078e+20,0.0,0.0,8.376858511150671e+19,3.3417584152803516e+19,6.0,57,1.0,0.0
0x0048e6fd005224e7e9f00058c630307f0710a84b,3.956485467566896e+22,2.074214288533697e+22,7.538711787646099e+21,6.234366815537293e+20,1.119776081539491e+21,140.0,0,0.363449033656757,0.5242567691798621
0x0049436d8c3da52d604cdc390e45026b2662d7f7,3.971739029083774e+22,1.1003000000012001e+22,6.003965807461202e+21,4.727029674859245e+21,5.678989695333253e+21,12.0,22,0.5456662553353316,0.2770323004467452
0x00495585ecf70ad7dd71797c2a22951ed92b9a24,2.397152904600293e+20,3.0010680291871015e+19,3.0055717765930496e+19,1.3998663362101025e+19,2.2224878303456633e+19,30.0,75,1.0015007148662232,0.12519301640825065
0x004965f85a3db4d5221189595141ecab247b115d,2.00301744e+18,0.0,0.0,1.00150872e+18,1.4120799100872717e+18,2.0,44,1.0,0.0
0x0049d23daaafeaac69e336ffe9dcb9ca14dac781,3.4311653889900794e+22,2.505065430378419e+22,2.503404727774486e+22,1.3045241478031823e+21,1.316364761524797e+21,91.0,126,0.9993370621845664,0.7300917170640246
0x0049f39431ab794a381deca90fa7ab85e60e6ebb,9.89e+16,0.0,0.0,9.89e+16,0.0,1.0,98,1.0,0.0
0x004a61f49faeab28ac5cc72ed26a7114d134362e,1000000.0,0.0,0.0,1000000.0,0.0,1.0,82,1.0,0.0
0x004af1171e5783d1223056a700e992b0eccf6191,3.34654e+19,0.0,0.0,3.34654e+19,0.0,1.0,12,1.0,0.0
0x004afb002e3fb33c833fc16b6b63103bbf97312d,1.951435824807425e+22,5.600000000005511e+21,2767268030.0,1.9318737113912354e+21,3.115263023093109e+21,13.0,90,4.941550053566565e-13,0.2869681866457556
0x004bac9f45af6848ffbdf0dec8f47023ccd7a138,218148265486804.0,2.881908483072319e+17,0.0,7.210224914317968e+16,1.11827198296095e+17,4.0,23,0.0,1321.0778809729516
0x004c572659319871be9d4ab337fb3df6237979d7,114151.0,0.0,0.0,114151.0,0.0,1.0,3,1.0,0.0
0x004c5993adfd45da327f82ec7581a6ee736bf4cb,1.5e+18,0.0,0.0,1.5e+18,0.0,1.0,44,1.0,0.0
0x004c788aecdcc8ae214519737576d67da3c7334a,1100000.0,0.0,0.0,1100000.0,0.0,1.0,39,1.0,0.0
0x004ce54398cc569a622bf5a99ae857306243c8ec,547840475027.0,499800000000.0,499969487883.0,23813543227.659092,30515605628.263813,88.0,3,1.0003391114105642,0.912309372496378
0x004d71c111862702272e6beccdaafb07c9b96c37,5.376726769708291e+23,4.199051244553148e+23,1.4663222052498567e+23,3.193557056970372e+22,3.655337215575698e+22,276.0,14,1.0152819520807792,1.1378056996519028
0x004f137c71b3003c7915bd6aa3a4f57e334a738e,0.0,0.0,0.0,5.5060000000165216e+20,1.2311790284104603e+21,5.0,105,1.0,0.0
0x004f9b61222bcb6214b7dcd87ebafa0ac2c74440,1108184.0,0.0,0.0,1108184.0,0.0,1.0,41,1.0,0.0
0x0051337e53823325b9df640f8bac7c7a7dcc4b19,1108326.0,0.0,0.0,1108326.0,0.0,1.0,40,1.0,0.0
0x00515e4f8a5c52a526f48c3ea07238143e2c04fc,2.54468e+21,9.719000000072445e+19,9.722999847260488e+19,4.028088233049014e+19,1.0294308185424871e+20,68.0,1,1.0004115492528052,0.038193407422828986
0x0051e6e6cde6392c01b4cf6b97d9f5c50ec9817c,5.6482260981339505e+19,2.899415508349379e+20,5.799463765976348e+20,3.2097816282702914e+19,9.065892970717703e+19,42.0,19,2.0002182333907537,5.133320546971875
0x0051ed91501bdefede70975ec9459a0dd3c5657b,1.4755088912075304e+16,1e+19,0.0,3.3382516963040256e+18,2.8782324913928253e+18,3.0,25,0.0,677.7322766124558
0x00520ddda78809f725ba3ac696fc8dbe9ccaef91,2.0312316184661604e+18,0.0,0.0,1.0156158092330802e+18,589341436241398.1,2.0,43,1.0,0.0
0x00526e91ec022d8596bda04092071c1da6b5322e,3.091777035821351e+20,5.0008e+19,5.0009526928872866e+19,5.860639384918669e+19,1.1247397096369873e+20,7.0,25,1.0000305336920665,0.16174516926869872
0x0052c9f2cc95f743412d6daaf3c93bcd1793479d,9.995377221235593e+18,2.005e+18,1823546447145775.0,1.3336889741880822e+18,3.312837778660733e+18,9.0,80,0.0009094994748856733,0.20059272958106017
0x0052d655d117dae79d897213af1d4393ab32c739,1107916.0,0.0,0.0,1107916.0,0.0,1.0,41,1.0,0.0
0x005399ba80babd299512e9efb4e0e764f673405c,100000.0,0.0,0.0,100000.0,0.0,1.0,14,1.0,0.0
0x0053b5daa6d4c2e3d16f2b9c10dc04e92b14a818,7.023919501490102e+21,7.400000000031436e+21,31448798555.0,3.5285533304511e+20,1.1291681935922058e+21,57.0,32,4.249837642549514e-12,1.0535428258341444
0x00548bf85d26850ad7ad55ca90ba02572349f648,1e+17,1e+16,0.0,5.5e+16,6.363961030678928e+16,2.0,23,0.0,0.1
0x0054b73e9add0a26ca2a81635c6ec0a0eb75b77f,1.032e+17,0.0,0.0,1.032e+17,0.0,1.0,96,1.0,0.0
0x00552481817c28f473f4cc61538db6536015d906,2200000.0,0.0,0.0,1100000.0,0.0,2.0,44,1.0,0.0
0x00553b963de06016c68681c9bee10a79c51c5d8a,2.5000000000025e+19,0.0,0.0,1.25000000000125e+19,1.767766952964601e+19,2.0,2,1.0,0.0
0x005547e9fa569b6835204402138146861e901b06,6020936009277490.0,0.0,0.0,6020936009277490.0,0.0,1.0,44,1.0,0.0
0x00560340190b7e9a1027fb5e72858a8298588303,53784266.0,0.0,0.0,53784266.0,0.0,1.0,30,1.0,0.0
0x00561a0d394a2cad87c811615f72b61cb0ed3faa,3.9919999233199996e+21,1250000000.0,1250374694.0,6.653333205539583e+20,1.0925821746104069e+21,6.0,78,1.0002997552,3.1312625851966976e-13
0x0056323f02bb16de8025a79ab09e1dd5c8114602,0.0,0.0,0.0,1714364206.0,0.0,1.0,0,1.0,0.0
0x005661a7a441451fafdccd579905a7dbc79fd538,5.968301103307497e+18,3694467744456207.0,755442765044057.0,1.7945432775983043e+17,5.025314240959362e+17,61.0,43,0.2044794588280406,0.0006190149726877581
0x0056bcfe33f5c6dfa62b6d3d3cf5a957429828bb,4.414467304508297e+18,0.0,0.0,2.2072417403150495e+18,13223500707404.008,4.0,127,1.0,0.0
0x0056d1fd2ca3c0f3a7b6ed6cdd1f1f104b4bf9a9,2.6750000000020993e+22,1.2e+22,4.877378787478327e+21,3.4830796954614424e+21,4.5826132142987705e+21,17.0,16,0.4064482322898606,0.44859813084076944
0x005711ac01b67981d6b627c09470cce29dbd3353,4.999e+21,1.2e+18,1.2e+18,2.5001000000000004e+21,2.885481175355912e+21,4.0,103,1.0,0.00024004800960192036
0x0057abf4b6b95cd42cb8c197e78b934d45679432,1180196.0,0.0,0.0,590098.0,833128.7659431763,2.0,45,1.0,0.0
0x0057aef39caf4085bf3f91661eb2e6e6f513244f,1055527.0,0.0,0.0,527763.5,681805.7934489116,2.0,39,1.0,0.0
0x0057b22d4385adfbc48a6581b141e04acdaf7768,667861626.0,0.0,0.0,335080381.5,240185851.6813164,4.0,26,1.0,0.0
0x0057bd83a142da84b6404616c683e21e7dd6fa5f,2.963320523491728e+20,4.5000000000425e+20,404232168.0,1.6585156719200733e+19,6.952630272577887e+19,45.0,9,8.982937066581828e-13,1.5185667444236097
0x0057bf0e2082921a880500ab18e716c46c54216e,1094705.0,0.0,0.0,1094705.0,0.0,1.0,42,1.0,0.0
0x0057dbd2cb881113aa7b55e4ce62af8234519e01,1.7695432439752816e+21,3.116364520103731e+20,3.118089973248756e+20,2.973830756608234e+20,2.7999134585066865e+20,14.0,74,1.0005536750062114,0.1761112383500057
0x00581eb036db4a48fbaa59ec7745e316bbd1cc76,0.0,0.0,0.0,871333919.0,0.0,1.0,80,1.0,0.0
0x0058873fc9eeb9906ae1135de4f84a9ef1bfba62,12192.0,0.0,0.0,12192.0,0.0,1.0,47,1.0,0.0
0x0059221c8444995878e9a82b0b2d732fb3da913e,100000000.0,0.0,0.0,1.034792844620084e+19,1.936360485253494e+19,7.0,51,1.0,0.0
0x005a61772557bef9a3e65a7b87eaccce34f2700e,1265163.0,0.0,0.0,421721.0,582020.2908739522,3.0,41,1.0,0.0
0x005a75e089206f1c5b788a16a5dd54cbf6dd5b9a,2.79299381098e+20,0.0,0.0,1.39649690549e+20,8.435740136575402e+19,2.0,56,1.0,0.0
0x005a945c426fe1f2eb3c4b04585a2427f7a032a8,8.396237103643914e+20,3.246578475605661e+20,0.0,7.771216164590784e+19,1.2106231319909414e+20,15.0,23,0.0,0.38667065204681583
0x005ab5979532d34dc60a4582597464df0b5a7c87,9.870478730571088e+20,1338374591.0,1338548128.0,3.0845246033135804e+19,7.530634352415228e+19,32.0,90,1.0001296625034328,1.3559368573023248e-12
0x005ab79a1b5982604cdc066565499d90c550e001,98.0,0.0,0.0,98.0,0.0,1.0,51,1.0,0.0
0x005ae07a1782019253917d76334a0579ac3a9b64,1.378150588668297e+20,7000000000.0,7008281014.0,5.17295309275816e+18,8.935218860705024e+18,30.0,32,1.001183002,5.079270768780123e-11
0x005b0743d8b2ed646499dc48b64b95e71b8afa43,1.0080883915487416e+18,53000000.0,53052717.0,1.4401262752286272e+17,3.810215971451632e+17,7.0,72,1.0009946603773585,5.257475479761778e-11
0x005b35993837ffbc6ebfa08d2e4ac40fdb0a63d1,1e+17,1e+16,0.0,5.5e+16,6.363961030678928e+16,2.0,20,0.0,0.1
0x005b5489aad85ecf95142ba14f97bba3b5d13a1a,1.289e+18,0.0,0.0,1.289e+18,0.0,1.0,49,1.0,0.0
0x005b8864b832d250e97996febb2b6a10b4562fd1,1.0983212493357702e+21,8.217220754292939e+20,8.217236657599777e+20,2.953915520482924e+20,1.016655319339727e+20,13.0,69,1.0000019353632223,0.7481618660535297
0x005bf9036a459545ec86252db2a37667a5823b94,2.0001e+22,2100000000.0,2100000000.0,1.0000500000001052e+22,1.1547582734060493e+22,4.0,133,1.0,1.0499475026248687e-13
0x005c7aa4001747cd4bf25c777318a13191a182ac,1.3240101243931095e+21,8.470070579208411e+20,7.751630572897558e+20,2.534934690293946e+19,8.847818619187734e+19,245.0,1,0.9151789823246081,0.6397285355420422
0x005ce2b15bd5fa54f2a7667405d8d45a765088cf,0.0,0.0,0.0,6.227469989673425e+19,1.0786294424652826e+20,3.0,19,1.0,0.0
0x005ce3720edd52ef800ed68bfe29114a7d86e623,234483018.0,154774261.0,154779404.0,48657725.1875,19161315.19913582,16.0,84,1.000033229039291,0.660065971174083
0x005ceac16427ed612040519f078d08570eaf7688,91194297883843.0,0.0,0.0,91194297883843.0,0.0,1.0,44,1.0,0.0
0x005d25ac8fe00ec22e8b0f34d7a5f8e00217fcd0,2136341.0,0.0,0.0,1068170.5,16486.194603364354,2.0,43,1.0,0.0
0x005d9ffbbd210f6b04d7f0880f5c49130d38ff0d,4.424397909639365e+20,3.104000000087e+20,3.113511216162663e+20,3.1399021329193587e+19,5.867555361941386e+19,48.0,77,1.0030641804366613,0.7015643853651509
0x005de910a2a04e1efe9eb4c3e2aca7744ab15ed7,11858.0,0.0,0.0,11858.0,0.0,1.0,47,1.0,0.0
0x005df03951fac36e8cc39b7d03eadf00829815b4,9010433301105338.0,0.0,0.0,3003477767035112.5,2670642266365387.5,3.0,45,1.0,0.0
0x005e105ad9c1a60512e6bb98fdaa1183bd341f18,182301563.0,0.0,0.0,182301563.0,0.0,1.0,88,1.0,0.0
0x005e5cac6eb7637edf689403e01b86bda451ef61,5.0085164177069814e+22,4.202504583637177e+22,4.207311551215294e+22,4.6152868485424465e+21,5.723419928995639e+21,31.0,98,1.0011438339881493,0.8390717396432502
0x005eba6d8c2af1e7058d7c22e23999188fd15339,1.3000003e+18,0.0,0.0,6.5000015e+17,9.192386034104774e+17,2.0,40,1.0,0.0
0x005ec23381d0b33407fcdedd2df7facd769304cd,1.064e+17,0.0,0.0,1.064e+17,0.0,1.0,96,1.0,0.0
0x005f16f017aa933bb41965b52848ceb8ee48b171,4.737896584367934e+22,4.307994087106579e+22,4.650744950277344e+21,1.3101426702166255e+20,3.9196801719552134e+20,323.2399999999998,1,0.10795615909029647,0.909263005300757
0x005f4ed154aec7b147190c97d3f2535fc8360b12,7.144812402338541e+20,1.0000000000105e+20,1051152732.0,7.546766560727128e+19,2.1162164215736805e+20,20.0,75,1.051152731988963e-11,0.13996168740318415
0x005f73c6a7233e4e6bdb5041d021fa36b6716b2f,6302079097383864.0,0.0,0.0,6302079097383864.0,0.0,1.0,48,1.0,0.0
0x005fe33f474dd52d8308b470c2503fd6ffabe31a,1.087e+17,0.0,0.0,1.087e+17,0.0,1.0,95,1.0,0.0
0x005fe34dfd8c3b7994d608a374cedcc44b73e0bd,1e+16,2000.0,0.0,5000000000001000.0,7071067811864061.0,2.0,1,0.0,2e-13
0x006002bafd83794a35b3d63fb00bfce00f4557ed,18914.0,0.0,0.0,18914.0,0.0,1.0,50,1.0,0.0
0x0060f329ae466559db2e692b24252a5163bf16c3,1308802.0,0.0,0.0,1308802.0,0.0,1.0,49,1.0,0.0
0x006106679868ffbeb8bef8788be4d59571a13053,1109025.0,0.0,0.0,1109025.0,0.0,1.0,41,1.0,0.0
0x00626b79d2972dfd10463e1871f8edcf8aae5bb3,8.5e+18,3923646.0,3923650.0,1.4166666666680223e+18,3.4701104689421716e+18,6.0,63,1.0000010194599616,4.616054117647059e-13
0x0062cb1c249a8579e155794dc86960e4f88af402,1.7061952132970004e+21,200000000.0,200139387.0,1.4218293444145006e+20,3.072859949130593e+20,12.0,57,1.000696935,1.172198810788632e-13
0x006366325c813728f871c16a7703b818ee1ac6f1,8.500000000029051e+20,0.0,0.0,1.0625000000036313e+20,1.5990510578794745e+20,8.0,2,1.0,0.0
0x0063d9477fd76b7c9732917b3b884d918607a804,2.224028000418277e+20,8.295066479101447e+19,0.0,3.8169183104105275e+19,3.3865785386067845e+19,8.0,77,0.0,0.37297491207580924
0x00645acbda7635b02a8b517d49ef6cbd028962e3,1107817.0,0.0,0.0,1107817.0,0.0,1.0,40,1.0,0.0
0x00645dd21310882cc32399abcb54e0a05b3b5d1d,8.692704994771088e+21,5000000000.0,81666013.0,2.447656726627171e+21,9.565840541197967e+21,28.0,0,0.0163332026,5.751949482937295e-13
0x0064f7e15fdf96a5225d4cc07b38eef45c8bdc46,2.7944669854640054e+17,3.303200000004811e+20,2.4009040677479773e+20,1.1647463821637773e+19,1.8309287699332375e+19,49.0,2,0.7268418708356988,1182.050107296699
0x006501f106d155981aac18b4d31a6e14d1e55fae,2098406000000000.0,500000000000000.0,0.0,649601500000000.0,323140397021171.0,4.0,89,0.0,0.2382761010023799
0x00651f6724f748af9315f720d67ef9ecc3139bdf,1.099e+17,0.0,0.0,1.099e+17,0.0,1.0,96,1.0,0.0
0x0065245cb87fda9fc42e7ca9962a13da9a52345d,1e+17,0.0,0.0,1e+17,0.0,1.0,101,1.0,0.0
0x006551b8f041761e2e47bb4792b21e67786b3452,5e+17,2.50000000931669e+17,0.0,3.750000004658345e+17,1.7677669463784742e+17,2.0,26,0.0,0.500000001863338
0x0065fb0daffbc3025516415183fa808b2b40b3fb,2013302.0,0.0,0.0,1006651.0,642.0529573173851,2.0,39,1.0,0.0
0x0066023b24edd70b7def47effbf2fd7617f9c66b,3.4500000000068695e+20,0.0,0.0,6.900000000013739e+19,1.542886904474087e+20,5.0,25,1.0,0.0
0x0066245819d5d387ac2209620741e721ccada64d,9.14e+16,0.0,0.0,9.14e+16,0.0,1.0,96,1.0,0.0
0x00668293095ef3ba3a62d566e2ac83fb81aec94f,3.557856584565249e+21,2.74023e+21,2.2354761767680394e+18,2.2509134059792918e+20,4.812976360917773e+20,28.0,1,0.0008157987383424162,0.7701912471367481
0x00668bd79ede077b99bbe1c4db59418bc333d4cf,3e+21,0.0,0.0,3e+21,0.0,1.0,125,1.0,0.0
0x0066a75495069b7d760177aa2607a140b13aa520,2.947188260560379e+20,0.0,0.0,1.4735943149562687e+20,1.6790038148769354e+19,4.0,107,1.0,0.0
0x0067243a8b83385457c53923a6cd0bc019b090e8,1020703.0,0.0,0.0,1020703.0,0.0,1.0,45,1.0,0.0
0x00677d8b6fda25b199539633a8cd07074c855cb7,1.0015576445264242e+21,5.318950838540627e+20,5.328017597931542e+20,9.026323029285706e+19,7.148851749193922e+19,34.0,71,1.00170461424934,0.5310678688949187
0x0067eec7ad35e72613d760e917890d1b7e876e4e,7466148387347256.0,0.0,0.0,3733074193673628.0,5279364151372737.0,2.0,45,1.0,0.0
0x006850972a3144f2bcb0d37fbd7f84b26765d458,0.0,0.0,0.0,100574731.0,0.0,1.0,9,1.0,0.0
0x00694ba9219891081e07b31ebaf19abfd97e1acb,9041534199.0,7000000000.0,0.0,1146538157.5714285,2130447060.9996228,14.0,5,0.0,0.7742048911095425
0x00695c7fcd8ee1517adb85c24547fc792613a5c5,2095836.0,0.0,0.0,1047918.0,13852.221843444466,2.0,41,1.0,0.0
0x0069d013b71c2d000fca70549d894e49b8e4e031,2.63e+16,0.0,0.0,2.63e+16,0.0,1.0,122,1.0,0.0
0x006a310554681273826624361a3177cd9f3aad1d,1.000000000109966e+16,0.0,0.0,5000000000549830.0,7071067811087898.0,2.0,44,1.0,0.0
0x006acbf79f7c4580fa01ffa48085d832592f1b63,2.281126980228164e+22,32000000000.0,32140651709.0,3.8047149084018957e+21,7.76362929482919e+21,18.0,26,1.00439536590625,1.4028153749160988e-12
0x006b64b48437695a2c0b470e22de9b8d3b866f52,1108704.0,0.0,0.0,1108704.0,0.0,1.0,41,1.0,0.0
0x006b855e1ce71d0163e41c17fac02fcdedf0ef21,1.1046333960000002e+21,0.0,0.0,7.619291557734259e+20,1.7405659518131023e+21,8.0,41,1.0,0.0
0x006bcd94f74784887705d74884308172343855ee,1.3e+18,0.0,0.0,1.3e+18,0.0,1.0,41,1.0,0.0
0x006d0cf97d1aef07271dcce6d0bd60e8d98966ec,4.16e+16,5000000000000000.0,0.0,2.33e+16,2.588010819142764e+16,2.0,113,0.0,0.1201923076923077
0x006d0f31a00e1f9c017ab039e9d0ba699433a28c,1.0263022480930494e+23,1.2097655089436767e+23,0.0,1.1531640493377105e+22,1.7549847975226086e+22,24.0,9,0.0,1.1787614332829501
0x006d1df30df75bfa607f41b3a4d67d4be51fe910,8.532559107322436e+19,535000000.0,535000000.0,6.563507005840694e+18,1.4987091968172317e+19,13.0,84,1.0,6.270100133743884e-12
0x006dfe647e57d2cdaf47000731659c1f92ece423,1108835.0,0.0,0.0,1108835.0,0.0,1.0,41,1.0,0.0
0x006f030ecb2daa44fc1dede06a94e749bf3918cf,2.0857283544466495e+22,0.0,0.0,4.171456708893299e+21,4.073553442453173e+21,5.0,83,1.0,0.0
0x006f1973f3a2911fc15569d7787f51fb114db606,260000000000460.0,0.0,0.0,3611111111117.5,4836934064297.674,72.0,93,1.0,0.0
0x006f26845ed58e4503a0dd61c69708e3cc028cc5,8.468015708098609e+19,4.222811424521209e+19,0.0,1.2690827132619817e+19,1.172805571501886e+19,10.0,93,0.0,0.4986777977375044
0x006f74448baead5563915255c8fbc12fd7f6a5df,5.274248158826182e+20,4.199051244553148e+23,1.4663222052498567e+23,5.362687777935477e+21,1.8356741791445282e+22,298.0,0,0.9048192615039977,1590.122834180563
0x006fda5407be210b6d8d653b04859a748e84e64a,7699545.0,0.0,0.0,7699545.0,0.0,1.0,45,1.0,0.0
0x00702c8e7a704dbb88efdf09e532447530ab6d0a,7618593909714608.0,0.0,0.0,1088370558530658.2,1463676740975206.0,7.0,5,1.0,0.0
0x00705d931184135830185bb284fb8ed277693d0d,1.2192112003451871e+20,0.0,0.0,6.096056001725936e+19,8.62112507461034e+19,2.0,39,1.0,0.0
0x007078c8001b515b14000cc78306072a5dfd55b3,1.6143857677493633e+20,1.0056884630874399e+20,1.0059512608242965e+20,2.042903172545431e+19,4.390589686369928e+19,30.0,58,1.0002613112773013,0.622954242522519
0x00707aa2eeff1ddb8b22bd1539f92818c9cb8a85,3.1116695893626076e+23,141367403444.0,141409783328.0,7.978639972732191e+21,1.290752635573923e+22,39.0,52,1.0002997854029114,4.5431367111492584e-13
0x0070bc9033adf1e49517f98304f41f778d370208,1.4615824339271638e+22,4.2500000000115e+21,4.251350681315572e+21,7.460277488729737e+20,1.4516742480199478e+21,43.0,44,1.0003178073656631,0.2907807251481577
0x0072b1fa7a78e6e2df568563fb551ad2fb8c01bc,2.81e+16,5000000000000000.0,0.0,1.655e+16,1.6334166645409248e+16,2.0,109,0.0,0.17793594306049823
0x0072b9af9a7dc5a42091f01d3d22bcf298d398fd,6807525695169.0,8149019130542.0,10346971206923.0,647122201796.0927,1108677413308.2532,54.0,15,1.2697198326781707,1.1970603557655315
0x0073245e2bf4f38400634d4ba7527bbd34bfc6ba,1.4999339292412055e+18,2.08e+21,2.0128426951045834e+21,4.0958432883951685e+20,6.976424027213507e+20,10.0,24,0.9677128341848958,1386.727748103039
0x0073894fff63595d6cca3802aad6b9ecf5491ca6,1022000045.0,0.0,0.0,1022000057.5,17.67766952966369,2.0,110,1.0,0.0
0x0073943c869d55da3b7c8ab40ee3c2a68b65fb33,6.946280153298065e+22,4.75000000000225e+22,4.7532600513311936e+22,3.7140945329563674e+21,5.638670357869123e+21,63.0,12,1.0006863265955666,0.6838192378041318
0x00752654dcd85f8e42e207ccf48212388fd7173d,1108380.0,0.0,0.0,1108380.0,0.0,1.0,41,1.0,0.0
0x00752fceceba64c2f5a18f3ad5f3fd8938b96a4f,640496.0,0.0,0.0,320248.0,356585.4644710017,2.0,51,1.0,0.0
0x0076b2f8ead986bb6de67735313891c0876f4388,2.4e+16,5000000000000000.0,0.0,1.45e+16,1.3435028842544404e+16,2.0,116,0.0,0.20833333333333334
0x0076bc177845e513018cda51be5e5f80f44aeb50,999771.0,0.0,0.0,499885.5,706806.2608045433,2.0,44,1.0,0.0
0x0076fcc7d245f6c7aaf07238adfb48adc62bdd55,8.077500000000258e+20,3.40142000010023e+20,3.4018493917566226e+20,8.706129624912442e+19,1.9985612315729497e+20,21.0,45,1.000126238940319,0.42109811205201136
0x00778698bbc902543b596af6e7c0aa13b614162d,7.508499000009649e+21,9646501000.0,8157921276.0,1.5642706250074194e+20,7.547183261469378e+20,48.0,7,0.8456870813572714,1.2847442611349622e-12
0x007821abbcc2da83df7fdf57520741d6ea1042f2,1109238.0,0.0,0.0,1109238.0,0.0,1.0,42,1.0,0.0
0x007849ce924f0a3ed1baccbff2742a3d1cdc7ac0,4.2582851137208e+17,1.8196014380599e+20,0.0,4.5596493079415595e+19,9.090932210918146e+19,4.0,2,0.0,427.30850318051404
0x0078c86e12186e2de1ff6fef5f1ada2bffde4ea5,1.2e+19,2.500000000012893e+21,2.506242855901444e+21,7.788250416580982e+20,1.355302147587137e+21,11.0,115,1.0024971423554077,208.33333333440774
0x0078dc11a5b751eb0e94d6c97cae29acf6e8579d,2.517733985064793e+20,110000000.0,110031055.0,2.517733985066994e+19,5.4083979835215905e+19,10.0,4,1.0002823181818181,4.369008030734001e-13
0x0079228fa4e08e800883021b18ff0bc7937b3aef,4526325400454035.0,0.0,0.0,2263162700227017.5,2276136971722299.0,2.0,43,1.0,0.0
0x00795ff7870798a332a99c3969406286259dce8f,7.898833900991187e+17,3.903197968866852e+20,3.20213006816112e+17,2.302528784021179e+19,8.042374198488598e+19,17.0,9,0.000820386281634272,494.14863229078134
0x0079bf6868cb1b7cf4a451311fd70c348f3ed38b,2000000.0,0.0,0.0,2000000.0,0.0,1.0,45,1.0,0.0
0x0079e0ce802e67adba53ac0e7927f45f6304ae6f,1e+16,2000.0,0.0,5000000000001000.0,7071067811864061.0,2.0,1,0.0,2e-13
0x007b003c4d0145b512286494d5ae123aeef29d9e,1.5228568699250252e+22,0.0,0.0,6.621885532406356e+20,1.9872574400766217e+21,23.0,9,1.0,0.0
0x007b212ac048a425d2019d14e7be4aeae3faf8e9,10482000000.0,0.0,0.0,10482000620.5,877.5195154525055,2.0,20,1.0,0.0
0x007c426ab1b726e3be68b37ac0ffa8aed94447bc,9.87e+16,0.0,0.0,9.87e+16,0.0,1.0,95,1.0,0.0
0x007c4bb067d9b6afeb4c13415477d396123c4aa3,2.8949818848521633e+22,1.7315522156263975e+22,1.474128913447213e+22,2.7307963857363478e+20,1.1664640381249742e+21,262.0,19,0.8513337918105691,0.5981219518804768
0x007ce1895ca7a000e37a524399920ad7dae41f43,4271723421428679.0,0.0,0.0,1423907807142893.0,1883186766786470.8,3.0,40,1.0,0.0
0x007d418f61454569a051b5a9d11112996a986bb1,1107940.0,0.0,0.0,1107940.0,0.0,1.0,41,1.0,0.0
0x007d42732fee6a2a8de421a06dcc02daf93e2b2f,869180647.0,173000000.0,173201162.0,227919732.375,182495532.10035113,8.0,1,1.0011627861271677,0.1990380257511647
0x007dc697bbc1bdfb0988db00ebb3d17d52fdda3d,2.4438619194752536e+23,5.454230456149069e+22,4.277195683209772e+22,3.11568385379813e+21,1.5041363792667427e+22,196.0,74,0.7841978291158719,0.22318079481839967
0x007de57773b6eb4ebbf6a740dfde1efdd5629630,1.7661703037304146e+18,1.5e+17,0.0,1.5968085866974096e+17,2.1895404285743904e+17,12.0,45,0.0,0.08492952218887254
0x007e4e679e14f17d62607418f546e2d97d9e5a61,5.149552723791651e+20,250000000.0,250093708.0,8.582587872998587e+19,2.1022960961396336e+20,6.0,86,1.000374832,4.854790569382175e-13
0x007e8e7ccdfc45f0a6319a3aa938203126f1d646,2.75e+21,7.77e+20,7.77e+20,1.7634999999999999e+21,1.1391120811111318e+21,4.0,114,1.0,0.28254545454545454
0x007edad4e994b9dc1a1229eb6d4c852d08c6ed33,12126.0,0.0,0.0,12126.0,0.0,1.0,47,1.0,0.0
0x007f0596cce8ff85fb8091e410aeb5cad529ba4d,4.729856246151763e+20,0.0,0.0,4.729856246151763e+20,0.0,1.0,106,1.0,0.0
0x007f3da6715efd4b6994b7348b644b64b695d3b1,7417087899444.0,5331225136890.0,5337110814414.0,252281237288.46716,180313368323.01498,137.0,121,1.0011040009327825,0.7187760491944069
0x007f4172d3dcd318d7bd0eec9325ad5e4c2bcc8d,1.1742091046484206e+22,8.5423716133047e+21,8.600798908945072e+21,9.857153255127724e+21,1.7471373321378535e+21,5.0,36,1.0068397042747907,0.7275000321056478
0x00800d9019001aff6e1eba3312e35e9b22d3f058,1.8599219343951537e+22,52470785089.0,33408060080.0,1.525050897284997e+20,4.41709392223162e+20,122.0,0,0.6366983078933134,2.8211283559093835e-12
0x0080568c64209a91110f1333057f5e34a0e5b62e,157891.0,0.0,0.0,157891.0,0.0,1.0,45,1.0,0.0
0x0080a01a45d5e023435dc82970ec2681a5ae050e,1.913392723767022e+22,1.0421208498766338e+22,0.0,6.031781681270608e+20,1.1854267597424377e+21,49.0,17,0.0,0.5446455591327545
0x0080bdce06d56ce3911ad7f73e4c3bbd577e267b,1.0295626427988932e+22,6153477258.0,6166277105.0,1.8404572514389912e+21,3.9975026421218625e+21,11.0,71,1.0020800998302803,5.97678762049059e-13
0x008160cbce03ce9c914d9734c821fe96899185bc,5e+16,0.0,0.0,5.000000019509119e+16,275900609.62593347,2.0,76,1.0,0.0
0x00817ccd987f38563a46027758376123c870d263,0.0,0.0,0.0,7348389134.0,0.0,1.0,86,1.0,0.0
0x008183a11eacc113e85007bd14bfbd6da3f687f9,2.1252244491666147e+21,7.181020536258672e+16,7.182984947896413e+16,3.3736001416312685e+19,2.5191071191744446e+20,63.0,2,1.0002735560534637,3.378946886798068e-05
0x0081b2ec2af3f22528d6581e6554aaba5141e985,2.6802400000000002e+23,3.159241511978044e+23,1.4663222052498567e+23,8.282193871723695e+22,6.7780670186319975e+22,17.0,108,1.3039520995419949,1.1787159030452659
0x0082a12e195b8f31660830132e72716225382075,9.502171637145507e+20,1.0190000000024651e+21,1.0000009045157796e+21,7.134345277001368e+19,1.954527051078033e+20,47.0,72,0.9813551565391172,1.072386438505311
0x0082c6c4decefca6626b5e66929fb2ceca7c994f,9.49e+16,0.0,0.0,9.49e+16,0.0,1.0,94,1.0,0.0
0x0083e235216ffe303c9db58e2eca7d69f99afd2d,3.989e+20,0.0,0.0,1.9945e+20,6.363961030678927e+17,2.0,56,1.0,0.0
0x008426fc298852d92a4a2b3607aa384a51c4b65a,1.9582e+22,7800000000.0,7800000000.0,9.790999750003902e+21,1.1305672682591622e+22,4.0,111,1.0,3.98324992339904e-13
0x008450344d3518a45a2d4fd0425eea6a5c08033d,1.5956587307050404e+22,2.4157000000064272e+22,7.008061633460292e+21,5.1397597873894385e+20,1.4340838160108536e+21,92.0,76,0.29010479916552745,1.5139202095795585
0x00847f96c75f1fd63f6d625a3342ba0123b20200,260000000000440.0,0.0,0.0,3714285714292.0,4866754586682.173,70.0,93,1.0,0.0
0x0084ac988560b4724413941a0a89f7ea57da4fe5,1.6158608883e+20,0.0,0.0,5.386202961009767e+19,9.32917718832147e+19,3.0,40,1.0,0.0
0x00850f22f6d422d8987f796a9f23fd9e45bda47e,2018583.0,0.0,0.0,1009291.5,16470.63825417825,2.0,39,1.0,0.0
0x00861fefcfef0a542b0a6c90ce1ee575e257a6c7,1.759441521976696e+21,1.080336332089335e+21,1.0809477681307451e+21,7.578798586648707e+19,2.659285773511314e+20,66.0,15,1.0005659682297527,0.6140223011649739
0x00868d173cf4463514ce9cc871f06edb1f3b16c4,0.0,0.0,0.0,2.356204325162392e+20,4.712408650286296e+20,4.0,51,1.0,0.0
0x0086bf55d1e7225d1faf4f17ccd48983b0146cc6,1.0769068204533159e+22,4.0020896607565806e+21,1431778308.0,6.714661041910651e+20,8.124145202898296e+20,22.0,116,3.5775767895448086e-13,0.3716282211929841
0x0087899a5bf67ca95147d3ad6b76907288972055,1.041e+17,0.0,0.0,1.041e+17,0.0,1.0,96,1.0,0.0
0x0088092651027c8566be1011c29f3a71eebe5efe,3.9080797037437497e+21,0.0,0.0,1.1198149052308791e+21,1.9124591072419452e+21,7.0,12,1.0,0.0
0x0088b7a2ee442d30dc18b5fe9e3227af18120b02,2.5e+16,15511.0,0.0,1.2500000000007756e+16,1.767766952965272e+16,2.0,7,0.0,6.2044e-13
0x0088ed232bae631195655bb31da1ee5a61ebd5ab,1179479.0,0.0,0.0,1179479.0,0.0,1.0,45,1.0,0.0
0x0089b988ca94bf62cd88a5af10e5cfc9432ef568,547287482996661.0,0.0,0.0,547287482996661.0,0.0,1.0,45,1.0,0.0
0x0089ca86f688fd3c2efaf737a28f52b0ce1ef380,1108107.0,0.0,0.0,1108107.0,0.0,1.0,40,1.0,0.0
0x008a34511b9808c41237d7568e409141ab10796b,2.18210324256008e+21,6.50000000002e+20,1024137425.0,7.637113796218695e+19,3.585160002328131e+20,38.0,0,1.5755960384566903e-12,0.2978777480938112
0x008a5ff6e91ba1eef94655853c3690d15d1153bc,1.024e+17,0.0,0.0,1.024e+17,0.0,1.0,99,1.0,0.0
0x008a86b4dbbe4fe8a7f2145cdc676ffff95bdf23,4116237323218729.0,0.0,0.0,4116237323218729.0,0.0,1.0,45,1.0,0.0
0x008ae504ac6c0c89d32009c02b3a92e57fec188b,2.301365809322521e+20,134430000.0,33126739.0,1.3537445937201158e+19,3.0934318903418847e+19,17.0,44,0.2464237075057651,5.841313860466783e-13
0x008af94ec70860b667caec3a2e2de07597db90c6,4.828300463692112e+21,5.4200000000275e+20,5.430106915408855e+20,2.7502450654356993e+20,9.328612612937603e+20,39.0,44,1.001864744535296,0.11225482011289178
0x008b1ffe244bf31896c833bff4ad9009e7a0f4eb,5.3612418197696715e+23,4.199051244553148e+23,81227891423.0,2.677249567878748e+22,5.447048915250192e+22,37.0,87,1.8374807063813082e-13,0.8245499987386117
0x008b24d362ca3f7dd93ab9902927eb3af50216d1,3.813228e+21,0.0,0.0,3.813228e+21,0.0,1.0,102,1.0,0.0
0x008b61e1a118db01bc5e253da985c5f11fe04b4b,3.49e+19,16000000.0,0.0,1.7450000000008e+19,2.4678026663399195e+19,2.0,57,0.0,4.584527220630373e-13
0x008bddb9cca2d92deee55a50d0f358eaf4b7f076,7400485457516686.0,211000000.0,111054390.0,308353589692238.3,1510617682015994.5,24.0,39,0.5263241232227488,2.8511643082236847e-08
0x008bf5ef7e1b1170f0f7471b93f62b5cac55316f,2.4829100033397875e+19,0.0,0.0,2.4829100033397875e+19,0.0,1.0,44,1.0,0.0
0x008c2b6e55284a2ea09c62d50a7da4c7c151dec9,5.463857079084793e+21,0.0,0.0,5.463857079084793e+21,0.0,1.0,111,1.0,0.0
0x008c3eb2cfd1f9ab110485c75fea549926f28b47,0.0,0.0,0.0,2.6777878705588684e+16,3.786963923658293e+16,2.0,45,1.0,0.0
0x008c9ce69f80e890d3fb27d9d6c94c570a53889c,1109003.0,0.0,0.0,1109003.0,0.0,1.0,41,1.0,0.0
0x008d2d57867efeba246e3bd8034ceb8c8f596950,2845929.0,0.0,0.0,1422964.5,634855.3173916873,2.0,40,1.0,0.0
0x008d399b5936b8fc3d6ce86ad53ac001217e3978,1.4048991465973324e+20,3.7359296880246235e+19,44118420.0,2.8148797386762658e+19,3.407158995516696e+19,9.0,95,1.1809221180318214e-12,0.265921557221602
0x008dfd01cba93125fc08f41e86cfa02b2d203005,9141630834.0,0.0,0.0,9141630417.0,589.7270555095806,2.0,30,1.0,0.0
0x008e2fd504a73089ccd6fc0584665905f411ca3b,9.44e+16,0.0,0.0,9.44e+16,0.0,1.0,98,1.0,0.0
0x008f1edc31890f9c66d4b9cf24c78dd651502274,1.8692590847548608e+20,5.50000000000879e+19,5.503970732138474e+19,1.0976983870527003e+19,1.9589638136013144e+19,45.0,6,1.000721951296305,0.2942342260024417
0x008f96aab23e71c98398e6c5dabf2ee2ded9f15d,6.49123843673416e+21,4.265000000003575e+21,2.417923966911952e+21,9.072705517777389e+19,1.7756254489746375e+20,184.0,1,0.5669223838006858,0.6570394912421921
0x008faa257fd02ff7b9ed19e4bd16b2fc4f71a98f,1100000.0,0.0,0.0,1100000.0,0.0,1.0,41,1.0,0.0
0x0090ca02bba03a52241bfb641cc575bd4990432c,2200000.0,0.0,0.0,1100000.0,0.0,2.0,44,1.0,0.0
0x0090ca7a7e7923d6b67319c268f3eef1b5bd5d3c,3.5714215990540226e+20,275000000.0,0.0,5.10203085579689e+19,1.349243673553323e+20,7.0,7,0.0,7.700015032468875e-13
0x0090fb1887c411fe826cba2832a004e5d9882284,6242740080150504.0,0.0,0.0,6242740080150504.0,0.0,1.0,44,1.0,0.0
0x00913b0179ae1afaf4ec5a3c265611008560f63f,2e+18,0.0,0.0,2e+18,0.0,1.0,47,1.0,0.0
0x00916ef0f7c59f94a28ec2a332b95d4c089a8d48,9.044e+21,2.522318688734308e+21,0.0,2.3132637377468619e+21,2.2637396019710539e+21,5.0,10,0.0,0.2788941495725683
0x00917065867c9cb16d75abfbfa76aa69bd92ab75,4.69e+16,5000000000000000.0,0.0,2.595e+16,2.9627774131716344e+16,2.0,111,0.0,0.10660980810234541
0x0091c05a50ef584f09c5c8b813a207198643788a,0.0,0.0,0.0,5001972.0,0.0,1.0,98,1.0,0.0
0x0092a80c90069d5a243caa28fff0eddd5c03696d,1e+18,500000.0,0.0,3.3333333333349997e+17,5.773502691894815e+17,3.0,45,0.0,5e-13
0x0092f6fe26d0c54f9e60326e8d93cf6770cdf494,5.403152306564038e+21,3.3697138524066913e+21,3.3703630136450414e+21,6.478632942513969e+20,6.17071610450937e+20,27.0,84,1.000192645805188,0.6236570174623771
0x009330f669003eada06b676b6e5cb77415471e7e,4.5e+18,7891.0,7892.0,1.125000000000004e+18,2.2499999999999974e+18,4.0,62,1.0001267266506146,1.7535555555555555e-15
0x0093660a2f58c0c38ce2ce0f894c86f9011478ea,7.939960822668587e+16,350245.0,0.0,585488991740129.9,2616319561217344.5,162.0,0,0.0,4.411167861182017e-12
0x00940bbff7ff7778b466fd26fe2932051885c1ce,2456638.0,0.0,0.0,1228576.75,221786.32987686593,4.0,39,1.0,0.0
0x0094cb1657ee9da34b93845aa142eaa59169ee05,6.15995361158774e+21,8.318572806309272e+21,2.7669222343994963e+21,7.645066072749099e+19,2.4503799996953684e+20,245.0,0,0.3326198253985236,1.3504278328753752
0x0094ccf467b9b767df3203796250014a7174a87d,2e+18,5e+17,0.0,6.25e+17,4.3493294502332966e+17,4.0,23,0.0,0.25
0x0095afc96094160cea6a5e00b5858369f25f3d74,2.118565007297901e+18,120000000.0,0.0,6.199717753126522e+18,1.88530606460869e+19,10.0,46,0.0,5.6642113688572907e-11
0x0095d0862b889c5b8606962cb834a3634a8745b7,3455553000000000.0,0.0,0.0,3455553000000000.0,0.0,1.0,96,1.0,0.0
0x0096e6df996e6cb590c5aaa40ce00dc449f9659c,1108253.0,0.0,0.0,1108253.0,0.0,1.0,40,1.0,0.0
0x0096ecc56a1bb6c4dea4233dec48fb5f6d7375b4,20200000000.0,0.0,0.0,10100000060.0,79674332.52939646,4.0,19,1.0,0.0
0x0097f65bdc45149e5ffac00e4c51a5b073af7245,1.2565092582149366e+16,1440000.0,870004.0,1788726372071394.5,2398119107140175.0,13.0,97,0.6041694444444444,1.146032144678138e-10
0x00980decdab20f78ab79dc28171b68ce238ec327,20459000000.0,0.0,0.0,10229500056.0,62931179.34170243,4.0,19,1.0,0.0
0x00983187e18f62a2ac1dcebd63f2e5f50394cc74,2.420836930250352e+21,5350000000.0,5007239917.0,1.506625749295502e+20,4.2216475579480336e+20,39.0,24,0.9359326947663551,2.209979504669374e-12
0x00988fe82c5550c2240c9874d55cbd100cd1a722,3.888e+21,455000000.0,455000000.0,1.9440000000002275e+21,2.2447378466090024e+21,4.0,130,1.0,1.170267489711934e-13
0x0098b56dc561854ab6f8e0d6796137dc6d808b68,9.000000000008e+21,0.0,0.0,3.000000000005334e+21,5.196152422702013e+21,3.0,24,1.0,0.0
0x0098bc1587f679bd2e678bbf64ccfea4a0d3b899,2.75e+16,5000000000000000.0,0.0,1.625e+16,1.590990257669732e+16,2.0,109,0.0,0.18181818181818182
0x0098bf50fb96f428faf3e60e67c06eb1ee07e336,12675.0,0.0,0.0,12675.0,0.0,1.0,48,1.0,0.0
0x009990e99b12f7ebcc594fb721fe56e4f88ac27e,9.730082500002838e+20,283828866.0,284581321.0,1.9460165000022724e+20,4.3514251793349496e+20,5.0,31,1.002651086940537,2.9170242492796667e-13
0x0099a7b429f7541cbda34d6aa8cd82181fbb8bb5,1.8114000564001471e+22,2.661931266623174e+21,1.000264609332578e+21,5.8890998860436007e+20,1.0116936518892092e+21,37.0,65,0.3757665052717443,0.14695435484932656
0x009ae9ce6f09789a764aaab19781864db4edbb16,9210000000.0,0.0,0.0,9210000000.0,0.0,2.0,30,1.0,0.0
0x009b05514d08da09a84f47de870af880bcd375a5,4.700000000099916e+19,0.0,0.0,2.613322451696362e+20,4.918304532380581e+20,4.0,22,1.0,0.0
0x009b21f6f8273fe12dbc9c8025ca27db7de16b8c,6.84573255496734e+20,5.24000000000371e+20,5.243160019612602e+20,1.5042596672208998e+19,4.762263504700776e+19,187.0,16,1.000603057177269,0.7654403612658675
0x009b56330ae5ec5042b9ca46ddb3043cc0d006f3,1e+17,1e+20,0.0,3.336666666666667e+19,5.770618106696485e+19,3.0,106,0.0,1000.0
0x009ba176a4d59d90357e9ed631c3038dcfa7f18b,8.343872106419181e+20,0.0,0.0,1.0429840133023977e+20,1.7919105773699688e+20,8.0,9,1.0,0.0
0x009bd2e8e42fea1fab886ed083f5332eefa35b85,0.0,0.0,0.0,1113511381581.3333,1635254053680.9502,3.0,59,1.0,0.0
0x009c52172355d5729543a64832249638822ff8c9,4.885e+21,1.123e+21,1.123e+21,3.004e+21,2.1719917126913722e+21,4.0,107,1.0,0.22988741044012284
0x009c8da3408c57e8c4b6872fbbdf832dadf45c5e,120752216.0,36000000.0,36014992.0,14252828.045454545,21891139.44709113,22.0,79,1.0004164444444446,0.29813117466929134
0x009d1b5cff376266cce5f3c471aecb61c09b676e,0.0,0.0,0.0,9.367641733167301e+20,0.0,1.0,104,1.0,0.0
0x009d3342ac1246d0e95a7f6772e11ce9f07b2560,1e+21,2.64e+20,2.64e+20,6.31999985e+20,4.2492978080305716e+20,4.0,111,1.0,0.264
0x009e7a5a378a128d9afdb80dd8aeaa04c30a67d0,6305761.0,0.0,0.0,6305761.0,0.0,1.0,39,1.0,0.0
0x009e8675b19be214d3f620e90c5e0de7a13c3c5a,5.376726769708291e+23,4.199051244553148e+23,1.4663222052498567e+23,3.097991553071335e+22,1.350623045500092e+23,109.0,7,0.8654231739709899,0.23396011489149734
0x009f79b5d57ee262330848096916e6a7e2a28eca,1130929.0,0.0,0.0,1130929.0,0.0,1.0,39,1.0,0.0
0x009fd1cb55a0af9a9a645b8140a7014b46e6abda,1089764.0,0.0,0.0,1089764.0,0.0,1.0,41,1.0,0.0
0x009ff94a057c75f661e3e28f89b9b9d84e57fc67,5.198957770058398e+22,1.0000000000684699e+21,1.0006429758557774e+21,2.299770661766715e+20,7.225964884738184e+20,252.0,1,1.0006429757872635,0.01923462440544573
0x00a0847926a77692495774f1c71ba8abef99dd52,3.207684933707336e+23,4.189819549087518e+23,1.0000816328997921e+23,1.3947451820755638e+22,1.608461532243324e+22,62.0,115,0.23869324709165468,1.306181759018665
0x00a09297f06b3790a37cffb2de91a0fccf0d5bac,3.412698938377698e+19,2.600000000017e+19,1.0000018447088804e+19,4.54351328809517e+17,1.747444001190959e+18,160.0,4,0.38461609411628533,0.7618603477671452
0x00a258e6e7009cd9a677fef9c7496dd5ef59b518,4427133273792371.0,0.0,0.0,2213566636896185.5,2652010809567277.0,2.0,45,1.0,0.0
0x00a290c589d754b5b33afd5fcfc35784bbe5e0fc,1013333.0,0.0,0.0,1013333.0,0.0,1.0,42,1.0,0.0
0x00a3141fe0c2f5b67338cf9da496d1b3a65969e3,1.1000000000017e+17,5.1e+16,0.0,5.366666666672333e+16,5.5048463496488344e+16,3.0,89,0.0,0.4636363636356471
0x00a3d4e0134ff2046e9c9b83d3321625ba3da1bd,2.3726456374619504e+16,772.0,772.0,1482903523413815.5,1119321162149452.0,16.0,53,1.0,3.253751794245256e-14
0x00a4a60954be0edeb7f6f408ad6a0fd7c35b80b4,1016124.0,0.0,0.0,1016124.0,0.0,1.0,45,1.0,0.0
0x00a565efa59cd8bbe65785f1122f88ebc41a23e1,3937821991975903.0,0.0,0.0,1968910995987951.5,2308319379298517.0,2.0,42,1.0,0.0
0x00a67dc242df79dd7f6145ce38840581ae90c110,1.8936222712752717e+22,5.05e+20,0.0,1.4954786702118284e+21,2.496790862373607e+21,13.0,36,0.0,0.02666846538829017
0x00a72d7b5050e8fa50a471f2c9af1dc21eac4d36,3.2607188445226494e+21,16861425147.0,16866417115.0,1.8115104692190734e+20,6.533871663061087e+20,18.0,63,1.0002960584859513,5.1710760574539555e-12
0x00a73c4e596bec4c4068a9152da71e45480b5450,1679192.0,58288.0,0.0,434370.0,543900.5211543742,4.0,23,0.0,0.03471193288200516
0x00a8bec03805bcfaafab1050dbcf90f57982d750,5.376726769708291e+23,5.1839968187091144e+20,584290859263.0,4.4540169458976786e+21,2.5021570210716723e+22,153.0,23,1.127104972661801e-09,0.0007612931640864309
0x00a8e50de90d41454813722ba73ab5d80bd01b10,98.0,0.0,0.0,98.0,0.0,1.0,51,1.0,0.0
0x00a9481685d2cb1536bbe5188a898b38d36e34d8,2.1003e+22,2003000000.0,2003000000.0,1.0501500000001002e+22,1.212608770378855e+22,4.0,135,1.0,9.536732847688425e-14
0x00a9e3a9a065bf942960f76a228239a3ce9bf755,1100000.0,0.0,0.0,1100000.0,0.0,1.0,39,1.0,0.0
0x00aab1b1a554f59b96a0de510837ba951ba375e0,3e+18,1e+18,0.0,2e+18,1.4142135623730952e+18,2.0,79,0.0,0.3333333333333333
0x00aac20f271c4731591cca07913e994d6f1075c0,1.0145838712364494e+21,5.09163174762308e+21,1.3927863274778426e+21,1.1883212190824962e+19,9.029496895020637e+19,323.2399999999998,0,0.27354419889616627,5.018443415050576
0x00ab84845d68063c1dcd2a5f2cead5f253b249a2,1.271676527773266e+21,6.0500000000099e+20,991479063.0,1.43623509554764e+19,3.6765790749654794e+19,148.0,7,1.6388083685923597e-12,0.4757499150042177
0x00ac270072efbdc76d4bfcf9c7f84b0d5643f66a,0.0,0.0,0.0,1.885359949527489e+19,0.0,1.0,43,1.0,0.0
0x00ac60244df04dfc07146f037d14f93320af57c9,1.1311623129009463e+22,5.881325000009268e+21,1.5001152589280382e+21,9.20840560985115e+19,4.0147737142361686e+20,203.0,27,0.2550641664804571,0.5199364346683538
0x00ad3d4cc099be937879451698c673cbd5c3cefc,7.556922502172767e+17,1e+16,0.0,2.5523075007242557e+17,3.497171139988697e+17,3.0,17,0.0,0.013232900029244444
0x00ad3d8c4a73cea708e0a7d1b35440c1fcd821ca,1650000000000000.0,0.0,0.0,825000000000000.0,813172798364529.6,2.0,61,1.0,0.0
0x00ae040fa92f162d68b507e62e83939c6e07da43,1e+16,0.0,0.0,1e+16,0.0,1.0,105,1.0,0.0
0x00ae8ac9639aa924a0f4db6b48663a56601b9fe7,9e+16,0.0,0.0,9e+16,0.0,1.0,98,1.0,0.0
0x00af05a74080485086d370d9c65d246f0f906528,4.383595323062063e+19,1324799736.0,0.0,3.131139516567531e+18,1.1475750225510087e+19,14.0,72,0.0,3.022176178148193e-11
0x00af158367a6fcdb1a367f6d503e05799f340881,100000001020810.0,10000000000000.0,0.0,27500000255202.5,48562674088423.95,4.0,23,0.0,0.09999999897919001
0x00b16e6a156a7398ca39179f49c1245f4709188e,9.73e+16,0.0,0.0,9.73e+16,0.0,1.0,99,1.0,0.0
0x00b1be054a8ebe834869496ce0f7bbfe233789dc,3.242735669444193e+18,0.0,0.0,8.106839173610482e+17,5.41637242472135e+17,4.0,45,1.0,0.0
0x00b1c4f1978b650072cbde5a85440489bd03a13c,1106522.0,0.0,0.0,1106522.0,0.0,1.0,42,1.0,0.0
0x00b294517a1f6e6e013fd78d4252c2aa8aa72836,98.0,0.0,0.0,98.0,0.0,1.0,51,1.0,0.0
0x00b34033000b485119da0260bac0cd946faa6a1b,4676858157786432.0,0.0,0.0,4676858157786432.0,0.0,1.0,45,1.0,0.0
0x00b344e08d3b5fb6e6cd711affa9cf971c291c44,731659.0,0.0,0.0,731659.0,0.0,1.0,61,1.0,0.0
0x00b43a92d45ccdfeef6ea98d56f775586fe9e39e,4.0680139426239627e+21,8.579069749933452e+20,8.604144782602489e+20,7.629123488718142e+19,3.485905362731292e+20,189.0,1,1.0029228148738658,0.21089086396787898
0x00b44a26933a204f5559ab87e8998ab6617feec9,1.4143895930220742e+20,0.0,0.0,6.141482928698234e+19,7.372961777738041e+19,5.0,50,1.0,0.0
0x00b44f149ddb22209db070da0bca4bb01a6e555c,5.376726769708291e+23,4.199051244553148e+23,1.7956976629723622e+22,6.912276612373868e+21,8.810139977978545e+21,187.0,75,0.028574483002356613,1.00505817343322
0x00b46cfd36379436272a650c550f0652d0d59165,1108480.0,0.0,0.0,1108480.0,0.0,1.0,41,1.0,0.0
0x00b49bd7e1a75f98a82ca101909994e52a90e990,9.814973178671478e+19,7.8e+19,7.86600000965541e+19,4.4194749860408615e+19,3.7276193164054135e+19,8.0,45,1.0084615396994117,0.7947041584331443
0x00b591bc2b682a0b30dd72bac9406bfa13e5d3cd,5.376726769708291e+23,2.671594901270283e+18,2.6733707348492595e+18,9.140723342707039e+21,2.2304677831897657e+22,114.0,0,1.0006647091511263,2.6331470819830015e-06
0x00b5ae14450bfd084a00599b6875496aec543e39,1.4e+18,0.0,0.0,1.4e+18,0.0,1.0,45,1.0,0.0
0x00b5ebd8c8561a28c1834fe08d7e607b73271328,52138543219.0,44740000000.0,44772799975.0,3894752871.66,4550245945.822497,50.0,80,1.0007331241618238,0.8580983901310102
0x00b65668a962ee571a8f223abd696ab1bd3a391f,2000002.0,100000.0,100000.0,1050001.5,1096967.2435114004,4.0,23,1.0,0.04999995000005
0x00b7af5a4aaafd2ae2721ac415de840dd84efc5a,2.730999047784112e+20,1.0753969155269006e+20,180167302.0,1.312550332178879e+19,3.1926170428855276e+19,29.0,76,1.6753563209889381e-12,0.3937741817960208
0x00b7bfce579307a1c113c1c4af6cde13a14fc683,1000000.0,0.0,0.0,1000000.0,0.0,1.0,45,1.0,0.0
0x00b81c25a5301a1dadfff40f33de25f001d3a096,1e+18,0.0,0.0,1e+18,0.0,1.0,29,1.0,0.0
0x00b878d53e8816048eea4c74603932a1dec4daa9,10000000.0,0.0,0.0,10000000.0,0.0,1.0,45,1.0,0.0
0x00b879bfb781a1dc21d6a810fa377a0d2064426f,0.0,0.0,0.0,9854010142.0,0.0,1.0,106,1.0,0.0
0x00b89bc301c399c1ba531689c71a09cb363753b1,12428.0,0.0,0.0,12428.0,0.0,1.0,43,1.0,0.0
0x00b8bd07af4aa69f6d8ce7fe8777b2dcfe8c822c,1107820.0,0.0,0.0,1107820.0,0.0,1.0,42,1.0,0.0
0x00b8bfc0b407187392aa9fe56eaa7c17b5ebec48,1.1130809372422898e+21,6.259800463751026e+20,3.505149805866728e+20,2.408866798482081e+19,3.0201189188525515e+19,109.0,54,0.5599459321689555,0.5623850210982837
0x00b8e23fe7ddea6791131decc5117023dc03cfb0,2.2941889258127268e+20,1.0000000000050576e+20,1.0003101196406419e+20,1.5031404749024418e+19,5.093794981585042e+19,45.0,12,1.0003101196355828,0.43588389288855234
0x00ba0f9e3b612bc7b6712964848f2b1d3e75bbac,2200000.0,0.0,0.0,1100000.0,0.0,2.0,44,1.0,0.0
0x00ba8ccbf0c1ce62834d72706fe3236387f5da35,5.125028938523673e+18,6500000000.0,4003104002.0,5.914780537948897e+17,1.1239814520434081e+18,13.0,56,0.6158621541538462,1.2682855215003731e-09
0x00ba93361a625e008023f30b6d031d6423f99140,11981189.0,0.0,0.0,5990594.5,1399834.5459776665,2.0,42,1.0,0.0
0x00bb0532dd949fab848d72a951a1d6c2b197d935,4948102398001727.0,0.0,0.0,1649367466000575.8,2823965075634118.5,3.0,44,1.0,0.0
0x00bb6c783fce35b92e6cde0874abf2c580673753,1.11e+20,0.0,0.0,1.11e+20,0.0,1.0,88,1.0,0.0
0x00bb7c23500573ca6933778837c9dedd247e94d9,1107763.0,0.0,0.0,1107763.0,0.0,1.0,41,1.0,0.0
0x00bb88a8309759a7c9f0a5c8e3a9364e8f564a8d,37952.0,8937.0,8937.0,9377.7,6606.182206421834,10.0,86,1.0,0.2354816610455312
0x00bbcd7ea98da5f60ee393533aaa9edeb8573167,1.870000000000538e+20,7.890000217534403e+19,0.0,1.6618750135965725e+19,1.9033487081357177e+19,16.0,83,0.0,0.42192514532257397
0x00bbfa640a4bac8f3650373be8f4bd77f0472101,1.0034566168688841e+22,1.1909257930183222e+22,4.785529695832743e+21,1.656021458286192e+20,4.6602835792030826e+20,192.0,6,0.40183273583353474,1.1868233992361361
0x00bbfa896cb54e2b1d3db2a7027368b43d344a21,2.8e+16,0.0,0.0,2.8e+16,0.0,1.0,118,1.0,0.0
0x00bc82902a4fbfa08fc5da418f642209f7b10c0f,64212564261.0,53510000000.0,0.0,39240854753.666664,24714884547.22926,3.0,26,0.0,0.8333260105063226
0x00bdc8be263d20bb3a83aaeadfef258dd409e2df,2.1702191714171503e+20,7.809600000027284e+22,7.810901938385314e+22,6.993282665161931e+20,2.685536600125968e+21,224.0,2,1.0001667099925764,359.85305552930055
0x00be57e4ec695d077e63c5eb84187a7e70169279,0.0,0.0,0.0,5967286998.25,1803616647.3153734,4.0,71,1.0,0.0
0x00bf2f290d3aef716cd8127acc153c273c23c538,1.7002478102764468e+22,102239076151.0,63505859915.0,2.0245879637705572e+20,6.846802432695236e+20,103.0,0,0.6211505649875617,6.013186756251534e-12
0x00bf6ec0064e1a733a0fcc6df071b2cf514ff0e8,444658517.0,279000014.0,279000707.0,80406580.55555555,45339039.08017608,18.0,79,1.000002483870843,0.6274478129472104
0x00bf807dfb399cf973433599f2f23210ac54ca94,1108732.0,0.0,0.0,1108732.0,0.0,1.0,41,1.0,0.0
0x00c26a3e7117cfe0e4afacff2a1be9e3d2384c6e,1.4914051588294204e+20,6.929227544393802e+19,0.0,2.764972042112406e+18,9.39873946774593e+18,79.0,79,0.0,0.4646106729195197
0x00c2ac8857ea018a1cc23d529ec26f55d0bc1849,2100781.0,0.0,0.0,700260.3333333334,598016.8347716754,3.0,40,1.0,0.0
0x00c2e5aa91c2b6927a4e8533482c8217b450a6a1,5.376726769708291e+23,4.199051244553148e+23,1.4663222052498567e+23,1.9180605363573728e+23,3.830606946192663e+23,156.0,1,0.8811462986839982,0.787415466184046
0x00c31aa7aadc000a078b01e59d443b99fa64ef08,2.25e+16,0.0,0.0,2.25e+16,0.0,1.0,122,1.0,0.0
0x00c33f577e35165e07dd9a43b2baf124163bac0a,9.700707890960514e+20,2e+20,0.0,2.340141578192103e+20,1.5847857070004886e+20,5.0,0,0.0,0.20617052100534597
0x00c3a5aceb3fe926a7a9772a6c4efd9f6beb7d73,46821682.0,8229629003.0,8230685675.0,4138490284.5,4724650170.393764,4.0,77,1.0001283984976255,175.7653431373952
0x00c3a7a09fe2fed6f8c163202aea9cfad99874b3,5.966116945712077e+21,2.869695733469427e+21,4.0000000000155504e+20,1.0747658251930503e+20,1.9557009328669485e+20,103.0,1,0.13938759964561118,0.48099890759464803
0x00c3af852e2ca04d993382b3664f62aa45ae731e,1611540.0,0.0,0.0,1611540.0,0.0,1.0,44,1.0,0.0
0x00c4803aa7cdfe5ae5d325b79d5c3c384e4a8ae9,1995657.0,0.0,0.0,997828.5,67410.61077085714,2.0,45,1.0,0.0
0x00c4a3ac304984f216b8a8a0c182fae7984c83dc,1.516139199092228e+20,6.5000000003515e+19,6.5000044459594736e+19,1.3675201776489042e+19,1.493379931814524e+19,29.0,63,1.0000006839396882,0.42872052937113586
0x00c4db45dda03de5bae5417530723fd7dd03da3f,1045530.0,0.0,0.0,1045530.0,0.0,1.0,46,1.0,0.0
0x00c4fd7e8e4a9680b9db58640c76d4a17bd09ee4,3802091668813061.0,0.0,0.0,3802091668813061.0,0.0,1.0,48,1.0,0.0
0x00c5514615e9aeb9cf51f2e635b33743ae062dfe,3.520669925044801e+20,2.47e+20,2.4707322295852784e+20,7.0484984877564944e+19,7.524981792969043e+19,17.0,88,1.000296449224809,0.7015710227276046
0x00c5ed4823b1d2e496b75e53ddb2859aa70213a3,2180229913.0,0.0,0.0,1090278483.25,1158595160.1947453,4.0,76,1.0,0.0
0x00c609bb7806a47616de8cad327215ca70d45896,2.8e+20,0.0,0.0,2.8e+20,0.0,1.0,73,1.0,0.0
0x00c644e774d7b1a3a95154113f86b9e25350a111,0.0,0.0,0.0,2.6526523720093794e+21,5.197847987899956e+21,4.0,46,1.0,0.0
0x00c6483e4f527144bb65dd2a93913abeba4dc545,1.092e+17,0.0,0.0,1.092e+17,0.0,1.0,94,1.0,0.0
0x00c67d9d6d3d13b42a87424e145826c467cccd84,5.876335949480316e+21,3.654076909536359e+20,3.557980155602617e+20,1.2359790988544718e+21,3.284815422607277e+21,71.0,8,0.9737014966261519,0.06218291365488582
0x00c6bf08de7e3c560357b0b4e27da2fa6f8519eb,1.710253574066399e+21,1.3180933773389485e+21,5.214928281632769e+17,6.059480764764773e+19,1.653284710067288e+20,50.0,70,0.0003956417937673734,0.7707005541903196
0x00c6e2363b84d2e7820c6b38ca1b46f7e0714668,1.0000000001132124e+16,0.0,0.0,2500000000283031.0,4999999999811313.0,4.0,39,1.0,0.0
0x00c7a23058e32effe114e99623b0df28861527d4,2.1600000000428608e+21,0.0,0.0,3.600000000142936e+20,8.527602242058728e+20,6.0,76,1.0,0.0
0x00c844967b2ab4c5ac26f44dcbffa7c06897e18e,1.0851748406167576e+22,1.0023726838287042e+21,1.0018259717542134e+21,6.598672237720104e+20,1.0062068488148982e+21,21.0,35,0.9994545820299068,0.0923696943857459
0x00c98bc1a9458f9fb28887da8172e90df88da379,4.2e+21,6.3e+20,6.3e+20,2.415e+21,2.0611404610069639e+21,4.0,130,1.0,0.15
0x00c9acc867f576baf35e96521d139115b316a48d,4.854e+16,8640171018647.0,0.0,1.6182880057006216e+16,1.4064758331272648e+16,3.0,7,0.0,0.00017800105106400907
0x00c9e875ad0504a307aa7ab60997ea2658bc6aea,1030967.0,0.0,0.0,515483.5,727648.9402867979,2.0,45,1.0,0.0
0x00cc1cf9b3c95b432a90878bc2c2dbb7a3daaccb,5.3e+21,5e+20,5e+20,2.9e+21,2.771281292110204e+21,4.0,111,1.0,0.09433962264150944
0x00cc4cae4ce9cbd5c87f877b1c81acb8cc8bf223,1.3e+16,5723.0,0.0,6500000000002862.0,9192388155421070.0,2.0,7,0.0,4.402307692307692e-13
0x00cd259a3e1a649e8644d527d6b9a8fdf8165e7f,6548368474044960.0,0.0,0.0,6548368474044960.0,0.0,1.0,39,1.0,0.0
0x00cd45dcbe9c167b5942f8889d31dc1388cfd172,1.4569432111899785e+21,0.0,0.0,2.4282386853166308e+20,2.7602989241902213e+20,6.0,47,1.0,0.0
0x00ce22866efe39c055ff21bda32b179a7683ab5f,2.0555e+22,2.5e+21,2.5e+21,1.15275e+22,1.0424059110218692e+22,4.0,133,1.0,0.12162490878131842
0x00ce56c1f4780f46309b52054454a9ec913dd31e,100000000.0,39000000.0,0.0,69500000.0,43133513.6523794,2.0,79,0.0,0.39
0x00cef331edda6c750fe87c52d829df082973693f,9.3e+16,0.0,0.0,9.3e+16,0.0,1.0,94,1.0,0.0
0x00cf963f89e7d1a23c5c72dce92a9a8c600f4819,1101220.0,0.0,0.0,1101220.0,0.0,1.0,45,1.0,0.0
0x00cfbd5d2e36dd8182318a074cb1f399b608bfec,1.4100000000010702e+20,100000000.0,100070157.0,1.175000000003451e+19,3.976779190156762e+19,12.0,68,1.00070157,7.092198581554901e-13
0x00cfc6f8ff843a9b0b30f14e2310396a8743f5fc,1.0578573677177795e+18,0.0,0.0,1.0578573677177795e+18,0.0,1.0,45,1.0,0.0
0x00d14484c10aaa9b981068a8c7d25d2d26629be8,98230564873195.0,0.0,0.0,98230564873195.0,0.0,1.0,51,1.0,0.0
0x00d1c49844f3a2b3708ce59292f68570eef06286,3.28e+17,0.0,0.0,3.2817016768583334e+17,240653449183226.97,2.0,76,1.0,0.0
0x00d1dd1e437980fb6e678cfc2ffc78a1f7a747d1,44000000.0,0.0,0.0,44000000.0,0.0,1.0,50,1.0,0.0
0x00d2432e6af76a8150a7609d7ff11dbe44de8e14,2.0000000000182074e+17,3e+17,0.0,7.142857142883154e+16,4.879500364698245e+16,7.0,23,0.0,1.4999999999863445
0x00d278f3163bf68e67b2eb05ef209e6f28bc7924,1046023.0,0.0,0.0,1046023.0,0.0,1.0,43,1.0,0.0
0x00d29fbc981d05edba69bc0909e391a132271357,7.543826589385155e+22,5.25000000078e+20,78143189679.0,1.4035133203605524e+21,9.414343240539377e+21,64.0,26,1.4884417079502887e-10,0.006959332824759286
0x00d353a1b6e1a3b3a23e849c5d51772bb7fdaece,2e+18,5e+17,0.0,8.333333333333334e+17,2.886751345948129e+17,3.0,23,0.0,0.25
0x00d3addc7cb1637c73359d41949a1a369d7f092a,2.307632206716592e+22,3.12746449132626e+22,3.854590634928178e+22,1.1095064964124253e+21,1.3997450599603713e+21,107.0,71,1.2324970101558426,1.3552699092270704
0x00d3ecff51b5e5b957c33c5656486ebfd60e58a7,8.131984331038278e+20,1.4411256355130453e+20,1.4494285892074422e+20,2.87132861481159e+19,3.423216194000851e+19,46.0,4,1.0057614364006793,0.17721697150995921
0x00d46d105507a04d7e4592cf43bbbad964bc77ab,1.8148641474932634e+19,0.0,0.0,4.5375680048382167e+18,6.341371430390818e+18,8.0,27,1.0,0.0
0x00d5201c4def4d1a199c63e07eac53f43252a0ea,2.8394846944574102e+20,2.683365684867178e+20,86305042.0,3.2487355172502655e+19,5.101681554297849e+19,17.0,44,3.2162981917342344e-13,0.9450185416054638
0x00d5615d3446b1719e6ee0684218891bc5a2100c,3.0000000005294387e+18,361487474.0,0.0,2.5000000007424384e+17,8.660254037610578e+17,12.0,77,0.0,1.2049582464540161e-10
0x00d56e1bba3db460563516119dfced085898e17d,6860085569866701.0,0.0,0.0,6860085569866701.0,0.0,1.0,43,1.0,0.0
0x00d6cad0eb8fe405b4c27ca2071b0d0653b9c2fc,2922501986.0,5.3090808815741606e+20,5.0015034770823256e+20,2.514776672857302e+19,9.747124310326618e+19,41.0,81,0.9420657904159416,181662182164.6954
0x00d7a50850a3cb1890bf300682bcd789571c012e,5.999813713902065e+21,0.0,0.0,1.199962742780413e+21,2.6519306431829225e+21,5.0,8,1.0,0.0
0x00d831f24309b3271297f19b8e9be846c8c531c4,2.562569058155627e+22,39069341660.0,39072151869.0,1.856764489201482e+20,1.7261915903215303e+21,141.0,35,1.000071928752331,1.5246161478325039e-12
0x00d841275b1a04ea45e29273efa213c4a59e84a1,7.654792790676354e+19,0.0,0.0,7.654792790676354e+18,1.7747589263195435e+19,10.0,24,1.0,0.0
0x00d88be14e08e06865b156bb489e020a59cb68fe,1.0276210817275695e+18,0.0,0.0,1.0276210817275695e+18,0.0,1.0,46,1.0,0.0
0x00d8a0f305698083d8af5a8b900b3b947f604b55,1971411.0,0.0,0.0,985705.5,161636.83200465172,2.0,40,1.0,0.0
0x00d8dc2f6648dfc0472a673d85f4bc022d5cd17a,1.0000000000260534e+18,2.000000012043741e+17,0.0,2.4000000960703917e+17,4.277849860572431e+17,5.0,23,0.0,0.20000000119916345
0x00d913a96a6ae3ffbd52030020e8b743f97ace86,7.00000000000887e+19,0.0,0.0,2.333333333339252e+19,4.041451884322255e+19,3.0,90,1.0,0.0
0x00d94da07ea932ed8426e8dfd06615bda49b8022,1.4113765573825894e+19,7.263457584303574e+20,1688071070.0,2.056832011134768e+19,6.193901154181218e+19,36.0,3,2.3240599265671264e-12,51.46364055935378
0x00d9acf1d63eae19a1b0e416be85dd7754298ffc,5.3961261397e+20,1e+20,0.0,2.132042046566667e+20,1.9606740043999553e+20,3.0,103,0.0,0.18531812898940042
0x00d9d164c3cdc126d33d541fe6e0cd55f4d4ed63,4.63598997736123e+20,2.0500000000012586e+20,125878052.0,3.18380475112618e+19,4.038502270773158e+19,21.0,90,6.140392780484035e-13,0.44219250041780783
0x00da65b9d6ea469301021381f9b16cf3e80fa8b1,5.376726769708291e+23,4.199051244553148e+23,1.4663222052498567e+23,2.8096251072425373e+22,6.140624267296057e+22,270.0,66,1.0019856141083785,0.988020378398362
0x00da855f0f8924c454c93ea7c5d5d96757e1e652,2.7e+18,0.0,0.0,1.35e+18,2.1213203435596426e+17,2.0,45,1.0,0.0
0x00da9446b29e3d2424b9db0c7e701ad33fdfedf4,5.222e+21,9.99e+20,9.99e+20,3.1105000000000004e+21,2.4381501867877896e+21,4.0,107,1.0,0.1913060130218307
0x00da96f79c5969a61b5b15c6f5f800d760fad316,1.09e+17,0.0,0.0,1.09e+17,0.0,1.0,98,1.0,0.0
0x00da972a32c522b02771520fb5e70fcb056927fb,1.1397250967655744e+23,0.0,0.0,1.1397307601463475e+23,8.009229898416893e+17,2.0,110,1.0,0.0
0x00db170287aaa8a93b08cda808af76d11a5f0fff,2.4922392552984357e+22,7.0000000445e+18,7.007216620762874e+18,9.593653757557544e+20,2.547628117384821e+21,26.0,19,1.0010309394595711,0.0002808719118607165
0x00dc7f0ff419ed1634728a77146c6754541d2b82,2.5689720055303163e+20,760000000.0,760197411.0,2.1134916092384653e+19,4.815518673211698e+19,25.0,60,1.0002597513157894,2.9583817899296734e-12
0x00dcb0f4d625ca40a0f0cd2f45bbdbd343198793,5.274616541011248e+20,3.1221784124762985e+22,3.123297055401214e+22,3.1754884860820005e+21,6.660553566745068e+21,20.0,13,1.0003582892381953,59.19251927037175
0x00dd72466c9bc28c9765b406ea147c1e15dbc7ab,6.985467901696133e+20,2.7095e+21,7.750937551682436e+20,1.0459472788222899e+20,2.2929087237536383e+20,40.0,3,0.28606523534535655,3.8787666597710793
0x00de3a8bdee6e682c3509d66a947d05a8ca797af,2e+18,3.000000000004e+17,0.0,5.750000000001e+17,5.057996968496323e+17,4.0,23,0.0,0.1500000000002
0x00df64b8044aa7126e0f88f286b3c483c5e5927a,1.2000000000000428e+18,0.0,0.0,6.000000000000214e+17,5.656854249492683e+17,2.0,84,1.0,0.0
0x00df99e12315cac90f49527b07d753b7fe9faccd,2.1157498642774422e+17,1.0569866271368582e+17,5.569866271368583e+16,6.216205197585265e+16,3.616901687604492e+16,6.0,23,0.5269571183181487,0.499580146492333
0x00dfae7aeadc69fce49cf389d2bee4aae67aa656,2.32e+16,5000000000000000.0,0.0,1.41e+16,1.2869343417595166e+16,2.0,112,0.0,0.21551724137931033
0x00e10883490fa8ed8e9cd59177a54d45cd025ef9,1107129.0,0.0,0.0,1107129.0,0.0,1.0,42,1.0,0.0
0x00e14bea17f4e951fb695c52a66b3429da55a117,2.3794093881786184e+21,0.0,0.0,8.152866450670785e+19,1.15737467336638e+20,49.0,85,1.0,0.0
0x00e1ac868592c1fd51ed72abca14930075ed892f,1.9e+19,6.501508470473127e+18,0.0,8.500502823491042e+18,3.9047386362659584e+18,3.0,46,0.0,0.3421846563406909
0x00e22b85d329650e35a9d664b7c408a57820f13f,1.3440403949113205e+23,1.483639056867425e+22,83384218748.0,2.1997134787521507e+21,5.980097738919366e+21,156.0,2,5.620249639697308e-12,0.11038649303135828
0x00e2362abcebe7833138bd460000ba5d4f6ee1e6,430679270.0,196966448.0,221805663.0,25101553.62745098,13109981.56127897,51.0,77,1.1261088639827632,0.4573390495437591
0x00e294652292776e4d59f416ef35a73cae0e01dc,9.960468559e+18,7043952581.0,0.0,4.980234283021977e+18,7.043114856883473e+18,2.0,100,0.0,7.07190885576892e-10
0x00e3088ddbd715f119651a58964ce1714b590f34,139864109.0,1.0,0.0,46621370.0,43296800.09458067,3.0,5,0.0,7.149797093405857e-09
0x00e3df1133185a9effedabb79003d9c07ca69bc8,10349000000.0,0.0,0.0,10349000047.0,66.46803743153546,2.0,20,1.0,0.0
0x00e421ba23dbe6a165255be382f46fcb927f8951,1840527553.0,1207386266.0,0.0,1523956909.5,447698497.4868781,2.0,5,0.0,0.656000103900645
0x00e4f6071dcfc268ed4487e2a004d01e3666107e,3.7042404878030897e+22,2.02585e+22,2.0157365811852043e+22,1.0394752764519814e+21,1.8975770597995784e+21,110.0,3,0.9950078145890389,0.5469002368152104
0x00e61c3f169f0b2888137918053bdadda121bb44,1110079.0,0.0,0.0,1110079.0,0.0,1.0,41,1.0,0.0
0x00e61fabc261401d3c47b6178e86449ae9890d73,1.013561089285298e+18,0.0,0.0,6.757409129403624e+17,4.987607768326813e+17,3.0,74,1.0,0.0
0x00e650676a38478b3eee9e3eb741a6075b2c95c1,0.0,6.404296826131254e+22,1.2808774944035055e+23,1.625675619431374e+22,2.881343311108553e+22,12.0,76,2.0000283078341727,0.0
0x00e678b0cdae186eb3c4b08cfe3d1a698882c0af,3.2758402029806923e+21,1.79756e+21,1.804578472257279e+21,2.6735639332504053e+20,3.4851451854208395e+20,38.0,55,1.0039044439447244,0.5487325048286535
0x00e6f654a108a16077be41abab58c3353f90e7cc,1.5000005e+18,0.0,0.0,5.000001666666667e+17,6.244995996796822e+17,3.0,41,1.0,0.0
0x00e6f8d8fb80b0c302a6bd849b79982dc9945b15,222677848.0,120000000.0,120077113.0,2.854119346704113e+19,7.55129000344699e+19,7.0,44,1.0006426083333333,0.5388950947648821
0x00e7092c338d69f7ae230081d862d347ef9dcf1e,3.601946748279575e+20,1.59e+20,0.0,5.191946748279575e+19,5.905016779311272e+19,10.0,8,0.0,0.44142795857807826
0x00e839bc0c9a130afe30974914c4b0100756cff4,5.376726769708291e+23,4.199051244553148e+23,5.415008562986898e+22,5.097266211683574e+21,1.5730071499753323e+22,323.2399999999998,67,0.04625959960332321,1.0404242930666197
0x00e87eb4a651f339219658165b87c204de6a7e5f,1055432.0,0.0,0.0,1055432.0,0.0,1.0,44,1.0,0.0
0x00e8909b79b3d40af0f22e37f81c9e3e9187d853,1.5e+18,0.0,0.0,1.5e+18,0.0,1.0,48,1.0,0.0
0x00e8b7df725ce993f179f071908a9d687815f2ba,1050029402.0,0.0,0.0,1050029442.0,56.568542494923804,2.0,112,1.0,0.0
0x00e928ef44122d31043f772b00b0d1821b020ff7,1839767.0,0.0,0.0,1839767.0,0.0,1.0,39,1.0,0.0
0x00e979f43658ae9cfb838b07d4b3bc70f12b93cb,5.471010752965651e+19,2309009600.0,49223480.0,1.0656156316950427e+18,7.485872902387838e+18,52.0,3,0.02131800578048701,4.220444273022793e-11
0x00e97bf0997013cc741dbcaafba8f439d474c879,1022300.0,0.0,0.0,1022300.0,0.0,1.0,45,1.0,0.0
0x00e9ba3dc1ebd6f585b9f5bf8a33a975b5f8a7de,1.2000000058210424e+18,0.0,0.0,1.2000000134638306e+17,3.7947331874713466e+17,10.0,6,1.0,0.0
0x00eaa7d80b05144a928492bb83b82cfa5e2914cd,1000000.0,0.0,0.0,1000000.0,0.0,1.0,40,1.0,0.0
0x00eacbbd373a91aa0d4485b0beb45b14816f835f,1108220.0,0.0,0.0,1108220.0,0.0,1.0,40,1.0,0.0
0x00ead164c58ccf3d8fbe9aab4c806477db62e599,0.0,0.0,0.0,5004809861.0,0.0,1.0,17,1.0,0.0
0x00eadb769d931de24bb9252c3cc3a6f8de3f86cb,39342130.0,19372498.0,19372511.0,7339330.25,1681886.8297813816,16.0,81,1.000000671054399,0.49241101079173905
0x00eb8dc1785a096d7006ca9c64aa4ad5f2706691,11253.0,0.0,0.0,11253.0,0.0,1.0,45,1.0,0.0
0x00eda101a3b10f7164cce8ecdf305b1317ca0669,2.8000000000098697e+20,0.0,0.0,4.666666666691344e+19,7.257180352340038e+19,6.0,8,1.0,0.0
0x00eddd42021ba97a37097ad4286b893b206e12bc,4.0810628396753505e+20,477131213.0,333617781.0,1.183507281101337e+19,2.885033693698938e+19,56.0,23,0.69921600580761,1.1691346880558102e-12
0x00ee45c909dee53b4cf6af3a5fc3739cd2f9f2a3,1.8577533464531488e+22,1.2499123497797125e+22,0.0,1.942291060145603e+21,1.6933718066462282e+21,16.0,4,0.0,0.6728085578023931
0x00ee80c322d6e956d2629a73223605bbda946f2d,1e+17,1e+17,0.0,6.666666666833212e+16,5.773502691607793e+16,3.0,23,0.0,1.0
0x00ef17fb802141f4a12026c4492bafc43d8ab85e,1.2257450779333665e+20,2.3000000000189047e+19,2.3005877128908083e+19,8.027637377258752e+18,1.268130224890048e+19,21.0,14,1.0002555273356082,0.18764097375750885
0x00ef8b0cf8f81c2b40fc9233b16f2c21cd4f6f15,194356190.0,0.0,0.0,129612108.0,63917986.42639136,3.0,85,1.0,0.0
0x00f00fa5ba62e19615bbf759b7155de7ba96f27b,1.6298109894731686e+22,7953937860.0,1150132537.0,5.820753533836066e+20,2.829154882171085e+21,28.0,0,0.1445991353269134,4.880282383278742e-13
0x00f14df956a8e0b34e0c5bddb6e39dec48ec7baa,4.5e+17,500000000.0,502415465.0,1.8004176691335354e+17,2.4653235317751046e+17,5.0,18,1.00483093,1.111111111111111e-09
0x00f16ddf3034436fc981194a0192044ce90aa4c1,4.30578163e+20,0.0,0.0,1.0778908150050079e+20,1.2546808914623809e+20,4.0,28,1.0,0.0
0x00f3fb9d81506fe69f504fa12325d1559280d635,36396.0,0.0,0.0,36429.0,46.66904755831214,2.0,34,1.0,0.0
0x00f4765d1e007cefc091d84c2bcd1c16ddcc2c87,6.961290000103351e+20,7907789783.0,7910719144.0,2.4902108140970287e+19,1.313269434638242e+20,28.0,12,1.0003704399181548,1.135966147493151e-11
0x00f4fa7ac6f012e7e65d325022ba1397a83ca694,1.860000000001193e+20,4.2e+19,0.0,4.560000000004776e+19,7.714142855816552e+19,5.0,21,0.0,0.2258064516127584
0x00f5481262d4845b292ba0c41752de258b3bbeec,1.0998216122526633e+23,1.850000000002317e+22,1.8511701428093992e+22,3.029090484342589e+21,1.0114590499611517e+22,83.0,44,1.0006325096254491,0.16820909676553206
0x00f57a995e566fa107d36ca5443629c7bee31213,500000000000000.0,119837517310501.0,119837517310501.0,246558344873667.34,219486911716578.7,3.0,50,1.0,0.239675034621002
0x00f63722233f5e19010e5daf208472a8f27d304b,2.003e+19,0.0,0.0,1.0015e+19,1.4120922420295354e+19,2.0,105,1.0,0.0
0x00f656a2953a15ddf8d9d9726b67dd4e61f238b9,2.7228836900705098e+17,4.599812593053849e+19,4.602858450003101e+19,5.839010718167212e+18,1.350219180569315e+19,17.0,82,1.0006621697922762,168.93165910199917
0x00f6c46a5e9b0613ededa94072f065e46bc8176f,1.0000000000000822e+22,0.0,0.0,3.333333333333882e+21,5.773502691895782e+21,3.0,74,1.0,0.0
0x00f70714e95b8d092546acdc8e52a02d6eedc934,1337171934.0,0.0,0.0,1337171934.0,0.0,1.0,140,1.0,0.0
0x00f72bb4bd6c353685bed9077422dbf3d85e80a1,2.50999692979e+20,0.0,0.0,8.399989766930992e+19,1.4376003976120851e+20,3.0,46,1.0,0.0
0x00f731bcd3a8d541a040a7586ff3d03dea48e31f,0.0,0.0,0.0,184855358320.5,11898620.864421241,2.0,69,1.0,0.0
0x00f777857b95c1d0fe7564ae343d1a00c80b38f1,7.047690287587133e+20,1.03059444520369e+20,1.8665538386733544e+16,4.578295257595029e+18,8.006158426735526e+18,229.0,25,0.00018111429256776585,0.14623151744037935
0x00f83f560dea6e8317900beabc89be027da154f8,3.1695717626925783e+20,6e+19,0.0,6.282619604487631e+19,3.5605136253604372e+19,6.0,58,0.0,0.1893000206091863
0x00f863703e78916a4487fcbfbda7a6944fa86538,267721376.0,0.0,0.0,133890072.5,2175037.970382052,4.0,54,1.0,0.0
0x00f8a06340b52aee151b871a915c06af3c053470,5.904135722959663e+20,3.6741542383785214e+20,3.775105799357126e+19,3.3701617316311726e+18,1.1555281834853403e+19,323.2399999999998,69,0.10274761358475677,0.6223017916222152
0x00f8b6bf7cf6b0a173e14abc3d687dd03fe16bb0,1e+18,0.0,0.0,1e+18,0.0,1.0,139,1.0,0.0
0x00f8dcbf7f64e30efff649bd9f137af0eb80e4da,1e+19,3261753.0,3261831.0,2.0000000000013046e+18,4.47213595499885e+18,5.0,5,1.000023913521349,3.261753e-13
0x00f8dd0e37d5077fa256fadbaa216d9088a708e6,3.133786014502572e+18,0.0,0.0,1.566893007251286e+18,3.0477915738849146e+17,2.0,44,1.0,0.0
0x00f9126faecd227f6cd0ccba36865c9a7c55ff24,3.19e+16,5000000000000000.0,0.0,1.845e+16,1.902117241391813e+16,2.0,110,0.0,0.15673981191222572
0x00f9a33dfedbc3bddfb6ef4380dacfd9352c4d15,2044302.0,0.0,0.0,1022151.0,3041.9733726645272,2.0,43,1.0,0.0
0x00fa8021f0c2157ab005dd41b11d49ea30d7893a,1.5e+18,0.0,0.0,1.5e+18,0.0,1.0,44,1.0,0.0
0x00fbef9f0f9b0b6421c264a2020f14bca80291ca,400000000000.0,0.0,0.0,1.7350506971962546e+23,3.4701013943819336e+23,4.0,58,1.0,0.0
0x00fc6300b77a8ea902d576eafaa9ba40daa7c415,2.7154439178023035e+19,1.055078577924096e+19,0.0,1.984485524066526e+18,2.498053262699058e+18,19.0,87,0.0,0.38854736457897654
0x00fc9abc1ae9d1b71b89fd285cb6c73129f6da72,1.907623308895031e+16,0.0,0.0,9538116544475156.0,1.348869498413875e+16,2.0,45,1.0,0.0
0x00fcad795d8a753c9064126b78cf0330436da09b,0.0,0.0,0.0,1.500303719292852e+21,2.121749867494234e+21,2.0,52,1.0,0.0
0x00fce3e318dfc490be549b266e85af457ee3d65b,1759493.0,0.0,0.0,1759493.0,0.0,1.0,48,1.0,0.0
0x00fdcbab290f89f3d03a21b1fa17fdd64bd2f1c8,1e+17,0.0,0.0,1e+17,0.0,1.0,101,1.0,0.0
0x00fe37d2589cdec3cf55afaf4a482bca6b7b0ae6,1.3e+18,0.0,0.0,1.3e+18,0.0,1.0,42,1.0,0.0
0x00fea8ef6f337ce6aa8b5bb7086ace94dd0434a7,1.3e+20,1.0000000000968376e+18,0.0,3.2750000000024207e+19,6.3505249126860005e+19,4.0,153,0.0,0.007692307693052597
0x00ff162742cd72f0a726cf90138a832ab5f0d48e,2.43e+16,5000000000000000.0,0.0,1.465e+16,1.3647160876900368e+16,2.0,116,0.0,0.205761316872428
0x00ffb2daca4977f6edb65b21c21184eee6a5a72a,1e+17,5.000000016049496e+16,0.0,7.500000008024749e+16,3.5355338945840296e+16,2.0,23,0.0,0.5000000016049496
0x0100569d3daa2d258f8b21d4ec833ed21d2ff2dd,250000000000450.0,0.0,0.0,3571428571435.0,4826170890653.574,70.0,93,1.0,0.0
0x01017b2d24a37f5c74bc2291eb8743937aad1ff6,4102674766402218.0,0.0,0.0,2051337383201109.0,2901029146829238.5,2.0,42,1.0,0.0
0x010286f16ec2f351c7575caf45c07d758a184793,3357066668017219.0,0.0,0.0,1678533334008609.5,2373804602561758.0,2.0,45,1.0,0.0
0x0102b4bf6272eae55dffc8008ba81ac2bab58ca0,266990000.0,1.8e+20,0.0,6.0000000000089e+19,1.0392304845405556e+20,3.0,53,0.0,674182553653.695
0x0104712abf87649bc5a0844b490fcf924f76da81,9.47e+16,0.0,0.0,9.47e+16,0.0,1.0,95,1.0,0.0
0x0104b9e629be9b419a5f0b4974de5e8f2bb06399,2.5712270717290214e+20,3.4445047818607755e+19,3.4458407938223215e+19,3.887915191322944e+19,5.4911688533111e+19,15.0,78,1.0003878676460494,0.1339634612490494
0x0104d7a50c942735fd96ed6ab3423cac7e2db0d7,0.0,0.0,0.0,193968213.0,0.0,1.0,53,1.0,0.0
0x0105c26c5d013bb32223dbb2a4bbd98e9b0c320a,8.857285172461142e+19,40000000.0,40004586.0,2.952769042834194e+19,4.574410176889929e+19,6.0,123,1.00011465,4.516056468901672e-13
0x010716be97151c482b999a87477aca6b2d122ed1,4019486063922668.0,0.0,0.0,4019486063922668.0,0.0,1.0,45,1.0,0.0
0x0107aacde8714bd13357fc856d6b93b3f8b543e9,4.082402543116695e+22,2.231235968266093e+22,2.231532863450708e+22,9.33438871099156e+20,2.66642207401635e+21,130.0,0,1.0001330631044127,0.5465497203425375
0x0107e33b5776e3052fdd624d6246df4f1d8ecddd,0.0,946052756125.0,1892106052067.0,1.4540934884357734e+19,4.822682391483074e+19,11.0,77,2.000000570599257,0.0
0x01080306fab7721ae1dbff1909df46b92a2c0b8c,2.1205207506124304e+19,1022239605.0,1023371649.0,2.905536367844236e+17,1.8979422002825787e+18,73.0,49,1.0011074155163455,4.820700786374128e-11
0x0108678baac8accdcbff80294564f74725330907,3.850684734347005e+21,1e+21,1.000230917145434e+21,2.3432976418534166e+20,4.1026363019982904e+20,25.0,12,1.000230917145434,0.2596940723503761
0x01087080dca984b607e1ebf263330431f979e528,1.5134493734547938e+20,1.13e+20,1.133699764614041e+20,1.0800364669211748e+19,9.722769204364403e+18,49.0,76,1.0032741279770274,0.746638784104497
0x010a078ff877852f0f18b6a910f7964ff18498f4,1.3e+18,0.0,0.0,1.3e+18,0.0,1.0,45,1.0,0.0
0x010afb8548a5d1a3a3d62f58ca0a5a1329974206,5.311552896658174e+19,0.0,0.0,4.828685443397948e+18,1.5976637177197687e+19,11.0,96,1.0,0.0
0x010b19435d2bcae650c41af62440e2de08444026,3.6529710766366925e+18,2.5e+18,2.5019252957778094e+18,2.45981710358041e+18,1.4846226239431022e+18,5.0,27,1.0007701183111237,0.6843744304435505
0x010b7eb359ff40fd261ac917003dc21058c32055,9.091100000675625e+19,0.0,0.0,1.0202444445945831e+19,2.992668330258655e+19,9.0,72,1.0,0.0
0x010c9d0abf2925400c37ee688215d34dd3e1ec08,240000000000450.0,0.0,0.0,3478260869571.7393,4797697657549.212,69.0,93,1.0,0.0
0x010cb104dc1ce1cf2010ee993c74aa347271a686,97.0,0.0,0.0,97.0,0.0,1.0,51,1.0,0.0
0x010d23b534006f4e4f174a7530d7d9e3c131732a,1.2072025648059776e+22,5.504501889946251e+21,5.317013106371615e+21,3.27879113437004e+20,5.391883297595623e+20,92.0,9,0.9659390100461086,0.4559716861462217
0x010da4bb5ed14c387bc92de075b58e2d0cee23b1,1e+17,1.3590979040173495e+21,2.718097818138137e+21,4.8064688250597337e+20,1.0713637268813842e+21,17.0,24,1.9999279007816344,13590.979040173495
0x010da5ff62b6e45f89fa7b2d8ced5a8b5754ec1b,5e+18,0.0,0.0,2.5000000000007004e+18,3.5355339059317473e+18,2.0,91,1.0,0.0
0x010e0d20b256620b6ab77729c8152112e0b78561,5e+20,0.0,0.0,6.250000003028819e+19,1.767766952843986e+20,8.0,92,1.0,0.0
0x010e3a3a9aaf3d8ee76b26d154f8c16c970f477e,1.000000000002e+18,2e+17,0.0,4.000000000006666e+17,5.291502622121622e+17,3.0,23,0.0,0.1999999999996
0x010e86d5c98a9bf2d232a3a73ea289a79b545b16,1100000.0,0.0,0.0,1100000.0,0.0,1.0,44,1.0,0.0
0x010e891bf7045dd54a0a70b96a77c7b4cfc24640,1e+17,0.0,0.0,1e+17,0.0,1.0,101,1.0,0.0
0x010e92ac8b581c760a4f3c877a4558e8cc278c70,1094594982.0,1576517889.0,2228069452.0,425814951.3125,428649423.77213985,16.0,67,1.413285232946697,1.4402750925456005
0x010eefc75fce6c266573960812b987fa22b6c64e,2.0001e+22,2.235e+21,2.235e+21,1.1118e+22,1.0257204882422893e+22,4.0,131,1.0,0.11174441277936102
0x010f6b049a5e8e963060b283486795630e5d83e2,1.0827e+21,1.5030687214542088e+16,1.5030935409222968e+16,1.0827300616226238e+20,3.1073465847849406e+20,10.0,1,1.0000165125304876,1.3882596485214822e-05
0x010f995c1f0784b39865fb0dbeaf98311f3cc52c,1.57e+20,23356269.0,0.0,7.850000000001168e+19,1.1101576464627145e+20,2.0,7,0.0,1.4876604458598727e-13
0x01102f208a263a1b3844a1bfac5444cbfe7d052f,6.661114564876544e+20,5.85e+20,5.857104930978729e+20,8.345320151604873e+19,1.0794620882008225e+20,30.0,76,1.0012145181160221,0.8782314045229791
0x011128170cd4f77f90af9dbb7501b10112efb31e,1.99942e+18,0.0,0.0,1.99942e+18,0.0,1.0,44,1.0,0.0
0x0111aa45d978c43bdee2b7690e33c65648fc06cb,1.074e+17,0.0,0.0,1.074e+17,0.0,1.0,94,1.0,0.0
0x0111dcc6fc2df10b1145fdcfed2bcf1b1c00de91,1e+16,1000000000000000.0,0.0,5500000000000000.0,6363961030678928.0,2.0,23,0.0,0.1
0x01139728b71405424f148e82c090f9097ba69e2c,80000000.0,0.0,0.0,80000000.0,0.0,1.0,95,1.0,0.0
0x0113983234c06a01834e6c173efab06f04de2122,1107690.0,0.0,0.0,1107690.0,0.0,1.0,41,1.0,0.0
0x0113e5d1ca256159d7e7f37fd334ef1f7ee5d39b,1066878.0,0.0,0.0,1066878.0,0.0,1.0,43,1.0,0.0
0x0113e5f85ae18da390377823825946fc45582d1f,2.140430328141649e+21,1.7e+21,1.706102402835957e+21,6.410327275814968e+20,8.616942558654333e+20,12.0,65,1.0035896487270335,0.7942328127428298
0x0114572c98f3756064b4be09cf02f05ef7f867a6,1e+17,1e+16,0.0,5.5e+16,6.363961030678928e+16,2.0,20,0.0,0.1
0x0114d2ec12d3c70f90d9a9d827930c66b435c61e,1.9e+16,0.0,0.0,1.9e+16,0.0,1.0,118,1.0,0.0
0x01151b41131ed0bc3268dad9be8fab765205bd71,3.38e+20,0.0,0.0,1.69e+20,9.758073580374357e+19,2.0,35,1.0,0.0
0x0116ed59d76aaaf9ab5ef88807ab33b24df36efd,2.755301392899209e+18,2.25e+18,2.253844780839103e+18,2.003187163507086e+17,6.007540978911788e+17,50.0,79,1.0017087914840457,0.8166075790469092
0x0116fdba1f1dc87f91fcafe2fb365ca829cee686,1.2018994287357156e+23,1.375000000009424e+23,1.1710567218135514e+23,2.101697262958799e+21,6.684832110973972e+21,223.0,15,0.8516776158585638,1.1440225089846274
0x01173bd5895acf19c67f6170f15d503d4153cf04,2.964004540099272e+19,0.0,0.0,1.2705407158433231e+18,4.662105458937153e+18,43.0,6,1.0,0.0
0x0118473b89b9b267953921c26760394db9da6ec3,1.2824856131402342e+16,0.0,0.0,6412428065701171.0,33617492006655.977,2.0,45,1.0,0.0
0x011a62dc7a6c2969a764ec1acd67081029100d57,1.000000000002e+18,0.0,0.0,3.33333333334e+17,5.773502691890484e+17,3.0,14,1.0,0.0
0x011b042a0573972f547b885c86279291b04c6020,1.9550811448248034e+21,1.7382247099922724e+21,9.038458458074574e+20,1.490347946303833e+20,2.4711242597604806e+20,41.0,17,0.5199821637626332,0.8890805962675459
0x011b552b17d1a78af3be9f5b9fa85b6d66fc7dad,3.5321870081734963e+19,9.007000000011e+19,2.2543539659168002e+19,1.0833353185423505e+19,2.4378215438387147e+19,15.0,95,0.2502891046868044,2.5499782370437245
0x011b7c26193af783f967621d9be90a8bc6a9abd3,3e+18,0.0,0.0,1.5e+18,1.414213562373095e+17,2.0,43,1.0,0.0
0x011c3a587254b7312d78f2c8ba5adc41a1ed1357,1.9023913231593096e+22,2.050150000003779e+21,2.0506981906903039e+21,1.7586950667544897e+20,4.336009453338158e+20,234.0,40,1.0002673905258268,0.10776699699192728
0x011c8e8496801c553b480c7fb8a34eb729b18537,4409873827633410.0,0.0,0.0,4409873827633410.0,0.0,1.0,45,1.0,0.0
0x011d826f9ced58896b8046e7afc995f366538cce,1.807857477595312e+16,0.0,0.0,3615714955190624.0,2095565578275076.8,5.0,43,1.0,0.0
0x011e2c14c24fdac66a77802061d8ea26814e5154,67114666.0,0.0,0.0,33557333.0,5452593.727824585,2.0,40,1.0,0.0
0x011e3916f0932f0c0b62261e03b729eeb4e8da85,1007780.0,0.0,0.0,1007780.0,0.0,1.0,46,1.0,0.0
0x011e6bf0b2fccc01f137cfe776e1b1121f31fbaa,4.836411093124026e+21,3.5036519974735257e+21,4.50365199747607e+21,2.383909259133483e+20,4.265603853979971e+20,83.0,32,1.285416474217086,0.7244322143034331
0x011e835885e78d9f1c92e580dae0e142a33cf25e,1e+18,142000.0,142000.0,4.97500000000071e+17,5.744780239486153e+17,4.0,144,1.0,1.42e-13
0x011e8572c0e339b659add9fbf24ba1328cde7ca9,9.59e+16,0.0,0.0,9.59e+16,0.0,1.0,94,1.0,0.0
0x01209fa47cd0bf3f6b7d0ecf8598e031f57a7543,4.500009869517586e+19,0.0,0.0,1.1250024673793964e+19,2.2499983550852125e+19,4.0,68,1.0,0.0
0x01212602bb6ef285d7fca99430283ba780fe5950,1e+20,5e+19,5.045449970070959e+19,6.014889994014192e+19,2.244042011640425e+19,5.0,26,1.0090899940141917,0.5
0x01213e995cd6272ebbb929311b50787296f25600,3.950870555221956e+21,1.000000000005663e+21,1.0052544799319235e+21,1.543060908292667e+20,3.754812887981536e+20,52.0,2,1.0052544799262308,0.2531087733775383
0x01214a235c6767040c8fef6bd33519a6c7ad79ae,2.9511287386063462e+23,4.199051244553148e+23,9.025452189775295e+22,5.521453513220387e+21,1.2954891229186746e+22,313.0,0,0.06721607555307697,4.5499608757748105
0x012186399add91fcdc4504bcd9c44a2169d4b32c,4999161.0,0.0,0.0,4999161.0,0.0,1.0,45,1.0,0.0
0x0121a5499577090838ac2d987c2fab300ab13858,1248032.0,0.0,0.0,624016.0,748031.2932545001,2.0,39,1.0,0.0
0x0121ce9b0af57bd51a9e2d2534175a9c4a949975,4.4e+18,0.0,0.0,1.4666666666666668e+18,1.1547005383792512e+17,3.0,43,1.0,0.0
0x01222a114552e89e4c548170f8c1f4d5460d255a,8.165535685670953e+22,1.6044574895201392e+21,197552831699.0,3.212313827157556e+20,9.88997641818224e+20,284.0,7,1.2312749511243458e-10,0.019649139398602758
0x0122a648094d10ea18ae72673aea0334fae4d3a5,5.376726769708291e+23,8.25110158832157e+21,8.25568774427941e+21,5.863526148565415e+21,2.1621914948222497e+22,227.0,66,1.0005558234750533,0.0063119253071948255
0x0122f83912932a2d3631340168795c42b6716290,3000000.0,0.0,0.0,1500000.0,707106.7811865475,2.0,39,1.0,0.0
0x012430f934bc381d9f59a28ea34363bce170353d,5.395176343662395e+16,0.0,0.0,1.079035268732479e+16,1.4458147116240678e+16,5.0,45,1.0,0.0
0x0124fd98566fb966d118bfb70650cac960dd6c2c,1304866.0,0.0,0.0,434955.3333333333,606434.0914570465,3.0,40,1.0,0.0
0x01253d735f350afc426335560251171367cd095d,3.43e+16,0.0,0.0,3.43e+16,0.0,1.0,119,1.0,0.0
0x0125c79621229bd96a4fd6c71b7a8d276fd5db97,3.453688496801577e+20,157700890.0,157765852.0,3.837431663118121e+19,7.98764973177773e+19,9.0,77,1.0004119317272084,4.566158475092501e-13
0x012668a6f1b462d55bb77bdd4dec5c8e57463e43,1.3e+18,0.0,0.0,1.3e+18,0.0,1.0,42,1.0,0.0
0x01270d19f1b70c3f24efb57d28974b3d664dd7e6,1.3e+18,0.0,0.0,1.3e+18,0.0,1.0,42,1.0,0.0
0x01281a8e31e2ac1bae55a69a7c962f526fa64f00,3.509900000004307e+19,1e+19,0.0,5.637375000010768e+18,8.200782418020758e+18,8.0,107,0.0,0.2849084019484239
0x012867f22e00f6f4c97def7e159ed9a57617af62,4033576337531721.0,0.0,0.0,4033576337531721.0,0.0,1.0,45,1.0,0.0
0x01287cf199456d0a57de078447a560f6449f09ff,1.2e+18,0.0,0.0,1.2e+18,0.0,1.0,49,1.0,0.0
0x0128883953744d1d302421534757fd6f2d8ba88a,4e+21,5e+20,5e+20,2.25e+21,2.0207259421636902e+21,4.0,131,1.0,0.125
0x012916ed48b20433b698cb32b488e52c639a2a66,1.8697323205204218e+21,3.30333000005517e+20,3.300000031011496e+17,3.6077513451343294e+19,1.450492505016493e+20,61.0,1,0.0009989919357001515,0.1766739529397299
0x01299d506f8bbb51eb94f6912c96a0c61ce9d1c1,1.6e+18,0.0,0.0,1.6e+18,0.0,1.0,44,1.0,0.0
0x0129ba41a907ac27f7683d291576f2e74362c421,2.2438879071080434e+21,7.903676806740142e+20,90146130.0,1.784856228110161e+20,3.63154462335505e+20,17.0,55,1.1405594156269735e-13,0.3522313561966881
0x0129feef1eadb4e77e2d3de7bc352e3050bb306a,1.076e+17,0.0,0.0,1.076e+17,0.0,1.0,97,1.0,0.0
0x012a5020505f00adb2ba6d4a447951d497a35a7a,6307512796766390.0,0.0,0.0,6307512796766390.0,0.0,1.0,45,1.0,0.0
0x012c597fca480b9766d52e4c1e5d4c0940982abe,5.4e+21,700000000.0,700000000.0,2.70000000000035e+21,3.117691453623575e+21,4.0,127,1.0,1.2962962962962963e-13
0x012ced3e78c1a70e156537e580f6fed3954b2e84,1.114197475185457e+20,4579134696938509.0,4571838789240511.0,3.095904211044313e+18,1.8327229371572945e+19,36.0,13,0.9984067060305355,4.109805307336849e-05
0x012d85c98a50cc2340e39668b6770e4fcb71342e,1000000449.0,0.0,0.0,1000001155.0,998.4347750354051,2.0,84,1.0,0.0
0x012da78f4ff0bb8cf0b017bbc5e9ac19ae5cfaa4,9.978310673407777e+17,0.0,0.0,9.978310673407777e+17,0.0,1.0,81,1.0,0.0
0x012e168acb9fdc90a4ed9fd6ca2834d9bf5b579e,5.314223574010065e+21,2.1990755191682897e+21,0.0,1.6906411309388902e+21,1.96270472382783e+21,7.0,40,0.0,0.41380937187572775
0x012f15e260f6275bc8e62be475adb07549765e70,4.999e+21,1e+18,1e+18,2.5e+21,2.88559664540975e+21,4.0,102,1.0,0.00020004000800160032
0x012f638dab4959ebadf779a6e775111893d7d922,13570.0,0.0,0.0,13570.0,0.0,1.0,49,1.0,0.0
0x012fefa16a3baad884834385a0988378852d00bc,1.5e+19,11283486.0,0.0,2.1428571428587548e+18,3.9339789623461914e+18,7.0,48,0.0,7.522324e-13
0x01301d186d9e2c3a4091ca1ed95c3719b437c7c7,2.9073e+20,0.0,0.0,4.153292290431754e+19,7.613830300335045e+19,7.0,10,1.0,0.0
0x01309200a32bb6b968aaf4ba20367d091fc7adbb,7.309206767188547e+22,5.59307926767708e+22,0.0,2.228332818839472e+21,2.56035010793759e+21,61.0,25,0.0,0.7652101583423165
0x0130b68a18a612892374e1eefbb0697a291215f1,6.582618163895063e+21,2.5000000000365e+20,2.5019932390828635e+20,5.448321144466923e+20,1.3678617721619045e+21,13.0,17,1.0007972956185338,0.03797880930947393
0x0130d50430776e5f0f7517f6bfa9650fc712b879,2.9000000001495726e+18,0.0,0.0,5.800000000602072e+17,1.2969194269162212e+18,5.0,33,1.0,0.0
0x01319c79cf53aeb6dfa2bf5ddc8a124527016695,4.1e+20,6e+19,0.0,1.5666666666666666e+20,1.6743157806499145e+20,3.0,92,0.0,0.14634146341463414
0x0132251adf6116fd0272d23aff8ba0dd9dbbf1d2,1250000000.0,0.0,0.0,1250000021.0,29.698484809834994,2.0,94,1.0,0.0
0x0132749dd84ea8a0b242ff61f97ff40f96035df3,1.24e+20,65612498.0,65871649.0,1.3147880833339675e+19,3.762869010329466e+19,10.0,21,1.003949720067052,5.291330483870968e-13
0x013274aa75bbc3bd7acff906e564edbbb50dce08,9.800000000000002e+21,10200000.0,10200000.0,4.454545454545464e+20,5.933980216694452e+20,22.0,20,1.0,1.0408163265306121e-15
0x0133982c25a8211e1e62d95760999c4b825025fb,2e+16,0.0,0.0,2e+16,0.0,1.0,68,1.0,0.0
0x0133a483873163fc5bc916de39abec8baf85657c,6.40000000005941e+19,2.0000000000295182e+19,0.0,6.00000000006352e+18,1.0436621911435522e+19,14.0,76,0.0,0.31250000000171135
0x0133b67aec5d8a3959840385ff6f5aba4f85f894,1876525.0,0.0,0.0,6.764004602917238e+21,2.438796542242552e+22,13.0,14,1.0,0.0
0x0134600e06c4176fd44a5557d124f5d684e75b28,10380000000.0,0.0,0.0,10380000056.5,79.90306627407988,2.0,19,1.0,0.0
0x01351f573a99ff5cc633f4ee580347974ff8b59c,1100000.0,0.0,0.0,1100000.0,0.0,1.0,39,1.0,0.0
0x0135249c1897454959da69ac1481df6c1d4023a8,3.357530549274401e+21,11059113055.0,4805293925.0,5.165431614298874e+19,2.138507746106298e+20,65.0,0,0.43450988348721603,3.2938235088851224e-12
0x013618ba67d882af8df870d8704e4d317b710dda,1069292.0,0.0,0.0,1069292.0,0.0,1.0,43,1.0,0.0
0x01361dec98b8d86a584afd90a7c7c3ca0d908539,5.026047080874561e+21,2.1e+18,2.1000098840203715e+18,3.9057295892150596e+20,5.985548341542077e+20,26.0,50,1.0000047066763673,0.000417823384104589
0x0136f37e3373f91e6fc2d2ac76f0d01701754fcd,9.979990000000011e+20,2.000000000002e+20,200000242.0,1.7114271428577172e+20,3.721498809685176e+20,7.0,36,1.000001209999e-12,0.20040100240601424
0x0137973eccabc8f684a7494156d25447ab5747f5,1.746e+19,0.0,0.0,1.746e+19,0.0,1.0,86,1.0,0.0
0x0138ea4b8ed7e678cabb76a207a968269dda63e4,1021940.0,0.0,0.0,1021940.0,0.0,1.0,45,1.0,0.0
0x01393a2f8cf06fb5335bf03acb0a4ffa958b5f46,3.54e+16,5000000000000000.0,0.0,2.02e+16,2.1496046148071044e+16,2.0,113,0.0,0.14124293785310735
0x01397d68308d2a94865ffe0f84d26e94b6df1234,37606.0,4000000000000000.0,4008156447640377.0,1601631289543123.5,2189403605403779.0,5.0,126,1.0020391119100942,106366005424.66628
0x0139ba48945d51628c79f6cd927a2d42107aa8ea,1e+18,0.0,0.0,1e+18,0.0,1.0,45,1.0,0.0
0x013a451f558aa0e0ac50b6199ba0e2f6b710369e,1.8365141162733386e+21,3.000000000095774e+20,9581401364.0,6.219397745034388e+19,2.0140535668869025e+20,48.0,55,3.1938004545647054e-11,0.163352950762142
0x013b81ad989b9009f4dab4c804c6007882f9a190,5.727100000000535e+22,1.0000000000014e+22,14027100999.0,1.2244000081578678e+21,2.6818162616472804e+21,55.0,79,1.402710099898036e-12,0.1746084405722454
0x013bbe7e89333bb26c0959f547adcd77f54ffa80,2.9141521921477526e+23,4.810000000009198e+22,3.051164444331751e+22,3.5240656365393417e+21,1.0367507160614067e+22,105.0,4,0.6343377223130804,0.16505658190982095
0x013bfceb441762268b2894837c8c1e3774ca4efe,1.2235647853277144e+16,0.0,0.0,6117823926638572.0,320058753945907.4,2.0,44,1.0,0.0
0x013c270b6c893ed986ff69eef37ca5a1c1e59dff,8.175822978409308e+17,43289209.0,10571300.0,3.2898381116143228e+16,1.497451342207462e+17,25.0,5,0.24420173628028177,5.2947830590654943e-11
0x013c8b849edb8efc9a689854b7bc75f2dd1ccfff,1.0855788991664785e+20,28000000.0,28013650.0,2.397853647956213e+19,4.7133591679785e+19,9.0,112,1.0004875,2.579268998457759e-13
0x013c8fa48e3f11afb5ab1bcb35f2484b299d7136,3.48e+16,0.0,0.0,3.48e+16,0.0,1.0,121,1.0,0.0
0x013da16ead9075d66102ef98c23432a3af815b20,1.0699e+21,5.3495002365967e+20,0.0,8.02425011829835e+20,3.782667558658305e+20,2.0,118,0.0,0.5000000221139078
0x013daec37205c9cb2a3d6bd1f0ca52eccd2bb044,4657227213941311.0,0.0,0.0,4657227213941311.0,0.0,1.0,44,1.0,0.0
0x013e074822e7776516a0c69dce430ec1fdb26c0d,2.13630023610905e+21,1.6e+21,1.6084340419006455e+21,3.4008019445498616e+20,6.903898963091465e+20,22.0,31,1.0052712761879035,0.7489583968375905
0x013e0a9ac418ca71de2b3b8ae7b67fbd13f2ab4a,1e+17,4e+16,0.0,7e+16,4.2426406871192856e+16,2.0,23,0.0,0.4
0x013e68b23bc846a8b7792dd238ba9d387efe3392,1e+18,0.0,0.0,1e+18,0.0,1.0,128,1.0,0.0
0x013eeca1e8f5e2ff4de43289cf2e87601bdeb2b3,4.03417e+19,0.0,0.0,4.03417e+19,0.0,1.0,14,1.0,0.0
0x013f0bc2b50373e02246a997f4c2cbdc869eea40,4701462998204.0,0.0,0.0,4701462998204.0,0.0,1.0,97,1.0,0.0
0x0140034d523f45a7690404fd2b5d0b6dc2a1c9fe,1109118.0,0.0,0.0,1109118.0,0.0,1.0,41,1.0,0.0
0x0140c762c812c087e5b63d1f36022cf349628d45,1.0584405748871203e+18,3.949617492577068e+17,0.0,3.726672630546448e+16,6.41632479224173e+16,39.0,9,0.0,0.37315439206384204
0x0140e9513def4729d7f7b6a5356ce6c84d7ae75b,1.492000000000001e+21,250000000.0,250055530.0,1.4920000000005023e+20,2.3325227163353753e+20,10.0,9,1.00022212,1.6756032171581757e-13
0x01412c35980761a198995cb985d34fb56e93fe21,3.2e+16,0.0,0.0,3.2e+16,0.0,1.0,121,1.0,0.0
0x01417e59b64efc0c8727a31f1fbba7c6536307a3,1.1380788108061745e+22,0.0,0.0,5.419422908602702e+20,2.1756092225896713e+21,21.0,5,1.0,0.0
0x01418a07f6e69b08735b717cd6c86fdd8a5ce1a2,5.928146019755468e+20,0.0,0.0,1.4870368485902215e+20,2.9474098833826864e+20,4.0,107,1.0,0.0
0x0141a8d6993a6f4106c4f043ef299ba540ae81ef,8.5e+19,0.0,0.0,8.5e+19,0.0,1.0,72,1.0,0.0
0x0142bfdf3d08eb9cca160c04e9240d7f9631f2b0,3.0774006908686534e+21,8.161319020059986e+21,6.162859143718493e+21,1.2990279056155099e+20,4.762443928660702e+20,134.0,57,0.7551302832998674,2.652017023417351
0x014338c7a0342dfc4f90ba2313a782011c8b85e6,0.0,0.0,0.0,7794356.0,0.0,1.0,54,1.0,0.0
0x0143bd780dab8a7302141c3fdb8ebade1fb56f92,3.6500304889883374e+20,2.5000000000041e+20,2.5126443847528382e+20,3.480771797831758e+19,7.025309646269137e+19,28.0,33,1.005057753899487,0.684925785564332
0x01445326f7023b6c69eeb0eccbbac6797af3e76c,1.1675380719464042e+22,1.50000000002861e+21,28654710169.0,7.050009254724996e+19,2.20047732114805e+20,187.0,74,1.910314011230231e-11,0.1284754678301803
0x0144c47df1cc4d52ff115f758918dc42a9db48aa,8.425150353749638e+20,4.7824749128711976e+20,4.782487676112324e+20,8.630090863607131e+18,3.100647409230205e+19,293.0,4,1.0000026687523424,0.5676426784173345
0x014607f2d6477badd9d74bf2c5d6356e29a9b957,14893952.0,2000000.0,2000000.0,2973392.75,2110034.5889793066,8.0,23,1.0,0.13428269407609209
0x0146a22337780c55e9d2af2f39139a6174fb828f,4.449986216190232e+21,2.357e+21,2.3577219013230068e+21,9.076721607825258e+20,9.230910947050628e+20,15.0,101,1.0003062797297442,0.529664561976531
0x0146ef29dc977ea95328d9901a3c686e43b70953,1e+17,2.4500000002585908e+16,0.0,6.225000000129295e+16,5.338656197775582e+16,2.0,23,0.0,0.2450000000258591
0x01485557c2bc6e26c7187ff4cc38d5d9474405d4,1.0000000037978072e+18,3030424909.0,3032886697.0,5.558500911288806e+16,2.3569494276612774e+17,18.0,45,1.0008123573670111,3.0304248974910304e-09
0x01485be0b99f0c1949b6c4f1f70affdc39acb154,29.0,0.0,0.0,29.0,0.0,1.0,51,1.0,0.0
0x014930c2d8878759763f3ac2a492ff94073fd80f,6.434588433381792e+21,4777755694.0,4789732804.0,6.069528036721712e+20,1.3345946235129648e+21,28.0,76,1.0025068485638646,7.425114665008933e-13
0x0149cf3e60f83fda5da971cf9006f74ed9fe04a3,1.9860249358929166e+19,0.0,0.0,4.965062343810822e+18,9.930124654994897e+18,4.0,79,1.0,0.0
0x0149e057c5cf8e330fa5df824ad3c086ffc1cca9,2193510.0,0.0,0.0,1096755.0,2317.8960287295026,2.0,38,1.0,0.0
0x014b0094e8c926067eff9bcf7f28608d80cb3694,2127138.0,0.0,0.0,1063569.0,157741.380747095,2.0,45,1.0,0.0
0x014b8a67819d904922a2cacb104ae1baca6033a8,900002600.0,0.0,0.0,600001783.6666666,519614404.5370488,3.0,1,1.0,0.0
0x014bcbc7ab0eaa72688b91fc2063c50a0a38342e,2e+17,50000.0,0.0,1.00000000000025e+17,1.4142135623727416e+17,2.0,5,0.0,2.5e-13
0x014cca5a65e31b8eec52bf4210f7ea09bf9c9016,168027045751.0,0.0,0.0,168027045751.0,0.0,1.0,51,1.0,0.0
0x014d3a4e098ea342fffdacfebf63c464ce4a5d15,1109007.0,0.0,0.0,1109007.0,0.0,1.0,41,1.0,0.0
0x014d82ea060ff731f208579c978d546b8f692f9e,0.0,0.0,0.0,13008976229.0,0.0,1.0,62,1.0,0.0
0x014d8a9260da47dcf00113bd34482cceac881a9d,2.3023820220616924e+20,5e+19,0.0,4.670636703436154e+19,3.493320135930524e+19,6.0,76,0.0,0.21716639341731384
0x014dad29178cd0a6bdf32a908c918706e170f1e0,2.214540167525151e+17,0.0,0.0,2.214540167525151e+17,0.0,1.0,49,1.0,0.0
0x014e084765a334829a6056eed7dc9df1cc89f08d,1.5e+18,0.0,0.0,1.5e+18,0.0,1.0,47,1.0,0.0
0x014ea07861052dfec9fc3416271d0981a4eb0448,1.3e+18,0.0,0.0,1.3e+18,0.0,1.0,45,1.0,0.0
0x014f18e2c4cfda68eb2992c1820cf32fe7a6326e,1012616.0,0.0,0.0,1012616.0,0.0,1.0,41,1.0,0.0
0x014f65b7b97d2014c8a4f1dcb693d4a4fedf87cd,0.0,0.0,0.0,1002716.0,0.0,1.0,71,1.0,0.0
0x014faf79e95bddd971d309baf891fc064e86f4ba,9.12e+16,0.0,0.0,9.12e+16,0.0,1.0,96,1.0,0.0
0x0150947ebaa7c4f68efb2d1cd68af3cfa6424a0e,97.0,0.0,0.0,97.0,0.0,1.0,51,1.0,0.0
0x0151fec7c3cb6b151cb9b34bf5cbaa685fae769c,1e+17,0.0,0.0,1e+17,0.0,1.0,101,1.0,0.0
0x01520618c0509a2b2b54ff1319fa4c6d8a8e3581,1012401.0,0.0,0.0,1012401.0,0.0,1.0,45,1.0,0.0
0x0152667429adfd3ecd2dd6c3d3cfc1e669e67309,7.678239294561989e+21,1.3000000000086253e+21,8634622914.0,4.275352045037737e+20,8.964168335048186e+20,21.0,9,6.642017626109777e-12,0.16930964901410836
0x015281aaee9460e5948a609355f2599464eadf4f,1.5e+16,0.0,0.0,1.5e+16,0.0,1.0,124,1.0,0.0
0x01531c1ff589c8ae0779562b1fa9095cdb78e084,1.1563225782418426e+16,0.0,0.0,3854408594139475.5,2350490887813074.5,3.0,40,1.0,0.0
0x01532c3f785c5218b5595b0e13e3b20b6d501924,3.000740000003e+19,1e+19,0.0,5.456006444377928e+18,4.720947766123453e+18,11.0,69,0.0,0.3332511313872579
0x01537ea80bf6c1d2779226fc1acfe93107f8b063,1.330000009993e+18,0.0,0.0,4.433333399953334e+17,7.67875852252741e+17,3.0,19,1.0,0.0
0x015434c7b541466ed441688a8dafcd26b85ff9d1,3994200003790508.0,0.0,0.0,1997100001895254.0,2824325902735014.0,2.0,26,1.0,0.0
0x0154d25120ed20a516fe43991702e7463c5a6f6e,2.00000000035e+20,0.0,0.0,8.01055920268406e+19,1.0873538518500249e+20,5.0,76,1.0,0.0
0x01552561469172eb5910ac83b35f96c92bac63d0,1.4278802469687214e+22,1.14e+22,1.1410318009638167e+22,3.4251476925665667e+21,5.403949114423036e+21,15.0,90,1.0009050885647515,0.7983862809364659
0x01556c82b199759193e21b386b88e3b5e840cc51,7851852912016867.0,0.0,0.0,3925926456008433.5,12907674375638.049,2.0,39,1.0,0.0
0x0155d9e1e729fac583413952d6c4040c8d385584,1.5e+18,0.0,0.0,1.5e+18,0.0,1.0,45,1.0,0.0
0x015644fd4f3a0fcef6cc22e25e846a6481777303,9835676637511360.0,0.0,0.0,4917838318755680.0,6954873646511631.0,2.0,43,1.0,0.0
0x0156f97eb31a8fd1bd26b19741256e77dca29305,2.793e+21,0.0,0.0,9.309999999999999e+20,1.5926207960465668e+21,3.0,125,1.0,0.0
0x01582c71b2bacb5b6db18c9d8aee84e8be032415,90000.0,0.0,0.0,90000.0,0.0,1.0,51,1.0,0.0
0x0158e476ea323e78ef35ae5b490c26bcf0eb15ae,1055585.0,0.0,0.0,1055585.0,0.0,1.0,45,1.0,0.0
0x0158f2bc31131a627cb41b44e7ec4c8a7dbe0613,3.500000000010258e+19,5.6e+19,5.6e+19,3.0333333728246956e+19,2.5303491282564702e+19,6.0,80,1.0,1.5999999999953107
0x015ac33ae866f442ee65b6e0f658132d30e3c673,5e+20,0.0,0.0,5e+20,0.0,1.0,55,1.0,0.0
0x015b0bb1bfad0437647e74776a7d649d2e3adebb,4.5e+21,740000000.0,740000000.0,2.2500000000003701e+21,2.5980762113528887e+21,4.0,136,1.0,1.6444444444444445e-13
0x015befb758090caf23caf09dcdc107426bb1f07b,4941747892.0,1941747638.0,1941749156.0,764833037.5,179708954.84521666,18.0,118,1.0000007817699736,0.3929272962595721
0x015c03bc4c9aa817a6a6759552b809ff54890f19,1014141.0,0.0,0.0,1014141.0,0.0,1.0,40,1.0,0.0
0x015c78dd45b469a2ae94c93b426d283c2ee42849,3e+16,5000000000000000.0,0.0,1.75e+16,1.7677669529663688e+16,2.0,115,0.0,0.16666666666666666
0x015c7e4760e69bc13fb5cc0df66f0a3375d300ec,1094848.0,0.0,0.0,1094848.0,0.0,1.0,45,1.0,0.0
0x015fc0f9a30b6353b6ea191d7c4ba6c8aade92d7,1e+16,4999999989997773.0,0.0,7499999994998886.0,3535533913005380.5,2.0,23,0.0,0.4999999989997773
0x015fe88d0d4787574aaf5af64726252484365338,2.1792299114388824e+19,5.852413646463997e+18,4.4636107883435387e+18,2.711544959731222e+18,3.2279031371069573e+18,14.0,48,0.762695711202921,0.2685542087938678
0x016005883a46adc829445c752df6e957dec2c7fa,1e+18,0.0,0.0,1e+18,0.0,1.0,26,1.0,0.0
0x0160afff7a7a824429a8202995d03239d2d418fa,1.96095071333505e+23,4.789000000474642e+21,4.000142844042217e+18,1.0745450239403465e+21,3.418974235838875e+21,187.0,0,0.0008352772695021423,0.024421827473316962
0x01615d8d53eb9aafcda15853286fdf8259368a68,0.0,0.0,2e+18,1.0044994999999999e+22,1.4202939735845181e+22,2.0,116,1.0,0.0
0x0161cd3a424b77adbc9f73d55dffaa1325ca9e4e,1.5980212939301035e+22,11750000000.0,11750510673.0,3.1961038406535395e+21,5.69154610203904e+21,10.0,104,1.000043461531915,7.352843197165768e-13
0x0161d1cc10116bb2a073a0c293d5e4f1a97a00b6,1.300000000000015e+20,0.0,0.0,6.500000000000075e+19,9.192388155425012e+19,2.0,45,1.0,0.0
0x0161e9ea4f3aa829dd8721545c9d024ea4500258,3.98e+16,5000000000000000.0,0.0,2.24e+16,2.4607315985291856e+16,2.0,109,0.0,0.12562814070351758
0x01623c98f9651095d600f2ecb45dfa1072fc9589,1e+16,2000000000000000.0,0.0,6000000000000000.0,5656854249492380.0,2.0,23,0.0,0.2
0x01663114bff8c87677c61a4a20e62339cb15e58d,7.426305750347581e+20,7.329575748437216e+20,1.180639245563735e+20,4.432445532867941e+19,7.218440595864804e+19,40.0,38,0.1610787972026166,0.9869746809299041
0x0166e394c5d12205464c2c6b3073abb04ebdfd3f,5.376726769708291e+23,3.10045e+23,4.504165255274724e+19,3.5404411708863e+22,4.0567432127332326e+22,28.0,121,0.0001452745651526302,0.45520665532500565
0x0167767e7ffabd6e9fe1f958535bf296622d4b21,2.2414290402204916e+22,1.2227768471478996e+22,25957058827.0,4.8791632216533126e+20,1.5551433958132278e+21,71.0,4,2.122796067618084e-12,0.545534489473561
0x0167d3c422cc3a856f1f7cb750e75a8e5d7c9c5b,3.46e+16,0.0,0.0,3.46e+16,0.0,1.0,119,1.0,0.0
0x01680c4acff13811644c8ccb03227bd47d3fc208,1e+16,2000.0,0.0,5000000000001000.0,7071067811864061.0,2.0,1,0.0,2e-13
0x0168459886bd2aa322c18ed0b209887095afcacb,3.0517947281131124e+21,1.5e+18,1.5011673051245384e+18,2.4444971185151682e+20,8.456119519558848e+20,25.0,21,1.0007782034163588,0.0004915140543962574
0x0168ac98f0afa2df297e4d06c2c5187fc27b5689,1.0056206728518107e+17,0.0,0.0,1.0056206728518107e+17,0.0,1.0,100,1.0,0.0
0x0168c572ebc7861f99733d04187609067cb0fcfb,2e+18,0.0,0.0,2e+18,0.0,1.0,45,1.0,0.0
0x016948e86c3338bb0125ea7889e19b45c5357f26,1.5e+16,0.0,0.0,1.5e+16,0.0,1.0,118,1.0,0.0
0x016956ddbb3c7ad592283cb58cb9a6725bd847bf,7928089294274010.0,0.0,0.0,3964044647137005.0,214407477009578.84,2.0,45,1.0,0.0
0x0169a86594f9de15b8add8d9250913848cbf17a6,2.6e+18,0.0,0.0,1.3e+18,2.82842712474619e+17,2.0,40,1.0,0.0
0x016a12805434a815a943c7c7251a483561d63fa3,12006.0,0.0,0.0,12006.0,0.0,1.0,47,1.0,0.0
0x016a1d022dbdf905526cf9e880c5e43eb13793af,9.845e+19,0.0,0.0,9.845e+19,0.0,1.0,87,1.0,0.0
0x016a42b47b051be2946a35fb72774e00a7b8e820,1.1035883706801996e+21,1.550300000000501e+21,1.0070777852374119e+21,9.31424323109009e+19,1.4234279375311231e+20,42.0,25,0.6496018739838008,1.404781022696868
0x016a5af54b2a9832ce8a594d3fc5af64ebd386f7,1e+20,1.5e+19,0.0,5.75e+19,6.010407640085654e+19,2.0,30,0.0,0.15
0x016a6738cdf51365f2f5e30c82931553e0a93262,1.6640670710065463e+20,2.1021196827875926e+19,25000000.0,5.35508296938946e+18,1.3765090723560004e+19,35.0,0,1.1892757679166886e-12,0.12632421609761685
0x016d10f16e862eea0be1fdeb1dbba0bbd7f44078,1.5495880486117707e+20,1.2094e+20,1.2125960745656644e+20,1.904505473250965e+19,2.668640161134669e+19,29.0,75,1.0026426943655238,0.7804654928020806
0x016d435511a27e309b599e2786429641843ce782,7.280534290874294e+18,0.0,0.0,1.23613964671466e+18,1.0390058318631203e+18,7.0,14,1.0,0.0
0x016d4da7c7cd614cd50149a373873ff090b9782e,2e+16,1e+16,0.0,1.5e+16,7071067811865475.0,2.0,23,0.0,0.5
0x016e9e2497544790d71411911b187cbd26b43458,200000002012658.0,7720401543340.0,0.0,34620067259333.0,50672493441216.73,6.0,23,0.0,0.038602007328236806
0x016ee55de225b15958c5b2f2cdd8c554621d2639,1.2832273983755004e+16,0.0,0.0,6416143480505795.0,7408724296862527.0,4.0,34,1.0,0.0
0x016f6d3391e9a13928505ec4e6dfa9778e5b5ec7,1.12e+18,0.0,0.0,1.12e+18,0.0,1.0,38,1.0,0.0
0x016fa60107319e33386641ae9002ea59706379d5,260000000000440.0,0.0,0.0,3714285714292.0,4866754586682.173,70.0,93,1.0,0.0
0x01700929e82848e2ee72fefd6420080e1625607c,2e+21,0.0,0.0,2e+21,0.0,1.0,27,1.0,0.0
0x01708df7ee281fe5a8bf6a967b4fd8df8623e98b,7.500000002914488e+19,23044146149.0,23126146479.0,1.5000000020907878e+18,1.0606601717496496e+19,50.0,16,1.0035584017507004,3.072552818672678e-10
0x0170a247571e889d011327477b751f2e42c5baa4,1000000000000000.0,65000000020854.0,0.0,532500000010427.0,661144840394676.0,2.0,3,0.0,0.065000000020854
0x0170de25446302e7ff2e3093c6b77350dfd2b643,1e+19,1000000.0,1000000.0,2.5000000000005e+18,2.886751345947552e+18,4.0,7,1.0,1e-13
0x01712ca1676c850698bd52ed3973d5cdca71fa67,2e+18,0.0,0.0,4.008321755554243e+20,5.6403387178124824e+20,2.0,39,1.0,0.0
0x017154d1f2c228765c494da30c018fa48a09e1ad,4989251.0,0.0,0.0,4989251.0,0.0,1.0,45,1.0,0.0
0x017184a0829a54746706654e86eb7a6c5cafbf90,2.5560479122270052e+19,2.5000000000175e+19,105128988.0,3.6114627944753797e+18,9.062365128874925e+18,14.0,72,4.205159519970563e-12,0.9780724328595733
0x01718c9eb7984abc907e5fd40f56cdab4ed5b0b2,2.7886342849388314e+18,0.0,0.0,2.7886342849388314e+18,0.0,1.0,103,1.0,0.0
0x0171ed588582d1df472015623dcb426d0a1de431,1.9796941972181887e+21,20292000000.0,17117211661.0,8.265392488564993e+19,2.2456014719949845e+20,24.0,11,0.8435448285531244,1.0250067928932536e-11
0x01722733d6b93f5bffa318615a2dcf9bc2a07cc2,1100000.0,0.0,0.0,1100000.0,0.0,1.0,40,1.0,0.0
0x017252042524df387a7ed994d41d7bde44f4670a,4.5e+18,0.0,0.0,2.25e+18,1.0606601717798213e+18,2.0,45,1.0,0.0
0x0172e05392aba65366c4dbbb70d958bbf43304e4,1273864978.0,0.0,0.0,4.424937001906323e+22,1.3214428957121542e+23,16.0,29,1.0,0.0
0x0173438096718b70015e2914e7773546851fdaff,260000000000460.0,0.0,0.0,3611111111117.5,4836934064297.674,72.0,93,1.0,0.0
0x017388b16dd5fea1af29059b7eb34849b0eb8dbc,9.43298828e+16,0.0,0.0,9.43298828e+16,0.0,1.0,79,1.0,0.0
0x0173c24b53a892387b4a23ed706cbf9197f293fe,7000000000000000.0,0.0,0.0,3500000000000000.0,2121320343559642.5,2.0,76,1.0,0.0
0x017423feb0aebc5f4f80496d2eb20e4498aec1df,1e+17,0.0,0.0,1e+17,0.0,1.0,51,1.0,0.0
0x01750c374d9fae78ca0dd39a0f4f0f4fec06181c,3.841350030606036e+21,1.750000000001135e+21,1.7500292421667227e+21,3.378527574515286e+20,4.2304468229642315e+20,29.0,60,1.0000167098089072,0.4555690020586444
0x017529cc3b9c5d967f303221d023ceb6253dc7f3,1.041e+17,0.0,0.0,1.041e+17,0.0,1.0,98,1.0,0.0
0x017583e73bfcdd8a7fe7bfd87f5174fa34c81a5e,1.5e+18,0.0,0.0,1.5e+18,0.0,1.0,47,1.0,0.0
0x0175b32dfc64088fe25f8a4d6291caa7ef5b909d,1e+18,2e+17,0.0,6e+17,5.65685424949238e+17,2.0,23,0.0,0.2
0x0175c38d00a114bd29fbcaf832e7b1a21033644c,2.233061308896844e+19,109006000000.0,6807311713.0,7.443537736431291e+17,2.298917057053003e+18,30.0,25,0.06244896347907455,4.881460243196373e-09
0x01765501cdd20d174c1a6fd195c2e986135b6975,1.65e+16,0.0,0.0,1.65e+16,0.0,1.0,121,1.0,0.0
0x0176b54c3989fa5b7bf27d0e5f1cc3d4ad56b044,12707.0,0.0,0.0,12707.0,0.0,1.0,48,1.0,0.0
0x0176e840a1d7df604172fce139bb0a0e99834165,4723030669909702.0,0.0,0.0,1574343556636567.2,2726755047030255.0,3.0,44,1.0,0.0
0x017715b9a71dabed2ddae0bbbb6b0896509c8212,1.6629023774109907e+21,1197207986.0,0.0,2.771503962356067e+20,4.422427645379046e+20,6.0,74,0.0,7.199508535575969e-13
0x01771a278c3fab69735aaeb38872469489e7716d,4.246017135848948e+20,4.83000000000283e+20,4.833128878901628e+20,1.008777794385694e+20,1.569586463985913e+20,18.0,73,1.0006478010142437,1.1375366244340699
0x01772e50f13f21e6a278e692423c4d514837f9de,0.0,0.0,0.0,3968550042.0,0.0,1.0,80,1.0,0.0
0x01776c66ab49f137fd061e18d1611a8aa769b19d,486232.0,0.0,0.0,486232.0,0.0,1.0,51,1.0,0.0
0x01778ac80ba7740bd13dc4936fa746c7a0770d9c,1166397.0,0.0,0.0,1166397.0,0.0,1.0,40,1.0,0.0
0x0178217e241aa00787461cf044c69e8292c3863e,1290144970.0,0.0,0.0,645072485.0,205163475.81416738,2.0,45,1.0,0.0
0x01784fd2a696eec23f901b9a5d9762d5e8d10af3,1.601683662942726e+23,1.6498909428489282e+23,206899011798.0,3.2519575385083226e+21,7.813398142024004e+21,100.0,0,1.2540162893478266e-12,1.0300978782649455
0x0178e892ccb5ab71c7b1727fe7e50f317b0494b1,3.814938633254873e+23,1.722350000000349e+23,8.69628577155247e+22,2.7373039788214174e+21,8.8481776736896e+21,261.0,0,0.5049081645165447,0.45147515217849116
0x01793c678e14c7158405158cb209b83fb2c09b41,1.2351530886647524e+16,0.0,0.0,6175765443323762.0,258228092823054.03,2.0,44,1.0,0.0
0x0179c150e32d7054be23107b97ff8e2ae7c346d7,10081000000.0,0.0,0.0,10081000074.0,104.65180361560904,2.0,19,1.0,0.0
0x0179e2f40016671fe0326ef241d0178ffbbe9e94,7.52370928740848e+22,1.2753672088570084e+22,0.0,6.285054640189634e+21,1.0418345027012156e+22,14.0,60,0.0,0.1695130899051929
0x0179f665e46e456954f00d5475b306e613a9fcdb,1.9125627287358203e+22,0.0,0.0,1.0198547683052131e+22,2.1988702674974272e+21,3.0,78,1.0,0.0
0x017af4481e13023209f6c15f6cfdefff3c695534,2.1652067282668812e+21,20300000000.0,0.0,1.1395824885722007e+20,4.930525120956394e+20,19.0,36,0.0,9.375548179756922e-12
0x017b176e25cf8685d25f085a8331fec5352a58ec,1829131.0,0.0,0.0,1829131.0,0.0,1.0,39,1.0,0.0
0x017b3763b8a034f8655d46345e3eb42555e39064,142241229510.0,1.2432661e+22,7.991382665808201e+18,9.569732602269457e+20,2.9265436695428475e+21,13.0,77,0.0006427733102196063,87405466353.38205
0x017b4cca058ecf79937066adf44ddfa249a620fd,3.4317749660347047e+22,2.5839342459953147e+22,167740119933.0,4.372161765953499e+20,1.993656527321786e+21,250.0,0,6.491655900028044e-12,0.752943963858143
0x017b69d5d9325f15c278a658a619a49bdb4d6665,3.0991612407728927e+21,3.0968122862760545e+21,3.1209468431452613e+21,2.6454263044218077e+20,2.3104189884985813e+20,47.0,2,1.0077933547913647,0.9992420676711057
0x017b93259518cc28f53284ec81f7084575ba8699,10000000.0,7000000.0,7014621.0,8507137.75,1731870.956378366,4.0,64,1.0020887142857142,0.7
0x017b9472e9dd28e7c11822603b9d2eeb41037165,1023975.0,0.0,0.0,511987.5,713444.5792663225,2.0,45,1.0,0.0
0x017c3ce152fd7d144cf74cc87e1d7c7cf15928c1,1000000.0,100000.0,0.0,550000.0,636396.1030678927,2.0,23,0.0,0.1
0x017c4d3aff4d726da43846579fe49c3646abd6a6,1.568268803575259e+18,1000000000.0,1000121062.0,3.4850652109738746e+17,6.219350675717706e+17,9.0,73,1.000121062,6.376457898800583e-10
0x017c536b11211d47ff4752c141f1e62ea16a4a5d,9.878421080345959e+21,1.9084697151473646e+22,8.510323569993609e+21,3.7319827878099576e+20,1.2234942042669583e+21,124.0,1,0.44592395165864473,1.9319582548920124
0x017d08868e2ddbf4d2b28171457c1ce6976fe212,3.88907578589442e+20,1.150000000003902e+21,1.150361812212286e+21,4.9531743007846154e+19,1.541221199861753e+20,62.0,29,1.0003146193116372,2.9570007459739482
0x017d0b1933cc52fbb03bf16e5e1041f7179eda71,2.23e+16,5000000000000000.0,0.0,1.365e+16,1.2232947314527272e+16,2.0,110,0.0,0.2242152466367713
0x017d0c0429922121cf25b4abe519d64b953b9b72,1000000000000000.0,95000000000000.0,0.0,547500000000000.0,639931636973825.5,2.0,3,0.0,0.095
0x017d420ea23d57b49705e4d36bdfcb81ab4e82b5,1100000.0,0.0,0.0,1100000.0,0.0,1.0,41,1.0,0.0
0x017d8a64a8cfc0e15d20bb9aa7a86165b784a4d2,4.95e+21,5e+20,5e+20,2.7250000000000003e+21,2.5692086978938347e+21,4.0,114,1.0,0.101010101010101
0x017d942c5f14069d512017568814bb4edb871729,6283928287311403.0,0.0,0.0,6283928287311403.0,0.0,1.0,43,1.0,0.0
0x017d9ed24bff6f17e12a70a952f778c7bdb6bfd5,1107933.0,0.0,0.0,1107933.0,0.0,1.0,41,1.0,0.0
0x017e019d6344b47854635ee87f728831260c87b5,3.1386289986018157e+17,2.922334836009824e+17,489829435.0,1.5757667141090294e+16,6.415929425447828e+16,40.0,76,1.6761578069842826e-09,0.9310864193607
0x017e2a9de4d669a21084a6d2014b38a5e2863643,2.2579288538609e+20,1.261351349423009e+20,0.0,3.910311336982122e+19,3.1148803676263342e+19,9.0,81,0.0,0.5586320167999035
0x017f1e8b5ef8d86d279ba8ae5120694006a18001,4500438035.0,3500000000.0,3508162404.0,2669402473.8333335,1753104216.7607992,6.0,90,1.0023321154285714,0.7777020753936456
0x017f8a86bc732b517e04a8e6cbb5ad22b899e4ba,0.0,0.0,0.0,546870684.0,0.0,1.0,30,1.0,0.0
0x017f9dc0e2d0a123bf03a3c7ec27f898b70d8ded,3.8095526134363796e+20,7.0000000002850144e+19,7.003575690425558e+19,1.569597922926267e+19,6.572202003096631e+19,141.0,32,1.0005108128771998,0.18374861067926596
0x017fe812df7bea272511a47955099a9e8d20282e,4.000000000015784e+18,10000000000.0,6000648593.0,7.995509120104148e+19,2.5143788441408936e+20,10.0,75,0.6000648593,2.499999999990135e-09
0x017fe9a4c15da854133d4fd220948ac084f8ae14,1.2e+20,1.5600028589604786e+19,0.0,4.520000952986826e+19,2.5634335445803364e+19,3.0,45,0.0,0.13000023824670656
0x018037f8fa6a91dda30b919de140e1bab5b969a9,4.2554196410999996e+20,0.0,0.0,4.2554196410999996e+20,0.0,1.0,123,1.0,0.0
0x0180a2047666c6e8a99e6c9a8d001bbc47208df5,3.66e+16,5000000000000000.0,0.0,2.08e+16,2.23445742854949e+16,2.0,110,0.0,0.1366120218579235
0x0180af6a237c41c8a0b5297a0fdb8ad1d76e4c92,1.26e+18,0.0,0.0,1.26e+18,0.0,1.0,45,1.0,0.0
0x01812580ff18cdaa3e9b3cdaa81496cd98d3f56f,2.5036097649892393e+21,2.8620107000099415e+21,2.600799653665196e+21,3.374007771086104e+19,1.727243960224044e+20,237.0,0,0.908731631805626,1.1431536735607206
0x01816f1a627dd1231b4d47c93362aec467aba32b,4.129156986808916e+19,0.0,0.0,5.7848484056168866e+19,2.867133227888462e+19,3.0,81,1.0,0.0
0x0181fb8d39d57383731eb0482249e780de07abde,11800.0,0.0,0.0,11800.0,0.0,1.0,45,1.0,0.0
0x0183a86573f2daf8f5d1f31b9d3c82631345630f,3.23e+16,5000000000000000.0,0.0,1.865e+16,1.9304015126392748e+16,2.0,115,0.0,0.15479876160990713
0x0183b5764427bc889109b2d2039690e1d90987f9,6.34e+17,604764210.0,0.0,3.170000003023821e+17,4.483056988446383e+17,2.0,22,0.0,9.538867665615142e-10
0x018423caf5f8ecafb391edf7c4540802981cd0fa,3846943871538450.0,0.0,0.0,3846943871538450.0,0.0,1.0,46,1.0,0.0
0x0184df2afb9845c27504419ac7d5efccae41b951,9.022400159218926e+20,4000000000.0,1001556048.0,7.518666799411696e+19,2.59749313342448e+20,12.0,13,0.250389012,4.4334101008730724e-12
0x0185080e4a3cc98dcd527719ca0dac91075725ae,1.8013319089531753e+18,0.0,0.0,4.256314447407459e+17,4.7865996191447616e+17,6.0,44,1.0,0.0
0x0185326b75f0e915a7518b9f5dce248c09226935,4673936576098938.0,0.0,0.0,2336968288049469.0,2828146543060336.5,2.0,43,1.0,0.0
0x0185c3dd9f48bfaea84a637c769840f5c3bdb658,0.0,0.0,0.0,5.333862539091608e+20,1.995748616891437e+21,14.0,19,1.0,0.0
0x0185e80948461135faabd6d01fe4afa8586fe6c4,1835328.0,0.0,0.0,1835328.0,0.0,1.0,39,1.0,0.0
0x018650dae189c5083dcbec8ae1edcf8b83e08380,4.2019717022648484e+21,7.000000000005e+20,7.003817634837765e+20,5.159175479243103e+20,7.177999032626524e+20,19.0,71,1.00054537640468,0.16658846122719065
0x0186d975cfe19772e58f4d314a52984b31a2cbeb,1.3200525565828076e+23,2.4591637386246534e+22,354238043724.0,1.3521398348417362e+21,5.245029947744626e+21,116.0,12,1.4404817302735448e-11,0.18629286586820748
0x0187cd7fa0f5f10661e12be1538611de29bc6f77,1.1098529508434035e+20,2.60000000000003e+20,3001372.0,3.0915441257057235e+19,5.827072555593148e+19,12.0,116,1.1543738461538327e-14,2.34265268928125
0x0188470b85e116ba8a7a42a71a8d67229f44e7ad,4.577691475669348e+20,139825774.0,0.0,4.1615377051552236e+19,6.079493240011312e+19,11.0,0,0.0,3.0545041041577563e-13
0x01884fdcd3a66259cfa65a20bebe3db9f24d97b2,9559000000.0,0.0,0.0,9559000052.5,74.24621202458749,2.0,20,1.0,0.0
0x0188946f1b60fa1af2e53bf2f4dc0a0670c631f0,9.4e+16,0.0,0.0,9.4e+16,0.0,1.0,96,1.0,0.0
0x0188e83acb7f9e765bdd3e5cf7937d3d9e1c2879,3300000.0,0.0,0.0,1100000.0,0.0,3.0,44,1.0,0.0
0x0188f8b6f58aec2e47c1ba1fc38b9978273de931,8.5e+19,0.0,0.0,8.5e+19,0.0,1.0,37,1.0,0.0
0x0188f96b20d00a3ab9d19b8aa91988b720294ce3,1e+16,2000.0,0.0,5000000000001000.0,7071067811864061.0,2.0,1,0.0,2e-13
0x01894ddf668719ae49d364e6c77d21cfa3926ac6,1.2978443445142573e+17,18000000000160.0,0.0,2.163373907523765e+16,5.2982804288983496e+16,6.0,47,0.0,0.00013869151625341358
0x018a26884caafb6a420d3de9541cf924178783de,6016856603539196.0,0.0,0.0,6016856603539196.0,0.0,1.0,44,1.0,0.0
0x018a5329c9b24f31bff452166c73369354ae71a6,250000000000420.0,0.0,0.0,3731343283588.3584,4872875106604.499,67.0,93,1.0,0.0
0x018a6ad6ef7642a5bfdc470a2e1cdebec1e41045,1.3996680713067113e+18,0.0,0.0,1.3996680713067113e+18,0.0,1.0,45,1.0,0.0
0x018aae0cbe0aff89e183a7f1f0b34b308561b049,3.6e+16,0.0,0.0,3.6e+16,0.0,1.0,118,1.0,0.0
0x018ba7d4c044254f4ae94652b09c790baf7db3ca,7.447728251950743e+18,1.1000000000020982e+22,6.00350537986818e+21,5.4894670401086325e+20,1.6081997960763075e+21,31.0,44,0.5457732163506117,1476.960440539679
0x018bde66f5b0a1a992a40d6f75dee3c5a29f25c9,4.82e+16,5000000000000000.0,0.0,2.66e+16,3.0547012947258852e+16,2.0,112,0.0,0.1037344398340249
0x018bf5774c55789146bac375e052f826294ecb06,1.24e+17,7.5e+16,7.502767694090238e+16,6.63404975082414e+16,4.061965751613548e+16,6.0,101,1.0003690258786984,0.6048387096774194
0x018d48fd560a59dab8b345917330a468f04cbc2b,1.0000000001081803e+17,0.0,0.0,5.0000000005409016e+16,7.0710678111005256e+16,2.0,39,1.0,0.0
0x018e1ba194311b98a6e92b6b2650ed2dd4a90cf9,5.9e+21,700000000.0,700000000.0,2.95000000000035e+21,3.406366588218388e+21,4.0,133,1.0,1.1864406779661016e-13
0x018e2339fe910022db81f0df861ff792d406cf3d,4.0350261116209563e+21,1.0600000000142739e+21,11062703867.0,9.925486640769052e+19,3.551543209778189e+20,87.0,15,1.0436513081934935e-11,0.26269966307317133
0x018ed52cf0254857c3d2cd4ad06a673c56eca644,1.6376541916219507e+21,5.364611329154357e+20,1.8194774433344506e+19,2.4033565062741815e+19,1.434515881503364e+20,141.0,22,0.03391629573323183,0.32757900639824256
0x018fe0518c0a46855801280950fe0cc98ac96a77,96406.0,0.0,0.0,96406.0,0.0,1.0,51,1.0,0.0
0x01905431efb225a63b873d8fa6f98b067df4a924,2432779.0,0.0,0.0,1216389.5,1580671.4484118766,2.0,45,1.0,0.0
0x0191c087cbf29aa1103c1010c470743264a052b1,1e+16,0.0,0.0,1e+16,0.0,1.0,51,1.0,0.0
0x019218cb876c7e22a903ca74c0b62ec90344920d,3.6606597556581947e+21,2.593781080223331e+21,1.0943439306125869e+21,3.015403106109536e+20,2.4190887614994163e+20,28.0,13,0.42191067663981924,0.7085556302287274
0x019271b315e55cd40d409ef21ede9c3b61646736,1.7079304664355694e+20,1.2321564395582307e+20,7.2217056736937615e+19,1.941670620344912e+19,2.408636660968154e+19,25.0,80,0.5861029851276827,0.7214324375451459
0x019287e476e382e9b733e089cb205b4dd255902a,53433900.0,0.0,0.0,53433900.0,0.0,1.0,52,1.0,0.0
0x019315575492be540e0d56306948b3180fe39788,1e+17,0.0,0.0,1e+17,0.0,1.0,101,1.0,0.0
0x0193960db1204a3c0882225576c92b95af25092e,1e+18,0.0,0.0,1e+18,0.0,1.0,2,1.0,0.0
0x0193caf8a49dba421bca7d16eebd0e7dff9c559b,4.97e+20,3e+16,3.0001441369993356e+16,1.6568666714712333e+20,2.8692576286308067e+20,3.0,83,1.0000480456664451,6.036217303822938e-05
0x0193d4e60ad8eb4f9546ef607237277b82d5c5b0,1.3330835178472492e+20,0.0,0.0,1.3330835490187978e+20,4408322663144.76,2.0,79,1.0,0.0
0x0194d076503771b976a062c4cde310b13d3e9960,3.176084306397962e+23,190000000000.0,174541229099.0,7.562867396198047e+21,3.085856413371881e+22,42.0,12,0.9186380478894737,5.982208961432811e-13
0x0194f6b2cd2061b50169ee2c81cd95f982cc0a05,1.5500000000005502e+20,80000000.0,80051869.0,1.2916666666691676e+19,4.474464586218813e+19,12.0,21,1.0006483625,5.161290322578813e-13
0x01952760a2f72cfa13b3557b6e015b40126961c0,1.9212322318222806e+20,4204600500.0,4211897386.0,3.691095384267505e+18,2.6084759640570536e+19,53.0,24,1.0017354528688278,2.188491547433573e-11
0x01952b83f4fbb1fdd4bf11087638f0821175f7b4,1.960136561337068e+20,210000000.0,210092488.0,9.381364579230138e+18,2.211180231960456e+19,21.0,1,1.000440419047619,1.0713539257527684e-12
0x019565863a1d126ace10976692665a0d5e3b57da,0.0,0.0,0.0,96981617.0,0.0,1.0,48,1.0,0.0
0x0196745e37b3e8ddb99be16b065bb482768ef3d2,1.859186529832526e+19,5e+18,0.0,2.359186529832526e+18,2.220154695299974e+18,10.0,45,0.0,0.2689348228254642
0x019712e01e25a3dee2e11dc8a8de84afb0015401,2.4034452697862665e+20,4.975000000302235e+18,302689444.0,3.9436975609343964e+18,1.090309564966207e+19,131.0,8,6.084209929278621e-11,0.020699452002685508
0x0197295055068f266f8654ef428a91239839c2d5,5.156700697515508e+21,2.5e+21,2.500523483581517e+21,1.1780595262383686e+21,1.992753184554636e+21,13.0,122,1.0002093934326068,0.4848061089146587
0x01974549c9b9a30d47c548a16b120b1caa7b586c,2e+18,0.0,0.0,2e+18,0.0,1.0,45,1.0,0.0
0x019761d78f2f14ef6a498d245fca15ef5ab121c8,1.1487229274116696e+16,27890038.0,0.0,1276358811334081.2,1284868239907109.0,9.0,0,0.0,2.427916892269445e-09
0x01977c44632eefb5b2868e18c902584ccad574d7,70500000000.0,0.0,0.0,6.289056858066749e+20,3.0084123056805144e+21,112.0,62,1.0,0.0
0x0197d7fafca118bc91f6854b9a2ceea94e676585,2.19e+19,0.0,0.0,2.19e+19,0.0,1.0,85,1.0,0.0
0x0198662302a3d7395714600e885d2ddf87c2f839,4.96e+16,5000000000000000.0,0.0,2.73e+16,3.153696244092002e+16,2.0,113,0.0,0.10080645161290322
0x019868709db6160b2db6276bdf163ac0d3b5324a,6280615215895603.0,0.0,0.0,6280615215895603.0,0.0,1.0,44,1.0,0.0
0x0198d8a7463819a22facc2b96a7402f1bbbd1a82,1813291.0,0.0,0.0,1813291.0,0.0,1.0,41,1.0,0.0
0x019978404a6cd72605ec0f2874e7f5ec854dbd9d,1061967.0,0.0,0.0,1061967.0,0.0,1.0,50,1.0,0.0
0x0199a54ad38f4d55b3819517d3fea232ae33f673,1.6082759032438846e+20,3.3966800000004995e+23,8.723525484899798e+22,1.2248292938327427e+22,3.258120714683095e+22,41.0,0,0.25682506108607567,2112.0008035620085
0x019a0a45a1342050f732ccdf8aeb2ecf4b34c034,5.207512111510664e+21,0.0,0.0,3.719469744329208e+20,8.590136526156032e+20,28.0,53,1.0,0.0
0x019aa8f4062bde8e0b457aedf08d4bfbb44f3acd,1103037.0,0.0,0.0,1103037.0,0.0,1.0,50,1.0,0.0
0x019abd316838b1fb8dd49d66c13b01b5ea3cdbaf,4.330000000162361e+19,0.0,0.0,1.776142857147497e+20,3.697292812699302e+20,7.0,91,1.0,0.0
0x019b00a4c8bf5a4a75d7be5a498f2d41e6bf41f2,1.2474685766200866e+22,2.220209635934771e+21,1.5692278760602542e+21,4.2104378412058044e+20,1.0174593709791016e+21,44.0,0,0.7067926607748303,0.17797719938968293
0x019b337f128fd5eb9f7e3fd36acaf6c334c7492b,1.01e+20,0.0,0.0,3.4000000056680714e+19,5.715767660068601e+19,3.0,46,1.0,0.0
0x019b40948ae2c1dfc1751e76161b5a6ef90aee4b,1680773.0,0.0,0.0,1680773.0,0.0,1.0,46,1.0,0.0
0x019c429038894a1656ae2e9399769662bb4899d0,1e+16,2000.0,0.0,5000000000001000.0,7071067811864061.0,2.0,1,0.0,2e-13
0x019c829ea5392cedae3c91027c171420798ff9cf,4.34e+16,5000000000000000.0,0.0,2.42e+16,2.7152900397563424e+16,2.0,114,0.0,0.1152073732718894
0x019d10463c5c800b84d6527e112e131109611527,2.0842e+22,2e+18,2e+18,1.0421999750000002e+22,1.2031979321236675e+22,4.0,124,1.0,9.59600806064677e-05
0x019d239a36a4fd4828253e8eccadd1dd2d0dd147,1.672371335877248e+18,2973176232.0,373209290.0,1.6723713392256278e+17,4.3863631914695e+17,10.0,0,0.1255254518663191,1.7778206120953457e-09
0x019dd1181011ab3207b948cf9d00c0a011d33c74,1.2857651569016232e+20,0.0,0.0,1.2857651569016232e+20,0.0,1.0,85,1.0,0.0
0x019e3d65ade821fded83b438cd1b8626208c48d3,1.2405789195777997e+19,1170000000.0,0.0,1.2405789196947996e+18,3.921021309059257e+18,10.0,11,0.0,9.43108077636996e-11
0x019ea1afabcbd84d922043c4261052a583315d2c,2.3200967197474e+23,285831282426.0,178430257330.0,1.6231941521806522e+21,3.6153118847441017e+21,143.0,0,0.6242502773509212,1.2319800290787868e-12
0x019ed608dd806b80193942f2a960e7ac8abb2ee3,8.7943e+18,1877754599.0,238037730.0,1.1160535769141344e+18,2.754610704020071e+18,10.0,72,0.12676721980964245,2.135195068396575e-10
0x019f4cb3cad6f0bf4d571edc99cf3cea815c0102,10638755361279.0,0.0,0.0,10638755361279.0,0.0,1.0,51,1.0,0.0
0x019fb2e4f3c3afc29a55fe4740ce87b3df981e23,5349870730510.0,0.0,0.0,2674935365255.0,3782929856413.446,2.0,44,1.0,0.0
0x01a0de8ff66f6c050bf45c36f46e74d359e7f85a,1500000000.0,0.0,0.0,1500000000.0,0.0,1.0,122,1.0,0.0
0x01a0e0f98539cab8593c45f849c75f65b27dcb50,1.5e+18,0.0,0.0,1.5e+18,0.0,1.0,47,1.0,0.0
0x01a0f8f364c2fec07cfcdebd2980da3f950d0410,7.193290251444704e+21,1.7259235213082092e+21,1.7344826205489652e+21,1.264625433465107e+20,3.325312199698536e+20,106.0,61,1.0049591416624697,0.23993519807734354
0x01a10e5ada8f1c1117f185493a0bb4f299f7b8c0,6.5e+19,2.015000355756969e+19,0.0,1.533230736586981e+19,2.4073660016395612e+19,7.0,32,0.0,0.3100000547318414
0x01a11a6eef76d13a789bf944dbcfe7e2b27411ed,1065949.0,0.0,0.0,1065949.0,0.0,1.0,29,1.0,0.0
0x01a15c5109cb9935d9528c9348a2996559151c26,1070356.0,0.0,0.0,1070356.0,0.0,1.0,39,1.0,0.0
0x01a1c554806b5754fc768fb6037631e3842dab5d,1e+17,5000000000000000.0,0.0,5.25e+16,6.717514421272202e+16,2.0,23,0.0,0.05
0x01a1c72bf9547d1e6abd8486ae3cad64e781cd7c,1.100000000000112e+16,5178849414349305.0,0.0,4044712353587606.0,4560032498548278.0,4.0,23,0.0,0.47080449221352527
0x01a1ef4a64f8c25ac6e4913512dabac382fd2954,2.5324673852710537e+21,3.58000000003653e+21,3.401253431411525e+21,6.302183578093594e+19,3.5131350023535677e+20,151.0,10,0.9500707908873796,1.4136411078215552
0x01a2c0cc3fc848d1cbfa4198822349c85905785b,500000000.0,0.0,0.0,500012205.3333333,42645.713106158844,3.0,76,1.0,0.0
0x01a2e7fe230a34bf74e7c850d1244c70ff928024,9.102177352571727e+20,6.659240816550412e+20,2.9959782436655215e+20,4.784581241730581e+19,7.407055635110139e+19,50.0,28,0.44989786766976897,0.73160965322972
0x01a3049804d40609f2edc1b5d73610bcd8796ae1,9.73e+16,0.0,0.0,9.73e+16,0.0,1.0,99,1.0,0.0
0x01a3a71580b17d1c567d577a66b28c48e42a43c3,1.4e+22,1e+22,1.0043245478678293e+22,6.869565192132007e+21,4.151162567941962e+21,7.0,81,1.0043245478678293,0.7142857142857143
0x01a4615315104084dcaaec9a847e90ce5cfbf8ea,6.0897781127e+19,7.892259814464773e+18,7.892259814464773e+18,1.9170575188982387e+19,2.1174795089951638e+19,4.0,89,1.0,0.12959847909738725
0x01a4f75344f665629c714f6623b784509159d4bc,6.000000000011234e+20,230168583.0,230168945.0,9.230769818607952e+19,2.253202992080084e+20,13.0,88,1.000001572760258,3.8361430499928174e-13
0x01a580e1370e798c48abda6b2f605035f2127d5c,3.3771892136403167e+22,9.800000000039871e+21,3.8002959327564194e+21,3.0032797675289503e+20,1.090360130949135e+21,253.0,4,0.3877852992592814,0.2901821420149664
0x01a71e7b07cbe684439eb0570a93055af7c15b57,2.72e+16,5000000000000000.0,0.0,1.61e+16,1.5697770542341356e+16,2.0,116,0.0,0.18382352941176472
0x01a762e99a74132ff61cebd92262fc54463320e5,2.2418483398639213e+20,3698000000.0,2260558399.0,1.8079422098810015e+18,1.2794206949079011e+19,124.0,2,0.6112921576527853,1.6495317431795882e-11
0x01a7749f10af218e842eaa97ef66b06870f9002a,0.0,0.0,0.0,2.1588510326593421e+21,3.675441616573042e+21,4.0,8,1.0,0.0
0x01a7e44c9c8495f1fdac72298a3c0ebac9f58a55,1015478.0,0.0,0.0,1015478.0,0.0,1.0,49,1.0,0.0
0x01a8b987d4350c58a3a16456d5f7cc3255c425b0,0.0,0.0,0.0,883573184.0,0.0,1.0,80,1.0,0.0
0x01a94e74ec7264b4be34d9a68f8cd1decc9bcdb6,1e+19,0.0,0.0,5.000000000666825e+18,7.071067810922443e+18,2.0,72,1.0,0.0
0x01a97118d81e6ccd319a27dbfad2b601774399d2,5.8e+17,2.6e+17,0.0,4.2e+17,2.262741699796952e+17,2.0,70,0.0,0.4482758620689655
0x01a9766c63c57694307eb20b75796a252d549819,1028406.0,0.0,0.0,514203.0,713418.4163154187,2.0,40,1.0,0.0
0x01aa226e0895cfc97fee2121222dd005160ea9c2,4113116595938464.0,0.0,0.0,4113116595938464.0,0.0,1.0,47,1.0,0.0
0x01aa66f23e42842d771cf46e6293af4ed04c90bd,4.9906616008215565e+22,1.308776972642236e+22,209963342440.0,5.2609689769268485e+20,1.8696060003769778e+21,120.0,25,1.6042713680705556e-11,0.26224518457167817
0x01aa8359ab1b28af8f7a11d3457f775b540efad3,103433967.0,0.0,0.0,103433967.0,0.0,1.0,43,1.0,0.0
0x01aafa85d27eda7cc530132827ba834c269a7cbd,0.0,0.0,0.0,14815593990.0,0.0,1.0,71,1.0,0.0
0x01ab50c379aa098a199feda4c5a51d623ffcd764,0.0,0.0,0.0,98886904505.0,0.0,1.0,118,1.0,0.0
0x01ac60352b386d551222c877925f524d43725149,0.0,0.0,0.0,1.8636973841701908e+16,2.551972752071274e+16,5.0,29,1.0,0.0
0x01accec19e099cc37d9fa9f7027dd89c8a9831d5,1052019975.0,0.0,0.0,1052020823.0,1199.2531008923845,2.0,112,1.0,0.0
0x01adf60f3a3455f78cd196763c1203c8fde2c039,6358478883961646.0,0.0,0.0,6358478883961646.0,0.0,1.0,47,1.0,0.0
0x01af1eb57b3489cea12ea3d8ebbae1c3eeb0658e,2.1108106127335072e+22,6.108069759737374e+22,1.0105347205498775e+23,1.029754327331069e+22,1.5765649169109907e+22,18.0,76,1.654425637393714,2.8937080962594757
0x01af4808da010aad7b2c977f51508a1402c8cbbc,1.1512564244541962e+23,1.0535000000013815e+23,9.546344553374702e+22,3.652448791133197e+21,6.916060739146632e+21,114.0,129,0.9061551545668898,0.9150871844218715
0x01af60b03e2b9cbf947568552462f9182b959db0,74079205971.0,58904320695.0,7700000000.0,6182646944.416667,3583851204.9887123,24.0,45,0.13072046174455929,0.7951532406821348
0x01af86cd3fa63f8b04b8ba7df0494a77c01c473f,3000000.0,0.0,0.0,3000000.0,0.0,1.0,8,1.0,0.0
0x01b037084eba7e4519dbfc9ba026ae696746e033,1.1224943276318748e+20,0.0,0.0,5.612471638159374e+19,7.619115676984718e+19,2.0,1,1.0,0.0
0x01b05f41b22b8ab004b064cd6404e90ca46840fd,3796413743788625.0,0.0,0.0,3796413743788625.0,0.0,1.0,41,1.0,0.0
0x01b06d543b68067f7d78427d651b1190c10e0456,4.001e+21,3e+17,3e+17,2.00065e+21,2.3098052219469355e+21,4.0,133,1.0,7.498125468632843e-05
0x01b0b2d9991112703bb96ba7b603f89788d2c6d6,8578612.0,0.0,0.0,8578612.0,0.0,1.0,45,1.0,0.0
0x01b0ea8755979c2030d642b74c5dcbde220351df,1015530.0,0.0,0.0,1015530.0,0.0,1.0,47,1.0,0.0
0x01b15b58df43cd3a72b4edd9b6150fc7b9b1f412,1107826.0,0.0,0.0,1107826.0,0.0,1.0,40,1.0,0.0
0x01b19a62cba8bbc553b0137257f72371c826c403,2.345e+20,1.46e+20,1.4600005244811144e+20,6.333333840564058e+19,5.452118837899792e+19,12.0,22,1.00000035923364,0.6226012793176973
0x01b27aeaa3b67577609538155d637b08f0779069,9861068950.0,1.5034000000030023e+21,3.9932712414460934e+17,6.539994148990808e+19,1.8030718421450316e+20,23.0,77,0.00026561601978436337,152458116622.64084
0x01b2e0fc91754fa2daa9a69fe4ef69c03cb50bc0,2200000.0,0.0,0.0,1100000.0,0.0,2.0,44,1.0,0.0
0x01b344118ff55134f042bb19ca4a77cd3212dc19,13275.0,0.0,0.0,13275.0,0.0,1.0,48,1.0,0.0
0x01b3b5ae37f70e6540abc2667fec68c19b2e7a1d,8.12715747741206e+22,1.0000000000465238e+22,1.0011653785702988e+22,1.31931768124138e+21,4.650183536631105e+21,77.0,72,1.0011653785237207,0.12304425044375478
0x01b3bd82da83c842d8220c8fef9358abeffd537e,4.111e+21,7e+20,7e+20,2.4055e+21,1.9693417682058134e+21,4.0,105,1.0,0.17027487229384577
0x01b3f02ff86fca973084faa9e4e24014c1dfcb8f,2.3957180001067236e+21,5.0000000008708024e+20,87285794814.0,3.3284114947448005e+19,1.3384623143231232e+20,87.0,23,1.7457158959759653e-10,0.2087056991118347
0x01b44fd30ad33b88d0ebe0e22faa52cfe0f8ae7e,1e+16,2000.0,0.0,5000000000001000.0,7071067811864061.0,2.0,1,0.0,2e-13
0x01b45138c79d97335df9fef8c3a325eaa764d29c,1059686.0,0.0,0.0,529843.0,721470.948339571,2.0,40,1.0,0.0
0x01b457774fee6105593031a3eb023a873c450c4a,1e+18,0.0,0.0,1e+18,0.0,1.0,90,1.0,0.0
0x01b572c14af90297b04955659cf86aec87dad0b2,1.153e+21,3e+20,3e+20,7.26499985e+20,4.924797622982433e+20,4.0,111,1.0,0.26019080659150046
0x01b590b256dcb6300fe43fa2c629dd9fd2838ed4,1.4320000000000066e+20,0.0,0.0,3.5800000000000164e+19,7.146668221392854e+19,4.0,42,1.0,0.0
0x01b5b2eec95743ff4401a55b06db72bdf6afa0e1,4.130980624715765e+21,8.366405000012926e+21,3.5034562285931935e+21,1.1627189218052642e+20,3.8570902659617325e+20,163.0,6,0.4187528847321855,2.0252830405343722
0x01b630e4c8c64c9abfd843c2c7ec3b0fcd1cf609,0.0,0.0,0.0,5397251914.0,4804439731.576756,2.0,46,1.0,0.0
0x01b700a7f8797609c8e86b21d3e5a765d608b9a2,1109076.0,0.0,0.0,1109076.0,0.0,1.0,41,1.0,0.0
0x01b7b1df70e1b455e1086aef7488f1131183107b,500635159.0,0.0,0.0,143043083.85714287,162400022.43674022,7.0,79,1.0,0.0
0x01b7baa7baa864fef3cd1c7bc118cc97cedcb33f,1e+20,3e+19,0.0,6.5e+19,4.949747468305832e+19,2.0,23,0.0,0.3
0x01b84c86f45b3961296286d8ef8ec49709606b36,1022974.0,0.0,0.0,1022974.0,0.0,1.0,44,1.0,0.0
0x01b8674543a3480a6a4c44014d226b27db2d65db,1.4784929341901004e+16,5e+18,0.0,2.5073924646709504e+18,3.525079382135716e+18,2.0,34,0.0,338.1822046203377
0x01b8884b83882069d08c86b053bb1027d04dce96,5.9e+21,700000000.0,700000000.0,2.9500000000003497e+21,3.406366588218388e+21,4.0,132,1.0,1.1864406779661016e-13
0x01b89af143b8f2bb80f9ac13d60e7e9e01d85798,1.0342e+20,7.1e+19,7.1e+19,8.721e+19,1.8717695727127667e+19,4.0,141,1.0,0.6865209824018565
0x01b8a5c4f22ca9707d1865ff2c4712829b6175f6,4.392181871451514e+18,0.0,0.0,8.784363743932119e+17,1.9642434464765404e+18,5.0,97,1.0,0.0
0x01b8f7ef9c12841ca94ee6652f0d5e9646a1168f,1.0445209183757487e+22,8000000000.0,4213526980.0,5.802893990984462e+19,5.346224401629594e+20,180.0,0,0.5266908725,7.659013677236989e-13
0x01b92f893b1c302bcf1945fd4edf10df99b4f181,2.507270139492374e+18,681669084.0,1368079477.0,5.4618749768071315e+19,1.5203229652204225e+20,8.0,32,2.0069554408602164,2.718770001137619e-10
0x01b94f94cbf9fe4509b0beaa8dd6fb510dad01e5,1.000000000002e+17,0.0,0.0,5.00000000001e+16,7.071067811851333e+16,2.0,76,1.0,0.0
0x01bb074c844b1129c8e26ed5d27186cf53198f6c,1.852e+22,0.0,0.0,1.8520011189545918e+22,1.5824407595893164e+16,2.0,135,1.0,0.0
0x01bb8b57808786461b7db3dd5975280f189307a3,1e+16,2000.0,0.0,5000000000001000.0,7071067811864061.0,2.0,1,0.0,2e-13
0x01bbec9408cf03e8188f44f12636b63e8faba019,1.3354671798244233e+19,401429314.0,0.0,1.214061072604151e+18,2.978991057984689e+18,11.0,7,0.0,3.0059092433314367e-11
0x01bbfe5ce152b22eccde7698a24e86012a5f75e3,1.860467514822893e+22,1.6141164158945962e+22,23224582439.0,3.658137483473605e+20,1.1830613066604206e+21,95.0,20,1.4388418462449112e-12,0.8675864550358741
0x01bcfd7986c68df30f8b3d3f92a44e5664657ab9,0.0,0.0,0.0,531917808.6666667,629434279.9262846,9.0,2,1.0,0.0
0x01bd177d908a1ec1f5e965434930056210bf64b1,1.3e+18,0.0,0.0,1.3e+18,0.0,1.0,40,1.0,0.0
0x01bd2bdb16eb1e61d368b60efb988adcb433a7ec,1e+17,0.0,0.0,1e+17,0.0,1.0,101,1.0,0.0
0x01bd8aac958c6e728557bcac756273ddd65bf19c,0.0,0.0,0.0,7.801726568895886e+20,5.924410245795463e+20,3.0,117,1.0,0.0
0x01bdeac39c807252d9dc00d1d69987234d376ec6,3.3753689064521324e+16,0.0,0.0,1.6876844532260662e+16,2.2922564823320696e+16,2.0,44,1.0,0.0
0x01be938672471bbb0fa1dfd223dd2aad2e389559,1778418034.0,790408030.0,790408370.0,733950418.4285715,325248296.25556785,7.0,79,1.0000004301575731,0.4444444528164293
0x01bfb07fe3dcdfe459de2fb627a96a11f33cab57,2809225375.0,0.0,0.0,561900605.8,701819541.7535212,10.0,67,1.0,0.0
0x01bfc30251bfb5b68e7e7a69fec81d8adcebc4f1,1108270.0,0.0,0.0,1108270.0,0.0,1.0,40,1.0,0.0
0x01bfda329ad313306320b11c6845f24294286f26,7.385443047486537e+17,0.0,0.0,4.923953117882013e+17,3.4286328726281965e+17,3.0,76,1.0,0.0
0x01c08ae3a3a5595440144639d1bd16e8fc94f297,11761.0,0.0,0.0,5880.5,2785.293611093811,2.0,45,1.0,0.0
0x01c20f8119a4243dfbde6ef19968bf1a7ac8f2ec,9985000000.0,0.0,0.0,9985000054.5,77.07463914933368,2.0,20,1.0,0.0
0x01c38875ab789cb12efcd791db91217a00fd01fa,1.7571091045569787e+20,0.0,0.0,2.5101558636528267e+19,9.502699282051496e+18,7.0,10,1.0,0.0
0x01c3dd0607e189d8ec94c740cf5926db4f38bf3f,7.503e+19,0.0,0.0,2.501e+19,2.164197541815442e+19,3.0,2,1.0,0.0
0x01c4905e81eb6ebb919a802215b465137d1ba3a6,3988599286499230.0,0.0,0.0,3988599286499230.0,0.0,1.0,47,1.0,0.0
0x01c4fbfa5cd0515cb51a75a92480583db1d018c2,0.0,0.0,0.0,34907930157.666664,26008860101.809277,3.0,72,1.0,0.0
0x01c5668541751d62e3d36a7f8af12ceed452f312,4144016280877026.0,0.0,0.0,4144016280877026.0,0.0,1.0,45,1.0,0.0
0x01c5c4ca74a665e40e96ed8ff221500b6366b8a6,5.897698053016615e+21,105904000000.0,62529135800.0,2.008825842283261e+19,1.75692862518417e+20,323.2399999999998,2,0.5904322386312132,1.7956836556905646e-11
0x01c5c9f1b50986663d545b474b3acbf9e1b25c51,8.517429586247768e+20,8.340661167282607e+20,0.0,8.027662263591946e+19,1.2706829418283595e+20,21.0,76,0.0,0.979246271756614
0x01c60af7f7193370a9447a12c885427cb94f21e6,8.855930845634533e+21,4.6572982152944403e+21,0.0,5.632536651881334e+20,8.696239610986837e+20,24.0,76,0.0,0.5258959556566797
0x01c6e66c0dcadda3f6bee43af37c51fad41c3955,1820262.0,0.0,0.0,1820262.0,0.0,1.0,41,1.0,0.0
0x01c717a8e3558ca44d473a5882e938572f1f7d93,2.264040431158486e+22,6209357789.0,3485053931.0,1.4799966514826018e+21,2.1078521641302436e+21,20.0,44,0.561258353830704,2.742600221950425e-13
0x01c7602892dda14261fdd4ae9c6b590ae65d3256,1.20636215058519e+20,446132.0,0.0,1.340402389539105e+19,3.999207291098924e+19,9.0,0,0.0,3.698159792095495e-15
0x01c7b3b2be439441e3cc8644b64b664d5e4e997f,2e+18,0.0,0.0,2e+18,0.0,1.0,45,1.0,0.0
0x01c7ce0a635c1fa6f18f4bb5b8ae4b86cc3e68af,1.6310974889548014e+18,0.0,0.0,1.6310974889548014e+18,0.0,1.0,45,1.0,0.0
0x01c83e2a373ba4bf2cbe51087d97483e9f88c415,5.093117894581539e+20,0.0,0.0,5.093117894581539e+20,0.0,1.0,33,1.0,0.0
0x01c96c01e8169279e9a7348474c46a8861fc01b8,1107817.0,0.0,0.0,1107817.0,0.0,1.0,40,1.0,0.0
0x01cb1826cd50f7f15626a1283ae812ad0a273388,4.465425913923721e+20,95000000000.0,5615690333.0,2.4825640801873377e+18,7.05683945217492e+18,188.0,0,0.05911252982105263,2.1274566375354895e-10
0x01cbb47731aa829baa27ece1e69efb8fa29d1cba,1733297.0,0.0,0.0,1733297.0,0.0,1.0,140,1.0,0.0
0x01cc1a92aafe7e49a0f18c3fafd3684ea829d9a4,49607599235.0,0.0,0.0,49608622600.5,2014429.5417594034,4.0,98,1.0,0.0
0x01cc4ec22fd137f9a33f188fcf3078b5755368b5,3e+18,0.0,0.0,3e+18,0.0,1.0,43,1.0,0.0
0x01cc647103f4ce8a8f7985df8101d24aab029bf3,0.0,0.0,0.0,72900648248.0,0.0,1.0,72,1.0,0.0
0x01cd8b637e1e131827260aaf777a587b4aed1c54,1190006.0,0.0,0.0,1190006.0,0.0,1.0,45,1.0,0.0
0x01cdcc99a4f9a68be18504750b219caa881841eb,0.0,0.0,0.0,3266203720141785.5,2580151814258266.5,2.0,3,1.0,0.0
0x01ce064bf433bb179791260c080630fe63684eac,2.8000000000009257e+20,1.7000000000015e+20,6.000248583351313e+19,2.361281246669899e+19,3.2493537488897757e+19,23.0,85,0.352955799020354,0.6071428571431922
0x01ce5973ebf4f7043d61cb48a7e25501afbafad7,1139946.0,0.0,0.0,1139946.0,0.0,1.0,48,1.0,0.0
0x01ce6e8e667d8a40d05cfdfac97194198069fdd8,6551016625798304.0,0.0,0.0,1637754156449576.0,3272875351621008.0,4.0,49,1.0,0.0
0x01cf15d50e91ea8731572a07afbf782233339ad7,1.827033749207731e+21,4.67000000001103e+20,4.250492341023371e+20,3.8160746877527515e+19,6.470715123772162e+19,100.0,6,0.9101696661698784,0.2556055684267526
0x01cf5fff6ee551a7d3fdbb32c6a8ad9ef31c4829,1.134937692961766e+20,117376372.0,117854133.0,2.269875385930267e+19,5.075595663369154e+19,5.0,22,1.0040703336784,1.0342098313229094e-12
0x01cf7991cf4d37a762bffa9d74bd9b46d124d371,256051495682.0,408066053405.0,361332398385.0,37327452953.69697,73537886093.35628,33.0,19,0.8854752689422625,1.5936874429032533
0x01d04f947cf6e5e4ffb9d76b40ed83daafa76e5a,2000000.0,0.0,0.0,2000000.0,0.0,1.0,40,1.0,0.0
0x01d05838b47fe9608cf58d9688e9b5b46816ae91,1034514.0,0.0,0.0,517257.0,730151.3911854171,2.0,45,1.0,0.0
0x01d176f95b77ca6dcbadda21f6b8c7bf8ec3c3ee,1.235179663233867e+16,0.0,0.0,6175898316169335.0,258069997941955.38,2.0,44,1.0,0.0
0x01d17d9fdf660f9c79d9feefa2b9a4b71a32a9b6,5.025425859286713e+20,3.3309e+20,9.002303536177037e+16,5.466998832361118e+19,8.130678409772274e+19,19.0,60,0.00027026640055771825,0.6628094997849144
0x01d2e7a456071dff8dbc273c1f6812d3c5f6ac10,1.5e+18,0.0,0.0,1.5e+18,0.0,1.0,46,1.0,0.0
0x01d2f11ad6668e28ce07da387d08bedd57f4a85a,1.867688658229228e+17,332041791.0,0.0,4.669221653874115e+16,5.662276870652705e+16,4.0,16,0.0,1.7778219594416326e-09
0x01d36303366ee9e94c3cfed0c9dd41857d6f644d,1442072.0,0.0,0.0,1442072.0,0.0,1.0,43,1.0,0.0
0x01d37cdae14bc9e2e10b6a71a0c72998f44e225c,4e+21,4e+20,4e+20,2.2e+21,2.0784609690826527e+21,4.0,123,1.0,0.1
0x01d3c79e4d3b314e43afa00e111dc07e2073e349,4.350000000014793e+19,71500000.0,3501203.0,2.0714285714392888e+18,5.405451216789977e+18,21.0,7,0.048967874125874125,1.6436781609139505e-12
0x01d43fcfb3a9e93be5344d1011162d548db936c3,1.6352352216109116e+22,1.3164517110421557e+22,1.3231066196867478e+22,1.0178298284622586e+21,2.4131950358861227e+21,64.0,75,1.0050551862926471,0.805053422066879
0x01d48c3d1feaecce1256f98f80162103d588e830,260000000000460.0,0.0,0.0,3611111111117.5,4836934064297.674,72.0,93,1.0,0.0
0x01d4bd1ce999e641430deed48f715c2113da3187,7798195607575624.0,0.0,0.0,3899097803787812.0,65667613144230.15,2.0,39,1.0,0.0
0x01d4de1128e47b400187cd81a5cfae97a6e55bf1,9.586625800387752e+16,650000000.0,649938261.0,7988854942307593.0,2.7674204896933068e+16,12.0,76,0.9999050169230769,6.780279250846626e-09
0x01d56c115f9afd657dd4eeb9ece38d6cf73975d6,3.591472014810358e+20,2.591472014810358e+20,2.5914773635657872e+20,4.416392489694538e+19,2.550868106539932e+19,28.0,108,1.0000020639834806,0.72156263619033
0x01d5c613f8bd10e5e312a34a60fbdeae0add19e3,7744787369270278.0,0.0,0.0,3872393684635139.0,366759668772320.7,2.0,45,1.0,0.0
0x01d616e83175a410b31253ffa1f78ccb3884fddd,4.884800000000147e+22,8.232154713334734e+21,3288907091.0,1.0014062230410697e+21,1.6205256255242334e+21,57.0,90,3.9951959183572106e-13,0.16852593173383731
0x01d659a033bcfb4241fdfbfb95932a4e218805a3,4.4e+18,0.0,0.0,1.4666666666666668e+18,1.1547005383792512e+17,3.0,43,1.0,0.0
0x01d6b75a2b5048b5e528550e84e74ce08df912a4,9.48e+16,0.0,0.0,9.48e+16,0.0,1.0,95,1.0,0.0
0x01d754f2a403bf165aa04aff1940176581263ba3,2.309810818540294e+16,0.0,0.0,1.154905409270147e+16,7516584614124777.0,2.0,45,1.0,0.0
0x01d77b358a5e2b12d60e7bfec4cff8ad54b63fd7,9359000000.0,0.0,0.0,9359000076.5,108.18733752154178,2.0,20,1.0,0.0
0x01d7fe53ca0c7558c7a410ef969677a7e9ec53a7,1.830000009524e+18,0.0,0.0,4.5750000476200006e+17,6.276078878225056e+17,4.0,19,1.0,0.0
0x01d8390b924427ace5dd259f5d0541ab9585a3e8,1.7357795830335596e+20,0.0,0.0,1.735779647099863e+20,9060343554450.816,2.0,80,1.0,0.0
0x01d83a95e445a001194ab79a4d7cda5acfcf6dc1,4.9e+21,1e+18,1e+18,2.4505e+21,2.8284389687599767e+21,4.0,106,1.0,0.00020408163265306123
0x01d852b6949f38b027571b5baa713da88e5b4db3,8808103.0,0.0,0.0,8808103.0,0.0,1.0,72,1.0,0.0
0x01d91f7c1cbd33ac7d40842569789cc043890712,300929023.0,0.0,0.0,201048086.66666666,87614553.59047996,3.0,16,1.0,0.0
0x01d971f8b52ac1d3667e00407e48254380512e0c,1113094.0,0.0,0.0,1113094.0,0.0,1.0,39,1.0,0.0
0x01d9816465ee701cb650edf27de69b02fa272454,1.829e+19,1.15e+19,1.1502619526437118e+19,7.44782744080464e+18,5.08504512223205e+18,8.0,110,1.0002277849075756,0.6287588846364134
0x01d9c396e5eeb80380af396b758f10c01100bbb7,4.9210157940706666e+20,0.0,0.0,1.872613096481237e+19,2.7719874596602552e+19,27.0,48,1.0,0.0
0x01daab3d40bdda5b8125c4aecbaef6ee2f262efa,2.367111968682815e+23,181425255268.0,181908419295.0,1.31529323380868e+21,2.553017591130656e+21,180.0,61,1.002663157487563,7.664413752635222e-13
0x01dd25a6619a9953e83668c98594f2d3035946d4,2.6503235785868044e+20,0.0,0.0,5.303188172136e+19,7.250163885639384e+19,5.0,78,1.0,0.0
0x01dd5d5d0b0bb5bf8dbf7e6d6d8a711578534a58,1.465e+21,208791237.0,208794239.0,2.4416666666673625e+20,4.7818089324713286e+20,6.0,124,1.0000143779980575,1.425196156996587e-13
0x01dd69ba92d5217d7d089bd2481151cdff43cb80,4e+21,0.0,0.0,4.000000166541132e+21,235524727806675.4,2.0,129,1.0,0.0
0x01dda15bf1757e1e8542685c0c8b3362594541fe,2256284537844125.0,0.0,0.0,462878839533718.2,581067926085035.2,5.0,91,1.0,0.0
0x01ddafdf69ca8f68849792a529e9876eca5b7c60,1.1289016577547729e+18,0.0,0.0,1.1289016577547729e+18,0.0,1.0,45,1.0,0.0
0x01de22e803cd36ef6a998bff17354ac530311e08,8.475e+21,3.8943890252403164e+21,0.0,1.374376558360035e+21,1.4205062944687823e+21,9.0,80,0.0,0.45951492923189574
0x01df05ac0537407f6806fe2b043cc90cff0309ef,9.993952442289588e+17,0.0,0.0,9.993952769166332e+17,46227352413.66099,2.0,104,1.0,0.0
0x01df1820734306731510aa06ac7903b349f112d4,1.0004e+20,0.0,0.0,1.5016397446347708e+19,3.752089623841739e+19,7.0,118,1.0,0.0
0x01df5786b43e513ba91d24082cbe82046199c03b,1.856017262127089e+16,0.0,0.0,6186724207090296.0,174657592402287.4,3.0,44,1.0,0.0
0x01dfc8d38640393a0a4d5f6f3b1f6cec158abf21,2.3954811811009642e+20,8.723396923582e+19,0.0,4.679458397168651e+19,5.0169004896346595e+19,7.0,75,0.0,0.36416052826483586
0x01e05c9e290cc8954ea88d811244139d6bacd66b,1105669.0,0.0,0.0,1105669.0,0.0,1.0,47,1.0,0.0
0x01e0647f46e0122dbab82dda67af432614b50f6c,4.43e+16,0.0,0.0,4.43e+16,0.0,1.0,122,1.0,0.0
0x01e0991d5803659f581a670f955b3079e419be3b,1e+20,40000000.0,40000030.0,2.5000000000019997e+19,4.999999999998666e+19,4.0,36,1.00000075,4e-13
0x01e0c7b70e0e05a06c7cc8deeb97fa03d6a77c9c,97801.0,0.0,0.0,97801.0,0.0,1.0,51,1.0,0.0
0x01e156b9378aaaf9215cc50f0e6b1ead24fff6b0,1.0074508332932061e+21,5.6861e+20,0.0,1.576060833293206e+20,1.5952327309989144e+20,10.0,86,0.0,0.5644047145618997
0x01e198818a895f01562e0a087595e5b1c7bb8d5c,7.72970000100504e+20,2.748212173558248e+20,0.0,5.680444805781272e+20,3.907024756587499e+21,51.0,16,0.0,0.35553930594989674
0x01e1e6302187f122cbeee03913c80efbe4c049f4,3.09e+17,0.0,0.0,3.091582470837491e+17,223795172044064.38,2.0,77,1.0,0.0
0x01e21477fc4a6395ca9b6873c014a1c7181158e1,5.0013183493888226e+20,5.000000000005e+20,5.00372235974071e+20,1.2505552337497781e+20,1.9838745270189982e+20,16.0,72,1.0007444719471414,0.9997363996267137
0x01e39d91be30aaa753a7ff3256cd371abcc17d62,1.017e+17,0.0,0.0,1.017e+17,0.0,1.0,99,1.0,0.0
0x01e47909e37b86e1eed4b8bad33e4750b1f20ec7,1174038.0,0.0,0.0,1174038.0,0.0,1.0,45,1.0,0.0
0x01e49a2483d3337c0c4ba9dba68f28f6a36398ff,1.7269636547405008e+20,0.0,0.0,1.7269636547405008e+20,0.0,1.0,106,1.0,0.0
0x01e4ac55758ba9f93d28aeb4f3922b6a7905aaed,0.0,31616902428.0,63233825603.0,5.201714270888502e+18,1.0403428478543186e+19,4.0,74,2.0000006561996404,0.0
0x01e5a509402cd50fa2bf506a4ac58ac5fd2ad4f9,9.3e+16,0.0,0.0,9.3e+16,0.0,1.0,99,1.0,0.0
0x01e62987e05a45c8c304afa015d4fc3cdfcb944b,2.452e+21,1.1638119212592578e+21,0.0,1.9030589059474883e+20,2.3231395223839015e+20,19.0,108,0.0,0.4746378145429273
0x01e6f806b2d34a64bbd982731f49fe6babbed7b7,1.5e+22,1500000000.0,1500000000.0,7.50000000000075e+21,8.660254037843521e+21,4.0,134,1.0,1e-13
0x01e6fd0ae73d9194b19f9b376065577927a0d5f5,2.8718729023415857e+19,1950000000.0,0.0,1.5483541593032312e+18,4.800989145846584e+18,19.0,99,0.0,6.78999407811559e-11
0x01e7ad3b646b58a1e976230f9bf0215235132a76,4078835616598918.0,0.0,0.0,4078835616598918.0,0.0,1.0,40,1.0,0.0
0x01e859c314e9ae31bbd455affaa2a54ce3f3019e,1.7108707782935005e+21,5.315236221475069e+20,19994513.0,3.148228952428134e+19,6.882275429158784e+19,83.0,49,3.7617355404105035e-14,0.31067432379532045
0x01e8a979e7c5a1bb5c7af02a5f11263d0af4c19e,0.0,0.0,0.0,1623865923.5,482725893.1490132,2.0,73,1.0,0.0
0x01e91f9f5612d156f617474a8c231fa3eda78f56,4.27438525795374e+21,2.6e+21,2.6180840735755516e+21,5.265456231099746e+20,9.213876403097306e+20,23.0,1,1.0069554129136737,0.6082746039706978
0x01e9bdde9367a41dbb7883042d524720b207fc2c,1000000.0,0.0,0.0,1000000.0,0.0,1.0,45,1.0,0.0
0x01eacf1d1ccf7f656fda1b95beafdb3c7fc396a7,5.3262528631179603e+17,3.50160000008497e+20,1.6001774648954957e+17,5.569089572250709e+18,4.409417514641865e+19,63.0,49,0.0004569846541171652,657.4227867272438
0x01eb9de460ba2c8058094398528eb63cb426e1ad,2200000.0,0.0,0.0,1100000.0,0.0,2.0,44,1.0,0.0
0x01ebce016681d076667bdb823ebe1f76830da6fa,5.731860655180851e+22,5.788663000003725e+22,1.476651872259863e+20,4.800036626185756e+20,2.397333561886551e+21,279.0,0,0.0025509377074791066,1.0099099312143138
0x01ec73e85387403880b4e3bec129011d705597a5,1987001152.0,1491882017.0,1492298169.0,1056243752.625,790194457.2102122,8.0,77,1.0002789443101117,0.7508209119548613
0x01eccdb2d737b7a41f7aa4ee4358be8304b15588,3.6381732482129105e+21,5132731786.0,4132787804.0,1.1671903050718937e+20,3.3244188643241506e+20,49.0,52,0.8051828882375192,1.4107991664556449e-12
0x01ef754f461fd19d4a7ed320c83967daabf3d303,5.997899e+21,0.0,0.0,5.997899e+21,0.0,1.0,90,1.0,0.0
0x01efa99a5c0b22ea6e5bfd65755c21291f3975b2,13559.0,0.0,0.0,13559.0,0.0,1.0,49,1.0,0.0
0x01efd269b5c99b2b64344f1785a47e25521bff14,2.6972244642671605e+20,0.0,0.0,3.5559789618648527e+19,8.725166455286206e+19,8.0,80,1.0,0.0
0x01f0445e1b716a459c6ebe591396fd39a7bcf0ef,1e+17,1e+16,0.0,5.5e+16,6.363961030678928e+16,2.0,20,0.0,0.1
0x01f0592d70220b0bc1802d27d90c22ff40dd7161,4.337587689857783e+21,600000000.0,600231082.0,5.86160498673521e+19,2.6206735694692044e+20,74.0,54,1.0003851366666667,1.383257337720064e-13
0x01f0d5ddaeeb6a72adfe7317c29e74fa27a7586a,3.3e+16,0.0,0.0,3.3e+16,0.0,1.0,124,1.0,0.0
0x01f0e6c7770fb8b2f5cc4192ac01fed4169939a2,1.0517466599149878e+17,100000000.0,50003172.0,5008317437690721.0,1.4759519933523264e+16,21.0,0,0.50003172,9.50799311386289e-10
0x01f0ff5cdd43d82a60f6a34728b71aa7e6f634c4,4.5e+19,0.0,0.0,4.5e+19,0.0,1.0,124,1.0,0.0
0x01f1653767650005337f99854cc99b5ee12229c5,0.0,0.0,0.0,87758390187.5,5916752839.619911,2.0,6,1.0,0.0
0x01f19cf8a76594dcd6ad72d6968d3fe2267e63bd,9.986624305631256e+16,0.0,0.0,9.986624305631256e+16,0.0,1.0,97,1.0,0.0
0x01f1ae8f24996231dec702d1456eaa3b8f4d9efc,1077501976254522.0,0.0,0.0,538750988127261.0,4794694763902.372,2.0,45,1.0,0.0
0x01f2f5cede4da7765dca5bcc7784d57951b39258,3626652251.0,0.0,0.0,906687074.125,1189572408.242863,8.0,59,1.0,0.0
0x01f39cba6f6ca1cbe205655f397db9abc6cb05ef,1e+19,400000046.0,400000046.0,3.3333333336e+18,5.773502691665318e+18,3.0,17,1.0,4.00000046e-11
0x01f3f3f49de0fc38bdf70e8c941d972cdf870a82,1.156e+21,1.5500002773150053e+20,0.0,2.6220000554630008e+20,4.151405763083382e+20,5.0,81,0.0,0.13408306897188627
0x01f4ab6cd1d55e15c361faf58d8f278df3213822,7e+21,0.0,0.0,7e+21,0.0,1.0,120,1.0,0.0
0x01f4f43ed2f3f9c5761851a5ec025035c5181430,1019850.0,0.0,0.0,1019850.0,0.0,1.0,45,1.0,0.0
0x01f53288c7cc98c053efeef23ba660ef2493f646,4.5316434401829847e+18,2.1248598655747118e+18,0.0,2.4653715947250726e+17,2.631399638534969e+17,27.0,71,0.0,0.46889387782215086
0x01f548245a230862b0344c2b01ee2c0c3295360e,3.676023764126795e+21,0.0,0.0,1.6709198928122403e+20,7.476903262390022e+20,22.0,7,1.0,0.0
0x01f55b5372ecaf891d1af44f9197361362e9e2f8,1.6811306138439562e+20,0.0,0.0,2.8025843564065935e+19,4.003115413232554e+19,6.0,0,1.0,0.0
0x01f562afdd11c353a9b56028b2a34d2bbbde4b14,4.13333905754133e+21,1.500000000050635e+21,35277457688.0,6.19487808530618e+19,2.8861477938263068e+20,91.0,1,2.3518305124539435e-11,0.3629027232387011
0x01f62341f6eb0b03584fca08c165aee0312b1084,1.6046529460823913e+20,1.485513966161115e+20,1.4902881444770166e+20,5.827605931490344e+18,9.207170132317381e+18,106.0,41,1.0032138225722906,0.9257540515460723
0x01f653058536d36bac0b16b90075f1f2acd83f4f,2e+16,1e+16,0.0,1.5e+16,7071067811865475.0,2.0,23,0.0,0.5
0x01f73f5a9da9f2989d9c3933a4b99d080324a91e,9.270278631353437e+19,3.3000000000004e+19,1.3650326005093183e+19,1.4035325547849038e+19,1.868833609432989e+19,10.0,72,0.41364624257853116,0.3559763553211138
0x01f8739eeafd143dc5ba952c2731aeb98c309b05,2278232840285199.0,0.0,0.0,491489218087501.3,516952120277492.25,7.0,90,1.0,0.0
0x01f890b15fc99eccfb75b97c6fa0da97deef966e,1.9467754361993254e+22,5.495394786525741e+21,5.495984467386185e+21,7.750622102282072e+20,9.527711471047448e+20,60.0,76,1.0001073045492364,0.28228190495634964
0x01f9605611b8490c0c70f40979c61b21dc1b6f3e,524679543.0,400000000.0,400000000.0,459517081.0,68878812.35985555,4.0,30,1.0,0.7623701082624447
0x01f9df3cdb1bef9e545192e05bde30c9baea4ae7,1.5334641323029108e+16,0.0,0.0,1.5334641323029108e+16,0.0,1.0,43,1.0,0.0
0x01fafce84d64cb19cbee9c511f7569432e333962,1.0354341348504326e+17,0.0,0.0,1.0354341348504326e+17,0.0,1.0,99,1.0,0.0
0x01fb51f8a664f0f2b7cf8f6eee89f7c1b7e05ba1,1.0780000000000001e+23,32000000000.0,0.0,1.5400000000004572e+22,2.970050504620815e+22,7.0,44,0.0,2.968460111317254e-13
0x01fe10d03ae408b8af5b19b3b70c67980cf1bdcd,218060.0,0.0,0.0,218060.0,0.0,2.0,79,1.0,0.0
0x01ff3a6ae27f59ac1a706568749aac2632520008,2.5000000062833296e+17,575000000.0,0.0,4.166666697056206e+16,1.0206207246708803e+17,6.0,50,0.0,2.2999999942193367e-09
0x01ff5a365d6cdaa587779491837ad55d4862e906,2701729.0,0.0,0.0,1350864.5,389996.96698884724,2.0,43,1.0,0.0
0x01ff899667efd1331384da95697dd2e6fc17c188,4.280000000026954e+21,6000000000.0,0.0,6.114285714347768e+20,1.6176879444767563e+21,7.0,6,0.0,1.401869158869676e-12
0x02011525ccae23e3593bfe8ecc18f716c9e67438,2.535684490527631e+21,752914258.0,500558025.0,2.1130704087740708e+20,3.7229184393321696e+20,12.0,64,0.6648273952596605,2.969274216932769e-13
0x02018c095778c82015bc7e48df4154519d62605a,2.6e+18,0.0,0.0,1.3e+18,2.82842712474619e+17,2.0,41,1.0,0.0
0x0201c8796114f0896085dccb8231db824bf0e1d1,5.75e+18,0.0,0.0,1.4375e+18,1.1086778913041725e+17,4.0,42,1.0,0.0
0x020245ea7a029bcfc193b0819cbfca6e96675e95,5.399256470845231e+21,3.315258438969816e+21,3948443808.0,8.271118114984067e+19,2.2092063633470636e+20,109.0,11,1.1909912547351632e-12,0.6140212929079152
0x020265bc7ecc8b018c496f8bc4c6aa3ed1784e5a,9.959495185636113e+21,32000000000.0,25062753462.0,3.445296453480485e+20,1.0674691089135466e+21,29.0,14,0.7832110456875,3.2130142545930814e-12
0x0202ef0ff22c58039de970c4460c9ebd2ed6b309,1.4680963871098936e+20,2.0000000000132e+19,2.000000000009109e+19,3.5218208208156426e+18,9.88851052304734e+18,63.0,2,0.9999999999979544,0.13623083726473956
0x02030f00b8c816895f3ee4e341f381df245c8ba4,260000000000450.0,0.0,0.0,3661971830992.2534,4851932345453.96,71.0,93,1.0,0.0
0x020382149c54575b9215b536e9b39aa57a6f6426,3554169420644260.0,0.0,0.0,1777084710322130.0,2465628083378732.5,2.0,41,1.0,0.0
0x020421af918192bb67d35e9ff8caeb692bf4d196,27223684.0,59.0,59.0,1.0770567552738209e+18,2.4083721203871805e+18,5.0,75,1.0,2.167230562917201e-06
0x02046acacadb33eb1f56bc4c898ef0a54318c971,9435294894642006.0,0.0,0.0,9435393216060372.0,139047483327.07764,2.0,67,1.0,0.0
0x020549fe67d28f6fda4b7fc404f8195866110927,0.0,0.0,0.0,4.54980511087192e+22,0.0,1.0,76,1.0,0.0
0x020636327a0ea3a6ab57751a51564aca8a266683,1108761.0,0.0,0.0,1108761.0,0.0,1.0,41,1.0,0.0
0x0206539c19b2791dfa12ef09a64f37bf81c7bdbc,0.0,0.0,0.0,9.538717971676827e+19,2.0060960649568554e+20,15.0,36,1.0,0.0
0x0206bc8fc7c1e8635d14f73c0fdb035493f2fd84,5e+20,0.0,0.0,5e+20,0.0,1.0,140,1.0,0.0
0x020793b7db7551b1d70877579370096b3db0db07,1.557020242194547e+23,4.953763284618003e+20,4.953787421368842e+20,1.1804076635220202e+21,2.3488822526995108e+21,242.0,49,1.0000048724069868,0.0031815663986718024
0x0208a135fa0a8236d2ff8b220037e75922971bb7,6289364958153112.0,0.0,0.0,6289364958153112.0,0.0,1.0,43,1.0,0.0
0x02090a54a4be0b3515a673b720381086a5fd59e4,1.911302223063759e+16,0.0,0.0,6371007410212531.0,340615854920254.3,3.0,44,1.0,0.0
0x0209707c0d22fdf56004f99d141df2e4a93ff21a,8.461907301678e+21,8.10000000044971e+21,0.0,6.274989358905726e+20,1.2160201202445147e+21,27.0,119,0.0,0.9572310014366946
0x020989d06ab6d1900d1152ea3fb4a756e3ec096e,1.5560121028150003e+21,2000000000.0,2003204735.0,6.787061763637435e+19,3.1874495114484915e+20,23.0,109,1.0016023675,1.2853370461462194e-12
0x020aa5bec1a613a41519421058cab6196db88cdb,4e+18,5.751900066946865e+17,0.0,1.5250633355648955e+18,8.226144331788916e+17,3.0,8,0.0,0.14379750167367164
0x020b1d7007c0d7c42fdb22ed5c31590ccab0c402,4e+21,6e+20,6e+20,2.3e+21,1.9629909152447277e+21,4.0,131,1.0,0.15
0x020b932b9ba829010d54fb9c397955523b47e363,337606755906.0,0.0,0.0,337606755906.0,0.0,1.0,51,1.0,0.0
0x020be4338b750b85c73e598bf468e505a8eb76ea,1.77999e+20,16000000.0,16000015.0,1.9777666666670223e+19,5.530513212171038e+19,9.0,63,1.0000009375,8.988814543901932e-14
0x020d26d3389a999835b7f666e8b3c5efb44f12e8,1308688.0,0.0,0.0,654344.0,911771.7679331818,2.0,44,1.0,0.0
0x020d51824fd9968c7620a703120f6fcdec8cc33e,2.5544537687841544e+16,0.0,0.0,1.2772268843920772e+16,1.7292623237979288e+16,2.0,50,1.0,0.0
0x020d56e549db2ca35fac74118b28f159500701c0,8.916219249689542e+20,1.9790574778123907e+21,2.5811622354971504e+21,2.2700010210166296e+20,3.379846780805397e+20,30.0,12,1.3042381357970028,2.2196150884034176
0x020d8c51dcfc958099b4bdd433492c0aa7dbedcd,3.77588865038967e+19,0.0,0.0,2.1524852089174185e+18,2.8814859032194263e+18,18.0,26,1.0,0.0
0x020fdc5da72fc36e81a5cbbee9baa451cacc9f8c,0.0,1.500000000001902e+20,1.5003842784501816e+20,1.001308746469707e+20,1.1335315807048624e+20,10.0,66,1.000256185632186,0.0
0x020fe455d61d20f1f7eab9c3f9540a3ab8a35482,2.4905176177223087e+20,7.201975569607003e+19,84974665.0,1.4494576180438295e+19,2.4467211225650536e+19,29.0,11,1.1798799395904766e-12,0.2891758531784062
0x021028695eafdde60e139d87000a8bd6cb65645e,8.668629047510276e+18,0.0,0.0,8.668629047510276e+18,0.0,1.0,42,1.0,0.0
0x02108bb399fe187b5efa1174a94c9a5944f9d7b9,1000000000.0,0.0,0.0,1000000216.0,305.47012947258855,2.0,13,1.0,0.0
0x02109c4e00d7a22a9e00ff429a42ff8f14ca090b,9417000027610000.0,0.0,0.0,4708500013805000.0,6658824538910500.0,2.0,39,1.0,0.0
0x021174b0d7d6040b503d7a967e9b56c0ad40da5c,954360660500691.0,0.0,0.0,318120220166897.0,16291539030765.918,3.0,44,1.0,0.0
0x0211cc3e0a76e7638b6d2f540b444d313448eb91,2e+18,5e+17,0.0,1.25e+18,1.0606601717798213e+18,2.0,23,0.0,0.25
0x02129dacaf309e51cc4f6f0635876f03789ae77b,478016014810940.0,0.0,0.0,478016014810940.0,0.0,1.0,39,1.0,0.0
0x0214917734b5d8ea94239b31df6cb2762e7b9dfa,1024651.0,0.0,0.0,512325.5,710585.0394432042,2.0,41,1.0,0.0
0x0214b549ba0b87c4e614e0c986036cf6c1a9979e,4000000000000000.0,0.0,0.0,4000000000000000.0,0.0,1.0,71,1.0,0.0
0x0214c5c41f5249166aab9a12213ac0e2119d2cc8,6.880741692786527e+22,4098000000.0,4098002351.0,1.6382718316161254e+21,2.68022085075406e+21,42.0,1,1.000000573694485,5.95575329371275e-14
0x0215c2f6db85805f14b1336a9fbb776f3f4e761c,3e+17,0.0,0.0,1e+17,0.0,3.0,8,1.0,0.0
0x021629275e3b9846e1c274270858923561738de4,11726.0,0.0,0.0,11726.0,0.0,1.0,51,1.0,0.0
0x02164c173b2043edc72d4a72e88f661a4da3c779,2.676862575785061e+20,0.0,0.0,2.676862575785061e+20,0.0,1.0,104,1.0,0.0
0x021690c899ae56dbcf851ba0305659d39b557622,1.6347893840061543e+21,7.453412573512816e+20,7.454020082305293e+20,7.71106387331875e+19,8.880408103394345e+19,57.0,2,1.0000815074687581,0.455924943386148
0x021692861cf66465a67474eee95d3aeb60ee6171,1007238917297984.0,0.0,0.0,335746305765994.7,777109217752.6907,3.0,51,1.0,0.0
0x021699aaf005dabd166bf803c65fc90529fcff4a,1.0000000023865864e+16,1000000000000000.0,1000010250300385.0,3666681497527832.5,4926139979761812.0,6.0,23,1.000010250300385,0.09999999976134136
0x0216bebed0b277842b010943d820e00993127859,2069282.0,0.0,0.0,1034641.0,20705.500766704485,2.0,43,1.0,0.0
0x0217a24fcd55d5efb5e3805c8c2cb317098c71a9,1.148984078367615e+18,0.0,0.0,1.148984078367615e+18,0.0,1.0,48,1.0,0.0
0x0218326332b562c795c8c014e441fb8816bc64f6,1107837.0,0.0,0.0,1107837.0,0.0,1.0,41,1.0,0.0
0x021925c5be94b49d67576ab377b8e3073745b035,1035468.0,0.0,0.0,345156.0,580725.4588633083,3.0,45,1.0,0.0
0x0219a224a191ac58ae6ca71dd2edcbdb5c7423a2,1e+17,1e+16,0.0,5.5e+16,6.363961030678928e+16,2.0,101,0.0,0.1
0x021a17e276d22dbda6b262c1c67ab256b9b06857,3.04e+20,1.0099e+20,1.012889101948451e+20,1.6211422328300287e+20,9.091081267035954e+19,5.0,103,1.0029597999291524,0.33220394736842107
0x021a8b9be65c2c5f0509c2350ff119b2b5027d50,9.41e+16,0.0,0.0,9.41e+16,0.0,1.0,94,1.0,0.0
0x021a919bb0a2e9ec115f58b6347edc8f63bc3056,1.0620673781039012e+20,0.0,0.0,1.0620673781039012e+20,0.0,1.0,86,1.0,0.0
0x021ac46670e1c00e1151bb6dd05b4d1bb10aa4ca,16299723.0,12800000.0,12847756.0,2774798.8571428573,4081134.293789244,21.0,77,1.0037309375,0.7852894187220237
0x021b267501e4946dc87ff450efd326377c47240f,1107931.0,0.0,0.0,1107931.0,0.0,1.0,41,1.0,0.0
0x021b65231f1b70a5bc05e3f6099339494b72275c,1.6977e+22,4000000000.0,4000000000.0,8.488499750002e+21,9.80167523135484e+21,4.0,124,1.0,2.35612888024975e-13
0x021c6758d5c8f2dc1317a9a6c155dad02cf85b98,1.2377558897238835e+18,0.0,0.0,1.2377558897238835e+18,0.0,1.0,39,1.0,0.0
0x021c7886dee93cabe5960f193fad895441597fe2,233085426.0,0.0,0.0,118844081.2,7914635.582758734,5.0,41,1.0,0.0
0x021d5abea6efbcd5dba2c8ae9237471448ea0856,2.4400000000130777e+20,6.9500000660103725e+19,0.0,2.612500005522661e+19,2.7334730620810617e+19,12.0,24,0.0,0.284836068277587
0x021d8505c6526352848beab51d87f89ea75446a4,8.131e+21,1.2e+21,1.2e+21,4.6655e+21,4.001614715753296e+21,4.0,132,1.0,0.14758332308449146
0x021d8fff35bf18608ad5e5e979bd59b21721f9c4,10124000000.0,0.0,0.0,10124000055.5,78.48885271170677,2.0,19,1.0,0.0
0x021e14e26f9589af38507e5f9a05cbf83ab732b7,4.48e+16,0.0,0.0,4.48e+16,0.0,1.0,119,1.0,0.0
0x021e25bf7703ddc1b03a6000696ffc34d3c53711,1.32e+16,0.0,0.0,4733333333333333.0,3288363321370273.0,3.0,92,1.0,0.0
0x021f017127a021040b0ee4f3ee0c8bc1bfbad505,1048000653.0,0.0,0.0,1048000663.5,14.849242404917497,2.0,113,1.0,0.0
0x021f38631f346fd5b05f6e73414881b29f959b88,1.0645975816724216e+17,0.0,0.0,1.0645975816724216e+17,0.0,1.0,97,1.0,0.0
0x021fe7301b7e40ef740ba6bc4957864967aaa2f1,3.210606300287004e+19,2097927407.0,1038185268.0,1.7836701670558986e+18,4.22519982959788e+18,18.0,78,0.4948623410590679,6.534365197042257e-11
0x022064c9f712b52d7afff7263527eabebf59a71c,10000.0,2000000.0,2000000.0,1004875.0,1149071.3913852351,4.0,17,1.0,200.0
0x02206509a713e003bd099fd12a2edfef9af84665,5.000802962518356e+20,0.0,0.0,1.250200740642093e+20,2.4998662015623007e+20,4.0,32,1.0,0.0
0x0220848dbcb1403f3faae97e30dd2adef05cf91d,4e+21,400000000.0,400000000.0,2.0000000000002e+21,2.3094010767582723e+21,4.0,126,1.0,1e-13
0x0221049b11fc262500edcef74c4b84e9454b681f,1.1867671066898116e+21,5.0471303730446906e+20,1.3955445556584081e+20,3.4052712024137576e+19,4.072735270429595e+19,60.0,21,0.2765025772093427,0.425283979021157
0x022131eacc4208eaf3e3b7cda7f17b267f529127,3797860716839849.0,0.0,0.0,3797860716839849.0,0.0,1.0,48,1.0,0.0
0x022170e70f0332cd8bf0d1578694c5d29eb9d79d,1.898200716940162e+19,1.5e+19,1.5021508672766583e+19,5.666172443624273e+18,3.1476093123966095e+18,12.0,77,1.0014339115177722,0.7902220174154984
0x02228784b938b4463de83d66bbfcde22682569d9,1507455.0,0.0,0.0,75055281426096.0,150110560840935.34,4.0,3,1.0,0.0
0x02238e3ff83f90c8299663119271d24a105158fa,1.1860780019949474e+19,8.93350000006e+18,8.954205315581611e+18,9.91152197305222e+17,2.383869577049399e+18,43.0,93,1.0023177159591954,0.7531966687717101
0x0224b2311d5968fa00a42103788b2f4ccd0651ad,2.2881053730291138e+21,5.500000000031971e+20,4.515615167594531e+20,3.782013424554485e+19,9.378245164615198e+19,146.0,6,0.8210209395578694,0.24037354506758501
0x0224c4b1947b01be8f3c0629a65a05a59174905a,2013484.0,3.006742041227673e+20,0.0,1.0022473470758976e+20,1.735943326886556e+20,3.0,136,0.0,149330317063739.9
0x0224c5a4e8bb58fcbe9e537ee8b9ac2f874a6ad9,1e+17,1e+16,0.0,5.5e+16,6.363961030678928e+16,2.0,23,0.0,0.1
0x0225949faef9a120994a5501e30a161b418b6371,9.90000000210161e+19,18428963609.0,18432213700.0,4.5267075668463944e+18,1.2668937346954703e+19,22.0,2,1.0001763577740428,1.8615114752613967e-10
0x0225c9cc9a6413812b15ad1c706c3c8b90c0459f,1.0009773839147039e+20,33987463557.0,33991276717.0,1.5060423840907753e+18,9.705305569949745e+18,68.0,20,1.0001121931324355,3.395427719263652e-10
0x0225da6feb71826cf6982af99cbc86fced60dad0,1.0541650049954644e+16,0.0,0.0,5270825024977322.0,6688063388512514.0,2.0,48,1.0,0.0
0x0226650b3c0931feaa9330611c1afdfc3ae02aec,1177247373.0,0.0,0.0,294311843.25,251503942.0471776,4.0,6,1.0,0.0
0x022701fa58cdb70211a1d7c7f54880ecb0a6696a,15113843844358.0,0.0,0.0,7556921922179.0,10687101378346.629,2.0,44,1.0,0.0
0x022706bf59a56d4eaa13c079e233bb39389148c0,1e+21,450000000.0,0.0,5.00000000000225e+20,7.071067811862294e+20,2.0,75,0.0,4.5e-13
0x022721a2c92011474105b443c3f4b00cc17e9b04,0.0,0.0,0.0,9.639790434967258e+20,2.155522670124806e+21,5.0,117,1.0,0.0
0x0227bca5020404a04e76eb3b2c4162a4ef9f0ec0,1021828.0,0.0,0.0,255457.0,510234.78788821655,4.0,40,1.0,0.0
0x0228213c43f6c2634a1bdad2fcab7316256cdff6,2.7628233651094936e+22,2.0070229035053235e+22,5.003701715261671e+21,3.36583967819751e+20,1.645306231054367e+21,210.0,0,0.24930964696628832,0.7264390944608154
0x02284b35e4d03658aa5f6e63320c1185ed916258,6.541691095292924e+17,600000000.0,0.0,2.8156011335441048e+19,8.880739385876632e+19,10.0,67,0.0,9.171940271403677e-10
0x022860885b57964e4daa35e0838a9427a861ef65,4.000000000005e+21,3.0000000000035e+21,3.0052480641368384e+21,7.783390742381607e+20,1.3966119044425515e+21,18.0,58,1.0017493547111107,0.7499999999999375
0x0228c4032162fc5485f00f2638822c15f32ca561,8.68752615228781e+22,6800000000.0,5332577865.0,2.2863291426206025e+21,6.410894236627914e+21,38.0,3,0.7842026272058824,7.827314566655157e-14
0x0228d303473dba1d64a1ebdf22ffa011408bf93c,0.0,0.0,0.0,5.922083688958801e+20,1.1844167377717334e+21,4.0,65,1.0,0.0
0x022912e31d168930df41a7d0860a588a53a2fdd6,3300000.0,0.0,0.0,1100000.0,0.0,3.0,44,1.0,0.0
0x022953327bdc06b41b8888e6cc8b0b3eaf8f9500,1107702.0,0.0,0.0,1107702.0,0.0,1.0,42,1.0,0.0
0x0229a3d4fab214ac8ae4fe6a5bb1b7279592ac9d,2545544627379560.0,498812.0,498812.0,1272772313939186.0,1469670875563805.2,4.0,22,1.0,1.9595492242989591e-10
0x022a09f4cb866d4d70853c9f8d50ce33f1fa0db7,5.688819261233076e+19,338000000.0,323354818.0,9.870595627941816e+17,4.529997717947372e+18,58.0,1,0.9566710591715977,5.9414789691655115e-12
0x022a109627e1f304eb65977c61b99b0b894868e5,9.765635926344168e+20,467466118.0,467527866.0,6.510423950902345e+19,1.7907550248865572e+20,15.0,77,1.0001320908566897,4.786847692518875e-13
0x022a4e92b9a9b3334d61c6bdfeb6dfe9bf7bcc7d,1e+17,5.0000000180532824e+16,0.0,7.500000009026642e+16,3.535533893167139e+16,2.0,23,0.0,0.5000000018053282
0x022a5be21c7b835e1f44700c8845d97d6d045a73,2200000.0,0.0,0.0,1100000.0,0.0,2.0,44,1.0,0.0
0x022ac4cd6291b77ba01ad70f61f5fff60198ed82,10000000.0,0.0,0.0,10000001.5,2.1213203435596424,2.0,20,1.0,0.0
0x022b36e7d24e441b4d5e8293b94552773fdef176,125346071167.0,105000000000.0,105054540056.0,92157272244.6,41101068001.7753,5.0,84,1.0005194291047619,0.8376808225613015
0x022b3fa410364e1e28054b704b0da3b67aa6dc90,1.2047403194819681e+22,8.817403194819682e+21,8.85428698305995e+21,8.889773503582609e+20,6.432588317002387e+20,47.0,73,1.0041830669898295,0.7318924296159622
0x022b4cb0486ddba599ea38a28134ce571883dc5e,1.047e+17,0.0,0.0,1.047e+17,0.0,1.0,94,1.0,0.0
0x022b755d4b5db88a2c32499fa667904fbe24c928,1.0507836288525442e+22,2.8171029098218143e+21,2.8183984592227433e+21,3.1696463133799475e+20,8.58881871563835e+20,100.0,0,1.000459887140229,0.2680954320632204
0x022b8932c3ca883592e054a6ea2977fe4f4dbe7b,100000.0,0.0,0.0,99981.5,26.16295090390226,2.0,67,1.0,0.0
0x022b9608392711481a768f61a7305747d33c2649,1108120.0,0.0,0.0,1108120.0,0.0,1.0,40,1.0,0.0
0x022ca32d31da3ef85922aafd9ad29c5b2418172c,1.7880719918560988e+22,7.845810592696844e+21,6.281143123636257e+21,7.793946575255214e+20,1.9444311852875435e+21,62.0,17,0.800572872544612,0.4387860571851216
0x022ce4715b44ef6f0ead8561b29da676928d16f3,5e+18,3500000000.0,67467238.0,7.142857147953524e+17,1.679710859219281e+18,7.0,51,0.019276353714285713,7e-10
0x022cf8fcf32a0af972cb723d82e0120b43c79af0,2.3012000000000067e+17,77002205922738.0,0.0,4.603940044118469e+16,1.0283711436590018e+17,5.0,101,0.0,0.0003346176165597852
0x022d41d3071853f439b0d861a93ff9834b822d36,9.218367106990357e+20,1100000000.0,0.0,7.681972589167796e+19,1.7979426586103103e+20,12.0,102,0.0,1.1932699004424134e-12
0x022d9d334a2ff3ccd372fa345c87106e3428b0f4,3.78171213252793e+19,44280412.0,44281962.0,8.568856670059037e+18,2.2316970451682206e+19,16.0,38,1.000035004191018,1.1709091133385723e-12
0x022db3d2cb668693ea15009057076a7f5e973ab7,4747961190.0,3796874124.0,3810024177.0,4182732670.0,518384392.6892713,5.0,77,1.0034633892435039,0.7996851642336192
0x022e790edabe6999a2b81dd92f685093f4371b70,1.74286213e+19,0.0,0.0,1.74286213e+19,0.0,1.0,33,1.0,0.0
0x0230b6df83cc33bcf9c7c29ace1ae5078fe36b74,4.132999325432022e+21,1.0925000725592002e+21,15244968992.0,5.6798906500264575e+19,2.8736607392072175e+20,92.0,99,1.3954204100223443e-11,0.264335894234631
0x0230bc307520081725023ab397785a35a96f233c,3.057733250805762e+19,1550000000.0,1551446324.0,1.389878750766111e+18,4.0676647874000773e+18,22.0,64,1.0009331122580645,5.0691145134767726e-11
0x0230d420819b2654845fb9c570ac53c969b6c386,1.1848176344676895e+22,39000000000.0,26722993945.0,2.0814011131132137e+20,7.29382612846268e+20,57.0,38,0.685204972948718,3.2916458082194038e-12
0x0230ddd091c49400b810ba8cc3953de9d803a75b,4701936632264797.0,0.0,0.0,4701936632264797.0,0.0,1.0,45,1.0,0.0
0x0231941abbc3dd9ced1f3279dcf862ff5c233c4b,1046900.0,0.0,0.0,1046900.0,0.0,1.0,40,1.0,0.0
0x023199a96a6e1ff70f46d6c6f4b3045ffe41d2dd,274850000.0,149850000.0,0.0,212350000.0,88388347.64831844,2.0,14,0.0,0.545206476259778
0x0231ef83f09887b434cbf714c3e2c1a53447f2d0,1.1567848022206806e+20,0.0,0.0,1.1567848022206806e+20,0.0,1.0,85,1.0,0.0
0x0231ffe3d56064d3e480fbc47742d6bfb59a9101,1567215.0,0.0,0.0,783607.5,1682.2070324427966,2.0,45,1.0,0.0
0x023234656d0c392c955965ed34e5b4862ffd1574,5e+17,496178204.0,500785776.0,1.66666666998988e+17,2.8867513430701414e+17,3.0,100,1.009286123338058,9.92356408e-10
0x023361359d0b6214e3810116f6e4edd51c24edaf,6.401107403835622e+18,0.0,0.0,6.402318073207181e+18,1712145044809411.2,2.0,77,1.0,0.0
0x0233760ac2ae6fa40dc3864ea95f7721cae8ed2d,7.377786851291181e+21,0.0,0.0,1.1218316252863684e+21,1.0677145882072226e+21,14.0,52,1.0,0.0
0x023430b58f86aa69730c8ab59fad2d2f4eea37cd,178674737.0,0.0,0.0,178674737.0,0.0,1.0,5,1.0,0.0
0x02347ae1abf2e0cd763a592842aa5d6548ca0b3d,0.0,0.0,0.0,5.923122336015577e+18,0.0,1.0,18,1.0,0.0
0x02349bc43d584a0f18fef86627d22eb4f362454b,1.2792602079385554e+18,174000000.0,23850089.0,3.9976881504424936e+16,1.787946550036191e+17,32.0,3,0.13706947701149425,1.360161122187875e-10
0x023768fbb4dcef5ce609f8d262cebc33860e9c30,4.3e+21,3e+17,3e+17,2.150149975e+21,2.4824329235671207e+21,4.0,130,1.0,6.976744186046511e-05
0x0237998acdc4cf790faeddbae7d2c6b223d4e938,4.916211109448664e+21,0.0,0.0,1.229052777362166e+21,1.425289750301525e+21,4.0,61,1.0,0.0
0x023876998090f4a06ad08b13fd942e44d3168d2e,1.463447419622918e+22,6.739108965763514e+21,0.0,5.6246271478934064e+20,5.188569697639571e+20,38.0,88,0.0,0.46049546265898367
0x0238d0aa37457dc99a0e9a41d109b861f0aa0b96,3.829e+20,2.014e+20,2.014659252782046e+20,9.738882710651704e+19,8.7118464437802e+19,12.0,101,1.0003273350457031,0.5259858971010708
0x02392917c57206903ef11d936c65d3c454fde057,3139165.0,0.0,0.0,1569582.5,1670414.6126529486,2.0,41,1.0,0.0
0x023ac6a83885a2fcab7d5302534e5b3879e744c0,1108722.0,0.0,0.0,1108722.0,0.0,1.0,40,1.0,0.0
0x023bbf778d8f5dd2e8e469f6e627f57d3b97faad,1.29e+18,0.0,0.0,1.29e+18,0.0,1.0,45,1.0,0.0
0x023c3e0bc65999c66d0711bcb2e2d30152895fd1,3468879141677288.0,0.0,0.0,1734439570838644.0,2448113435140985.5,2.0,40,1.0,0.0
0x023c43727bec8aeb89a47d828af31b99e97308b4,5.9240056e+21,0.0,0.0,2.3696022672542836e+21,2.795735200152872e+21,5.0,10,1.0,0.0
0x023c95f5975ee83991047a4019a8fe7e4f8c56ea,1063727.0,0.0,0.0,1063727.0,0.0,1.0,43,1.0,0.0
0x023cdc94241a89099f4be29f13c02121744451f1,3800140356843883.0,0.0,0.0,3800140356843883.0,0.0,1.0,48,1.0,0.0
0x023cf85b4b860caa294d518e7e1f50b45361f3db,1.823e+21,1.0227498056259132e+20,0.0,1.0133026213487333e+20,3.512305792414359e+20,19.0,64,0.0,0.05610256750553556
0x023d1b3fb8c5159dc8c3d216cfca0ba8937a074f,1.9660551670526083e+20,0.0,0.0,2.8086502386661384e+19,2.969543418032177e+19,7.0,40,1.0,0.0
0x023d208c4ded862fc9c4b77f6f751b781019ae9c,2200092.0,0.0,0.0,1100046.0,247.48737341529164,2.0,41,1.0,0.0
0x023dae0fc6722a75972b277d5ec54885177ad68b,1.8251897917405757e+20,3.0001471519542784e+19,38605086.0,1.5180032192406897e+19,2.693938273033237e+19,14.0,70,1.2867730829420441e-12,0.1643745305573518
0x023dc0303836189bf3f921476a51ce6898f180ad,1.2400000000095e+21,2048134554.0,2048254625.0,8.857142857307834e+19,3.314039399709314e+20,14.0,65,1.0000586245663232,1.6517214145034746e-12
0x023dd37773b7aaf99ef979f3b3e0e89f1e838bcb,13050.0,0.0,0.0,13050.0,0.0,1.0,48,1.0,0.0
0x023dd591110dea6c9414787180e9c7a0c779c0d1,1.3e+18,0.0,0.0,1.3e+18,0.0,1.0,43,1.0,0.0
0x023df098661175cddda47704d6cfef8fe5cd9c83,1150000000.0,0.0,0.0,1150000011.5,16.263455967290593,2.0,94,1.0,0.0
0x023e358a8ed5782c72ed6ada3b71b41fa234e74b,5e+18,0.0,0.0,2.2098355407568246e+18,2.0596546413622423e+18,5.0,77,1.0,0.0
0x023e73aa5dc6a1feadad4410abb65a010a710fdf,1.055e+17,0.0,0.0,1.055e+17,0.0,1.0,97,1.0,0.0
0x023ebb99d4b85e6470c6e45a3f2e70ab446d3e7c,2e+18,1e+18,8e+17,1.2666666666666668e+18,6.429100507328637e+17,3.0,23,0.8,0.5
0x023f57cc43fb63b4d6d5a18f8f656d828c40e489,2.1057111313832097e+21,2.760412223928835e+21,2.965007880367988e+21,2.0916338916771358e+20,2.9763974717018164e+20,51.0,53,1.0741177910551187,1.310916859766782
0x0240099b8b2b9a5b408e8de96131e93ed7fed9de,1.0015e+19,1.0003906207001295e+19,0.0,5.004726551750324e+18,5.768046718120858e+18,4.0,79,0.0,0.9988922822767144
0x024053954b25e537a1eec0473d59e9d5e0b54200,1.2992529629846161e+23,5.557970000261999e+22,5.55871568819653e+22,1.2793855879125282e+22,2.5695908952048436e+22,29.0,25,1.0001341655198743,0.42778197615146085
0x0240a0bc68d5a23dcb87ff51960bd67d01f6e247,15614.0,0.0,0.0,15614.0,0.0,1.0,45,1.0,0.0
0x0242b6cc997fc1c438d01421bef7839932d9de26,10445130.0,0.0,0.0,10445130.0,0.0,1.0,40,1.0,0.0
0x0243c7769ed199491b84409f3e70dcc28a94acf5,1e+16,2000.0,0.0,5000000000001000.0,7071067811864061.0,2.0,1,0.0,2e-13
0x02446a7eda8401db1e3ad37060042b14910350f0,1000000001182613.0,0.0,0.0,500000000591306.5,707106780350313.9,2.0,8,1.0,0.0
0x02447847989945cf88041ee712d9cd8dcc8ecc36,1e+18,0.0,0.0,1e+18,0.0,1.0,51,1.0,0.0
0x0245126a00cc1d2030adc172e8940daac4cbaf18,2.1e+16,0.0,0.0,2.1e+16,0.0,1.0,122,1.0,0.0
0x0245f104b40838219ccb47ca912b957848072e5b,9.16e+16,0.0,0.0,9.16e+16,0.0,1.0,94,1.0,0.0
0x024606f945ea417907f07bfd1965b8e41260748d,9.4e+16,0.0,0.0,9.4e+16,0.0,1.0,95,1.0,0.0
0x0246b0a279dd8466ecba9b3b0af5f51076763e09,5.116002224330301e+19,2564280082.0,0.0,3.6986991772334994e+20,1.2079430700333256e+21,26.0,2,0.0,5.0122731960611524e-11
0x024703e2966869ebf5a522a2796ec53e31bcf9e1,260000000000450.0,0.0,0.0,3661971830992.2534,4851932345453.96,71.0,93,1.0,0.0
0x024713784f675dd28b5ce07db91a4d47213c2394,0.0,0.0,0.0,1.5171956325173998e+18,2.6278599205273554e+18,3.0,1,1.0,0.0
0x0247461af9aa7b6c38901ecc1ba56ec07b4481a7,1629120.0,0.0,0.0,1629120.0,0.0,1.0,43,1.0,0.0
0x02474c6133b2e0de0e50811779436aaa300e49f8,4146439863845776.0,0.0,0.0,4146439863845776.0,0.0,1.0,45,1.0,0.0
0x0247542b512035f5d1373358e86683a04b1c1769,61442644746.0,36000000000.0,36000039605.0,19488536699.2,2868186657.169848,10.0,81,1.0000011001388889,0.5859122788223345
0x0248d827e45291b75c60cd9c66cf4d5b8ed4223b,1.8e+22,2000000000.0,2000000000.0,9.000000000001e+21,1.0392304845412108e+22,4.0,134,1.0,1.1111111111111111e-13
0x02491d37984764d39b99e4077649dcd349221a62,5.376726769708291e+23,4.199051244553148e+23,1.4663222052498567e+23,1.1680685113504331e+23,2.153715838710907e+23,279.0,51,0.0974126584751476,0.959524053171711
0x02499b7b592820c7889e9dbe15a15d314c811ce7,9613073686.0,0.0,0.0,3824614737.2,4083923275.3697915,5.0,106,1.0,0.0
0x0249bea8bd7820ce8c8f122dc48ca1a2adda1ca6,2.057824078522239e+22,59122582622.0,568998890.0,1.3575747346960058e+21,4.692813523679596e+21,24.0,5,0.009624053361097099,2.8730630202586124e-12
0x0249e53c098646467fd551a8e16b1afc1c40ae7d,1.0000000000001e+17,0.0,0.0,5.0000000000005e+16,7.071067811864768e+16,2.0,8,1.0,0.0
0x024a9d082eb98a353c3583bfd0050e2410f330c7,9.999423187681563e+18,0.0,0.0,1.0002233399139447e+19,3974239156873874.5,2.0,51,1.0,0.0
0x024b52ddd4a3562768ecd61b1c2cdf35d0613e0a,0.0,5554670744.0,11109357539.0,6740794070.25,2372235951.845401,4.0,77,2.0000028896402218,0.0
0x024c33affbf5499b02d97ccc3358dcbc7640d1d0,23450866332.0,16901340015.0,16902788693.0,1.6046989925821143e+19,8.182391474940494e+19,26.0,65,1.0000857137953982,0.7207128204017431
0x024c74f59e3c377510243e305573f393ee48e9fb,2200000.0,0.0,0.0,1100000.0,0.0,2.0,44,1.0,0.0
0x024c96a25f56b855e2b50338ee6c0540205fb3ee,0.0,0.0,0.0,52327949481222.0,0.0,1.0,15,1.0,0.0
0x024d37ae44d299b9cef36d348232a66801c3a25a,7.07822951818895e+20,4.405453545820342e+20,4.407829331790922e+20,3.828729352694012e+20,3.1965000185166666e+20,6.0,59,1.0005392829468907,0.6223948424531351
0x024e14fa72c351f132475f297f64521a7fae286a,6.780866709594212e+20,2.1000002856598963e+17,2.0000605350803843e+17,1.5188859141915617e+19,8.997461117550289e+19,45.0,4,0.9524096490548298,0.0003096949660857686
0x024e1c249abaa8f5369b3f4c4ae2b42fe4a42a1b,1108135.0,0.0,0.0,1108135.0,0.0,1.0,40,1.0,0.0
0x024e3c5dce2044ccf6b28179b88e9db503ee5c11,24711920.0,15635911.0,15639164.0,4247400.157894737,2541641.8056694786,19.0,113,1.000208046720143,0.6327274853592922
0x024f9b9537996ff27e6d57469418b14b77d91ce6,8.3e+17,0.0,0.0,8.302718388795034e+17,384438230174093.06,2.0,86,1.0,0.0
0x024fa9444a644ca26705a48486b05d74292412aa,4.350809809476951e+20,5.600000000035e+19,5.603040124197619e+19,2.1903712739672887e+19,3.6238222891334496e+19,30.0,32,1.00054287931475,0.12871167082130452
0x024fc1c9a1e23106bcaeda73744f4acd742e378a,3567.0,0.0,0.0,3567.0,0.0,1.0,42,1.0,0.0
0x024ff3388331e62d6f9503057d211d74650b1998,4.981844637590988e+20,482685674.0,7694912.0,5.535382930662101e+19,1.1884212877822681e+20,9.0,0,0.01594186944939244,9.68889455841013e-13
0x0250d8bb140926f8ddc259c9387fe34ce0c8c57d,0.0,0.0,0.0,120000000.0,0.0,1.0,14,1.0,0.0
0x025123f35f34993e0ac581f118271e6170e2aed4,1.6548e+22,1.564e+21,1.564e+21,9.056e+21,8.651016433537351e+21,4.0,132,1.0,0.09451293207638387
0x025145e68a91730eb521d9969da9dacbc73962b6,3339463178746.0,0.0,0.0,3339463178746.0,0.0,1.0,51,1.0,0.0
0x025173dbf24729ca136788bfc953c52d68f76c0b,9773.0,0.0,0.0,9773.0,0.0,1.0,51,1.0,0.0
0x025199bf0c349f6cdc3935d708d08646e3960ba3,1e+16,2000.0,0.0,5000000000001000.0,7071067811864061.0,2.0,1,0.0,2e-13
0x0251a94286c3a2cfebefd2558b916b7a6c180476,3000000.0,0.0,0.0,1500000.0,707106.7811865475,2.0,40,1.0,0.0
0x025240adb2807492533b854de7764e85223c43e6,1.294e+20,20305166.0,0.0,2.588000000000406e+19,4.519814155471149e+19,5.0,124,0.0,1.5691782071097372e-13
0x025297ca7459dd67dbfd8443d9b5f321e89fad83,3.172462436758454e+20,3.7424550522900594e+21,7.491335141764777e+21,1.39680919609715e+21,1.9329791481717187e+21,13.0,49,2.001716797421716,11.796688304098598
0x0252e3524f4d28702b6b3ab7aa7c8eacaa9caf4d,7.480627409853589e+19,9.000000000010516e+22,105158899255.0,5.634352774880936e+21,1.5474871917199726e+22,16.0,33,1.1684322139430793e-12,1203.107641500175
0x02535f81854b731a185a765286f7196c6c2b63a4,5.000000000000332e+21,40000000000.0,40015872828.0,1.6621500883155806e+22,3.665838425119039e+22,12.0,96,1.0003968207,7.999999999999468e-12
0x0253a60208a4b7e121489955e1c4c53c5e22eb24,9.21e+16,0.0,0.0,9.21e+16,0.0,1.0,97,1.0,0.0
0x025414a2fee2c30ac83ce3a4ae7e38e6162178b7,0.0,0.0,0.0,1.0042073481848991e+21,0.0,1.0,69,1.0,0.0
0x02541c321cf0f1bbbdec7325d816acbd2aafb882,50000000.0,0.0,0.0,50000000.0,0.0,1.0,70,1.0,0.0
0x0254569fb995558c568b0ba40f93cf5789f3eaec,4.466e+21,0.0,0.0,4.962222222222222e+20,5.140887028951759e+20,9.0,37,1.0,0.0
0x025466fb7e5351313939f54399fae325b62e53bf,240000000000430.0,0.0,0.0,3582089552245.224,4830927051160.097,67.0,93,1.0,0.0
0x0255c9d3850caca1152aeb20425c264787661692,3.4758568304459965e+21,2.4015000000137894e+20,2.400195422811341e+20,2.998082845462747e+19,6.512808448379892e+19,167.0,0,0.9994567656870952,0.06909087793773273
0x02561edb032a795fa02e46d1ec922ef0fbca14a5,9.9996691648619e+18,2.005e+18,1793667849219873.0,1.3341625369690135e+18,3.3142411889693107e+18,9.0,78,0.0008945974310323557,0.20050663346397718
0x0256b3d533b384fd24bfef8f61491ceea5426b5e,2.742031118840765e+22,9.666308494802767e+21,1.224328695426995e+21,5.108406636872754e+20,1.1466004185886362e+21,75.0,47,0.12665938564709303,0.35252366132479723
0x0256ba1f18ca0f91a93bdb2f218d91dd20ee428a,5.555460344383866e+21,4.5439830841719207e+21,1.2439900315040764e+21,4.694221943878721e+20,1.1692918448074318e+21,36.0,7,0.2737664310057124,0.8179309728608773
0x0256d43f6af4a9c14096c4d188a8d25380cc1e95,5.800172544968935e+19,1.6e+19,0.0,1.480034508993787e+19,1.6961701283054113e+19,5.0,13,0.0,0.27585386255238886
0x0257272644deb3c685ec485700b7ff8f375d8879,1.0025002049631586e+21,2.0014909548162636e+20,0.0,2.4052986008895698e+20,1.641975844878604e+20,5.0,12,0.0,0.19964992973640514
0x02577874b50993e03070e7c7eefa78eac31cadd5,5.017470116353925e+21,8.510000000189625e+21,8.512833681173523e+21,3.2591418405074285e+20,6.958095513943047e+20,83.0,0,1.0003329824892873,1.6960738784376932
0x025792a600b4844383a838f9ca9d97394ad23369,2.2136462907293515e+21,1.4264629072965157e+20,1.4264663657036902e+20,1.2007207874985275e+20,4.326159791976465e+20,22.0,22,1.0000024244634451,0.06443951381349751
0x0257bc0be8a81893f201dd679e561e98b155c264,5.12e+19,0.0,0.0,5.12e+19,0.0,1.0,83,1.0,0.0
0x0257c9642f615dea26ba140f1f6e2875eed04031,98.0,0.0,0.0,98.0,0.0,1.0,51,1.0,0.0
0x0257fc2aa74432212668a587a6e3ff0c0df2e317,2.5e+18,0.0,0.0,1.25e+18,7.071067811865475e+16,2.0,40,1.0,0.0
0x0257ffe501e6d7670c5510b6d8a558eddea79475,3.501e+21,1600000000.0,1602931899.0,3.8900000000035586e+20,1.1299840706840465e+21,9.0,34,1.001832436875,4.570122822050843e-13
0x025817be5fbbe7db8bbac15f20c3c81852cef12b,1108072.0,0.0,0.0,1108072.0,0.0,1.0,41,1.0,0.0
0x0258527810d6b6317e2a8426c765f88dd4064cd2,0.0,0.0,0.0,1123040035.0,0.0,1.0,92,1.0,0.0
0x0258aa61198204d52dbed666326bed75b3a09126,3.333381157769402e+21,1.0000000001095e+20,1.0000006095394274e+20,1.3086597106423341e+20,4.831955365084367e+20,27.0,10,1.0000006094299272,0.029999569589535625
0x0258fefede90decf71000c32412f33726b27d5c0,5.001395603537513e+18,1395603537513117.0,0.0,4.547992006431842e+17,1.5074725648289994e+18,11.0,132,0.0,0.00027904282087303775
0x0259575795db48a8dbc036ca387762c95ceee9b5,4.93926498084628e+22,4.12010000000009e+22,4.134352536064343e+22,7.25839020276018e+21,9.814155081248712e+21,25.0,62,1.0034592694508027,0.8341524530425505
0x0259dd342c7cb02ed24445342620a1a502770d48,1.0200000000003e+20,0.0,0.0,5.1000000000015e+19,7.212489168100663e+19,2.0,12,1.0,0.0
0x0259fa6d53ab21b16d8d3e95b81c99b5b74cff8b,1065188.0,0.0,0.0,1065188.0,0.0,1.0,47,1.0,0.0
0x025a17b52b74fe913eb751ec001ed71bb188aaa3,1843504.0,0.0,0.0,1843504.0,0.0,1.0,40,1.0,0.0
0x025acefa3cf20e71f44ccd3b81e2c1924602c48b,9.7166995342529e+22,4.711217934017733e+22,491403399101014.0,1.1317153326233509e+21,3.757130726064425e+21,130.0,55,1.0430496019995077e-08,0.4848578385500083
0x025b6d0137e847ba5df51e8af8508e4874d2ddbd,8.322000000003e+22,2.1400000000072e+22,30997360533.0,1.2165116279093492e+21,2.9085904317826125e+21,86.0,2,1.4484747912568087e-12,0.2571497236249013
0x025bbb8ef2d8ade3ae7b2ed26765be344d94296f,5.415400003467831e+16,50864023.0,0.0,1.8051333361847444e+16,3.126582645300105e+16,3.0,45,0.0,9.392477557969582e-10
0x025bc6b46c828a9cf89f036a447c269888207985,9.92e+16,0.0,0.0,9.92e+16,0.0,1.0,94,1.0,0.0
0x025cbfcaf636265ea78a5ca1bf1b688a84a3afc2,48626658149479.0,0.0,0.0,48626658149479.0,0.0,1.0,51,1.0,0.0
0x025e5b9df86443eb28827645c3db2a9a36c3d670,2.5e+16,0.0,0.0,2.5e+16,0.0,1.0,68,1.0,0.0
0x025fedc5cf1f0a2317f991a0d43322f763d1c245,1.42e+20,0.0,0.0,1.42e+20,0.0,1.0,75,1.0,0.0
0x02608d35121db289427f6fd4fa53e93b5cae0bdf,1.2007265347410584e+19,5.0000001416585306e+17,47183819.0,8.609766583428084e+17,2.484927278210074e+18,25.0,29,9.436763532640388e-11,0.041641456209983746
0x02615eb2838102011972e092add331d9e723448f,5.9e+21,700000000.0,700000000.0,2.9500000000003497e+21,3.406366588218388e+21,4.0,132,1.0,1.1864406779661016e-13
0x0262af8dff0aca22f8484e83b92d55328701ecfe,1.58216772760069e+21,0.0,0.0,3.955419319001725e+20,2.8840951079309954e+20,4.0,36,1.0,0.0
0x0263c0db809c695ddb08c0fbd4b0c5a2e41e9b1d,1108647.0,0.0,0.0,1108647.0,0.0,1.0,41,1.0,0.0
0x0263c51c0e9812f7702960c62678311867cf869f,1e+17,0.0,0.0,1e+17,0.0,1.0,109,1.0,0.0
0x026439f5f63c64472aa2a6c639003e1f5e8c8058,6313069.0,0.0,0.0,123303129.0,165448929.51484212,2.0,45,1.0,0.0
0x0264ac5bc4626a76eb59a761b1075a36c7b2b860,4e+21,5.5e+20,5.5e+20,2.275e+21,1.991858428704209e+21,4.0,131,1.0,0.1375
0x02662348a0c536e9444d8bc3cb6f9a5af39e3d18,1e+17,0.0,0.0,1e+17,0.0,1.0,101,1.0,0.0
0x0266e5afc61b51f53d3aa70dc6f2438656909d94,3.03821349635e+20,1.4e+20,9.041346353001015e+19,4.462271767961853e+19,4.0287088645994406e+19,14.0,37,0.6458104537857868,0.46079711043411187
0x0267640eefc2a0c4ed2c3b7fc4cf7f920a215b4e,2.950000000299484e+20,0.0,0.0,1.3195476479273012e+20,5.285051609190547e+20,35.0,50,1.0,0.0
0x0267c58c62587e65e816d39570769fb34c9b4ab5,29957901.0,22000000.0,22044965.0,17330625.166666668,7268638.853392715,6.0,81,1.0020438636363636,0.734363866146697
0x0267c774380db18ed0c9ca3e41ed086e53750480,1.271670107657327e+22,1.980000000013428e+22,1.0030098522560025e+22,8.027886716842937e+20,2.0729184396846747e+21,53.0,0,0.5065706324490911,1.557007582462552
0x0267e55f02fcf8a26a2f5674321e02ff1971e6d3,1130415.0,0.0,0.0,1130415.0,0.0,1.0,39,1.0,0.0
0x02682dcf41d8edbb797dba7a1b8f761b52cc6e0b,3.534664037766557e+16,3.433224659721161e+20,2.133224659721161e+20,6.1853364287178875e+19,8.307290672456986e+19,9.0,0,0.6213472379912408,9713.015503138195
0x02688d5a7262c765ab251eedc673364e2a223f9c,4.8234334927284934e+17,0.0,0.0,3.215957083170868e+17,1.9620266882037773e+17,3.0,74,1.0,0.0
0x0268c472991073c5b959236d916b6801e5f0ac52,1.0644184729584253e+18,0.0,0.0,5.322092364792127e+17,7.526575202491309e+17,2.0,45,1.0,0.0
0x0268f26c311fee1e2652b78e0f4b186239bb30e3,1.4455312885093831e+20,89285722.0,89467702.0,4.718359923628855e+18,6.986542200229629e+18,54.0,68,1.0020381758239016,6.17667169916955e-13
0x02692deba5e6310b82cf8169058dda036cec8299,9.1000000000015e+19,0.0,0.0,7.000000000002308e+18,7.176350047201224e+18,13.0,50,1.0,0.0
0x0269ae21dbae267fb041ee16ba8500dd0fde2f2d,1.4072806225208853e+22,2.5e+21,2.5108900261276203e+21,7.22782629356801e+20,1.7929975209425657e+21,29.0,68,1.004356010451048,0.17764758215186024
0x026a45e4ee23f6777ef668cc21ce816e791926fa,2.3150122812983665e+19,6000000.0,6025337.0,2.31501228130017e+18,4.936602813170214e+18,10.0,4,1.0042228333333334,2.5917789069502995e-13
0x026a55d367905cc892280e5ba04d64e9d745b86c,2.3929886170260193e+23,8.219848582636158e+22,8.125129507828825e+22,4.575060743112316e+21,6.194174787746114e+21,127.0,0,0.9884767859340597,0.34349718691314535
0x026a70d0c086a56cc9118ebd416e69cc15a0ad7b,0.0,0.0,0.0,14414864387.0,0.0,1.0,106,1.0,0.0
0x026a94e94cc11b082cd663b9d92fd07a6d708887,4.875385544976953e+17,765801448.0,768309865.0,1.1338105976812884e+16,7.434893238257662e+16,43.0,51,1.0032755448642088,1.5707505405167297e-09
0x026ad6ecd5124809d5f3b393f6a94ac195ca55b9,3.9800000000000406e+20,2e+18,2e+18,6.7000000000001335e+19,1.5349136783545775e+20,6.0,6,1.0,0.005025125628140652
0x026ad881fc19964d8d184b4a691d049cc59a45a6,13501.0,0.0,0.0,13501.0,0.0,1.0,49,1.0,0.0
0x026b3b45e33986244fbbb060d1387bc896b0da8a,1.096e+17,0.0,0.0,1.096e+17,0.0,1.0,97,1.0,0.0
0x026bdccdd3a4327905c1075ae4b90908ec027add,1.0260235451059093e+17,0.0,0.0,1.0260235451059093e+17,0.0,1.0,50,1.0,0.0
0x026c2da77a4584478550de459a6abb848519ffe4,7.51430853032193e+22,234239771860.0,146710589754.0,4.271352200326061e+20,1.193344348542672e+21,176.0,0,0.626326556711666,3.117249856254766e-12
0x026cfe8238076c5500416ce21c6c3b3e00484494,1099867.0,0.0,0.0,1099867.0,0.0,1.0,41,1.0,0.0
0x026d639c41b00c686ad758543cf569dfcf2e3d4a,4.4474146115293277e+21,2.169243701158572e+18,2.1698022884955546e+18,2.69743717095588e+20,5.984734299152949e+20,33.0,43,1.000257503265624,0.00048775387289844705
0x026d91ed039c1c67623df86c399c13deee6a9365,2285721.0,0.0,0.0,1142860.5,182029.79157407174,2.0,44,1.0,0.0
0x026dabd6be7ad158b76eb7a2a3d4f421f52902b6,112781511.0,0.0,0.0,56390755.5,65646790.180836566,2.0,44,1.0,0.0
0x026de7b3d021dd600438f69e49c0e34495bf0edc,2.843601802159608e+21,1348108280.0,1349130169.0,2.041162946503017e+20,6.067006008900458e+20,14.0,76,1.0007580170043908,4.740847607341376e-13
0x026e0a569b23b6afac6520a977fcb83192f370f1,9.966293455564694e+20,1.500000000000014e+21,1.5001427465473785e+21,3.328984495493505e+20,5.4094855927205554e+20,15.0,7,1.0000951643649096,1.5050730812692323
0x026f1313e8e40682321b7c819223575a18e537a6,1.419872819435836e+18,0.0,0.0,9.466141840491424e+17,7.345636401013567e+17,3.0,76,1.0,0.0
0x026f60f1b29eea84a8c02ec14f2edcb3369a8c7a,1.00000000011e+16,0.0,0.0,5000000000550000.0,7071067811087658.0,2.0,45,1.0,0.0
0x027011c0fd7e86ab7fcab831b204fddfb6af2ed7,3.499056451254882e+21,1.1155000010005e+18,2.000000000005e+17,2.5002799651827738e+20,9.325304566872227e+20,14.0,103,0.17929179723990907,0.00031880022987352586
0x02703abfdc84e7614bdc52f9e65952a8c0ac4a2a,1e+17,1e+16,0.0,5.5e+16,6.363961030678928e+16,2.0,23,0.0,0.1
0x02704afeed85438de25e9c73ca719b6940e2ae02,9.933951476878341e+17,0.0,0.0,9.933951476878341e+17,0.0,1.0,79,1.0,0.0
0x02706710a0bd191361d1935d74e812a9c588cd05,2.067456987278344e+21,1588244425.0,1489177777.0,2.8714680378952372e+19,5.9734623661088555e+19,72.0,0,0.9376250617092518,7.682115926826646e-13
0x02708e817ac0bf55c3be213a59fbf133f1ef741e,1585443.0,0.0,0.0,1585443.0,0.0,1.0,45,1.0,0.0
0x0272af7b463992f2ede10d8f67da310ee493caec,110007372.0,0.0,0.0,110042769.0,50058.91746732045,2.0,74,1.0,0.0
0x0272c4b2d9fff2b858a0cae4ddbf162b7871bd20,12737.0,0.0,0.0,12737.0,0.0,1.0,48,1.0,0.0
0x0272ee737cde66c1b4d41fe77eaed028d209a477,2e+16,0.0,0.0,2e+16,0.0,1.0,124,1.0,0.0
0x027342b26e74ff005755d532f4035ec78822621b,2.22e+16,5000000000000000.0,0.0,1.36e+16,1.2162236636408618e+16,2.0,112,0.0,0.22522522522522523
0x02736d5c8dcea65539993d143a3de90cebca9c3c,5.064249820717191e+22,8.000000527214925e+17,8.000005688349435e+17,4.566899847129067e+20,1.3372257545093288e+21,111.0,50,1.0000006451417713,1.579701004181894e-05
0x02744561ef8292feec44b87d08e8961bb4e29bd8,1.0083612448135689e+22,5.0001562452466e+21,5.00765518738765e+21,8.3692950585878e+20,1.6872191920369057e+21,43.0,21,1.001499741562712,0.4958695379224987
0x02747fbebef61554592e17ef33d645a3780890b4,1.3e+18,0.0,0.0,1.3e+18,0.0,1.0,42,1.0,0.0
0x02752126b20e1ac22e068e29a12bc03d206711f4,7793776409023967.0,0.0,0.0,3896888204511983.5,76130675622330.81,2.0,39,1.0,0.0
0x027747771ce20e60d24344e2a62a1377960cced0,1.3944147864216834e+22,7e+21,0.0,7.480466927126959e+20,6.477771668637917e+20,28.0,99,0.0,0.502002708818317
0x027763281d2088f8e23a42be830c244631e344ce,1894605.0,0.0,0.0,1894605.0,0.0,1.0,39,1.0,0.0
0x0277c418ad9186e3de965d28da09ca265314e6ae,1297128.0,0.0,0.0,1297128.0,0.0,1.0,46,1.0,0.0
0x027937f64f35377f87e8a8318c0370d74b456cc8,3.064999196855193e+21,2e+20,0.0,8.162497992137983e+20,9.786157650788774e+20,4.0,85,0.0,0.06525287191109469
0x0279431a5e11d234dcf1d4493494db9f06ea42cd,1e+21,0.0,0.0,1e+21,0.0,1.0,7,1.0,0.0
0x0279a66c8fc0e8437c4c3fbd428da735c830ef16,6546836684251631.0,0.0,0.0,6546836684251631.0,0.0,1.0,43,1.0,0.0
0x0279ef39c3029af541cbabcf8e83afa0c96e8782,800000.0,0.0,0.0,800000.0,0.0,2.0,59,1.0,0.0
0x0279fec16f8d9195ac8345eebd1b6786e3336519,9.919185154523991e+19,0.0,0.0,2.47979628863219e+19,4.946810741534994e+19,4.0,71,1.0,0.0
0x027a12b07a0b4f8199fea7e1b09ee9907a995390,16741473.0,0.0,0.0,16741473.0,0.0,1.0,34,1.0,0.0
0x027aa5f566399e167351f745a3bd80d8bacaa755,1.4e+18,0.0,0.0,1.4e+18,0.0,1.0,43,1.0,0.0
0x027af3fec91de9714ad0540be7b03487f332238d,0.0,8.000000000037027e+21,8.037436132863168e+21,4.745981966476367e+21,9.679123384412806e+21,15.0,19,1.0046795166032458,0.0
0x027b2fdf7b0793679acde003a5e22e17a4803fed,2e+17,1e+17,0.0,1.5e+17,7.071067811865475e+16,2.0,23,0.0,0.5
0x027b6146248b3a7648e7c7e243bd01e1704bc3ca,2.7875496783819702e+19,30450000000.0,30490154660.0,3.1056408025422517e+21,8.761555382130251e+21,8.0,73,1.0013187080459771,1.0923572137976986e-09
0x027be761f83937636dc3bf635e2868f8c60d4e99,5e+18,0.0,0.0,5e+18,0.0,1.0,44,1.0,0.0
0x027c04aae42b4143f5718ab191ef5668c268c09b,2.5297701676101167e+20,123000000.0,3223300.0,7.22791476460394e+18,2.1309881838205993e+19,35.0,3,0.02620569105691057,4.862101766193193e-13
0x027c50af86f3e7e4663f9933e48be032720fa8ff,1.12e+18,0.0,0.0,1.12e+18,0.0,1.0,40,1.0,0.0
0x027cb2d88746942364a7f8af881f3b69e9d08662,3.630261213685977e+19,2.71726912616401e+19,0.0,1.586882584962497e+19,1.6479349946395398e+19,4.0,11,0.0,0.7485051257248339
0x027cedb5d69afdd68ce27cf58dd6d05a72edc4f6,9.91423101213727e+21,6.04000000052445e+21,459798670207.0,1.095505926594178e+20,7.190757838507227e+20,147.0,2,7.612560764355562e-11,0.6092252634753131
0x027e5ccac847d32be8ed742741d83a02fd9569b3,9.37e+16,0.0,0.0,9.37e+16,0.0,1.0,94,1.0,0.0
0x027e9fac2d42f779d2232b76e31a3b7cbd955d70,1e+19,3000000.0,3000000.0,2.5000000000014996e+18,4.999999999999001e+18,4.0,123,1.0,3e-13
0x027ec37fe00524dbeeae9c6ba96164f84eca09bb,4.95e+21,8.99e+20,8.99e+20,2.924535e+21,2.3388863557043555e+21,4.0,114,1.0,0.1816161616161616
0x027f08f671c30de73da57a5e17c9a052e6fff567,0.0,0.0,0.0,3.991927433362034e+22,0.0,1.0,70,1.0,0.0
0x027f4228e1c3080b77547885ca9297c2a410ce75,1.12e+18,0.0,0.0,1.12e+18,0.0,1.0,40,1.0,0.0
0x027f8eb5a7e2607c679b797dcd10193f03238ae0,1e+19,0.0,0.0,1e+19,0.0,1.0,144,1.0,0.0
0x027fca5dce8baa10e93ca93d0f2150e7ca4d4107,2939000000.0,0.0,0.0,2939000178.5,252.43712088359746,2.0,42,1.0,0.0
0x027fcbfa8ac860652c516b16a2f02080917489d2,4.272300000007655e+22,3.400000000006585e+22,3.4053056456191468e+22,7.311621736019543e+21,1.3737079650312824e+22,21.0,55,1.0015604840036916,0.795824263277507
0x027ffd3c119567e85998f4e6b9c3d83d5702660c,2.5140722956719525e+23,0.0,0.0,2.5140722956719525e+23,0.0,1.0,141,1.0,0.0
0x02803ab2f41603f75d57ab98871baf84b0c80e90,1.08365e+22,2500000000.0,2505959010.0,3.870178571430359e+20,1.747526381309556e+21,28.0,51,1.002383604,2.30701794859964e-13
0x02803b28b29a24d895e523fbfa561700e01b09de,1109537.0,0.0,0.0,1109537.0,0.0,1.0,40,1.0,0.0
0x028062ffc2a94ca94e464240142c956d10fa449d,0.0,133187272877.0,266528066349.0,143158834806.5,19840908782.516777,4.0,83,2.0011526671556807,0.0
0x0280ce4e1add2b66e6fb0588976dec050c141135,209749046.0,0.0,0.0,209749046.0,0.0,1.0,46,1.0,0.0
0x0281531ebed0d369e29f29bb4295be46113e422b,5.376726769708291e+23,4.199051244553148e+23,1.4663222052498567e+23,2.122665588756866e+22,5.370225788059175e+22,105.0,54,1.0076600330160903,0.9403673729378987
0x028179cc3d6dd3e3f98086134062eb1f7236ae1b,1901664.0,0.0,0.0,1901664.0,0.0,1.0,39,1.0,0.0
0x0281817134298991d74fb31dcb3efa1e936a4c25,3.6643153158258183e+20,8.800000000056948e+19,2.000020791473919e+19,2.0563051576176247e+19,4.4255445456465306e+19,53.0,74,0.22727508993874732,0.24015400536221898
0x02820c1f9427f1c82e1901f1e7cadfb150560dac,3.417984964954829e+20,1.13e+20,8.302153670442272e+19,5.728099060637732e+19,4.587959006071323e+19,13.0,10,0.7347038646409091,0.330604145888902
0x028216b8e4ddc7b4272eea40afbaecca24f30b46,4.6374825996659904e+20,1.457582350824e+20,1.4589154310225986e+20,4.7968496052655096e+19,5.2199599645579895e+19,25.0,75,1.000914583109383,0.3143046511762612
0x0282887135e0d365f4e4875870f86bbdaf1e39c9,5.9e+21,700000000.0,700000000.0,2.95000000000035e+21,3.406366588218388e+21,4.0,134,1.0,1.1864406779661016e-13
0x0282dab7d9ba8b1f48d053dbadc4f3ba1c9cde59,4.6282e+20,0.0,0.0,4.6282e+20,0.0,1.0,93,1.0,0.0
0x02835133eb28375ad3e326843cf7c60ae4ee2634,1000000.0,0.0,0.0,1000000.0,0.0,1.0,45,1.0,0.0
0x02837591442503df088054033a4b4df8f2761267,1108368.0,0.0,0.0,1108368.0,0.0,1.0,41,1.0,0.0
0x028376711aef541bf1424ac8ac0aba60ec91df46,9.8e+20,0.0,0.0,9.8e+20,0.0,1.0,94,1.0,0.0
0x0283b39a24e3c67e48fcb05dbcff44b31a0e41c2,1.1430373128670669e+18,0.0,0.0,1.1430373128670669e+18,0.0,1.0,43,1.0,0.0
0x0283de3def25719ec46cb4db3bb1693f5af5cf6a,7737990.0,1200000000.0,1200124639.0,402600210.5,491501413.0708605,6.0,73,1.0001038658333334,155.07903215176034
0x0284481639f1c8e0cf1e071d644181d7ad876293,2.22e+16,5000000000000000.0,0.0,1.36e+16,1.2162236636408618e+16,2.0,115,0.0,0.22522522522522523
0x028560d6943435b7e129c1872b67f36d65ce3b41,7.556623e+20,3.5e+20,3.501641904667207e+20,2.8701205541157552e+20,1.727673099464342e+20,7.0,52,1.000469115619202,0.4631698577525966
0x0285b14e8ccc8c4bcb7cf0bcafaf6965f573343e,4.52e+16,5000000000000000.0,0.0,2.51e+16,2.8425692603699212e+16,2.0,111,0.0,0.11061946902654868
0x028641d71b87eb53da604565ed4fca4f7585f663,3.7e+17,720000000.0,720879573.0,1.2250000024014661e+17,1.897827703702233e+17,6.0,13,1.0012216291666667,1.945945945945946e-09
0x0287445f647c448c92129fbb2ef816f43b0c0bf6,1.9388071159081085e+21,7.000000000008e+20,3.002161006733632e+20,2.236988809456553e+20,2.6781384812281364e+20,18.0,79,0.42888014381860007,0.3610467458352248
0x028a9d6c53b9388260474435e6781c8237adf1fe,9.5e+17,2949898907896442.0,0.0,2.382374747269741e+17,4.417692928993675e+17,4.0,23,0.0,0.0031051567451541493
0x028b43ead0c73b7099360e8d1a97d8daeed5b3bc,1153131.0,0.0,0.0,1153131.0,0.0,1.0,49,1.0,0.0
0x028b71522a2f1e60270bc545827045a6d88bb2a5,1.096e+17,0.0,0.0,1.096e+17,0.0,1.0,94,1.0,0.0
0x028b834fe5fc19bd8e5c5393c70b630268833d7f,0.0,0.0,0.0,17060000.0,0.0,1.0,2,1.0,0.0
0x028baf20c23e74a7cce3b3120bb95ab8d1e35278,1.521294842677957e+21,6.303563062682727e+20,4.862842505467238e+20,1.139126446449425e+20,2.0212970796510347e+20,35.0,72,0.7714434609618493,0.41435511945774267
0x028bb67ffc951c70e17826a916a9364f54e11e0d,6332699088901104.0,0.0,0.0,6332699088901104.0,0.0,1.0,45,1.0,0.0
0x028c0a2384ee76c564023f477b5d318a89161c16,4.4405144119549166e+20,0.0,0.0,2.114775635745413e+19,4.270844509970973e+19,21.0,54,1.0,0.0
0x028c68b65e6c87ede62b33c62824cd65c80e2b2d,5.800056776810115e+21,4.500000000001e+21,0.0,2.5771391942132246e+20,4.5901714522444366e+20,40.0,1,0.0,0.7758544740446294
0x028c6ca71aee61d84266c8ebd639e2db5800018c,1108324.0,0.0,0.0,1108324.0,0.0,1.0,40,1.0,0.0
0x028d10812993bf789c9c8789316f03e1985f07f2,2.0000000000041998e+22,12000000000.0,12033000667.0,1.538461538472373e+21,5.547001962249036e+21,13.0,20,1.0027500555833333,5.999999999987401e-13
0x028d51a69dd481428f5f1f3b222fd7328f155403,1.002491666535529e+18,0.0,0.0,1.002491666535529e+18,0.0,1.0,46,1.0,0.0
0x028da245d4add9bb4dd4a6ba2c0be7b683f0ab69,1197703.0,0.0,0.0,598851.5,707545.8944976644,2.0,40,1.0,0.0
0x028db8e94e0836bdaeba5b743e0d400a3f9e90df,3.3256083308606745e+23,6.082123259849573e+22,5.0857303554251e+22,1.8509973718283923e+22,2.2781647596999494e+22,24.0,111,0.8361767984871263,0.18288753980465
0x028e086f46912e677b909e30500c535aa10766b9,1.6600000040618394e+18,3656441445.0,3663970465.0,1.9530231644785133e+17,3.4327547374750566e+17,17.0,3,1.002059111328118,2.2026755638874012e-09
0x028e7eefc575b3113dc5aca8ff3177e330e0219d,3.000000000000057e+16,50000.0,0.0,1.0000000000016856e+16,1.7320508075674176e+16,3.0,75,0.0,1.666666666666635e-12
0x028edad1e233e1d094925ee54d71368bce668f36,6.207874458248044e+20,4.59852267500553e+21,5.1190884185008334e+20,8.818165197987815e+19,2.469583304614729e+20,65.0,0,0.11132028219246907,7.407563902803703
0x028f328c1e4ca62717b830db377ee1582bc1ece2,6.888121683670656e+21,3950000000.0,3981329001.0,4.965373051400681e+20,1.0338999571242176e+21,30.0,8,1.0079313926582278,5.73450961147228e-13
0x028ff776949531aada1fe98372b0f596cf170563,3453214115.0,1942704703.0,1946000113.0,635196939.7058823,222577015.99596623,17.0,61,1.001696300006332,0.562578698656802
0x029006c55f810a12a7e2e4d2ab756417e8e511e2,1.2637726451014824e+16,0.0,0.0,6318863225507412.0,12809782305066.547,2.0,45,1.0,0.0
0x029083b69bbba772dafec650c4e23f6490d93125,4.5e+21,4.2e+21,4.2e+21,2.175e+21,2.3279359343172898e+21,8.0,63,1.0,0.9333333333333333
0x0290db8c9e32507d9ff1dd5a5bdcff32ac88ba09,102191812.0,0.0,0.0,102275458.0,118293.30763825991,2.0,80,1.0,0.0
0x0291f3886409579b55806283a1e3865b82d2ff74,5.019300519200686e+21,0.0,0.0,3.141626651928271e+20,5.068104388702481e+20,16.0,22,1.0,0.0
0x02924ba1974a33fe4563a1f2b762847a2233d496,8.2463558588338e+21,13000000000.0,13000130157.0,1.177768788686682e+21,2.9929888816448033e+21,14.0,69,1.000010012076923,1.5764539176506578e-12
0x0292c117e0fc26212b22c5843b9755e7b676c6c0,0.0,2.7044200269295573e+20,5.4175085835189237e+20,1.6261547678660867e+20,1.480436787748034e+20,5.0,50,2.0032053192823196,0.0
0x0293fafe77e87627af48a55ec2129f769a9cb270,2.016580435471844e+21,2694732672.0,2695014932.0,6.65507948584126e+19,2.0132236348242723e+20,55.0,72,1.000104745083968,1.3362882157336216e-12
0x02940d1967e4e8d67d47ae49dbaa5f596e471475,0.0,0.0,0.0,1.088475035708963e+19,0.0,1.0,26,1.0,0.0
0x02946828dba18fcb7cd09e9ebf891ceaa1bd7aa6,1.1500446169521971e+19,4.255677083867241e+16,4.255777774679626e+16,8.945046707775012e+17,1.9751168564759593e+18,13.0,2,1.0000236603507269,0.0037004452011135604
0x02948cbed87c7ac0beb2488396a3886b9f656634,4e+16,1.5e+16,0.0,1.8333333333333332e+16,1.892969448600091e+16,3.0,23,0.0,0.375
0x029540b12432897be480e69f38001b8e29ebd295,7986972984319666.0,0.0,0.0,7986972984319666.0,0.0,1.0,45,1.0,0.0
0x029571abceddd08d74c97010eba66f0a7d13c087,3.32e+16,5000000000000000.0,0.0,1.91e+16,1.994041122946064e+16,2.0,115,0.0,0.15060240963855423
0x0295cb6cd98aa3f2a8ae832a1b9c6f2b8a7160df,1.0393300000040611e+22,94000000000.0,40822660887.0,3.8543836336820185e+20,1.3235019441809114e+21,27.0,39,0.4342836264574468,9.044288147136395e-12
0x02961914072c1aaa8e0a3c8477874b311079b800,1.0835875020094112e+17,181136245.0,40569760.0,6772421924795352.0,2.067701339227781e+16,16.0,99,0.22397372762143766,1.6716346826084635e-09
0x029832df0ace2538cdfbbd4fa198667ef84e7f68,1108442.0,0.0,0.0,1108442.0,0.0,1.0,41,1.0,0.0
0x0298b2ecdef68bc139b098461217a5b3161b69c8,0.0,0.0,0.0,1.31839681600511e+18,7.370569199985748e+17,323.2399999999998,0,1.0,0.0
0x02996c1eaf1ea3de391ed7c748ca6c0762cd5f04,3.583104294737935e+20,8.0748715e+20,1.7476442976011403e+20,2.7801848870276723e+19,9.076044978510918e+19,56.0,2,0.2164299825206061,2.253596556443688
0x0299cb22804ccda6eb64b5c891de04d9f526cccb,2.4737078441155953e+19,7e+18,7.000002773304426e+18,7.934277477065905e+18,1.053041187751082e+19,8.0,23,1.0000003961863466,0.2829760198501797
0x029a3d224e8c5daf8d5126f35502d7aecd23fb02,4070270990188512.0,0.0,0.0,4070270990188512.0,0.0,1.0,45,1.0,0.0
0x029ac3b28fff4be7c9b8853210a15c45e733a0b3,6.022211561298547e+18,0.0,0.0,3.0111057806492733e+18,1.6805831756350047e+18,2.0,42,1.0,0.0
0x029b56845268708b6b05a90f761ebfe15151c738,5.5609759582226933e+20,1.039928758498886e+20,2.4561381144696584e+16,1.8053399660878471e+19,4.269340302649143e+19,42.0,23,0.00023618330528862757,0.18700472116970826
0x029b8b56a2b189b9485d32f60884ca1fa1cc3d6e,98176261821569.0,0.0,0.0,98176261821569.0,0.0,1.0,51,1.0,0.0
0x029bc12540dc84ed8282d36ebc268b5762a64346,264910181.0,0.0,0.0,264910181.0,0.0,1.0,42,1.0,0.0
0x029bcb2e9d1e503e747dea7d0a55ebc055f9b03b,3.373520837985758e+18,6412936113.0,6424132913.0,4.216984076580574e+17,9.227149123461619e+17,16.0,7,1.0017459709254397,1.900962353867954e-09
0x029c7afb648193e67014467bf18beb4cf395c879,8e+19,0.0,0.0,8e+19,0.0,1.0,90,1.0,0.0
0x029ce20ee686f00a1200b116086f90a682e30092,5.000093958632723e+19,5.00000000013e+19,1300420174.0,5.882408211369705e+18,1.6605435125047521e+19,17.0,69,2.6008403479323782e-11,0.9999812086525771
0x029d4f3c7a8f23ad7316731f271d4e194538d88e,1e+18,2.0093617755794666e+17,0.0,6.004680887789733e+17,5.650234474496193e+17,2.0,77,0.0,0.20093617755794665
0x029d81af39e6969033906aa51ba0a2e5f055fd43,3.857715950933057e+20,531532151.0,533139804.0,2.865062404774489e+19,1.004310645521735e+20,27.0,4,1.0030245639835247,1.3778415978798012e-12
0x029de7a8c9511978c4795beccf60553d36318cfd,5.800153311935336e+20,37289039711.0,37366896487.0,7.314120260108745e+19,2.28540164829615e+20,20.0,0,1.0020879265490183,6.428974840073283e-11
0x029f19fc5a2425a4f04c3e1f6855af0afbcc3c93,4.611381811320796e+20,759000000.0,760688132.0,4.139601079354151e+18,9.959514383470682e+18,160.0,0,1.0022241528326745,1.6459274704529542e-12
0x02a06a60b8b437bf6cf79d0a5933908525a139e5,1108759.0,0.0,0.0,1108759.0,0.0,1.0,42,1.0,0.0
0x02a0788f463bf8fa2754fa49cd89cb1e079ca046,1108192.0,0.0,0.0,1108192.0,0.0,1.0,40,1.0,0.0
0x02a0f1a59940dddb35a38327e93d7abb49e285b1,3.7153721266338267e+21,2.549488782165381e+21,4.001108690491463e+20,7.381404104928251e+19,2.7848978193541913e+20,115.0,0,0.15693768564430255,0.6862001154310348
0x02a15e66e82fbf790b363a7c2786dc3b8d053425,1684926351168397.0,0.0,0.0,1684926351168397.0,0.0,1.0,76,1.0,0.0
0x02a16e93539e8043766befc1d941835ef18a77d9,1.6872270731855483e+21,11763935419.0,11263166256.0,1.3091606707553606e+20,3.58451316554523e+20,16.0,2,0.9574318333819476,6.972348657723496e-12
0x02a16f8df2b11b3a0c9f47cc5d705830792e3e6f,2.540714340617937e+20,1.7516332837894548e+21,1.392093316088183e+21,1.0117449088336407e+19,2.9200153295096214e+19,323.2399999999998,9,0.7947401599246569,6.894255114738454
0x02a1da62dca18761b1e0f8a7bb5d0a596f58a815,3.776035613494835e+20,0.0,0.0,1.8880178067474176e+20,2.4918191143576935e+20,2.0,84,1.0,0.0
0x02a298c6b33b6505e15faacf4f52ffcf1c43d4b7,2.062721511365635e+21,1.00350824136556e+21,9.073236169509925e+20,3.2686246085658955e+20,3.667736377820676e+20,18.0,27,0.9041516347851007,0.4864972008272616
0x02a4ac561a49bd3f4a51f97b8f5d697a4eeea26c,260000000000440.0,0.0,0.0,3714285714292.0,4866754586682.173,70.0,93,1.0,0.0
0x02a4b730674d63f39160a55a73f2d3557a230c1f,1.31e+20,0.0,0.0,2.6200000000342966e+19,4.299069666773889e+19,5.0,66,1.0,0.0
0x02a5948adf2f74c62c6feb8282786e4303e5275d,1.5e+18,0.0,0.0,1.5e+18,0.0,1.0,45,1.0,0.0
0x02a5c129419ffe445e6c07357715994a513741f6,3.4884275266217297e+21,2.6891170283572068e+20,2.6895528074487572e+20,5.0978411521583825e+19,2.147660543407365e+20,79.0,0,1.0001620528548796,0.07708679649599622
0x02a5f4b01a1e60c1c1e96b7e5ccff7b083af88b1,3.995388142e+19,4500000000.0,502400000.0,4.439320158389295e+18,9.83784216091928e+18,9.0,31,0.11164444444444445,1.1262985822817711e-10
0x02a73cd5c9135b68798838407a136b41ddea3c5e,4.949370168626207e+21,3.8804074329040056e+21,2.396520537969682e+21,1.5576204758045855e+20,2.2435313091330697e+20,87.0,0,0.6175950797455777,0.7840204512286636
0x02a73d22bd486381e61eca664377a06c446d5316,2048916.0,0.0,0.0,1024458.0,62.22539674441618,2.0,41,1.0,0.0
0x02a7c650e9a1a2d66deab637c07e1d627587c083,2.42715099e+23,5.6762825632622446e+22,0.0,3.36492050149014e+21,1.191108995338126e+22,89.0,1,0.0,0.23386606711526606
0x02a7d44b26eb2d8db454dbf7b9411ca9346cb1fb,1003248.0,0.0,0.0,1003248.0,0.0,1.0,48,1.0,0.0
0x02a7d80d21a3ab1719dd16ab66d716e588d79595,1.3921632913158407e+21,3.732913158406226e+17,0.0,2.320894304386135e+20,4.943805523005314e+20,6.0,10,0.0,0.00026813759432472626
0x02a804c44c2ea1f8668904b3f52db0b41cd3782b,4091265917969648.0,0.0,0.0,4091265917969648.0,0.0,1.0,46,1.0,0.0
0x02a83b64466333f227303407d37c7e8e8fefd5b6,2.4800694876718782e+23,0.0,0.0,9.120613243783437e+21,2.0791230774875936e+22,53.0,10,1.0,0.0
0x02a84f912d51ca31f8505789c648b842c576cf45,1.2636658428730376e+16,0.0,0.0,6318329214365188.0,12951218507091.34,2.0,45,1.0,0.0
0x02a8f422e4623cf409b2a1a64a603b16357ea9da,2.590914970222324e+20,3.71422962917354e+19,37673589.0,5.697286608177863e+18,1.5223096606371967e+19,52.0,27,1.0143042504451408e-12,0.14335590599697778
0x02a904869e43d0be61a71f2e6e7af45f9dd27988,6.498339726256602e+19,5.901484700304972e+19,2.602969500304972e+19,8.252132535257521e+18,9.978129666493577e+18,22.0,4,0.4410702784962669,0.908152689595462
0x02a9cc149af402d3be54456c16da64f5004d467d,3e+18,0.0,0.0,1.5e+18,1.414213562373095e+17,2.0,43,1.0,0.0
0x02aa6d3779d28383d69cd4221cd7dc2685011337,5.943608738834991e+20,7.010000000024184e+20,7.034766872526645e+20,7.1634707579034034e+19,1.6092322093787143e+20,28.0,16,1.0035330773897826,1.1794181461208055
0x02ab1b3a8ac8e1aa17756058e67ef68be0508a2d,0.0,0.0,0.0,600615643.5,874070.9556806587,2.0,45,1.0,0.0
0x02ab74c629a0cb6e86e3cddaabfe05ca79a73bb1,2234817.0,0.0,0.0,1117408.5,2379.414318692732,2.0,40,1.0,0.0
0x02abe3cc8093daacee107e802ee44cb5f1379e1a,0.0,0.0,0.0,2.1773790270257996e+19,3.6474929013885874e+19,3.0,74,1.0,0.0
0x02ac4c9dca975e634793849092d2d5eac8d088c2,2.0859865818253e+20,2e+19,0.0,3.26569511690087e+19,3.750653429023122e+19,7.0,25,0.0,0.09587789381894972
0x02ac7fe137f02f295382a5b9d298ceac978c96ad,4210867399325418.0,0.0,0.0,2105433699662709.0,2963345587711749.5,2.0,43,1.0,0.0
0x02acfb247839cf5215aec318227dda400011e2ef,1020796.0,0.0,0.0,1020796.0,0.0,1.0,47,1.0,0.0
0x02ad56758fef56099cf57531d0c97bb1aa1f076e,6.404272191602898e+22,42237092276.0,35931151252.0,8.323865264839562e+20,2.830232704729957e+21,95.0,2,0.8507013460397896,6.595143212585513e-13
0x02ada5d70b06b6db17011ed129b9b1738de45538,0.0,0.0,0.0,3.500054506566442e+21,4.949824552221432e+21,2.0,114,1.0,0.0
0x02aee0ce756fa0157294ff3ff48c1dd02adccf04,1.062690317563231e+23,4.124140674980532e+22,4.126899656032054e+22,1.8317037273626163e+21,4.576940240471597e+21,116.0,0,1.0006689832546838,0.3880849017649154
0x02aef62867532fbddf4521b3889a5af09b5333d8,3.916481502275795e+21,1.20000000000135e+21,1.2001233088462843e+21,7.309979661156298e+20,7.903761548892756e+20,14.0,41,1.0001027573707784,0.306397463974757
0x02af03e62f2b267f460455f60f87842fe2807b7b,9.173681117709291e+16,0.0,0.0,9.173681117709291e+16,0.0,1.0,97,1.0,0.0
0x02af6f4620c185ba1aab781282a67f21106a2d61,1000000000000000.0,25000000000000.0,0.0,512500000000000.0,689429111656883.9,2.0,16,0.0,0.025
0x02af867ab593ffb436e9102eec9b1ca5a693620a,1e+16,671.0,0.0,5000000000000336.0,7071067811865001.0,2.0,23,0.0,6.71e-14
0x02afca5527ecb2ffe3ed6ee9ae776c7d5da88923,2.9387682778829433e+21,2.325000000000317e+21,317002346.0,3.920828836584505e+19,8.524020903168859e+19,141.0,17,1.3634509505374485e-13,0.791147780346677
0x02b04b832848dc70f98cc792cb005819df0959eb,6431892494793705.0,0.0,0.0,1607973123698426.2,2068077597207715.0,4.0,39,1.0,0.0
0x02b04fd27fb898e6face6df1888f72906b5ba11c,1.5e+18,0.0,0.0,7.5e+17,3.535533905932738e+17,2.0,50,1.0,0.0
0x02b05a37642df584a9586ffd1008b1898f470835,4.722353617376138e+21,7.155901338586755e+17,7.156043191125042e+17,1.4368428907258392e+20,2.9091031465644035e+20,35.0,38,1.0000198231545652,0.00015153251785838856
0x02b0f2fdd791d194a5d941579a696894d67c38b2,5.075773599140833e+20,99120917.0,99145204.0,2.4170350472173294e+19,7.178137754782775e+19,21.0,23,1.0002450239640135,1.952823841803701e-13
0x02b13fd8e0557ca41834df8fc2922eeadf4af6a7,3161817907657.0,700000000000.0,700000767826.0,497081973206.2778,134339011672.60457,18.0,75,1.0000010968942856,0.22139162356719036
0x02b202a0389ac791190121c2508e3532ad2cd297,1.037e+17,0.0,0.0,1.037e+17,0.0,1.0,94,1.0,0.0
0x02b21ae22bda250e3cbeb563aa9b4192ac41faa9,1094712.0,0.0,0.0,1094712.0,0.0,1.0,39,1.0,0.0
0x02b265d2ce756e835b1bff29e9a07e77d02488f3,1.9233063499085307e+18,13000000000.0,13002436094.0,3.512675508812142e+18,6.830382260703718e+18,5.0,50,1.000187391846154,6.759193615004837e-09
0x02b2922c1163d06facf7c62d98a35e687e2741dd,9.803626510145734e+16,0.0,0.0,9.803626510145734e+16,0.0,1.0,99,1.0,0.0
0x02b2b3835e863da7c7aec928586cee0b04a261da,5.9e+21,700000000.0,700000000.0,2.95000000000035e+21,3.406366588218388e+21,4.0,133,1.0,1.1864406779661016e-13
0x02b32bf15b786bced6a40e1834b91986cc30531d,1.071e+17,0.0,0.0,1.071e+17,0.0,1.0,94,1.0,0.0
0x02b3f9bfdf978bbe7434467761a706d44311a065,1.5400758237233945e+20,200000000.0,0.0,1.9250947796579963e+19,2.88810930186871e+19,8.0,49,0.0,1.2986373587533247e-12
0x02b40f2f6b29db95866775e732352f6686885fa3,1.0154260223680717e+20,3.5322692016630112e+19,1.0656447753045447e+19,5.204122277924908e+18,1.3450427642293473e+19,49.0,1,0.30168843722410327,0.3478608115070183
0x02b42cadcb1d54d586d7b19c4b40ccb858d61640,1.052885025194692e+22,1.7038049697125003e+21,1.703807450708129e+21,3.4095200008154336e+20,7.225298945359131e+20,54.0,33,1.000001456150013,0.16182250948031526
0x02b4d35435f702921a56b5c993c999b6b8eab1df,9814361117681988.0,344328199.0,414061038.0,6646040208452358.0,1.6396072010165114e+16,9.0,68,1.2025185250656742,3.508411753666197e-08
0x02b537c80038f273820b51deda8d904b8f2748ef,1356694557.0,2.5e+17,2.5021196343115622e+17,6.252649576840553e+16,1.1577597994109363e+17,8.0,21,1.0008478537246248,184271396.0265413
0x02b56b480fd9350fc83dbe2918a76c60232b4001,8.551757094155165e+17,6.596572036695958e+17,6.601093499056355e+17,7.974513001120886e+16,3.762284848373951e+16,38.0,88,1.0006854260569344,0.7713703703306177
0x02b6073eec33b4c9fa95ec2d59bf433d389cb55d,9.093239944865794e+20,0.0,0.0,1.8136878581830356e+20,3.810445468598678e+20,10.0,37,1.0,0.0
0x02b654a6fa9f1b4ce089af16a04401faf035a2c6,1.5347e+18,0.0,0.0,1.5347e+18,0.0,1.0,47,1.0,0.0
0x02b664da23a3b5480f710785fd5926ee1d055788,3.7675869121671443e+17,3.087e+17,3.0891306275746714e+17,6.232771899219427e+16,5.4845781878307656e+16,22.0,49,1.000690193577801,0.8193573425023749
0x02b6e3488b382c93f3f80abb237eb9fef16283be,0.0,0.0,0.0,6.666666666681399e+20,1.1547005383779756e+21,3.0,103,1.0,0.0
0x02b72485ecdaabd5f9af68d9a5d2b2ca54d5339b,1.2898380751015565e+22,1.1277906390430597e+22,2.2003781506533827e+17,3.263103992980478e+20,7.295584656107217e+20,95.0,0,1.951051972306157e-05,0.8743660625418134
0x02b87eca370a3af303d5dd2d4c1b76c517930cf3,1412545.0,0.0,0.0,1412545.0,0.0,1.0,44,1.0,0.0
0x02b8db8f6d8fdfc914096ec6b20c9e6712781982,3.9935533177913496e+16,0.0,0.0,3.9935533177913496e+16,0.0,1.0,100,1.0,0.0
0x02b933d8e2a4dd4a4abf60908e81c7b6a7e39273,1.830000010054e+18,0.0,0.0,4.57500005027e+17,6.276078875649403e+17,4.0,19,1.0,0.0
0x02b936ff5f54ef91b7e9e6fcd8aaed1160ee01c2,1.9224591640641707e+22,3.434100000005477e+23,1.4663222052498567e+23,5.303746074985426e+21,1.520092677424811e+22,148.0,0,0.8189562111782525,17.863058233942535
0x02b9dee806bc6e1093e348336d35b0866908712b,1.0054000000053853e+22,6.000000000002501e+22,3.5083725723291183e+22,6.187751514348867e+21,1.1450411097992456e+22,17.0,63,0.5847287620546093,5.967774020260953
0x02babb5826d85c6a6354b923e94e7e9bb2643507,1095460.0,0.0,0.0,1095460.0,0.0,1.0,50,1.0,0.0
0x02baeeb92d7dac6dafe75d5f46fd045517c8f2e4,1040000594.0,0.0,0.0,1040000606.5,17.67766952966369,2.0,110,1.0,0.0
0x02bc46b19b1ea69c3e70918c899526e5adad7435,10000.0,0.0,0.0,10000.0,0.0,1.0,123,1.0,0.0
0x02bcb5d5a59ec3350ec2bed6c7ffcd5d566d9574,1.5322972915118176e+17,340046883.0,0.0,1.0944980677944906e+16,2.1174120620976904e+16,14.0,72,0.0,2.2191965285306873e-09
0x02bd126623a52f35c2df74208e73c5c7ded740d3,7662664801.0,2048039356.0,1082454681.0,5.0571973292652904e+19,2.0228789316497562e+20,16.0,15,0.5285321680117167,0.2672750810831142
0x02bd653274feaa6e43618310400c5d1337758d1d,1.31142336e+20,5802671680000000.0,5803192359873030.0,2.1858990310673314e+19,2.832608555544616e+19,6.0,65,1.0000897310586818,4.424712764000178e-05
0x02be55b9045cfa9195e851c35896b33da3693764,1.22481657925e+20,1.0050000000672e+20,6730812243.0,9.394347833319496e+18,2.80352742613234e+19,24.0,12,6.697325614477552e-11,0.8205310224348843
0x02bee0a17903cc1f2f48b4514ec23aae547fe4a3,1.742860753886032e+21,2320500000.0,2323890270.0,5.292507109965332e+19,1.9244788983397374e+20,71.0,4,1.0014610084033613,1.3314316676338107e-12
0x02bf4268c84ce1306d1e2af3c2f54d2b3214658e,1e+18,1e+16,0.0,5.05e+17,7.00035713374682e+17,2.0,22,0.0,0.01
0x02bf9d9885ab40a40835e137449db9600f366e6e,2.811931509109664e+22,0.0,0.0,4.326048632260456e+21,1.0559753859758821e+22,13.0,4,1.0,0.0
0x02c140cd842739c324846893adb64de09026b3f2,2e+18,1e+17,0.0,7e+17,5.196152422706632e+17,3.0,23,0.0,0.05
0x02c255ff1abb3242d5b2f325b7fecd1322cc40e7,4e+18,0.0,0.0,1e+18,0.0,4.0,45,1.0,0.0
0x02c2a7e2fdc63ced0c3c2534148b5f71a20eaa23,1e+17,0.0,0.0,1e+17,0.0,1.0,100,1.0,0.0
0x02c36a54388cddeaaeeb79f351b7e00b882c41d8,1.9474653655145e+21,650000000.0,0.0,2.4343317068939375e+20,3.632809795067669e+20,8.0,48,0.0,3.3376716808941907e-13
0x02c3b69b7588c4d117ea0eb4d7ba809f9613f470,9.212015757632472e+20,1.2334831239194558e+21,1.2335411436795226e+21,2.338007660176677e+19,5.937829730283808e+19,216.0,8,1.0000470373359325,1.3389937190429495
0x02c3df430a4125a05feeb5fee31c0ee911f952e1,4.6932388265553435e+20,4.500000000031406e+19,314117781.0,3.420370252900464e+19,7.52688139742079e+19,19.0,78,6.980395133284617e-12,0.09588261254827793
0x02c4a7b6f3e7743ceae95a2d7e6caa58ac0d4c66,1002220694.0,0.0,0.0,1002220702.0,11.313708498984761,2.0,107,1.0,0.0
0x02c4a98ccdfca694807554bec1cff46152b6d3d8,2.5000000000086065e+19,0.0,0.0,5.000000000017213e+18,4.999999999978484e+18,5.0,35,1.0,0.0
0x02c4bc6b7dda908bf89bda10cf8dbb8649823284,1000010002828413.0,0.0,0.0,250005002374624.0,499996665105808.7,4.0,45,1.0,0.0
0x02c4ee6974bf68b002ea221fac8203f182d8a0bb,1105858.0,0.0,0.0,1105858.0,0.0,1.0,42,1.0,0.0
0x02c4f4a127e285550a192ac77c715b6f2e641e99,3906862.0,0.0,0.0,3906862.0,0.0,1.0,45,1.0,0.0
0x02c54f73a52ebac634c7365d9e4136370e18a7ad,1e+16,0.0,0.0,1e+16,0.0,1.0,123,1.0,0.0
0x02c58ac2ac1029aaf986a9be4adb656c813005a0,1e+16,2000.0,0.0,5000000000001000.0,7071067811864061.0,2.0,1,0.0,2e-13
0x02c5c964a7e7a4daed55efdce3859e433d739ef1,2e+18,0.0,0.0,2e+18,0.0,1.0,47,1.0,0.0
0x02c6e7836e1a500ea2bf6cbc3c50c1adf742b670,7580890982228481.0,0.0,0.0,7580890982228481.0,0.0,1.0,12,1.0,0.0
0x02c74609ad8db018a47aca47b3d5f500025955e2,4433333561792873.0,0.0,0.0,2216666780896436.5,2688553512716228.0,2.0,45,1.0,0.0
0x02c88ed34fb04d51b3cad4cd7823f998440dd762,1.0165477364836532e+18,0.0,0.0,5.082738682418266e+17,7.188077978659397e+17,2.0,45,1.0,0.0
0x02c98fe643a484a9a6b1bbb656c13bc281c624ca,2090875.0,0.0,0.0,1045437.5,8299.312290786509,2.0,41,1.0,0.0
0x02ca089c541a1e8d8cec24e066d7ffe2085cc528,3.0574750381559356e+20,256972868.0,256974447.0,1.911196872539649e+19,3.726426360258016e+19,16.0,81,1.000006144617571,8.404741323905913e-13
0x02ca884e10a36b822c996a3339bdd21417a4d092,3.700000000478669e+17,5.661467712212751e+18,0.0,2.233876930470844e+17,9.642271491947648e+17,27.0,49,0.0,15.301264085081966
0x02cb1f7dca91c6987bd4f889b6ae03f18420082c,0.0,0.0,0.0,1135544.0,0.0,1.0,25,1.0,0.0
0x02cb44df23e2a5840eef59dbed570aad6401d3fa,1e+16,10017237766828.0,0.0,5005008618883414.0,7063984555111793.0,2.0,23,0.0,0.0010017237766828
0x02cb8ddf0e9fd20bedcdf13d765996870928864f,2.3395783261032583e+21,1.2369580789018492e+21,1.2375895669609278e+21,1.5888159058361588e+20,1.9634666185857535e+20,45.0,9,1.0005105169446318,0.5287098384784983
0x02cc8d6b7f7d73358ff67589691532ccd8f43fd9,9.5e+16,0.0,0.0,9.5e+16,0.0,1.0,96,1.0,0.0
0x02ccbf14d05af1bba1c85c0e4ebe34450b4bc3a1,9.214616620538138e+16,31094.0,0.0,1.326827077567656e+16,2.0921175257457804e+16,8.0,102,0.0,3.3744214524015754e-13
0x02cd2b4bf11e6de846447526202b5f69760e7efb,1.4957083703411825e+18,0.0,0.0,1.4957083703411825e+18,0.0,1.0,43,1.0,0.0
0x02ce4a17f3cb0f68fa99d7b275c28c4cc318add8,1060406.0,0.0,0.0,1060406.0,0.0,1.0,29,1.0,0.0
0x02cee1b0ef2c8a7d31025b35b0cc271f59815035,2.833632089017838e+21,3.00010557885427e+20,1.056095270362065e+16,3.686650832780578e+19,1.6993720746384317e+20,85.0,1,3.520193681868303e-05,0.10587491546561831
0x02d0a54ce6f8ef3114c57247598ab66394da9af2,4.216367022424422e+16,0.0,0.0,5270459612686149.0,1.4907105532403872e+16,8.0,7,1.0,0.0
0x02d0e2b7b3af01c1a4e9c7e0bbe6bb58c09e44a4,1.2787124758331324e+16,0.0,0.0,6393562379165662.0,40143555291262.4,2.0,45,1.0,0.0
0x02d1470908285f35efeb65b00162134ec721118d,6.03e+19,2.7449251255263805e+19,0.0,1.2535607322180545e+19,8.741411944115936e+18,7.0,82,0.0,0.4552114636030482
0x02d14eafbf2724a0bc5e7c6fb21a799c7e1eb2b5,6.941904010013261e+20,9386000000.0,5791349796.0,7.952732008566587e+18,5.002348387804842e+19,150.0,1,0.617020008097166,1.3520786208598223e-11
0x02d1a8ba9899069170eeb5339b300ec46ae0c8fb,1121121.0,0.0,0.0,1121121.0,0.0,1.0,47,1.0,0.0
0x02d1ef1d65fff7ad234b7e0d11c853cade2f513b,2.3869169181150163e+17,0.0,0.0,1.1934584590575082e+17,5.717933285754196e+16,2.0,45,1.0,0.0
0x02d2324ed8cbaa5405ca0e76c01dfa7c51b328db,1752330.0,0.0,0.0,1752330.0,0.0,1.0,42,1.0,0.0
0x02d27262a78932e692eb9330646987559670bbda,2.077615237626755e+21,1.000000000023e+20,2301359100.0,5.445576795615594e+19,2.0888103376730263e+20,40.0,0,2.3013590999470687e-11,0.048132107519835717
0x02d27fa03e3443a5aa5db3bbec4c9e7fa2695115,1066781.0,0.0,0.0,1066781.0,0.0,1.0,43,1.0,0.0
0x02d2c85be49875baf06525167bb4797746b77f61,5.179000451801351e+19,0.0,0.0,2.1432003614411796e+18,9.982433607795204e+18,25.0,27,1.0,0.0
0x02d326f3af9a097816a145dbea25100059a5cdc5,1.092e+17,0.0,0.0,1.092e+17,0.0,1.0,95,1.0,0.0
0x02d37ff31824b401ef5c19579032dad4d98a8d67,1048590.0,0.0,0.0,1048590.0,0.0,1.0,47,1.0,0.0
0x02d5333d35b155ec5876f3a355b845ce37d2fd04,1.5690401482348582e+17,1.75e+20,0.0,3.5031380803339145e+19,7.824486630752058e+19,5.0,4,0.0,1115.3315624005659
0x02d6190c22293e010846b439787d304668783885,8.301308641941553e+18,0.0,0.0,1.3835514403235922e+18,3.388475846104436e+18,6.0,67,1.0,0.0
0x02d6f83cdaaa281a48c8e2627eac84a6c843cc08,1.6e+16,0.0,0.0,1.6e+16,0.0,1.0,118,1.0,0.0
0x02d77fc7307cd7ec962eda62d25936156a7a6492,1.262688887990538e+21,1.4075136729196452e+21,6.573977175779165e+20,5.127820869856827e+19,4.890077316877595e+19,78.0,6,0.4670631129389016,1.1146955408466321
0x02d7da92ffbe43fc603bb8b5c5ccc032dc616d51,1.0000000000187558e+19,38440469313.0,38444564836.0,1.818208817934788e+18,4.0452592268832123e+18,11.0,77,1.0001065419614588,3.844046931227902e-09
0x02d82a2663905f3ab3a880e257b9e8239949483a,1.044e+17,0.0,0.0,1.044e+17,0.0,1.0,94,1.0,0.0
0x02d86f9846faff28378cbfb438e2f9a87b5e7682,7.645178451840356e+18,70700000000.0,70704819239.0,2.6365484198098685e+17,1.1298534869935972e+18,58.0,96,1.0000681646251768,9.247658566162182e-09
0x02d93e0bdcb28c88add70252d7a70168c269d6cb,13536.0,0.0,0.0,13536.0,0.0,1.0,49,1.0,0.0
0x02d9468f3794ad392949d3ef68750580046d7b79,1.5150000000020515e+21,1.5e+21,0.0,2.5133334383450954e+20,3.9796946017772e+20,12.0,48,0.0,0.9900990098996494
0x02d9cd8f4b86421bfef64deaac6afe246eefaa0b,3.4175425736623043e+20,1030703093.0,221764582.0,8.543856434187074e+19,1.7037466145427315e+20,4.0,3,0.21515854905851145,3.01591880944874e-12
0x02da3599bfcda5a872b1b7158210369579f795ab,1040765.0,0.0,0.0,1040765.0,0.0,1.0,44,1.0,0.0
0x02da983db0d963407f2e95ae60df3bd648c8a92a,2200000.0,0.0,0.0,1100000.0,0.0,2.0,44,1.0,0.0
0x02dabc929961b484b6e41edbe3c25b97f870f507,1.0044488355757915e+18,0.0,0.0,1.0044488355757915e+18,0.0,1.0,46,1.0,0.0
0x02db6d1adc9e057240ec42dc7bb952a254534ebf,1950274.0,0.0,0.0,1950274.0,0.0,1.0,40,1.0,0.0
0x02db807be71c8ffcaf8c69aa313292d382d69dd9,1.0026725137953307e+17,0.0,0.0,1.0026725137953307e+17,0.0,1.0,99,1.0,0.0
0x02dbd1aa375c7d00ecf1de198158ffa332110d47,1.1499453644819897e+20,0.0,0.0,3.275680332455271e+19,4.48026757645695e+19,4.0,18,1.0,0.0
0x02dbd660e8ee9d7b7fa41bb28434e6f9ceb66989,2200000.0,0.0,0.0,1100000.0,0.0,2.0,44,1.0,0.0
0x02ddab581f06982cafddb23502714e485aa96df2,117221847.0,0.0,0.0,120831599.66666667,6252272.423347877,3.0,42,1.0,0.0
0x02debfb86afb43492c458869bd7904a897f08237,7.513581490620264e+19,8.310000000044445e+20,6.51496617638764e+20,6.141929160997407e+18,4.3268193893457396e+19,256.0,0,0.7839911162879416,11.059971879480388
0x02e030f6975cc1cbda531b11ae4fd7ec698600c7,2.4961668076343152e+20,0.0,0.0,2.4961668076343152e+20,0.0,1.0,90,1.0,0.0
0x02e052679578006663d478fae910081209b4026c,2e+16,0.0,0.0,1e+16,0.0,2.0,8,1.0,0.0
0x02e07cc7e01b1ca69c0a6de55bfd9b99a8f0af3a,1.778305856130038e+20,29000000000.0,29165090015.0,4.4282253607229235e+18,6.263925575070115e+18,49.0,13,1.005692759137931,1.6307655907465779e-10
0x02e11fa8415aa760fff68f184fc1dd5f95aefb88,1111606.0,0.0,0.0,1111606.0,0.0,1.0,41,1.0,0.0
0x02e14b3e880efd1cb8a504540d31d91ca311280c,4.7203567331655104e+22,1.0458548255711583e+22,3.1891839943234075e+21,5.957533379965509e+20,2.0376413192263772e+21,166.0,32,0.3049356293385884,0.22156266669909064
0x02e27435247f11adf8c7544af31dd6098677ea3f,1250000000.0,0.0,0.0,1250000013.0,18.384776310850235,2.0,93,1.0,0.0
0x02e29372ef6a6f563cc7fcdd78c1b6064b502eb6,1.63197e+18,0.0,0.0,1.632005246030672e+18,49845414595707.945,2.0,27,1.0,0.0
0x02e29a42993eb150ccf30ec2bb3dca160d763c89,6621999098141860.0,0.0,0.0,6621999098141860.0,0.0,1.0,42,1.0,0.0
0x02e2b3f9e177e918e67e25b1a1b6a739049f9e22,2155219.0,0.0,0.0,538804.75,621615.5595110615,4.0,44,1.0,0.0
0x02e2e0296a3caee924b900b69f7b3ebd16729ecc,9.215665409677987e+21,9.043100904883203e+16,9.04455749227946e+16,2.143374853361502e+20,6.37330917432006e+20,43.0,80,1.0001610716734863,9.812748730424217e-06
0x02e35b8e24f99002f568f5916de89874197f7a06,3.316262666987808e+22,2.96495e+22,2.9678343324275078e+22,1.3963520902840842e+21,2.0287815510544425e+21,90.0,14,1.0009728098037094,0.8940636788258668
0x02e4ac7c366cf7320bc78b816b162b26d605a4bd,6.1673049238341845e+19,2.5466623120842634e+21,5.122080457046383e+21,1.0305835818369289e+21,1.3172615743676185e+21,10.0,59,2.011291576720402,41.29295281383648
0x02e51d6ce16201a28eaa7de9c8c4bfed25b4b081,5.541244697317576e+20,8.741419032683784e+21,7.74226805743705e+21,1.8035364376950545e+20,9.365721110799332e+20,112.0,77,0.8856992244038465,15.775190431340018
0x02e60b50d9788a17055afec468b5d17a38b6bd9d,1.4270983401841183e+21,2.5030782722475878e+20,2170577603.0,2.9779006922704724e+19,8.54766405411918e+19,104.0,81,8.671632953175588e-12,0.17539634107658278
0x02e6277d21ba364845200b883a7a230f173122a8,7.893587001924022e+22,1.6014725614636599e+22,1.4735079364344621e+19,1.9431200367327044e+21,5.160820491910404e+21,102.0,26,0.0009200956493989226,0.20288274026412947
0x02e662fc8e76fe69ef0bea015f0913590d2769c0,1009782.0,0.0,0.0,1009782.0,0.0,1.0,46,1.0,0.0
0x02e6cec9cf4d077956d9b2b2ed8175aad46fc809,1059202.0,0.0,0.0,1059202.0,0.0,1.0,48,1.0,0.0
0x02e75b9654e0d0711b877120c7e1a86b2592e380,542697000000000.0,0.0,0.0,271348500000000.0,104199962382430.83,2.0,88,1.0,0.0
0x02e7f65e93b4730c3092412e3db85648797316f9,1e+19,4.0354547191799997e+18,0.0,4.678484906393333e+18,5.030916006277113e+18,3.0,17,0.0,0.403545471918
0x02e883c27f8fd486e8d17049c58fc0469716c04e,1110052.0,0.0,0.0,1110052.0,0.0,1.0,39,1.0,0.0
0x02e96833fa23f6d8676c5f55ecdf46444bcce438,1.79e+19,0.0,0.0,4.476020230626081e+18,6.133813067307934e+18,4.0,9,1.0,0.0
0x02e9d2239578bd27634659f59fae4df9bac4076d,1.2882431883151781e+20,0.0,0.0,8.631680391164985e+19,6.234146276455688e+19,3.0,22,1.0,0.0
0x02ea60c42a1ed137b04eb4206977a8504b4c16d5,8015.0,0.0,0.0,8015.0,0.0,1.0,123,1.0,0.0
0x02ead283625fb1016a8d50d3f94205f7f90dba20,1066374.0,0.0,0.0,1066374.0,0.0,1.0,43,1.0,0.0
0x02eb1a315972d427f890b81fe062aa7aae9bc6bb,1.0112000000025253e+20,1.8714e+19,1.871400000129974e+19,1.7119146571557485e+19,3.6211957949809623e+19,14.0,88,1.0000000000694527,0.18506724683498088
0x02eb1d753bea18fd83562467a321dcd88d9773f1,1.0255053103459707e+21,1.00000000000472e+21,1.0006924001567964e+21,1.3347148813496895e+20,3.352400908959257e+20,32.0,4,1.0006924001520732,0.9751290314307138
0x02eb2ee0867dc3dfaa3862d0cc86984b6aada907,2.0434310440695976e+21,1.2350000000013299e+21,5.4911400375196674e+20,1.2637909305506493e+20,1.700618366911977e+20,37.0,76,0.44462672368532424,0.6043756668890398
0x02ebc38f9ddaebc16f4a2f4e9c90cee0b9eac910,2.707117261944633e+21,17005000000.0,17018986485.0,1.4720151805182868e+20,4.950301676290354e+20,32.0,10,1.0008224925022053,6.2815897334955536e-12
0x02ebdd4d10b91e3018c0706a39a02c5fe1c893ef,4.111e+21,8.99e+20,8.99e+20,2.5050000000000003e+21,1.8544490646370782e+21,4.0,104,1.0,0.2186815859888105
0x02eca8cc78b7d30c1ac5e16988ed2c8a9da658d6,5.376726769708291e+23,4.199051244553148e+23,1.4663222052498567e+23,1.6512676317902625e+23,5.28016184770264e+23,167.0,3,0.2235730845183299,0.7428888961772806
0x02ed7efb3115fcbc0dd488a03eba6218857a2a75,8.550000000001903e+18,0.0,0.0,4.289921674690739e+18,4.953634798504513e+18,4.0,77,1.0,0.0
0x02eda208efc7d92efeaf7418833c3081a42dd3a1,3e+18,200000000.0,200001734.0,1.0000000000666669e+18,1.5491933384313267e+18,6.0,113,1.00000867,6.666666666666667e-11
0x02ee19a0a14b494ba9411c5bbba18931195fd51b,2.5e+16,0.0,0.0,2.5e+16,0.0,1.0,67,1.0,0.0
0x02ee663daf3bd6ab80be2e8b0f54abc8721b7d68,1.1e+18,0.0,0.0,1.1e+18,0.0,1.0,40,1.0,0.0
0x02ef87478ec4a04f0dacc721f254084ed3772600,3.2e+16,0.0,0.0,3.2e+16,0.0,1.0,118,1.0,0.0
0x02efac30f1619d817d6ffb28f54ed3647404235e,1885178004.0,0.0,0.0,1884632519.2,1993485.1951523894,5.0,12,1.0,0.0
0x02efc83a645d9db930e3d4db3824f831faecd82b,400000000.0,0.0,0.0,400004658.5,6588.113880315063,2.0,86,1.0,0.0
0x02efeda00025e73209ea07c51a2277de0f71ed53,9000000000000000.0,0.0,0.0,9000140342423456.0,198474158627.78317,2.0,14,1.0,0.0
0x02f01b3f6166ba12150e4d1d8df5ccc9cb524f07,495828785.0,0.0,0.0,495828811.5,37.476659402887016,2.0,80,1.0,0.0
0x02f0e7c42da6ae4eea04c1df5f83f8178d33cc0b,2.638973022004588e+21,6000000.0,6000664.0,2.6389730220119183e+20,5.0574883596493226e+20,10.0,82,1.0001106666666666,2.273611723185539e-15
0x02f11fe7a88805f3afbe76f28d0ee7b090d4e99b,3.0050396232268866e+23,4.899185502116049e+21,4.901763492948738e+21,2.700200578780265e+21,7.196178626821253e+21,130.0,65,1.0005262080465365,0.016303230959913872
0x02f176449675d72dbf1d33a1078e631743fe048e,1.9e+20,0.0,0.0,1.9e+20,0.0,1.0,124,1.0,0.0
0x02f17bf76592833beb2418f8246d433f7e4d6fed,1.5e+18,6.9e+17,0.0,1.095e+18,5.727564927611035e+17,2.0,68,0.0,0.46
0x02f202fe714eadef1a33dc3d85de9b367d77426a,91083721320456.0,0.0,0.0,91083721320456.0,0.0,1.0,50,1.0,0.0
0x02f21b7c148d5fc587a285d2f538f29c36176e52,1.0305913534231741e+22,21500000000.0,0.0,9.369012303866583e+20,1.692170084878538e+21,11.0,0,0.0,2.0861809027008033e-12
0x02f277795b12cf2010b7e77298ce29370d392409,3.363771250534558e+21,0.0,0.0,4.470972744447099e+20,1.040280152249323e+21,19.0,18,1.0,0.0
0x02f384dc0539ff16b820239004d25dae1e3adf96,2.1126598214166426e+17,0.0,0.0,2.1126611075143904e+17,181881687753.2821,2.0,122,1.0,0.0
0x02f494a93a9e172722849643ce2f070e92a7baea,1.0008414037357045e+17,0.0,0.0,1.0008414037357045e+17,0.0,1.0,101,1.0,0.0
0x02f4a8a87c4458ee03e65a539a13d52d2925335f,1.064e+17,0.0,0.0,1.064e+17,0.0,1.0,97,1.0,0.0
0x02f4e1f34fcfe2f52139f3e5920fcfad5a1a8b94,1030089.0,0.0,0.0,1030089.0,0.0,1.0,46,1.0,0.0
0x02f4f3130d02314a16dc81e040a2aa32c8a2b16a,1.2940397178708787e+20,3.0000000000475e+21,46929073007.0,4.129458058037174e+20,1.312656220035453e+21,32.0,72,1.5643024335418987e-11,23.183214229185232
0x02f5203e90d85ed83700e43dbe2b42d842b33d83,4e+21,0.0,0.0,4.00000010112469e+21,143011907929296.88,2.0,131,1.0,0.0
0x02f60da35d5759299b1c4e3b22c7152b318f5664,5.7000000005e+16,3500000160906785.0,0.0,1.5125000041476696e+16,2.3424968844573144e+16,4.0,23,0.0,0.061403511589469606
0x02f6129b12fbf83b4457c57050b51de97ce8276b,3.2672512176297487e+18,0.0,0.0,1.6336256088148744e+18,5.414232562874873e+16,2.0,43,1.0,0.0
0x02f70f05c3a430d0da5e1a5bf45e8dddfaf8b0a8,4.502655391616252e+20,731934473.0,351953274.0,3.4635810704844108e+19,1.2480142088221442e+20,13.0,8,0.4808535285371099,1.6255618281666193e-12
0x02f7467aecaae0863706f954c7adfe47b5e5f538,9.23200014202056e+19,302139709.0,271245200.0,6.160564761392881e+18,1.932942585540061e+19,15.0,91,0.8977476045692491,3.2727437646450496e-12
0x02f84f7c168cfda125318a1405f747bcf7eacf44,1554127.0,0.0,0.0,1554127.0,0.0,1.0,45,1.0,0.0
0x02fa46ca85874d0e24d6fbfa776f3195240ec6d5,1.001191469e+18,0.0,0.0,3.337304896666667e+17,5.770063926476221e+17,3.0,94,1.0,0.0
0x02fa9380115eeefccd18f91ff806d3d8e3725b32,1.2211355526417973e+19,5.445328202643521e+20,5.448896499666309e+20,7.159636534116186e+19,1.309963531563747e+20,23.0,105,1.000655295124554,44.59233203769336
0x02faf4316dcb9330751f3677436aa849aa93851b,4.6594301259655886e+22,4.530252522979323e+22,4.951782998000476e+22,7.583490464823618e+20,3.062117174870742e+21,248.0,0,1.0930478980769782,0.9722760939655692
0x02fafec4c577431e5229f01df088cb699a7cc691,2.2210280321329005e+19,1.001183605727e+18,1183609836513271.0,1.05647307286013e+18,2.5578848450700616e+18,22.0,66,0.001182210565317641,0.04507748624701248
0x02fbe024637327931e70262658854cfdebefec92,1045237.0,0.0,0.0,1045237.0,0.0,1.0,47,1.0,0.0
0x02fc557009ff92edbac5bc4c94a989b24008a21f,2.392821011034247e+20,2.143717454758222e+19,0.0,8.223041287903566e+19,6.289565930521025e+19,5.0,53,0.0,0.08958954492929852
0x02fc75ad4ae6105dc1feec29f49e56347a859c65,1.4542283354595726e+21,6.61110000000378e+20,6.61259468931105e+20,1.2287166143481189e+20,2.342103307706809e+20,40.0,34,1.000226087838222,0.4546122392749627
0x02fd763b2c3ccb4ed333ed780cfba62b9b65f675,3909631981653491.0,0.0,0.0,3909631981653491.0,0.0,1.0,48,1.0,0.0
0x02fdb206bba3e5a61d8c5730c79a21f3caa78276,1108272.0,0.0,0.0,1108272.0,0.0,1.0,40,1.0,0.0
0x02fe4d3a1b36a009941d1a136821ca368255bf76,1.086e+17,0.0,0.0,1.086e+17,0.0,1.0,96,1.0,0.0
0x02ffad0f8125e76bf4467d78139f1eb0b60f2b8c,3.77e+16,5000000000000000.0,0.0,2.135e+16,2.3122391744800104e+16,2.0,113,0.0,0.13262599469496023
0x02ffb9b4bbc29f9a59b20c541d369c5add62a5a3,1.7135000005792873e+21,2.8284656053709676e+22,2.8261008675315686e+22,3.7702271716116745e+20,2.753546066647293e+21,250.0,51,0.9991639502934352,16.506948377092158
0x0300f68f3c30e4655650d99c845a95e39875b75f,6.158866494158227e+21,4.881207535345359e+22,4.345380342370084e+22,7.030338947950913e+21,8.865771515794839e+21,14.0,126,0.8902265086875959,7.9254965828131745
0x030138d2f5f2757daae2fbb8dfd18870ea908881,0.0,0.0,0.0,3355376770.0,0.0,1.0,51,1.0,0.0
0x030163c3ecc06f0a41c11ee74e3ea2a6086ad3e4,1.4127076918734643e+17,0.0,0.0,3.999814041363765e+16,5.6427646918067624e+16,7.0,87,1.0,0.0
0x0302147a27780e6b3ce7ec44db979b653d02c921,0.0,0.0,0.0,9.021683877565146e+18,0.0,1.0,61,1.0,0.0
0x0302174ee723a5a094f78877caf6cc1ae1c90533,0.0,0.0,0.0,8.648045105170553e+20,1.9337614196060935e+21,5.0,77,1.0,0.0
0x030252c314d52af695fdb0176942dec4566b6bb7,1547959.0,0.0,0.0,1547959.0,0.0,1.0,45,1.0,0.0
0x0302e30a5a3a471f99fde37bfa52d3be463461d9,2.87e+16,5000000000000000.0,0.0,1.685e+16,1.6758430714121176e+16,2.0,114,0.0,0.17421602787456447
0x0302f495deee51627014e73e3b5f937fbdfb2680,6214235399.0,2761882435.0,2761883554.0,2992039749.6666665,310519510.42180693,6.0,76,1.0000004051584477,0.44444445014819434
0x030347c0ef50f625e3172ddeabb921067e85730c,9.975000000342148e+20,51990912000.0,52024657971.0,2.035714286172394e+19,5.2354881774701126e+19,49.0,35,1.0006490744190062,5.21212150358062e-11
0x03038ac3f9bc2f1ba227a7e3b42fbd1f376efcf9,1e+20,30000000.0,0.0,5.0000000000015e+19,7.071067811863354e+19,2.0,77,0.0,3e-13
0x0303df66b608496531b49940f19db4c024791454,556001496446744.0,0.0,0.0,556001496446744.0,0.0,1.0,46,1.0,0.0
0x03051aba8bbf9fc5d38ac4554bfae1e84b9dd8ca,7.525224044671349e+16,18000000000160.0,0.0,1.505404808934273e+16,3.3510976298303144e+16,5.0,72,0.0,0.00023919553615026114
0x0305a736ce98f8768c5e927dfa15d0b04517a621,1.2e+19,0.0,0.0,1.2e+19,0.0,1.0,17,1.0,0.0
0x0305cc8c9cc1a0b1ff881cee4621873fe6f9f8e0,1.3e+18,0.0,0.0,1.3e+18,0.0,1.0,41,1.0,0.0
0x0305cf6d8af11679eee6aa68c528ed25f837aa4f,1.5553833358745846e+22,9.5e+21,8.927339556492491e+21,1.9057575352014746e+21,2.5909015474223265e+21,26.0,77,0.9397199533149989,0.6107819069990355
0x0306588e0deb5dfd0afc70ad227aaa8551deaf25,9260018945.0,0.0,0.0,9260018972.5,38.890872965260115,2.0,29,1.0,0.0
0x030745377d953913b2af2a64d961287ff800f7e0,5.843693270383147e+20,2.228794225745118e+17,2.2287989960708688e+17,1.4628654745810622e+19,5.3042356267956085e+19,40.0,8,1.0000021403168116,0.0003814016449222334
0x030888e8fe9f0cbe3ff04c0fda1c0954c6b68822,6128811527246236.0,153427988.0,279932774.0,8.090348712659548e+18,3.334175488867891e+19,17.0,68,1.8245222247195212,2.503388908566053e-08
0x0308e74c4971077380b748fd6bc0164a775386e3,8224199367296589.0,0.0,0.0,4112099683648294.5,14479518842516.066,2.0,45,1.0,0.0
0x03090a4006197538241dca9b635c9ad149d9097f,1239710.0,0.0,0.0,1239710.0,0.0,1.0,48,1.0,0.0
0x0309146e7b8baefa23f193632ef74602768af954,1.0671176338312939e+22,2.2219128852305567e+21,2.2220961364427156e+21,7.250140982114642e+19,1.412943236252365e+20,323.2399999999998,26,1.0000824745260612,0.20821630294433222
0x030a031d24ff4fdf49d42328a9f75aaced335570,6232829555552960.0,0.0,0.0,6232829555552960.0,0.0,1.0,43,1.0,0.0
0x030a5e099482bab2259b3aa2afe176251a6280ef,2e+16,0.0,0.0,2e+16,0.0,1.0,51,1.0,0.0
0x030adc0b63a946d3c161f49c8f4d25a526b903b7,1.8010255193215473e+21,2.893560580220921e+21,9.600000000000087e+19,3.4218472139589065e+20,4.046752015382284e+20,14.0,31,0.03317711772002069,1.606618312277405
0x030b67dac665e0dae36951c5a69a639c7a8492e0,500.0,0.0,0.0,500.0,0.0,1.0,82,1.0,0.0
0x030cb7762dacad0e55e38eb6685d7923c68d7113,1100000.0,0.0,0.0,1100000.0,0.0,1.0,40,1.0,0.0
0x030ccddbf7666d9f7f3bf97a920986a8a309957e,98.0,0.0,0.0,98.0,0.0,1.0,51,1.0,0.0
0x030d0a4232b1ff4668858ae2c3d1ccffe08dc215,1107591.0,0.0,0.0,1107591.0,0.0,1.0,42,1.0,0.0
0x030d4aa68030591cfd14814f6505ba6f57802c96,1.0031296391430456e+17,0.0,0.0,1.0031296391430456e+17,0.0,1.0,99,1.0,0.0
0x030d9f55c7f7589034b829a87bf3bd84d6682a18,3e+20,2210000000000.0,2212940298469.0,1.8596026344268565e+21,1.2131811905196326e+22,43.0,71,1.0013304517959276,7.3666666666666665e-09
0x030de328e6a4855412279780172507240c4c7175,1.072e+17,0.0,0.0,1.072e+17,0.0,1.0,94,1.0,0.0
0x030de3de170036c537b1f7bf6f983220464abe1c,2.9378849229649354e+22,1.8903014790599823e+20,19178616531.0,3.108848731855295e+20,4.7800400193816094e+20,112.0,8,1.0145797770066408e-10,0.006434225739353589
0x030ded6654f0ff272eb93151ee98bdce379f266b,7.285606000006993e+20,0.0,0.0,8.095117777791366e+19,2.0211762882900564e+20,9.0,5,1.0,0.0
0x030e371d56829ea5777c07d970484d03920091f9,1e+17,0.0,0.0,1e+17,0.0,1.0,100,1.0,0.0
0x030e691d39e2dda9ffb32de5f49fdbf9f590ef00,2554095529132912.0,4e+17,0.0,6.709234925485549e+16,1.0295457584075339e+17,6.0,23,0.0,156.61121341682772
0x030f8726b8dfc17b9d505a21e8f7a87815e33848,1.312881623788253e+22,0.0,0.0,1.3450859957816352e+21,2.9915301551101067e+21,29.0,9,1.0,0.0
0x03105f295874820c5939e2f27602c9478b94969d,260000000000460.0,0.0,0.0,3611111111117.5,4836934064297.674,72.0,93,1.0,0.0
0x03116a2824b26d29e4f8f41555e674b679583402,6202130528403717.0,0.0,0.0,4134754877790909.5,3509549077773825.5,3.0,5,1.0,0.0
0x0311ee008aaec2f8fede60d56207512b7f0d0802,1104788.0,0.0,0.0,1104788.0,0.0,1.0,50,1.0,0.0
0x031291aa04a24e90fa704ae1a51598944c55de4a,6.299714974396705e+22,313315857450.0,0.0,1.1886301838543463e+21,2.793116801000696e+21,53.0,0,0.0,4.973492590115235e-12
0x0312fa145990146d456380d66ea495a7d014fc86,1e+16,5011158065007516.0,0.0,7505579032503758.0,3527643962501003.0,2.0,23,0.0,0.5011158065007516
0x03146c86fd6737a8ca454dd8dbccd43284e133d2,2.30400574742997e+20,0.0,0.0,1.4609508853239269e+20,1.0699395955291131e+20,3.0,62,1.0,0.0
0x0314732f2aeb62651ce2f1712e51300aa6e1676e,2858053.0,0.0,0.0,1429026.5,355511.3692703793,2.0,39,1.0,0.0
0x03148673c88d563193fea07d9fb373234e67386a,7137522745789151.0,0.0,0.0,7137522745789151.0,0.0,1.0,43,1.0,0.0
0x03148e5d55d5a2382c644e78910d13cdb7218235,1.4304876535937717e+21,6.900000035e+16,6.904689986200957e+16,1.7538445840531092e+20,3.148731103642704e+20,11.0,0,1.0006797030691548,4.823529946354542e-05
0x0314d69c14328bed45a45f96a75400f733164e13,8.650164506241765e+21,2.000000003462e+17,2.0003808520934198e+17,1.0680238159640596e+20,6.799174672188623e+20,162.0,27,1.0001904243153803,2.3120947607630407e-05
0x03158305104b385e1a566fa7153dfb13da15f410,1.4493454370165636e+21,18259987.0,18261108.0,1.3053555836635993e+20,2.9726104862437356e+20,20.0,46,1.0000613910623266,1.2598781859476968e-14
0x0316187ad162d7c5be2f7112662e353c85b6384b,348146979536067.0,0.0,0.0,348146979536067.0,0.0,1.0,15,1.0,0.0
0x03161e579198971cff2dd1769da7758e34b6976c,2.1309e+22,6969000000.0,6969000000.0,1.0654499750003486e+22,1.2302756597482582e+22,4.0,112,1.0,3.2704491060115444e-13
0x03169fa2a2113de2c90b4823cf8eb7541061d6f0,7.000139932746531e+18,5500000000.0,0.0,1.400027987649306e+18,1.6732470036452526e+18,5.0,51,0.0,7.856985792914078e-10
0x0317ecb39406e23837b8b1aad06bc43f10c1be08,1e+21,500000000.0,500000000.0,4.9999992500025006e+20,5.773501825868098e+20,4.0,110,1.0,5e-13
0x03180215daa2759cbc86f2e487b25cca2883566d,7.60367e+18,0.0,0.0,7.60367e+18,0.0,1.0,128,1.0,0.0
0x03188444e0ec5e63d99350baedd479ebcab82f63,3.103403794756372e+21,3.606780277032616e+21,2.0008621832821413e+21,2.259408463059011e+19,6.657825495294839e+19,323.2399999999998,0,0.554750228624489,1.162201413533994
0x0318b7bf3433dc91fdd0c749b88855f076efd5d5,2.6672521851407994e+22,2.430009733824293e+22,3.4086692311108456e+21,6.744467740537487e+20,2.1868125184893156e+21,103.0,0,0.1402738920615911,0.9110536106641214
0x0318ccfbfae5e2c06b2f533a35acecea13b9909f,2.023333667260086e+21,3.500000000015502e+20,2.0021118226548487e+20,3.525464166364018e+19,6.878640099575782e+19,73.0,83,0.5720319493274232,0.17298184954116122
0x0318dcf3b0bba28d13e67d6ce8f32eadad011512,1e+16,2000.0,0.0,5000000000001000.0,7071067811864061.0,2.0,1,0.0,2e-13
0x0319f328205f66b18ef279c18efa3e3839c005f1,1296233.0,0.0,0.0,1296233.0,0.0,1.0,44,1.0,0.0
0x031bc036ec5106ea4f2ca5921d5370a21171a123,1000000.0,200000.0,200148.0,600179.5,462002.09881305374,4.0,16,1.00074,0.2
0x031c0b7a301322382ec7ab6af873dd9732e3d6e1,9.34e+16,0.0,0.0,9.34e+16,0.0,1.0,96,1.0,0.0
0x031c0e3d66bdb6cad82b7f9efe20d00b55d785b3,512743472952707.0,0.0,0.0,512743472952707.0,0.0,1.0,46,1.0,0.0
0x031c7807637ecec27d158bd4156c954e682a2f54,6.081350167731622e+21,411447520661.0,414574443754.0,6.658955235985627e+19,6.190020957464739e+20,93.0,111,1.0075998102697923,6.765726513236982e-11
0x031c84828a86616270ce4b5b2b8b1d73cbe55b01,3.836523691423655e+20,0.0,0.0,3.836523691423655e+20,0.0,1.0,106,1.0,0.0
0x031cdab9bbf52b9000f023c3197fdaef8f6a4989,6.000000000039567e+19,0.0,0.0,1.2000000000158657e+19,2.6832815729908785e+19,5.0,67,1.0,0.0
0x031d132adc8141130bd55be6583edded884497f4,8.68297633883732e+20,828489231.0,409230420.0,1.9738500733955002e+19,6.997103566068482e+19,44.0,0,0.49394778433758546,9.54153505284039e-13
0x031d2da6a39dfe83c314df7c2e7a74bfad01773b,2.0000000000011208e+18,1.6040547526024632e+18,0.0,5.1486496465781523e+17,5.015443850941758e+17,7.0,23,0.0,0.8020273763007821
0x031d7542ff2c60947b0959a87df1e9b3337d3667,6.78e+20,0.0,0.0,6.78e+20,0.0,1.0,22,1.0,0.0
0x031f2e22d9a20142ba0c809577e0003c9a3b1ec2,2377704.0,0.0,0.0,1188852.0,1917.673590577917,2.0,45,1.0,0.0
0x031f584479760bf6a0e6e3246cceadb6e4d66bc0,2.7959939865684397e+21,1000000000.0,204480693.0,1.997184716221122e+20,3.762719859737758e+20,14.0,22,0.204480693,3.576545603473608e-13
0x03205689ad8d8e3838e244f925cf888275ac01c6,2.1091144822915014e+21,1400000000.0,848854135.0,7.299893706962142e+19,1.6268067402257108e+20,54.0,0,0.6063243821428571,6.637856843498292e-13
0x032075ac7644068531c4b13595f092eb99920416,1579796.0,0.0,0.0,1155582945.4,787187813.2690889,5.0,45,1.0,0.0
0x0320f12e5c7cb57029a9d4e1655e17f29866e478,7.348508578471203e+21,0.0,0.0,7.348508578471203e+21,0.0,1.0,99,1.0,0.0
0x032140da0856e068fc916fd5a369a33561419dd9,1.12e+18,0.0,0.0,1.12e+18,0.0,1.0,38,1.0,0.0
0x0323965dc531ecc76511a24dafca4a502533917b,7200000000.0,100515187.0,101309742.0,2405470065.1666665,2954777991.620649,6.0,32,1.0079048253673348,0.01396044263888889
0x032401f44bba316be8161251c16c45e07ee0d203,2.5538187772889924e+16,0.0,0.0,1.2769093886444962e+16,1.7297113305901536e+16,2.0,48,1.0,0.0
0x03240c50823411981a719e3f59b12476d653e67f,3.3040507839308578e+22,0.0,0.0,3.3040507839308578e+22,0.0,1.0,64,1.0,0.0
0x032419aad03e8a7520b0650620e14310cefa5dfa,1.2725320224166974e+16,0.0,0.0,6362660112083487.0,58736935004466.84,2.0,45,1.0,0.0
0x03244eaa7a5eeb5322527ce489aca1a5426b3755,2e+18,0.0,0.0,1e+18,1.131370849898476e+18,2.0,43,1.0,0.0
0x03247269bad6aa35ef79ff7f674d714c64d26611,2.3103343773806112e+17,1.000000000002441e+20,1.0095725172710949e+20,1.0499343666207986e+19,3.143298129915247e+19,29.0,12,1.0095725172686305,432.83777871851237
0x0324c205a0a2b21d7591cef3e198e103990b1457,1000000.0,0.0,0.0,1000000.0,0.0,2.0,29,1.0,0.0
0x03251ae9065a02d50230e02b137265157e101c20,1.5e+22,4e+21,0.0,6.333333333333334e+21,2.5166114784235833e+21,3.0,127,0.0,0.26666666666666666
0x03253b687deaa44f5a9df0005a7163db65413e01,1.0028680093960062e+17,0.0,0.0,1.0028680093960062e+17,0.0,1.0,102,1.0,0.0
0x03270912905f63b1b2b99b9a520a86810aa07f89,1.3196492367818957e+18,1500000000.0,501075204.0,1.0622205301748846e+17,2.4693045655703885e+17,17.0,8,0.334050136,1.1366656822065148e-09
0x0327344015c02e55ce6f13f90cc132da5d98cd52,100000000000000.0,10000000000000.0,0.0,55000000000000.0,63639610306789.28,2.0,23,0.0,0.1
0x0327d880665d0a65bc578a82e9d83f21b993756c,9.739315694241152e+22,3.007635963615724e+22,25867092807.0,8.7311469346713e+20,2.4251487920166357e+21,146.0,50,8.600473301929487e-13,0.30881388980892527
0x032829e7678891e08aab091f6127f07639bcb26d,485320324089.0,0.0,0.0,242660162044.5,343171847014.8317,2.0,44,1.0,0.0
0x0328938eda94f1ad9f62e71a56c4387835ceb62d,97420418856414.0,0.0,0.0,97420418856414.0,0.0,1.0,51,1.0,0.0
0x03289bb5b77a418cfbadec78a7c206b1eb6444c5,3.5417018688291596e+20,301130786.0,297424198.0,3.127705488640728e+19,6.4941498493038756e+19,17.0,16,0.987691102430158,8.502431801227524e-13
0x032936b50b7c50a2008bfbfc70567a5dfa00a7e6,9.23e+16,0.0,0.0,9.23e+16,0.0,1.0,95,1.0,0.0
0x032945f825c2c9ffb445a2de02513b811554df46,2200000.0,0.0,0.0,1100000.0,0.0,2.0,44,1.0,0.0
0x0329ca0125055eb93a8fbe5913e299ea99cb49f9,3371875569913.0,0.0,0.0,3371875569913.0,0.0,1.0,51,1.0,0.0
0x032a2386566db1e1558904e3ff9f8f90acdd98ed,1.5222e+22,0.0,0.0,1.5222000597633952e+22,845182039311730.8,2.0,135,1.0,0.0
0x032b2f80d52e2873094d820b7befc15c294c6e65,10883000000.0,0.0,0.0,10883000059.5,84.14570696119915,2.0,20,1.0,0.0
0x032bb3d64f289e35ec8642c9bf2bdad7d73529d0,1043000000000100.0,1000000000000200.0,100.0,291857142857200.0,484008411969362.4,7.0,120,9.999999999998e-14,0.9587727708534076
0x032c00db90f28a81163b313cf1bc92247f2ed67e,9e+20,0.0,0.0,9e+20,0.0,1.0,103,1.0,0.0
0x032c4db5f7434fb9e0ea85ccbbff1fa2d7c9d8aa,1e+16,2000.0,0.0,5000000000001000.0,7071067811864061.0,2.0,1,0.0,2e-13
0x032c56e52d2cd8be4256cba3c631931d1e3b07cb,1.67950220801336e+21,1200000000.0,1200673097.0,1.4515394035232984e+20,2.75520580721035e+20,37.0,0,1.0005609141666667,7.144974232689156e-13
0x032ddfdf432eb4c97faf50a3d7fe1898e4e123a6,2029393.0,0.0,0.0,1014696.5,7500.28162804571,2.0,43,1.0,0.0
0x032f074dddcb996b0da95402800653a1c1c5bf37,5e+17,2.8029628189464448e+17,2.8029628189464448e+17,3.5353085459642963e+17,1.2684600079008867e+17,3.0,23,1.0,0.560592563789289
0x032f904c1f675add398dcb3733acf36b84b79c95,1.6562693861070913e+23,1.62740000000108e+23,1.3275952727428798e+23,5.525722823242608e+21,9.168696239684574e+21,108.0,0,0.8157768666228331,0.9825696312760654
0x0330056b009539f120717f6ff4d823c3ce2cbf63,1094457.0,0.0,0.0,1094457.0,0.0,1.0,46,1.0,0.0
0x033026f0aa842c3323d02e5974c51d38c8056178,6148380.0,0.0,0.0,2456845.5,1308283.7491567596,4.0,4,1.0,0.0
0x0330d6432c963f761eaa5a7567ea161027cc36d3,1107520.0,0.0,0.0,1107520.0,0.0,1.0,41,1.0,0.0
0x03310baf844bfe66aadd339c73f9229f35aa4c6d,5.376726769708291e+23,4.199051244553148e+23,1.4663222052498567e+23,4.4476946679258625e+22,1.0215119623351067e+23,203.0,64,0.3153826340902092,0.4267466814654354
0x033185ecc07fe116859d5fc721802d724b85c4e7,3.513603413500699e+20,2.104363810700699e+20,2.104368057781229e+20,5.810479373492566e+19,3.277834826036236e+19,19.0,72,1.0000020182254172,0.5989189908613117
0x03318cdf6bcc6ab97814029ed0324d101ed0c921,1e+17,0.0,0.0,1e+17,0.0,1.0,96,1.0,0.0
0x0331c1ce75f315a49849be77b6a37b1959ebb1eb,6.287261444068572e+16,0.0,0.0,3.14425954210888e+16,3.630678291549656e+16,4.0,23,1.0,0.0
0x0332be92c16b30591296507a665a164c4966b425,5e+16,1e+16,0.0,3e+16,2.82842712474619e+16,2.0,19,0.0,0.2
0x0332d875f3fc0475474548dcf29f23591cb14d29,1e+16,2000.0,0.0,5000000000001000.0,7071067811864061.0,2.0,1,0.0,2e-13
0x0333a10f65956afcbd633c517c2a6dd3ced00a40,90000000000.0,3.0580529570465614e+22,3.058204854905374e+22,1.5349570994861165e+22,2.5052319312339156e+22,9.0,84,1.0000496714285025,339783661894.0624
0x0333fbf46d16ea6d26c6a09503cc3c0c1e7c95c8,1.0000000000013393e+18,1000000.0,0.0,3.333333333341131e+17,5.773502691889505e+17,3.0,79,0.0,9.999999999986607e-13
0x033466da370e828b957754b75a1370506d0de739,1109124.0,0.0,0.0,1109124.0,0.0,1.0,40,1.0,0.0
0x0334e081f088642f7628030bc6b28289495c5400,0.0,0.0,0.0,1700396651.0,0.0,1.0,31,1.0,0.0
0x0334eca378b5c3ca56c8cbef990eec2e3a30a7cf,3.0715413103824947e+18,9200000000.0,600000038.0,2.4839385382596805e+19,1.1979444538503892e+20,33.0,1,0.06521739543478261,2.995238894851242e-09
0x03352f97e46d751d978c0293f0e51d53b6959599,1999699.0,0.0,0.0,1999699.0,0.0,1.0,40,1.0,0.0
0x03356060622b057978f616a26ebb2967a73625ec,2.0982533179e+21,0.0,0.0,2.0982533179e+21,0.0,1.0,90,1.0,0.0
0x0335a3481a074ead996574587714af349a114013,997160000.0,500000000.0,500375937.0,5.838815428121768e+18,2.097108173085179e+19,13.0,7,1.000751874,0.5014240442857716
0x0335c709c9d9f938b2554b91974ef0812e16e890,4.918810731297291e+19,0.0,0.0,4.918810731297291e+19,0.0,1.0,62,1.0,0.0
0x0335f428955506d0c06d18b8fa5a8aabf7462e59,9.85900174516474e+19,1.3000000000030499e+20,7.0000000000071746e+19,7.863642739753549e+18,1.539558343515599e+19,44.0,2,0.5384615384608271,1.3185919159012456
0x03365fa521cc5ece8b1f7ed1fb00bd4637b01781,2e+17,5e+16,0.0,1.25e+17,1.0606601717798213e+17,2.0,23,0.0,0.25
0x03369f6db2e2e77a2ef92b6295d6989cd68b8491,1000000.0,200000.0,0.0,600000.0,565685.4249492381,2.0,23,0.0,0.2
0x0336bf727c155c2c4789d809d30c8c11f4d3ab49,2.8035758815108026e+20,0.0,0.0,5.607151763021605e+19,8.127035799252e+19,5.0,18,1.0,0.0
0x0337cbd1a09ae0c4e7f802c0ce2cffe880ef49ba,3.651105392447678e+21,9.870816353937338e+20,9.870846987564047e+20,1.6840333234519576e+20,3.0772502989827965e+20,56.0,79,1.000003103454224,0.2703514495734675
0x0337dcbc6f5f2c2ca665fdd487f7d8f23c305b08,1.531106381573809e+22,5.335622000010485e+21,5.366953474474258e+21,4.959726362530352e+20,1.340473030680288e+21,74.0,91,1.00587213158348,0.3484814683174433
0x0338413ee756d4e561f073b1767e6bf5e18393e9,609989421.0,500000000.0,500067402.0,277512089.375,268384410.42510614,8.0,74,1.000134804,0.819686346658789
0x03387d5015f88aea995e790f18ef7ff9dfa0943c,722516943.0,140000000000.0,140184474520.0,46938300252.0,71969928308.55052,6.0,103,1.0013176751428572,193.7670823589254
0x0338e55ea1a26c84ffd70d7c79d8094ac36b6148,2.3286342193781804e+21,1.000000000002e+20,200119005.0,1.0601142832129185e+20,2.4456840406781087e+20,36.0,49,2.0011900499959977e-12,0.042943627285054325
0x0339928b90de16e4fb37de38acbbbe9449ff756a,3659.0,0.0,0.0,1829.5,2499.6224714944456,2.0,44,1.0,0.0
0x033a0f17fb49d292785f02b959227cf5cf50f21a,2.1156528123767315e+21,1.25e+21,1.2008401537951557e+21,2.136108505990235e+20,2.311098905161845e+20,27.0,75,0.9606721230361246,0.5908341825688052
0x033a10f0fa3a846f441f7d7469a2352f910443ad,65384591.0,31222071.0,31225239.0,3126283.2419354836,4424776.361519357,62.0,12,1.0001014666836163,0.477514205143533
0x033c88d3eb2ca45023942ae4488882d391a801fd,10000000000000.0,0.0,0.0,10000000000000.0,0.0,1.0,51,1.0,0.0
0x033c9f336f9b7f25cda00b97fe299d1b9a129908,0.0,0.0,0.0,6.079081138013545e+21,1.0529277394360207e+22,3.0,9,1.0,0.0
0x033cd435e2bdf5227787d54d46c9231cf529acd6,1.3828e+16,1000.0,0.0,4609333333333667.0,4426947179866586.5,3.0,91,0.0,7.231703789412785e-14
0x033d66fac8634e3c34be50cf24f5016f31447077,260000000000460.0,0.0,0.0,3611111111117.5,4836934064297.674,72.0,93,1.0,0.0
0x033d74a910eaae2518f6b6d9c78af634a4833779,814246806380331.0,0.0,0.0,814246806380331.0,0.0,1.0,29,1.0,0.0
0x033dab06e494cedc8bf20717976a4af9d740c4d9,1.2429404944555779e+18,0.0,0.0,6.214702472277889e+17,8.78891652236496e+17,2.0,30,1.0,0.0
0x033dafd977e7c4fa8ccfd4775492e3ee5cbbd1c0,1.025e+17,0.0,0.0,1.025e+17,0.0,1.0,99,1.0,0.0
0x033dc008e1ab5d7004e8fabfd834f841a89c7e10,3.0224282096904285e+23,6.080000000000009e+22,3330020.0,7.724315339767167e+21,2.3458337425657736e+22,47.0,13,5.47700657894736e-17,0.2011627598136649
0x033dc48af6f744a1b5f039d2a3dc38ae5424db96,3930437590555274.0,0.0,0.0,1965218795277637.0,2303462536123431.5,2.0,40,1.0,0.0
0x033df985bd88c096ceb0bae2545d35f18eecdfb4,7e+18,2000000.0,2000005.0,1.750000000001e+18,3.4999999999993334e+18,4.0,63,1.0000025,2.8571428571428574e-13
0x033e036bda697d7a7615dcd04cf7f1883904fc6c,2.8006e+20,12500000000.0,0.0,5.60120000025e+19,1.1700970352774136e+20,5.0,29,0.0,4.463329286581447e-11
0x033e1be8c2d5de9ff4e5a04618d6cd2db4e6f9ed,2.553208458873188e+16,0.0,0.0,1.276604229436594e+16,1.7301428908806522e+16,2.0,49,1.0,0.0
0x033e8cf361b0658925f4c3c2d9be754b86e327ef,1.0087410083323561e+18,0.0,0.0,1.0087410083323561e+18,0.0,1.0,47,1.0,0.0
0x033ea4c2e32eab510cb29d8c492dd4c1171cea50,2.204140010568707e+21,1090000000.0,1097807685.0,2.106316372128372e+20,3.478457335389723e+20,21.0,11,1.007163013761468,4.945239389392332e-13
0x033f0b0c71753239adaea7f7394812b79f7176a0,4.4e+18,0.0,0.0,1.4666666666666668e+18,1.1547005383792512e+17,3.0,43,1.0,0.0
0x033f35a020fbdaa7108bd8e509fd50a88a9915de,248225353.0,0.0,0.0,106556203.25,82547030.66043518,4.0,17,1.0,0.0
0x033ff82972978ddd56307e37805c516536e1dfae,0.0,0.0,0.0,206687.0,0.0,1.0,0,1.0,0.0
0x033ffcf5d843a16da224f62b5cb1c4980310f796,6.515172e+21,1.4000000000231368e+22,1.4014666368445525e+22,3.672194517397384e+20,2.109152017358997e+21,136.0,70,1.0010475977295652,2.148830453015111
0x03402343d6192caec409b0570cf59905969adc2a,3.6250420331883916e+21,2.703098455334749e+20,9492971305.0,4.102640121305008e+19,1.6582191229838298e+20,104.0,14,3.511885142868168e-11,0.0745673686149578
0x0340389d85c806f7f5f66d6cd2fd1f91d6f7dd10,2.1835352362144415e+18,0.0,0.0,1.0917676181072207e+18,1.5439925724850217e+18,2.0,43,1.0,0.0
0x03407689dca8b86e8dd3c867899f1fb168c21bb7,4.21e+21,0.0,0.0,4.210000048128779e+21,68064372317683.6,2.0,133,1.0,0.0
0x03408ddff230918d5235152f2caac102e3d48202,4076761357976559.0,0.0,0.0,2038380678988279.5,2227243710084749.8,2.0,42,1.0,0.0
0x0340af84322e83ae445c375c10a6ac90989b85f6,7.61092700107584e+20,6.50000000011915e+20,6.500010474713289e+20,2.557894184650927e+19,9.497761092867005e+19,128.0,93,1.0000016114760213,0.8540352573609422
0x0340c0b1ef5d48083ac0afb00322b38b21f0d8db,5.519811710418718e+22,3.7065e+22,3.7129374044947076e+22,5.955620443218527e+21,1.0148653105981975e+22,31.0,37,1.0017367879386774,0.671490296128024
0x03413203ef38895fb2661a62046949893ae9fd6b,2.483321192545157e+19,18000000000.0,18005916392.0,2.483843456040875e+18,6.381654843660554e+18,20.0,94,1.0003286884444444,7.248357584204317e-10
0x0341ab2d783648be716fa78a48eedf13f151335e,3.5827000000036556e+20,349000000.0,250207916.0,1.3780384827885195e+19,4.048367035934423e+19,26.0,11,0.7169281260744985,9.741256594178801e-13
0x034272d147bcf7a5d27937e80fed03aa3b60a6d1,1.491630617999097e+18,0.0,0.0,7.458153089995485e+17,1.0547279828770185e+18,2.0,44,1.0,0.0
0x0344e6dc73a4128d7a889509a13c3dd25b4b688a,7.916894131933699e+20,3.893329887168737e+20,0.0,9.84185334925203e+19,1.1769625895228555e+20,12.0,113,0.0,0.49177490847888755
0x0345e39554c2fe41f68b3516d1c94dae0ff0c458,1107811.0,0.0,0.0,1107811.0,0.0,1.0,40,1.0,0.0
0x0345fa5dc69c9ca90a441215e2fa8a0b36469286,0.0,0.0,0.0,8.333333339607413e+18,2.0412414520119493e+19,6.0,50,1.0,0.0
0x03470c993d22b5405ed10a1e51afe1505be32ccd,1088599.0,0.0,0.0,1088599.0,0.0,1.0,42,1.0,0.0
0x03471b120914390f8a4fc104e601c32d89989399,98329302592742.0,0.0,0.0,98329302592742.0,0.0,1.0,51,1.0,0.0
0x03478c0564936f7a51138d28d1cdce99855c2b7f,2.0525719108954117e+18,3500000000.0,0.0,4.105143828790823e+17,5.66231878625829e+17,5.0,72,0.0,1.7051777730277738e-09
0x03482e6aaf23d9367aea1e306ffba42bc7fbe9fd,1.0225e+20,35000000.0,35000000.0,5.11250000000175e+19,5.903406502461903e+19,4.0,141,1.0,3.4229828850855747e-13
0x03485453f0b0511dd6bd4173ad05093b1e0313de,1.4574007827633e+22,3.9779886476471383e+21,293685736.0,6.183998825093477e+20,9.080861719026327e+20,30.0,45,7.382769585672558e-14,0.27295090648330006
0x0348f1e1789f813762881fe3933635bc79c1c373,0.0,0.0,0.0,3.5533678434740334e+22,5.125440586413635e+22,4.0,69,1.0,0.0
0x034961ef5fd3f25dbb91440ad3ce0a119e875847,5.309090745090729e+21,8.485279949003362e+20,1386000.0,2.216509245547884e+20,5.449599507428609e+20,44.0,3,1.6334169388987484e-15,0.159825483428582
0x034a30809a0ecc75ae8bd5bebdea60ca509713ae,8349202675276018.0,0.0,0.0,8349202675276018.0,0.0,1.0,45,1.0,0.0
0x034a4081df0c5a039d05113a7d0b334083a7b084,5.9471889818642985e+22,1.2676100972492695e+22,7001675046.0,4.5545051536862075e+21,8.887234812273555e+21,16.0,112,5.523524198169237e-13,0.2131444117741664
0x034aef79606d0888348cdc0d6c30cb2f989f106a,1e+17,0.0,0.0,1e+17,0.0,1.0,101,1.0,0.0
0x034aff341d97429136304f3021e8f27975de3da0,1.2310281562723887e+22,1.695262637074464e+22,1.356290882294206e+22,8.15657481070623e+20,9.144065063181248e+20,53.0,1,0.8000476460890886,1.3771111801437583
0x034b054426cd05f70ea0d98d35083ac73322b939,1.348796520616125e+21,2025287526.0,1016301791.0,7.939979533060357e+19,2.0783484607508706e+20,17.0,24,0.5018061771245018,1.5015515647051467e-12
0x034b2fd624f4895fc932ed31ed63d8be06b82c08,8.403798877013575e+22,4.0601400000090347e+23,1.4663222052498567e+23,4.6371921138632166e+21,1.4343663619999512e+22,156.0,0,0.3941547152881047,4.831315050999733
0x034b5155a9a8a8513bc27a77e1036bc18f4cf5b6,1093019.0,0.0,0.0,1093019.0,0.0,1.0,46,1.0,0.0
0x034b5cff596058dc37d983a8491278148ce13d88,9716000000.0,0.0,0.0,9716000053.0,74.95331880577403,2.0,20,1.0,0.0
0x034b63d519579980d9b527c9908f90495c858d7d,3.4300000023801165e+17,0.0,0.0,1.7150000011900582e+17,2.4253762577868614e+17,2.0,89,1.0,0.0
0x034bab37dee3cb342aa38ea6ce819bb93ca99ee8,1.0702022525722058e+17,0.0,0.0,1.0702022525722058e+17,0.0,1.0,97,1.0,0.0
0x034c69160676cd0f0ee35719a93343ea066e31a4,8.236531985168025e+19,78262588806.0,78604219637.0,6.863826257394582e+18,1.5043913773504078e+19,24.0,27,1.0043651869457941,9.501886102904928e-10
0x034d8677141fc9cfd7c16a401abf44aa94f9d293,3e+18,0.0,0.0,1.5e+18,1.414213562373095e+17,2.0,43,1.0,0.0
0x034dbf59af51b3f322eb2bc30a25bc6d40f6e450,1053782.0,0.0,0.0,1053782.0,0.0,1.0,45,1.0,0.0
0x034f4243c5e44976913d3e607089d75bc976dde2,2e+18,0.0,8.6e+17,1.43e+18,8.061017305526642e+17,2.0,15,1.0,0.0
0x034f5434e14148a554c38f72118239d3b4078888,4.0300000000019903e+20,2.1005000000005e+19,2.050501122830854e+19,4.025140730136265e+19,7.308002660932144e+19,21.0,80,0.9761966783291435,0.052121588089316696
0x034fecdfce9b15a19ad60b1e9a3bf469aad59e64,1008884.0,0.0,0.0,504442.0,713250.1249014962,2.0,44,1.0,0.0
0x035032655b5b3784d359b56eb82c803bd971c582,7.306986204161785e+21,0.0,0.0,6.642714731058018e+20,1.3840755222295077e+21,11.0,1,1.0,0.0
0x0350520a1e54dd49848db2ee24540713f2620c55,1.8618e+22,6.852e+21,6.852e+21,1.273499975e+22,6.793102978610014e+21,4.0,112,1.0,0.368030937802127
0x03507501959de1df612099f3916f28d5b07bca4a,2040901.0,0.0,0.0,1020450.5,1021.7692988145611,2.0,39,1.0,0.0
0x0350c69d7970e174d84ef0947048c2ee9f0c8adb,6.887129018142225e+22,0.0,0.0,6.432134900621091e+21,7.853134130038057e+21,15.0,4,1.0,0.0
0x035110da0507fd99916c25eecfd1f1946a99741d,0.0,0.0,0.0,49139582.0,0.0,1.0,9,1.0,0.0
0x035192d0554d24a91970cdf8f10ca82cb48c8eb6,3e+18,0.0,0.0,1.5e+18,7.071067811865476e+17,2.0,45,1.0,0.0
0x0351b0b81fdd1db5dad0617d97c598cd3c37baaf,4.457532554329791e+21,1.4666026401877611e+20,1.3703298332990627e+17,3.057183327327038e+19,1.3415512539041274e+20,255.0,0,0.0009343565842235405,0.032901669753666464
0x0351c5599f6d7a0306c02e5c5b3b76f789b395a0,5.376726769708291e+23,3.0523446593900906e+23,1.4663222052498567e+23,4.34199498107415e+22,9.189395695573488e+22,82.0,24,0.9986100911563129,0.10345730941584527
0x0351c94cae69947448969ca8b6fef20dfe14203b,1.471980727124631e+22,9.653400000016603e+22,9.660894208081546e+22,4.542523809675365e+21,1.6444392471733396e+22,49.0,89,1.0007763283470001,6.558102169498896
0x035254b8663a4e25c0a61fe7fe1c695fd2ad5f91,1e+19,0.0,0.0,1e+19,0.0,1.0,1,1.0,0.0
0x03526fc1075e3c4f3dceac665a7141606eb11ae9,5.44e+20,2.6251591884293993e+20,0.0,2.01628979710735e+20,1.2729444320051198e+20,4.0,107,0.0,0.48256602728481607
0x0353e69aa5fecdc675ef74f4fd856588714edbdf,2437659.0,0.0,0.0,1218829.5,114822.12044941515,2.0,40,1.0,0.0
0x0354a4de7462a6987cb9390d5bd065c9b98d34cf,5.222744402101699e+20,150000000.0,150032641.0,5.8694022681348645e+19,1.0294019863567104e+20,17.0,80,1.0002176066666666,2.8720532434947053e-13
0x035556926c0c52223142c174871df815ba6d770e,0.0,0.0,0.0,1077427637.0,0.0,1.0,82,1.0,0.0
0x0355c584ff086058e20d4c1eb73ad2408c38cb04,1.9e+19,0.0,0.0,1.9e+19,0.0,1.0,127,1.0,0.0
0x0355e6d75261199fd78e1faba4e59bf6fe31dfe8,0.0,0.0,0.0,2002572928.0,0.0,1.0,81,1.0,0.0
0x0356011c3a38e07fe2826f1d578fa3e1e52ec877,2.2e+18,0.0,0.0,1.1e+18,1.2727922061357855e+18,2.0,44,1.0,0.0
0x035648071a7ebb842fc55a01e44ce01ab8b844ed,4.6944434348535296e+21,1.3074281062476774e+21,1.308685792626873e+21,7.345460012994335e+19,2.2336508767935296e+20,159.0,7,1.0009619545221535,0.2785054553093087
0x0356ece0b66df94ba8448075d0aa26453dd406cc,8.633580509047613e+20,4.321589051139524e+20,3.003353722422004e+20,3.3252276630438547e+19,8.539772797412386e+19,48.0,8,0.6949651359446302,0.5005558292542345
0x0356f20234bc49395be12b077d81d8565a1c1527,9448000000.0,0.0,0.0,9448000258.0,364.8670990922585,2.0,20,1.0,0.0
0x035719f46ff6a671a1101fca5d9fc9c7dce44d42,233314052.0,0.0,0.0,97324156.2,70498443.18753809,5.0,78,1.0,0.0
0x03572f17c8e8ac3d5e5f767bff74dca89f310225,4179153726575108.0,6e+17,0.0,1.5104478843164378e+17,1.2748771558654874e+17,4.0,23,0.0,143.56973666333897
0x0357647aa1d02d4e7503d23eb7370dbccdec7117,2.400011222313124e+18,0.0,0.0,8.000037407710413e+17,6.928192325102688e+17,3.0,41,1.0,0.0
0x0357c980e66e6ef343a35715138b7670b0ae74c5,2.3303657872025353e+21,83612633431.0,58289032575.0,4.298473061338831e+19,2.3255007840493758e+20,55.0,0,0.6971318828643532,3.587961765065731e-11
0x0357dc60f8e2d1972e5f2dd8f9bb32f2559e04e6,2.0000000013913702e+20,0.0,0.0,3.864346747413502e+21,1.3873117948081078e+22,13.0,4,1.0,0.0
0x0357ee511a77d1981d2d79e076f9608be771c85b,7.374550416975743e+22,86021665527.0,86112551138.0,9.577338203899344e+20,2.896481859472604e+21,77.0,23,1.001056543260854,1.1664665730535061e-12
0x0358751229cd0f5f5bc0d4dd21b19139cb58944b,1.7152082031956886e+20,0.0,0.0,1.905786892439654e+19,4.413706168272091e+19,9.0,90,1.0,0.0
0x0358c2ab1c477f338776d96c01a0a53f9dba4d0f,5.9000000000000066e+20,310068912.0,310216824.0,4.916666666671847e+19,8.374944595019206e+19,12.0,68,1.0004770294417649,5.255405288135587e-13
0x0358f827f0446f5e1248f5aae42ecae8b3dacb61,11340.0,0.0,0.0,11340.0,0.0,1.0,45,1.0,0.0
0x035a38a537384f981b611cc598f9f36cdc3542dc,2.1e+17,100000000.0,100015912.0,7.000000006667197e+16,1.2124355647208178e+17,3.0,77,1.00015912,4.761904761904762e-10
0x035a4b944b8b28565d3dc9e7ff80da78acf6cdbf,5.000000000012069e+19,0.0,0.0,1.0000000000048282e+19,2.2360679774970905e+19,5.0,60,1.0,0.0
0x035a5b6b64fc4d37e32fd32361c026f77e68cc10,4.80000018692649e+18,0.0,0.0,1.2000000467316224e+18,1.0099505678697146e+18,4.0,45,1.0,0.0
0x035a909c0fbc30a88d83d2fd9367a0962c012e5e,1e+17,0.0,0.0,1e+17,0.0,1.0,100,1.0,0.0
0x035abc4c74e4a03de41fc5cce6c13e10e6d569dc,399779683.0,6.5e+19,6.5e+19,2.6000000000119935e+19,3.5601966237726314e+19,5.0,62,1.0,162589553106.42938
0x035b27ed461b13990c0b9ed0e01c08d0d44cd033,1.500000000150162e+20,5.993500000005999e+21,6.041022142824378e+21,8.123014761906985e+20,1.705641058315397e+21,15.0,9,1.0079289468287864,39.956666662706674
0x035b32173c6beca69608dc1b5740bfec727c5d82,5.376726769708291e+23,4.199051244553148e+23,1.4663222052498567e+23,4.633577560353568e+22,5.035624012382519e+22,57.0,115,1.0034219012540881,0.7447265754270355
0x035bc96201666333294c5a04395bb3618a2b6a11,1.925305538403317e+21,1.2618277093376962e+21,1.2531185345882248e+21,8.783844685155225e+19,1.0472304246274815e+20,63.0,8,0.9930979683795004,0.6553908894814419
0x035d5e9aef9c24c42764a90b1ef6207d22fda0e7,8.248944249591102e+22,6.03570000001296e+22,2.9956900581455467e+22,1.6610828507159858e+21,5.553450003397714e+21,137.0,1,0.4963285216526856,0.731693634650537
0x035da46acd8cf44725c6541d688260e2a8d5cc10,1.3e+18,0.0,0.0,1.3e+18,0.0,1.0,45,1.0,0.0
0x035daa8f8ad585b1059d5fe5476e2bf4237218de,3.4000000000004e+20,85000000.0,85048758.0,4.250000000003126e+19,8.310922245539191e+19,8.0,68,1.0005736235294118,2.499999999999706e-13
0x035e5f83ad0fd8e73f5c844ea66c7f63894511d1,1108122.0,0.0,0.0,1108122.0,0.0,1.0,40,1.0,0.0
0x035e72ef297547349d8ce3573ebb8e10dc639816,4.841147355077999e+22,3.62500000000144e+22,3.633851268647704e+22,3.683897641645148e+21,5.75801232133086e+21,46.0,69,1.0024417292817271,0.748789436495687
0x035f0c9f6b5a3c07c158956b9eb91af830db9216,9195400.0,0.0,0.0,9195400.0,0.0,1.0,80,1.0,0.0
0x035f31a67d87cd368b1e7a5ccb15f9efe9191c29,0.0,0.0,0.0,3.297390260436513e+20,3.056487179355012e+20,5.0,132,1.0,0.0
0x035f4a089e99bb14fa010a6ce80e9640e1dd01fc,2.9351792285901233e+20,4e+20,2.0052617648844846e+20,1.1508415271704558e+20,1.3178521483001492e+20,10.0,60,0.5013154412211211,1.3627787908274855
0x035f54740a2b26337ef50b85786c2e246dbbaba4,5e+19,0.0,0.0,5e+19,0.0,1.0,81,1.0,0.0
0x035f73f456eeb7bcc5a74a66ccdeb9243bdf45ad,1.0023954130072197e+17,0.0,0.0,1.0023954130072197e+17,0.0,1.0,100,1.0,0.0
0x035fc3b0ec2487c1c9def561f578ec77a06b1b12,5.798991913297164e+20,1.2e+22,6.004395538424817e+21,1.0803954229950813e+21,2.5520819017182106e+21,27.0,26,0.5003662948687347,20.693251826207664
0x03604e6625fec18f298ecf393cfd70b2d8bfc0bf,1.625260359439518e+18,2.3451861959597262e+21,0.0,2.607568284799073e+20,4.57720296330993e+20,9.0,0,0.0,1442.9603123824909
0x03607361b844e659f4e8846af200074e219513e2,5.655197140921795e+20,6.081546636798821e+19,221436674.0,2.609729918584955e+19,3.823016961158704e+19,24.0,19,3.6411243261723785e-12,0.10753907397483814
0x0360b9acda197703cb3040715c75659c38f13cf7,1.709e+21,0.0,0.0,5.696666666666667e+20,2.2950018155403133e+20,3.0,14,1.0,0.0
0x0360dcea9bf79bb3fed1cf01a8e2dd8fecd85235,2e+18,0.0,0.0,2e+18,0.0,1.0,41,1.0,0.0
0x036161ee78969e00d3ea480f2139357fd77247ac,3.577493616187185e+21,1.636373626346695e+22,1.6365547071194612e+22,1.0133525497020657e+21,3.8484319361515373e+21,52.0,53,1.000110659796669,4.574078396513553
0x0361af4fd68e69f7f55d6a920c4195f87ad81d15,4791.0,0.0,0.0,4791.0,0.0,1.0,45,1.0,0.0
0x03630da783ae465b0afb812f7bc6374d677b0829,1.5390360965144912e+17,503447000.0,506203249.0,6412650444295807.0,3.049015546340083e+16,24.0,18,1.0054747550387628,3.2711838347402898e-09
0x036328c52eccfc46d348e2a27da72ae48e00852d,3658391027709786.0,0.0,0.0,3658391027709786.0,0.0,1.0,41,1.0,0.0
0x036345b8465096ac474b07e08b6117d8134ef847,3.293265713270862e+18,0.0,0.0,3.293265713270862e+18,0.0,1.0,72,1.0,0.0
0x0363839d89014a84d63a029b6c5d540344453b64,2.15e+16,5000000000000000.0,0.0,1.325e+16,1.1667261889578034e+16,2.0,114,0.0,0.23255813953488372
0x0364fd4f4a4adb95ce6566c794f6244ca87943d7,2.5000000001e+18,0.0,0.0,6.250000000503752e+17,8.958236433115846e+17,4.0,53,1.0,0.0
0x0365ad837b20583a235b652cfce03987561c9948,1.2676890730213212e+21,5.610181534669394e+20,74774020.0,3.6710211229602886e+19,6.047678147555991e+19,53.0,1,1.332827102615431e-13,0.4425518570810491
0x036631a163767ec4b518ba3c234185811f7d9827,0.0,0.0,0.0,1996933296.0,0.0,1.0,84,1.0,0.0
0x0366521285f902c5b10a6f1ace37a70d68e0e0bf,5.2746770586188684e+20,1005147733.0,405875777.0,2.0287219456328753e+19,1.0104686934157579e+20,26.0,0,0.4037971371517783,1.9056099962699704e-12
0x036658b4a676c8458b34bbdfc7a8f1a092b44081,0.0,0.0,0.0,1007416447.0,0.0,1.0,72,1.0,0.0
0x0366a61a1d2a15da442d08bc822b2c8a93b4393e,9890000000.0,0.0,0.0,9890000054.0,76.36753236814714,2.0,20,1.0,0.0
0x036808e8efef543ac49c40a2b6d98f8f36798a91,8.79313358912644e+22,4.199051244553148e+23,1.1510625884042259e+21,1.4828921873681602e+22,9.169784830710579e+22,144.0,34,0.0005865789338674403,22.31663989987157
0x0368ca98437266a286e33042e6990dcde1450db3,9.4e+16,0.0,0.0,9.4e+16,0.0,1.0,99,1.0,0.0
0x03692b33a187d69661b0f5b1cd0244702c340fe5,6030160717290795.0,0.0,0.0,6030160717290795.0,0.0,1.0,44,1.0,0.0
0x036955e921822b666da7fb487370f7cbb115906e,1.043e+21,0.0,0.0,1.043e+21,0.0,1.0,6,1.0,0.0
0x03695ecfee68b3d537711d04d11de6a8f1329f6a,2200000.0,0.0,0.0,1100000.0,0.0,2.0,44,1.0,0.0
0x036962a84f8e3423918082c672d9ab18752c30c2,1.082e+17,0.0,0.0,1.082e+17,0.0,1.0,94,1.0,0.0
0x0369a18568f22c77ec0780cb9b79402e64fe8b89,4.7923437059350574e+20,255000000.0,41000000.0,1.9170959025548296e+19,4.828620151060641e+19,25.0,2,0.1607843137254902,5.320987300727124e-13
0x036a310b351f1d24dc5891a9f7ddc1e42ced51fd,8.666240566105978e+20,3699000000.0,1684455844.0,1.1890033805139147e+19,4.65885908868297e+19,120.0,0,0.45538141227358747,4.268286775314017e-12
0x036a6ba1fcad423064d09806479b5ffbf5f22fbe,10000000.0,0.0,0.0,10000000.0,0.0,1.0,7,1.0,0.0
0x036ac8829034821015a1181efb8f8e4357af3df6,1.4145e+16,1000.0,0.0,4715000000000333.0,4579156581729357.0,3.0,91,0.0,7.069635913750442e-14
0x036baa2d91ee84b680177acbc391d554170f1ab6,1018374.0,0.0,0.0,1018374.0,0.0,1.0,45,1.0,0.0
0x036bbffd6f8d19a6af2121bd690ed041e90fa2e5,6377610003342600.0,0.0,0.0,6377610003342600.0,0.0,1.0,43,1.0,0.0
0x036c3168619e6264ddd3523b978fddc2c84bc7d6,1380213.0,0.0,0.0,1380213.0,0.0,1.0,51,1.0,0.0
0x036cd2526fde6ea08e0e268309dd2a3af3b95d10,1108384.0,0.0,0.0,1108384.0,0.0,1.0,41,1.0,0.0
0x036cedec201095f375e6d1aff69b74a2d9b7d0c8,0.0,0.0,0.0,1.1582161317445066e+17,7.817225765243882e+16,4.0,65,1.0,0.0
0x036da3aa7d31181bf0fb4f0bc128b04a7bdcc08d,4.83e+21,3.5e+17,3.5e+17,2.415175e+21,2.7883997275916767e+21,4.0,128,1.0,7.246376811594203e-05
0x036dbbd11bf2958377e459cb75fec9bb9944785a,1.1977809375117013e+21,5.000000000038e+19,380424318.0,2.7979855287422718e+19,6.806866329079921e+19,47.0,13,7.608486359942175e-12,0.041743860195547274
0x036dce7f98c0a17da43db21d522969ea009fd301,1.8300000097e+18,0.0,0.0,6.100000064666666e+17,1.0565509870167174e+18,3.0,19,1.0,0.0
0x036e1218a711ea2186f6413b16e373c1c1ff1a5a,3.0214021903435825e+21,0.0,0.0,5.161650267232348e+20,7.634123568809955e+20,12.0,101,1.0,0.0
0x036e88f0cf7abd5ab1ef2f13853d50cf2263397f,1269901.0,0.0,0.0,1269901.0,0.0,1.0,45,1.0,0.0
0x036ea8e17701bbb41fd0b9bfb36bce98d0baefda,1.0000000013935548e+19,0.0,0.0,5.021168322452842e+20,9.975781359628167e+20,4.0,88,1.0,0.0
0x036fcf32222c17667b562b427acb2bcd737a0db9,5.4e+21,700000000.0,700000000.0,2.70000000000035e+21,3.117691453623575e+21,4.0,127,1.0,1.2962962962962963e-13
0x037036f81ead07dc3f749e53c24d65d90247eb1d,1.6e+18,0.0,0.0,1.6e+18,0.0,1.0,43,1.0,0.0
0x03707609abc5d0c9ffcd26ba6dbe083a3a833857,10000000.0,0.0,0.0,10000000.0,0.0,1.0,82,1.0,0.0
0x03708dfece91d4abf97deef2e77d9747ab5c9ba1,1e+17,0.0,0.0,1e+17,0.0,1.0,100,1.0,0.0
0x03709bd13f446ef4408347011cf3c0b457d848fa,1084640.0,0.0,0.0,1084640.0,0.0,1.0,46,1.0,0.0
0x0371229099726879e47c045aca027e0a27d3c5d1,8.099998999999999e+21,2000000000.0,500000000.0,1.1571427142860715e+21,1.2390953468440622e+21,7.0,12,0.25,2.469136107300754e-13
0x0371aa0fd3c1791c05b6d73896a7d2e84e4ee646,2.67e+16,5000000000000000.0,0.0,1.585e+16,1.5344217151748082e+16,2.0,110,0.0,0.18726591760299627
0x0371ab664ae72f3b5d408de53a9f05f3279fea3d,6340447178269381.0,0.0,0.0,6340447178269381.0,0.0,1.0,47,1.0,0.0
0x03725920246c11418ebdd11ffbb1661467616f81,4.985236292350076e+18,0.0,0.0,4.985236292350076e+18,0.0,1.0,81,1.0,0.0
0x03725af1b7357c622c2a91a28df41d8217941180,5e+16,1e+16,0.0,3e+16,2.82842712474619e+16,2.0,6,0.0,0.2
0x03733ca219c6418adba6f120daca918eb3f67738,3.834608300939317e+22,9.148300946266781e+21,5.0079965897995245e+17,9.692833623534476e+20,1.6531700388495887e+21,49.0,57,5.47423682191301e-05,0.23857197993406087
0x037343879ca2c1d0078038549ee042046f32243f,5.687596293519306e+22,1.4555056256681574e+22,7742323839.0,3.4014771043753515e+21,4.990043191167997e+21,21.0,99,5.319336251583257e-13,0.255908744319041
0x03740d9e1c042fc41e995e59da9ca953d3d68fd9,7.30230149269045e+21,14153022649.0,2430329263.0,1.9735949980297203e+20,9.273908719340567e+20,37.0,21,0.17171803672424124,1.938159176687935e-12
0x03750b3599a04179ea939217a8fc0be522bbe0d8,0.0,0.0,0.0,505794253.0,0.0,1.0,65,1.0,0.0
0x037582877a10e01ed2d34b2587b385b0bb44d675,1195312.0,0.0,0.0,1195312.0,0.0,1.0,45,1.0,0.0
0x0375c3cdacf59035471566ff3e775b5f10d57ea1,6459713901.0,0.0,0.0,4314465071.333333,2466158251.403588,3.0,13,1.0,0.0
0x0375dafe356324fa45e5993855508b6204279d9e,3308.0,0.0,0.0,3308.0,0.0,1.0,47,1.0,0.0
0x03761263846e6a598e667e6a573ed86fabff8953,4.999e+21,1.12e+18,1.12e+18,2.50006e+21,2.8855273633774473e+21,4.0,101,1.0,0.00022404480896179234
0x03781270005438697bdd9296f9d96a209f8af93b,1775623.0,0.0,0.0,1775623.0,0.0,1.0,48,1.0,0.0
0x037949068f0cff6d57d7253398e60577ccd86dd3,8.220000000010001e+20,3.003619148076e+20,3.005872999842374e+20,1.8424450395627707e+20,1.8379528484862427e+20,11.0,29,1.0007503786782748,0.3654037893032051
0x03796fa1bf321bf02cb48969723afe7e0cdb5e55,3.064397440548604e+21,1500000000.0,1501320351.0,7.526037351945779e+20,1.3280045024123043e+21,9.0,55,1.000880234,4.894926422244572e-13
0x0379eec40a19d1a6c23bf323128bea4188985014,95084.0,0.0,0.0,95084.0,0.0,1.0,50,1.0,0.0
0x037a0f059374030dca53c918177a9d4f11c75347,1.26e+18,0.0,0.0,1.26e+18,0.0,1.0,46,1.0,0.0
0x037a28da412268621439c31fd0d54dbb511d47b4,4.1e+21,6.3e+20,6.3e+20,2.365e+21,2.0034054340880014e+21,4.0,133,1.0,0.15365853658536585
0x037a3079e857e383454fefbea892fde12a2e83fd,2.1448520035540533e+21,0.0,0.0,1.5328605578106133e+20,5.504960808821682e+20,14.0,100,1.0,0.0
0x037a43f01b3c2a2acd60510c1b893e94cb64333d,2.799076291626617e+21,4253810000.0,4255785953.0,4.666583430947778e+20,7.305963455441514e+20,12.0,102,1.0004645136947818,1.5197192061985561e-12
0x037a9d27797eeb292588aab2861c95242a6ed0e3,6376226463922160.0,0.0,0.0,6376226463922160.0,0.0,1.0,46,1.0,0.0
0x037b22bd2ed3df1e5bb8fbf7faa2feac9dda22b0,48316110773.0,0.0,0.0,24160496521.0,18732685405.760468,4.0,126,1.0,0.0
0x037b392129f7ad2fac6787fefb35779df131856b,2e+18,0.0,0.0,1e+18,0.0,2.0,3,1.0,0.0
0x037b9e14191238dbfc4e670497b1d4ebf51373ea,1019207.0,0.0,0.0,1019207.0,0.0,1.0,42,1.0,0.0
0x037bc5471ff04bff3170a1364d2201259c02b127,1.1038758139137687e+22,0.0,0.0,3.066321705320811e+20,1.3879942555167186e+21,36.0,27,1.0,0.0
0x037bef2da33513cfb998e36894d073773d3285f8,4.468273309972723e+21,1.5687301474545786e+21,9.741378298302333e+20,5.61360818843285e+21,2.5159856603088546e+22,92.0,65,0.6209722120855963,0.3510819590989064
0x037bf6a1e7b137f824f46313317e033ffeceb613,1.0523493155485743e+23,3.808064650467401e+21,3.80884830849218e+21,6.563326710670953e+20,3.035192518416728e+21,172.0,26,1.0002057890547322,0.03618631754877241
0x037ca92482ddaae946133ea49e3578ac75bcbef1,3.8099e+20,0.0,0.0,1.904950197281824e+20,3.2903206306268926e+19,4.0,103,1.0,0.0
0x037cdd64f9b2e00fc6b7a1aa3e6152aff8718540,50000.0,7.594918465054589e+18,0.0,3.7974592325273196e+18,5.370418349198989e+18,2.0,125,0.0,151898369301091.78
0x037d9c5bcc88932c6dfdde923043f1fa065a1c69,6.278594905884102e+20,128500000.0,0.0,6.976216562094876e+19,1.0597965002502696e+20,9.0,69,0.0,2.046636260599865e-13
0x037dfd569defbc08ae28001159b4c49f6d006cff,2.3e+18,0.0,0.0,1.15e+18,2.1213203435596426e+17,2.0,45,1.0,0.0
0x037e2847c769d20564502183f524f88baa06b389,2.09875359e+18,0.0,0.0,1.049376795e+18,1.344384229217579e+18,2.0,147,1.0,0.0
0x037e2fd9f7f79e38cd027e6ad4212d2d697eae60,7.384903461799956e+20,3.522614767378548e+20,2.1770877710558754e+20,4.01580954116524e+19,3.562935272019679e+19,38.0,24,0.6180317505101518,0.47700214167998956
0x037e908997841df68afb48eb1c9a6e441310abf5,5.365731778951737e+18,241766287.0,483620336.0,1.2739949729128276e+19,3.2890745692005605e+19,9.0,63,2.0003630034654085,4.505746782729271e-11
0x037ef353b228e621872f569be0b0f876e6b78dd6,3800095746010965.0,0.0,0.0,3800095746010965.0,0.0,1.0,48,1.0,0.0
0x037f910b25fe4a3f08da116f9fe026aec93b74e0,0.0,0.0,0.0,1081088321874.0,1104649803822.1052,2.0,44,1.0,0.0
0x037fd387317f2b6c50d43ea6c36de384ea9b2cf5,951455350692180.0,0.0,0.0,475727675346090.0,96352865307674.95,2.0,31,1.0,0.0
0x03807e5ca6505683c96cc30bc71c018b4b0f3f38,1.6000516782166966e+21,4.726996152796473e+20,255386305.0,6.4773477921776706e+19,8.107084351426073e+19,32.0,17,5.402718697981474e-13,0.2954277175637755
0x0380af22b08d62fba32da15e68a94e71ba8b8f3a,5001929133364515.0,0.0,0.0,5001929182922820.0,70086027.05922237,2.0,49,1.0,0.0
0x0381d12b94af184aedfc27d326624b70c65fc7b4,1.047e+17,0.0,0.0,1.047e+17,0.0,1.0,97,1.0,0.0
0x03827daa642b7e409e4d08fb34836c22d0a3556b,1.5299285641738526e+21,5.440008000001861e+20,2.3684436283015653e+20,1.2848807633653197e+19,2.6501079282437992e+19,218.0,0,0.43537502670965833,0.3555726801492471
0x03842b4c71c18188191cad1cb9a8dab32d2eab7e,2.6525000000000482e+20,1.1150000000415e+20,1.501954258460068e+18,1.3569446145127778e+19,5.068374306754572e+19,28.0,0,0.013470441779409557,0.4203581527017831
0x03845ccfb1173f4810dab66664ce61564fd91ad1,1108350.0,0.0,0.0,1108350.0,0.0,1.0,41,1.0,0.0
0x03846bf20ade32e9b95d925fe47bd2279c5a88b7,2.6156396837105654e+18,1.2807230956963584e+18,2.807230956963583e+17,4.6412065278925357e+17,5.851478114023364e+17,9.0,0,0.21919109340627824,0.48964048973271246
0x0384f296396564cdd310bb398e1dc8a98fb3b137,1.2121463820460155e+22,9.637e+21,9.645877902846804e+21,7.255628106217811e+21,4.820930716773104e+21,6.0,80,1.0009212309688496,0.7950359909282112
0x03851f30cc29d86ee87a492f037b16642838a357,1.522156242514639e+20,1.0143501723419066e+20,3.0023859763194438e+19,3.2779446325676984e+18,8.111332456122707e+18,98.0,26,0.2959910746983568,0.6663903113297854
0x03858ae8ecadc39ce9a3ab3fc6769dd8fece2d0f,1108530.0,0.0,0.0,1108530.0,0.0,1.0,41,1.0,0.0
0x0385d3a3ca20ddd25bfb20742fdcfc3ddbfb0c59,0.0,0.0,0.0,7623588524169439.0,0.0,1.0,23,1.0,0.0
0x03867a6c590972095f2c82dedede42a62f46952a,7.520015261654339e+22,4.035355290461702e+21,10013244998.0,1.0564734387622372e+21,2.6950158901823474e+21,75.0,39,2.4813787825989276e-12,0.053661530596069006
0x03873505d18421366d0fa6f27f49694d80dc1fbd,1504262.0,0.0,0.0,1504262.0,0.0,1.0,45,1.0,0.0
0x0387de98476d2ca45d092ee0cf7af798be4660a1,8e+18,0.0,0.0,5.333359769325449e+18,3.0550850762895037e+18,3.0,90,1.0,0.0
0x03886228bb749eeba43426d2d6b70eba472f4876,1.740980257175584e+21,3.8749975389084e+20,0.0,6.455109651202809e+19,9.497593443185284e+19,33.0,44,0.0,0.2225756164056025
0x0388efdfbd5f519f6c63319b5710d5231dd64868,8.090025798822738e+21,3200000000.0,1200000000.0,8.090025798827138e+20,1.8446353423511965e+21,10.0,8,0.375,3.955488004087286e-13
0x03894d4ac41dd6c4c2f524ed4417c90fa46972c6,1.1000000000015988e+18,1e+17,0.0,2.400000000003198e+17,4.277849927239245e+17,5.0,23,0.0,0.09090909090895877
0x038a122489ebd2bf9968e02d1203258b49e4832e,4.51e+19,1.6e+20,0.0,3.418333333333333e+19,5.657916283108709e+19,6.0,107,0.0,3.5476718403547673
0x038ac1795d2c99b312e981e2992bfc45d0b3c73e,0.0,0.0,0.0,9.915721068784851e+20,1.7174532684634354e+21,3.0,71,1.0,0.0
0x038b15767ebe38fc2002b8c597ec9054021dcf7c,1.403933374953317e+22,7.04950000001315e+22,7.048834702943694e+22,3.334791495720052e+21,9.790686300977427e+21,51.0,10,0.9999056249280865,5.021249673081927
0x038b7e904b21cf2be68d10dec84eb0e118333e3e,1624526.0,0.0,0.0,1624526.0,0.0,1.0,11,1.0,0.0
0x038c266d54f2a143b8604343bcaf28caba4e8939,1.0902013234170437e+21,4.900000000003e+20,4.505570306884624e+20,1.164473423828711e+20,1.5855644196500213e+20,29.0,9,0.9195041442616052,0.44945826928964044
0x038ca2dcaf884d02dd1deae89bf23a7831fb1179,3.5554873031386884e+21,1.1000000000072999e+21,1.1037589010848684e+21,1.2613174080977191e+20,3.452145089880788e+20,47.0,6,1.003417182797767,0.3093809388761562
0x038db6c62d0f072616e2b8db7d3d7cfc829f7f65,1.7470820288079093e+21,1.000851147176e+19,1.0010455305181383e+19,7.475907843553377e+19,3.462114277929779e+20,24.0,102,1.000194218034007,0.0057287015187198346
0x038e8cdb75c6677cfed6854e8b315066f9a909f0,2.3309744233454717e+21,963758569.0,963981698.0,1.2958502401115967e+20,3.1969535357395553e+20,18.0,99,1.0002315196016691,4.134573761718029e-13
0x038f1867a56cad72bce4c0a462a3fd4e4a4b3dd1,5.0163466929543794e+20,779186061.0,779804399.0,6.011041567872068e+19,1.6613708525854464e+20,25.0,121,1.0007935691241787,1.5532938783804395e-12
0x038f3ac9acc74b7918d9903d4429d36e57fb1fdb,1204969.0,0.0,0.0,602484.5,838678.8470687096,2.0,39,1.0,0.0
0x038f41dd54f67016088bfceb81841cc1c51a159f,9.94e+16,0.0,0.0,9.94e+16,0.0,1.0,96,1.0,0.0
0x038fbb17eff0c348725c45e1109ef29041250d1d,10970000000.0,0.0,0.0,10970000050.0,70.71067811865476,2.0,19,1.0,0.0
0x0390969e6ddcc17e2ca8813d9f38e276b76c5113,1.7011233205066377e+20,7.0000000354489e+19,7.0002042743239066e+19,1.1826193186314904e+19,2.509220690333503e+19,33.0,15,1.000029176981996,0.41149280308285485
0x0390e1bdeefce3d6245ede5de9b3ce7b05be9a06,1119118.0,0.0,0.0,1119118.0,0.0,1.0,48,1.0,0.0
0x03917b0fc420092b18dcb24e719f44600211eb45,7.683551860166601e+20,200885345.0,202107483.0,5.4882513287001825e+19,1.8663115467742527e+20,14.0,24,1.0060837588725051,2.614485444439289e-13
0x03922322741e50ee5a589aedc9fc7ed74a3e1e32,8.942774545603724e+22,1.6500000000067299e+22,1.6501530000067328e+22,3.6533192625657133e+21,3.6780292052896024e+21,58.0,40,1.0000927272727287,0.18450649645616654
0x03925f072fd69b9427b3be238a41d70a946811d9,1108391.0,0.0,0.0,1108391.0,0.0,1.0,41,1.0,0.0
0x0392af17b9462b1e41d68c4c59bdf9a8289a52d9,5000036396932768.0,0.0,0.0,5000036396932768.0,0.0,1.0,45,1.0,0.0
0x0392c0d81934b52f64aa50c2cfbbcf28cd6141b2,7.39036823292889e+22,2.846373026346463e+22,9.315250132939774e+18,7.875517526375883e+21,1.1854980112450836e+22,13.0,102,0.0003272673696214937,0.3851463061967633
0x0392ea959f551f01d432e1fa26110ef69d55e4c1,1.5220547659583308e+21,5.075000000128e+19,4.205017199972683e+19,6.012033982106182e+19,2.7004455499431058e+20,52.0,3,0.8285748177077095,0.03334308405737706
0x03933112dd553026128ee4b55831764c39aa1ad8,3.852969910973534e+19,0.0,0.0,7.705939821947068e+18,4.313711762188598e+18,5.0,11,1.0,0.0
0x03936ba0a4fe117eb026e65b89661438017a07a3,1.0152622957428315e+18,0.0,0.0,1.0152622957428315e+18,0.0,1.0,46,1.0,0.0
0x03936fad73cfd65a108318d917a7d00af8f2b16d,260000000000450.0,0.0,0.0,3661971830992.2534,4851932345453.961,71.0,93,1.0,0.0
0x0393931783b1d0ead3b8b0e0f44c1f23ec3c4af5,9e+20,0.0,0.0,9e+20,0.0,1.0,107,1.0,0.0
0x03939fefccb572f0279e788a71f5ad34a82a4379,2058078.0,0.0,0.0,1029039.0,12783.076390290405,2.0,43,1.0,0.0
0x0395183e0c76a1138913ce3df272ffc747f37237,64405597155.0,0.0,0.0,32202798577.5,2327928218.617565,2.0,40,1.0,0.0
0x03951f5c12a3b8c7fa09e115024d376077b17720,1.25e+16,4060.0,0.0,6250000000002030.0,8838834764828973.0,2.0,7,0.0,3.248e-13
0x0396147f0b821aa0d2581f8e2dad0c9956255028,7.0000000000015e+19,0.0,0.0,2.3333333333343334e+19,4.041451884326514e+19,3.0,80,1.0,0.0
0x039630fa4ad7f73738b1541dadf3bad89ffed668,0.0,0.0,0.0,1.3322087532811921e+19,1.8238936660533113e+19,5.0,24,1.0,0.0
0x0396b92e454cc2a7076fed1722393c1c4dbb14ea,1830214.0,0.0,0.0,1830214.0,0.0,1.0,39,1.0,0.0
0x03972ff1fbbc42f532dbfc16e0bfbeec5cb9007d,1.28e+19,2383695482775124.0,2384043946051385.0,3.6580670822078776e+18,5.447528418571787e+18,7.0,136,1.0001461861545566,0.00018622620959180656
0x039803254c85a3cffca6c0f0822e09a306bbda2e,1101809.0,0.0,0.0,1101809.0,0.0,1.0,40,1.0,0.0
0x0398b107763c8e7fae5183241d383440ea3623da,2.174286000005e+20,1.0000000000015e+20,1.827900001500139e+17,2.44316453847068e+19,4.7276749684077674e+19,13.0,43,0.0018279000014973972,0.4599210959364133
0x0399d85e70a77d0103e2f82efe37c3f3eb7d51cc,3e+18,0.0,0.0,1.5e+18,1.414213562373095e+17,2.0,43,1.0,0.0
0x039a21771e9abbd63a8fdb42e60de6b558c1baae,1300425.0,0.0,0.0,1300425.0,0.0,1.0,44,1.0,0.0
0x039a285369490aa7bf4579207c547caf5fbdfb72,9.5e+16,0.0,0.0,9.5e+16,0.0,1.0,96,1.0,0.0
0x039a33aca90ecfc1b97f88de30264ebd84cc7c22,5.014295952052474e+21,2.4347133470430436e+21,12249975473.0,3.941274761440778e+19,2.0310519145827575e+20,189.0,79,5.0313830529074725e-12,0.4855543769901447
0x039a5ebc14114eb0ab9d7bf209049f0f904f78c9,3366683672620.0,0.0,0.0,3366683672620.0,0.0,1.0,51,1.0,0.0
0x039b0cac8f2257a805ae79431fc6daf67bd235fa,508748849.0,308918646.0,309971933.0,56457406.03448276,52122267.26304257,29.0,67,1.003409593475947,0.6072124715509676
0x039b10e499e6b8e711cafc07123654a5b55852d2,1109810.0,0.0,0.0,1109810.0,0.0,1.0,39,1.0,0.0
0x039b27c7e5771ee0108c87b4162999bea4dd1831,3.7084339342894207e+21,4337497350.0,1753889923.0,2.0602410746117613e+20,4.912867750370192e+20,18.0,12,0.4043552725167659,1.169630476599313e-12
0x039bb7b830769fe8130ce5a40142fcd49a1452f3,1000000.0,0.0,0.0,1000000.0,0.0,1.0,45,1.0,0.0
0x039c19df683512cc6255bd549fed1de7d1804ba9,1.0310076352416179e+18,0.0,0.0,1.0310076352416179e+18,0.0,1.0,45,1.0,0.0
0x039c361579aef4e8df5f7bfe0950dd06af0b1276,2079219.0,0.0,0.0,2079219.0,0.0,1.0,44,1.0,0.0
0x039c5a62e2d28cc85729666dcacb98c1ae21e343,1685553.0,0.0,0.0,1685553.0,0.0,1.0,46,1.0,0.0
0x039c7320956110b7e9e350d382a354d6ace8d2c0,5e+17,2e+17,0.0,3.5e+17,2.1213203435596426e+17,2.0,23,0.0,0.4
0x039cab749f176fd208e1367b266ab766308e80f8,1.092e+17,0.0,0.0,1.092e+17,0.0,1.0,98,1.0,0.0
0x039cd2b882895757eb015f1447f68a5a5ff0737c,1e+17,0.0,0.0,1e+17,0.0,1.0,101,1.0,0.0
0x039e2604295ba89a83588107391aed3cce36b97f,6.515003446680704e+21,17005132233.0,592985834.0,3.2575017233491506e+20,1.1500080900572875e+21,20.0,15,0.03487099223193674,2.610149383982883e-12
0x039e2eeff82ec296c669f4aae063418afa8bcf02,1784873.0,0.0,0.0,1784873.0,0.0,1.0,48,1.0,0.0
0x039e8cb6cf84518696939ea80ff8e021b871fde9,9.404461740979492e+19,5.943035510864449e+19,3272067.0,1.4343770065686892e+18,3.670012551892287e+18,107.0,4,5.5057167234123743e-14,0.6319378689125775
0x039ec0b36450e9b2c5f59a3a6fe991469ac744f2,1.3468826655328756e+20,2.800000000003e+19,7e+18,1.8854251839257506e+19,2.3076499258035675e+19,9.0,13,0.24999999999973216,0.2078874479311246
0x039eda3933ce405c2ff54a93a7afa07c08030164,3.615580027383186e+19,9.039584177656839e+19,0.0,1.8355692184303407e+19,3.271721051893952e+19,7.0,12,0.0,2.500175382426629
0x039f620be875aa9c3d70fe9cf27a7c9192a8001c,243072367.0,185000000.0,185324390.0,69774729.75,38539972.087826416,12.0,2,1.0017534594594595,0.7610902147507371
0x03a0c2a422c4257440ec79aa0c96c472942082eb,3783888557183655.0,0.0,0.0,3783888557183655.0,0.0,1.0,48,1.0,0.0
0x03a151746661bea0942281ec949de76eb6b4f6f2,7.00000000019761e+18,71000000.0,101003007.0,2.258064516312009e+17,1.2572371141840284e+18,31.0,81,1.4225775633802817,1.014285714257081e-11
0x03a27a0bd8c8451480e04535690cf131423836e3,5.211826796902782e+21,5.000000000415e+19,4163373589.0,4.903487787847945e+20,8.321381383937694e+20,19.0,44,8.32674717730888e-11,0.00959356516487911
0x03a3cc4148619b60dda51612a4483ffe43435f34,1297612.0,0.0,0.0,648806.0,318557.26177878916,2.0,48,1.0,0.0
0x03a3d0eb17509dc9fb2a892ac1eab68419deb19b,3.686022227050857e+20,450000000.0,450001907.0,1.9504250412848062e+19,6.385062180759457e+19,19.0,7,1.0000042377777778,1.2208282323897967e-12
0x03a493d043b71da48fd882161dae488abe112432,1.9500000000034794e+21,1.6165742861142325e+21,1.617727130609805e+21,2.3785028047633786e+20,3.734268777569878e+20,30.0,18,1.0007131404386886,0.8290124544160759
0x03a4c3ec5f926cf6490d57ed7fd496d21004c63e,1108006.0,0.0,0.0,1108006.0,0.0,1.0,41,1.0,0.0
0x03a4e9e2c6cb51a8bbc82cffd76da057855cbe77,13143.0,0.0,0.0,13143.0,0.0,1.0,49,1.0,0.0
0x03a57e2f5e6e840a8a15a7650a89069a5427a95b,3.0789905808044347e+20,0.0,0.0,3.84878148441903e+19,8.764094413286434e+19,8.0,102,1.0,0.0
0x03a5b7317c1fde03fa6ba0315ccd86fb8c6111f5,3.027e+21,0.0,0.0,1.0090000000000001e+21,5.86551787994888e+20,3.0,21,1.0,0.0
0x03a5bdbd5a37ee782e9203811d227342c3fcfb73,3.477835563074132e+18,1e+18,0.0,1.6889185610021706e+18,6.849088226365925e+17,4.0,23,0.0,0.2875351585386858
0x03a673e4a53120a0f6f57e49b202f38553917136,1293861002.0,2.000000000004e+20,0.0,2.8571428571739742e+19,7.559289460170824e+19,7.0,61,0.0,154576109559.87372
0x03a6e432e9a96e1141397ce2baf975c5ef333e5a,1.2334319410499852e+16,0.0,0.0,6167159705249926.0,236526521113461.53,2.0,44,1.0,0.0
0x03a7628bb57509b55dbb38d35cffa94b68e2f132,2200000.0,0.0,0.0,1100000.0,0.0,2.0,44,1.0,0.0
0x03a81442b06c71f0b5850286dc36f99c6f449892,2381176.0,0.0,0.0,2381176.0,0.0,1.0,45,1.0,0.0
0x03a82ee7997c87e7c6bd227fd3af77a3f175fb91,5.376726769708291e+23,0.0,0.0,1.1075333333333334e+24,1.3455372545319335e+24,3.0,18,1.0,0.0
0x03a8e1fc6077c4aec6b67e677f579708fd1d79bc,1.078e+17,0.0,0.0,1.078e+17,0.0,1.0,95,1.0,0.0
0x03a931c01eb8cf98dccdeecfb7c601c7a701e138,1e+17,0.0,0.0,1e+17,0.0,1.0,101,1.0,0.0
0x03aa372d3aed6587c493702899950009f895c76e,6751568276310820.0,0.0,0.0,6751568276310820.0,0.0,1.0,43,1.0,0.0
0x03aaab0b6729ec7ff3d23d34ae2249c4f0e7c9eb,2.1843528935636136e+16,4.0311544289612156e+20,5.799022366247327e+20,7.022202564641428e+19,1.3424358617702264e+20,14.0,37,1.4385512806418759,18454.684867263728
0x03aad34b8d729c000e980d676b5012ce024e6ba4,2.38e+16,5000000000000000.0,0.0,1.44e+16,1.3293607486307094e+16,2.0,109,0.0,0.21008403361344538
0x03ab5739cf27680d40bdfa8778a63a9239badc40,2.29e+16,5000000000000000.0,0.0,1.395e+16,1.26572113832392e+16,2.0,114,0.0,0.2183406113537118
0x03abccd9e326b65aa739fbc222a88783dfd01a8b,3300000.0,0.0,0.0,1100000.0,0.0,3.0,44,1.0,0.0
0x03abec9490d905b2e93c469e7f7409b085bfff8a,6.19e+20,5e+19,0.0,3.345e+20,4.023437584951455e+20,2.0,21,0.0,0.08077544426494346
0x03ae6e3226c9fe470b638eaa1301965c613b8b6b,1.1043295162160153e+23,4.968325207598054e+22,2.2772619622377825e+21,2.662187961636719e+21,1.516186069796302e+22,61.0,107,0.04583560590508786,0.4498951748226398
0x03aece912e043486c58feb7ee838bc643800a066,3.45e+16,5000000000000000.0,0.0,1.975e+16,2.085965004500315e+16,2.0,111,0.0,0.14492753623188406
0x03af198dc04505a7210ae1e87d6d1d930f7a748b,5.166778753635769e+19,1e+23,1.0045723806259016e+23,2.324489307203855e+22,2.2538912588025867e+22,13.0,61,1.0045723806259017,1935.4418830036375
0x03af63559532b015e76b2e70f6940304be09784f,1.8888e+22,3000000000.0,3000000000.0,9.4440000000015e+21,1.090499188445192e+22,4.0,133,1.0,1.5883100381194408e-13
0x03afb65a1a79e2009632369e39662d985335c00e,3e+17,1.5000000097376182e+17,0.0,2.250000004868809e+17,1.0606601648942853e+17,2.0,25,0.0,0.5000000032458728
0x03afea88bde96d8970727d0ebfd30f6ba1e8cdb4,3.8e+16,5000000000000000.0,0.0,2.15e+16,2.3334523779156068e+16,2.0,117,0.0,0.13157894736842105
0x03b09526217743c5b360a084ff4c53a252fa770f,2.59e+19,0.0,0.0,5.18e+18,3.3499253723030907e+18,5.0,86,1.0,0.0
0x03b16ab6e23bdbeeab719d8e4c49d63674876253,2.49290983498383e+23,3.310640000015363e+23,1.4663222052498567e+23,1.9440576623133791e+21,1.039454255532779e+22,323.2399999999998,0,1.0003897359068326,1.328022359074546
0x03b22fab64e1cc7c11bc828c5f093bd7d70c4348,3.5874193845656666e+19,7.080000217622308e+18,0.0,5.369274257913872e+18,6.102651428099683e+18,8.0,57,0.0,0.1973563572768477
0x03b28bcd71d8dfbb71bf0d02bfca1e8bf49801b1,1.0000000008558952e+16,0.0,0.0,5000000004279476.0,7071067805813382.0,2.0,45,1.0,0.0
0x03b308b0091c8d1fec5406cff741352a2e66ae28,6.284e+21,3931054097.0,0.0,4.189333333335954e+20,6.206234729994186e+20,15.0,12,0.0,6.255655787714832e-13
0x03b45818b8a756efa4d2824fe19967c3d4c5b174,1026618.0,0.0,0.0,1026618.0,0.0,1.0,47,1.0,0.0
0x03b50207f389830139feca7fd0c340c1acb87cae,1108139.0,0.0,0.0,1108139.0,0.0,1.0,40,1.0,0.0
0x03b5a8ea2afbc9930f089836fdcd4863b4dd2b92,360019950.0,260975455.0,261064414.0,74767368.35,89540258.78312702,20.0,74,1.0003408711367128,0.7248916483655975
0x03b65bec52fc0458956e509c72088384c76e0c97,19112.0,0.0,0.0,9556.0,73.53910524340094,2.0,51,1.0,0.0
0x03b71fecdeb2185c5fdf464a836334291f552fbb,1.899e+22,1.2e+18,1.2e+18,9.4956e+21,1.0963188791587964e+22,4.0,133,1.0,6.31911532385466e-05
0x03b79d2f2b47661e29b11605b55e34e7ac5f011d,1.2902271402824006e+17,4.410265657946451e+20,8.820548732744199e+20,1.0406368303463426e+20,1.3071974025458e+20,17.0,74,2.0000039491614903,3418.2087170954615
0x03b90ee77fc31114c5b5cbd363059db6066cca7d,9.345250313704303e+22,9.20983718564655e+22,4.5860023056825907e+18,2.1576753002080324e+21,4.325663179187975e+21,86.0,15,4.979460780077454e-05,0.9855099517388873
0x03ba32ace3739ccecb9bfa494138b07bab1c0306,4999710.0,0.0,0.0,4999710.0,0.0,1.0,45,1.0,0.0
0x03ba6269d28f72ddb9aee4d81392cafa63eb54b2,1874913.0,0.0,0.0,1874913.0,0.0,1.0,41,1.0,0.0
0x03baaf9745e06fa191a150be5688501cd210a274,4.899e+21,8.96e+20,8.96e+20,2.8975e+21,2.3111331275660722e+21,4.0,109,1.0,0.18289446825882832
0x03baafc76f5bfff4b7e0ee99801621bcf98b48fc,3729800394680985.0,0.0,0.0,3729800394680985.0,0.0,1.0,50,1.0,0.0
0x03bb14808209bb0ee48687db7ca6591c76e37ffd,4206929275920957.0,0.0,0.0,2103464637960478.5,2974748217437456.0,2.0,41,1.0,0.0
0x03bba88fca87ddd3ddcc4ee0efec1e046dd41a98,5e+16,1e+16,0.0,3e+16,2.82842712474619e+16,2.0,19,0.0,0.2
0x03bc4c7bb35b0d8209c157b761da5beeb576cf2a,4.2792680185874224e+21,6.545495008089226e+21,8.19394656080404e+20,1.8104823484404015e+19,5.724640061035866e+19,323.2399999999998,13,0.12518452081435524,1.5295828584837927
0x03bcc3e7b883f353380babdb76bd914630954a09,9.961990649687523e+20,9337703635.0,7952365993.0,5.140078490769349e+18,3.214850259270739e+19,214.0,0,0.8516404357911495,9.37333105737546e-12
0x03bcf88508b36ed7890230eacb0dd520ffa6e04b,9.74e+16,0.0,0.0,9.74e+16,0.0,1.0,95,1.0,0.0
0x03bd0c6e69bfd5edc3739a7003a9d28c58e57f80,5.376726769708291e+23,4.199051244553148e+23,1.4663222052498567e+23,1.1764085359743593e+23,9.737808011249324e+22,34.0,7,0.8116376829710491,0.793619627352136
0x03bd66e09647f5fc607fd45059bee1c42f8bf9e8,1e+17,30000.0,30000.0,3.3333333333353332e+16,5.7735026918945256e+16,3.0,19,1.0,3e-13
0x03bd77990f28a2393792fa111e553f4665121c88,5e+19,0.0,0.0,5e+19,0.0,1.0,120,1.0,0.0
0x03bdad6e6eaf145eaa26265e3e85c0dd26f4603e,1108427.0,0.0,0.0,1108427.0,0.0,1.0,41,1.0,0.0
0x03be19182f725713377e75e52f6b873fda5c810e,5993663185200944.0,0.0,0.0,5993663185200944.0,0.0,1.0,44,1.0,0.0
0x03bf7fd823908e56c8785e4c7ebfc46fc6a6e41b,3.41398442088241e+23,3.0100500000084847e+23,9.103032683404342e+22,4.330189492514105e+21,9.575376058273675e+21,175.0,0,0.3024213113861458,0.8816824065150477
0x03c04b194242507de3d845887c6c36bdcf3121df,1.9757128196917158e+21,2.50000007825e+17,3147205763.0,2.3806780960356254e+19,1.185932478753826e+20,83.0,0,1.258882265796985e-08,0.00012653661267633483
0x03c11dbb42b450d87352c76e034f2dcaaa65c039,785.0,0.0,0.0,785.0,0.0,1.0,45,1.0,0.0
0x03c1f86a157ef2f7baaa6fa37351833d7833c4e9,1.555786036260979e+22,1.3998598703406622e+22,0.0,3.285128022558084e+21,4.398528729372667e+21,9.0,76,0.0,0.8997766001968663
0x03c2bfd2509de9b13d0124015077e100a292336d,1e+19,4.9e+18,0.0,7.45e+18,3.6062445840513925e+18,2.0,132,0.0,0.49
0x03c383f45deeb131f370304336603fda77eb9620,1.0850084412631138e+21,1.0000000000019999e+21,1.0004240971779365e+21,2.1509140339563387e+20,4.1690840034707636e+20,19.0,77,1.0004240971759357,0.9216518157571648
0x03c3960a62a174de58fd3e14eeaba401e672019e,3613577803952050.0,0.0,0.0,3613577803952050.0,0.0,1.0,41,1.0,0.0
0x03c39bef89e5efd1db481b957f31fc3c86e7a361,1015934.0,0.0,0.0,1015934.0,0.0,1.0,40,1.0,0.0
0x03c47aaa883fd00096eca1f3c9e2bf470d772749,7.376210685465773e+20,0.0,0.0,2.9507595685627255e+20,1.1480776614821683e+20,5.0,41,1.0,0.0
0x03c48ba8fcd46b9b4419cd57063978769efb8de8,2.0391892052603507e+22,9.95894815841753e+21,4.972697012860344e+18,8.93028188972629e+20,1.938998130696119e+21,34.0,120,0.0004993194997864617,0.4883778382470416
0x03c4a4c6878eb4b4284d945f46a7b35f0aac2cb2,1209571.0,0.0,0.0,1209571.0,0.0,1.0,46,1.0,0.0
0x03c559e75e6f0340dd23559fb19758584a3774a0,6.472503599809588e+19,2.9e+19,2.9098060602408653e+19,8.528404672376114e+18,9.827909572544471e+18,22.0,75,1.003381400083057,0.4480491907467327
0x03c5c835b457a754d82a5aa92f684743edc9b4df,6.000000000012967e+19,3e+19,0.0,1.125000000003246e+19,2.2320714274266653e+19,8.0,45,0.0,0.4999999999989194
0x03c65122e67c382ac316312ec5ffc1efdd1df219,5.222e+21,1.111e+21,1.111e+21,3.1665000000000004e+21,2.3734869566385517e+21,4.0,110,1.0,0.21275373420145535
0x03c668a2535eda70883f763786b3d7b4468b2f94,6022168721028112.0,0.0,0.0,6022168721028112.0,0.0,1.0,44,1.0,0.0
0x03c8292158075a6138358d82d4cdea20aeac3a69,300000000.0,0.0,0.0,150000101.5,100000203.0,4.0,30,1.0,0.0
0x03c855665161246a40a02869c7879f8d99683bf5,3497442796588422.0,0.0,0.0,3497442796588422.0,0.0,1.0,40,1.0,0.0
0x03c860ca0b89eb6669102657b218372e4fc0e460,3.2002450000022146e+21,2.42300000000099e+21,680000000.0,2.4448891304367715e+20,2.7744392162246777e+20,23.0,1,2.8064382996274126e-13,0.757129532269971
0x03c96842b6bc662b7ae40d619a77c9122643daac,8051510394055953.0,0.0,0.0,4025755197027976.5,296138127160685.06,2.0,40,1.0,0.0
0x03c9968a489fb4cb22b4ad00b4033710f258dcea,1.5213065977360003e+21,0.0,0.0,7.606532988680001e+20,1.0744534193168252e+21,2.0,12,1.0,0.0
0x03ca081447f5bf2994cd1ad08fc63d9ef02578b8,3e+18,0.0,0.0,1.5e+18,7.071067811865476e+17,2.0,44,1.0,0.0
0x03ca33e1e242e18658e5071e758d87edfb19018c,9.46e+16,0.0,0.0,9.46e+16,0.0,1.0,94,1.0,0.0
0x03caaa7a6e8053ca69981975c38c5273e3fc0ebd,1e+17,0.0,0.0,1e+17,0.0,1.0,101,1.0,0.0
0x03cad3d3c97118cc6854b7cf2ff90b23d0046989,1.09e+17,0.0,0.0,1.09e+17,0.0,1.0,97,1.0,0.0
0x03cb6ca80bf0c60407a3c55a4c6abb8611214226,3916839605976487.0,0.0,0.0,3916839605976487.0,0.0,1.0,48,1.0,0.0
0x03cb9cf3a13e90c03f8009c5eddc28464c9db623,1.00447121e+17,0.0,0.0,3.3482373666666668e+16,5.673993083507364e+16,3.0,104,1.0,0.0
0x03cdaf6b506c8477881ecc9fd71fb4d5cd1ba852,2.5e+18,0.0,0.0,2.5e+18,0.0,1.0,41,1.0,0.0
0x03cddb901b84f7e4d49350fedf0b764ab6fcfe73,1.501425266717534e+18,0.0,0.0,1.501425266717534e+18,0.0,1.0,44,1.0,0.0
0x03ce47abe931e23bf221eb5453c1e03a4f60d949,2.882540009309551e+21,1.9585909715642907e+21,1.9142800259091944e+21,7.993947861751793e+19,1.1256513223794786e+20,115.0,30,0.9773761105312836,0.6794670551800696
0x03ce7a47e2cd8a444db1213421146e31b4a3b646,2020977.0,0.0,0.0,1010488.5,4944.797720837527,2.0,39,1.0,0.0
0x03cf6b13394978c0bd6f9ff7b1909aed5757bb0a,1.2808208636869096e+16,0.0,0.0,6404104318434548.0,26363442541408.7,2.0,45,1.0,0.0
0x03d09b36307c9813266d5ff7a87d0c19ba7060dd,6748768645057810.0,0.0,0.0,6748768645057810.0,0.0,1.0,43,1.0,0.0
0x03d0aea80f01212181388158dabd6fa2e0a5fc68,1171123.0,0.0,0.0,1171123.0,0.0,1.0,40,1.0,0.0
0x03d11a35efea67f3b98dcb9d3ddad6b15cdb43f6,1.4306526467150756e+22,16114318099.0,3885559690.0,1.859136719361496e+20,1.4159918654188285e+21,77.0,21,0.24112467348159924,1.12636132439276e-12
0x03d225884a6f01eb076ebb6a1081e1bfced8cb7d,2347310569.0,1367848469.0,1368263882.0,743116693.9,125258072.33383055,10.0,74,1.0003036981138003,0.5827300771634706
0x03d40203c75409cbcfc25165378ae937c82d47e5,266070826.0,0.0,0.0,266070878.0,73.53910524340094,2.0,1,1.0,0.0
0x03d541062bdcbb8475804cff4cebf10ab3cfce9a,1049934.0,0.0,0.0,1049934.0,0.0,1.0,25,1.0,0.0
0x03d59b1566576e7b64e7c43fcc3fff5ecd4c1b43,5.9e+21,700000000.0,700000000.0,2.95000000000035e+21,3.406366588218388e+21,4.0,132,1.0,1.1864406779661016e-13
0x03d6421aa63fa0f28292a577e4bf399e3029b7db,5.114869827927106e+16,0.0,0.0,2.557434913963553e+16,3.5691716131160824e+16,2.0,44,1.0,0.0
0x03d73605dac2453b0639945fe8c813b58517156b,10000.0,0.0,0.0,10000.0,0.0,1.0,123,1.0,0.0
0x03d78f90e254f783e6e9fdc9191cfc648f3f3464,1.279052232671434e+16,0.0,0.0,6395261163357170.0,53334424519652.0,2.0,45,1.0,0.0
0x03d813abfba88e76407d09ef92e05f164ac1a985,1.232264656619056e+21,2.0020000000423074e+21,2.0022367724835009e+21,2.5874364925240136e+19,1.8603985907834133e+20,204.0,93,1.0001182679526415,1.6246509946452263
0x03d84a077028f62e185c07ef4e881ec785e33d3f,1e+17,1e+16,0.0,5.5e+16,6.363961030678928e+16,2.0,23,0.0,0.1
0x03da374dfb5653720cb928feb440bf8503c12944,1e+17,5.000000037690341e+16,0.0,7.500000018845171e+16,3.5355338792816416e+16,2.0,49,0.0,0.5000000037690341
0x03da802c42126ad4348eb2c386f0a4653293fbf6,93.0,0.0,0.0,93.0,0.0,1.0,50,1.0,0.0
0x03dac56ab6aedc2dd65a87abb0e387f4cce8d7f0,9.040870021324941e+19,0.0,0.0,9.040870021324941e+19,0.0,1.0,75,1.0,0.0
0x03dbe29551a5ffd8c8eadb1951e0f60d44ee45fa,98608.0,0.0,0.0,98608.0,0.0,1.0,51,1.0,0.0
0x03dca0e82c9fd8876245ee54997dd4af73849fd2,25000000.0,0.0,0.0,108528366837.83333,123900139437.45786,6.0,45,1.0,0.0
0x03dda9a1e37e1be2585dfa97167ffe9e8078c836,2.4e+17,600000000.0,200000677.0,4.8000000160000136e+16,1.0733126283054712e+17,5.0,26,0.3333344616666667,2.5e-09
0x03dde38028cc5a59b8d85930ff8f5fabbd6e2dbe,8.018240846706907e+18,5.389414542127455e+18,2.7754848938735887e+18,1.4581950827099366e+18,9.775839639886572e+17,13.0,44,0.5149881999572395,0.6721442577196828
0x03de28456f987281df43137f0a281152be77aae4,2e+18,0.0,0.0,2e+18,0.0,1.0,44,1.0,0.0
0x03dea457e4fde7b1a60c378f8fc033b3022a3776,1.3e+18,0.0,0.0,1.3e+18,0.0,1.0,42,1.0,0.0
0x03df1d103b69ddfc068913a7c554ed04cd6e0529,1023051.0,0.0,0.0,1023051.0,0.0,1.0,45,1.0,0.0
0x03df1de3f2b9c9113a431eabc78264a01a2c2d50,5.750000000052e+20,3.40000000004e+20,3.400003665478237e+20,1.307143287363543e+20,1.9482594775298792e+20,14.0,90,1.0000010780700697,0.591304347827696
0x03df75063e6b738f4e7e436eabb396d90189d07a,1109912.0,0.0,0.0,1109912.0,0.0,1.0,39,1.0,0.0
0x03dfcc1e559574c4e58bf1c9f8e785e4093c7fad,1.9e+18,0.0,0.0,1.9e+18,0.0,1.0,25,1.0,0.0
0x03e03279f11cfca9f44bcfdb41d767af0e71a1a6,962583051289897.0,0.0,0.0,962583051289897.0,0.0,1.0,51,1.0,0.0
0x03e0419a8903edd0d07def92bb70a67b85ac9e07,3.7986700000000003e+21,0.0,0.0,1.2662233333333334e+21,1.0862077423924639e+21,3.0,103,1.0,0.0
0x03e087630a227e4dfc5ac321d40098c7c12235de,2107118.0,0.0,0.0,1053559.0,60652.7912630573,2.0,43,1.0,0.0
0x03e08a0f18c2b5edb385f4dfe2f5a2b525bc0878,1.8852e+22,2009000000.0,2009000000.0,9.426000000001004e+21,1.0884207274761665e+22,4.0,133,1.0,1.0656694249946956e-13
0x03e0f0bfcb1f5efaf9271e8270ead66139e27906,6.6e+18,0.0,0.0,2.640010430156407e+18,2.0852056010809948e+18,5.0,94,1.0,0.0
0x03e236ad091a944b04e0311d329161c2a15d6012,0.0,0.0,0.0,26018083804.0,11967977929.442884,2.0,91,1.0,0.0
0x03e2c5ba88b9eb75a6f698864eebdee83f94b870,1.0007059000000007e+20,0.0,0.0,2.0014118000000016e+19,4.471347501446426e+19,5.0,4,1.0,0.0
0x03e2c61111ce494af41e66432fa5e55f1e767ff6,2149911.0,0.0,0.0,1074955.5,68385.0039153322,2.0,41,1.0,0.0
0x03e33fc1d842a745c18313d5bb6023ab34001ab1,1055581.0,0.0,0.0,1055581.0,0.0,1.0,45,1.0,0.0
0x03e494ce05a440729ab5fef38d46a84406e54501,1.05217080776495e+21,1.88317561842405e+20,1.8831759833693192e+20,1.8677520517574636e+20,2.30971226743999e+20,9.0,40,1.0000001937924776,0.17898002914796154
0x03e4c2f13d937db549d35f606fc74a1034de362b,5.568136740972185e+21,4.092115224337797e+21,4.3517864398254087e+21,6.881786226800025e+20,7.467538511540427e+20,30.0,29,1.0634564769689818,0.7349164387840308
0x03e63aa6633060b6a2b9501133e44ce9c3411af7,3718863860530667.0,0.0,0.0,3718863860530667.0,0.0,1.0,48,1.0,0.0
0x03e6600a4e769da460ae567b936431590580b6d6,1e+17,1e+16,0.0,5.5e+16,6.363961030678928e+16,2.0,23,0.0,0.1
0x03e74a2771684a6efd616804ef186ab2f4db85c9,1108005.0,0.0,0.0,1108005.0,0.0,1.0,40,1.0,0.0
0x03e88cec58a29c52e27f0751bf47e52202c0a1e4,81099079.0,0.0,0.0,81282096.5,258825.83065161793,2.0,67,1.0,0.0
0x03e94fea140cdef59f28a97e8a465cc2457c045f,4.3488981752268414e+21,5.907581010751741e+20,1.1007310513762672e+17,2.0582838291622733e+20,5.872028519764701e+20,24.0,38,0.00018632517258298232,0.13584086756511832
0x03e9775b691771c87eb92b00e4ef30a54b23ff4d,988.0,0.0,0.0,988.0,0.0,1.0,51,1.0,0.0
0x03e9a17304a1c1fe229965616b7dddcd96579a29,3.4015011207731472e+22,5.219526375906055e+21,19412910608.0,1.4531310216170748e+21,5.563737573718858e+21,27.0,16,3.719285852757114e-12,0.153447733532414
0x03ea93102dbd5cecf952b6715d591bf58b6a657b,15527733746.0,1.000000000001e+22,10000000357.0,1.428571428578722e+21,3.359421718940623e+21,7.0,65,1.000000035699e-12,644008981837.8059
0x03eaa0e51a8017252367fefa7b1d28bdfde41b30,9e+17,0.0,0.0,9e+17,0.0,1.0,111,1.0,0.0
0x03eb284b79b93e3e6813ea28c210d3a08a9eaff2,1999976502.0,1592529686.0,1593105683.0,731507626.0,349211757.939983,12.0,18,1.000361686821328,0.7962741984255574
0x03eb2f2d7eeab4b9cbb59bd58cedbe2d30948562,6.493867119854316e+21,7.20000000005075e+20,3.750076094127795e+20,1.049016145931334e+20,1.8745053702582852e+20,75.0,88,0.5208439019585226,0.11087384246033473
0x03ec48dd1ed16b6b413da809d917a2abfb039f19,1106527.0,0.0,0.0,1106527.0,0.0,1.0,41,1.0,0.0
0x03ec904145016da8c1eeeb95d816b39bc89b7882,993373.0,0.0,0.0,496686.5,702282.1916185117,2.0,44,1.0,0.0
0x03ecd5763053a58a82827a9b0bb2f5199e82fee8,1.4314881356328592e+16,12469433.0,0.0,2862976273759605.0,2628692944682977.5,5.0,13,0.0,8.710818266396094e-10
0x03ed2737bdcd5fff30c7a6d6ccdfb22f927aa3b6,517252524607713.0,0.0,0.0,517252524607713.0,0.0,1.0,46,1.0,0.0
0x03ed358b4ea92c6ff41ebf5f0f8f22847b993d2f,6.627225673604308e+21,3260000000.0,3262498929.0,4.8023374446487716e+19,1.3413726254221674e+20,138.0,1,1.0007665426380368,4.919102141012506e-13
0x03ed48f46e34f439a295c91e5b84b76b460503f1,1110665.0,0.0,0.0,1110665.0,0.0,1.0,42,1.0,0.0
0x03ed59ea7ee4270b74391777188e4800ec757f4f,9954945.0,0.0,0.0,9954945.0,0.0,1.0,42,1.0,0.0
0x03ed605452a6ac3a4bcf34d752a9965fa0f1f726,21513528.0,0.0,0.0,3.328280955319877e+20,5.7647517164777216e+20,3.0,49,1.0,0.0
0x03ed8fc96cb7e825665b11c253370e16ebd04aa6,1049207.0,0.0,0.0,1049207.0,0.0,1.0,26,1.0,0.0
0x03ee8da73fb9ac917e03348e5a498699e4a846eb,1.5334836776089179e+21,1.0000000000016008e+21,0.0,2.1351062921582114e+20,5.141821974420488e+20,19.0,31,0.0,0.6521099732609148
0x03ef433cfeb13c0ed1242557fbdbd716478fddc4,2.4069370402979057e+20,1.51e+20,1.5170701578868746e+20,3.922346495213999e+19,3.6029295029168595e+19,20.0,52,1.0046822237661421,0.6273533435727542
0x03f03037ea887b1adb81512920b126e2becb970c,1124265.0,0.0,0.0,562132.5,792247.3873888762,2.0,44,1.0,0.0
0x03f051a717418abd22fb4a086f2b600ae20c4f37,1108962.0,0.0,0.0,1108962.0,0.0,1.0,41,1.0,0.0
0x03f16156ae491cd53474aa12d8c4d0a3ef906839,4919225676.0,0.0,0.0,4890615396.0,56597165.980491295,3.0,82,1.0,0.0
0x03f2b3ff6c8dd252556a0e15b60f9d1618dddf3b,6.645238044441043e+21,0.0,0.0,1.661309511110336e+21,3.3192865257469394e+21,4.0,120,1.0,0.0
0x03f2c10fa31be77d666ee1e326e3a1178c425974,1.6141841799557808e+21,927192409.0,929277613.0,4.98778557203235e+19,8.532359297429768e+19,65.0,76,1.0022489442102411,5.74403107472779e-13
0x03f44e563dd447449f48f8103b5df70aff7cf577,2.970157300099786e+21,0.0,0.0,5.3990702029435314e+19,1.807317587982692e+20,87.0,9,1.0,0.0
0x03f48fd514cf27adcfe88de81b8efab7b6a5a354,3.947520822802216e+16,0.0,0.0,1.973760411401108e+16,371083820676435.06,2.0,70,1.0,0.0
0x03f4ac46922f745a7088e92df0a9b37f299e5614,1.5066277000496571e+23,99900000000.0,100491614526.0,1.750577754050764e+22,3.8120570553261344e+22,23.0,13,1.0059220673273273,6.630702461975668e-13
0x03f5168a0395d5314e352199e4ef81e6efbcc6f8,2680992.0,0.0,0.0,1340496.0,320439.58003030776,2.0,45,1.0,0.0
0x03f59fa8a044288a6c3a2ec169ca9bcdf2900bb8,1.3708774974440324e+16,0.0,0.0,6854387487220162.0,318865069244414.8,2.0,42,1.0,0.0
0x03f5c2747f164d5ff2e52161190b077c7219070a,4.000000000189077e+19,2.5e+20,2.5005206268410076e+20,5.35400763149822e+19,1.3591604059713965e+20,20.0,76,1.000208250736403,6.249999999704567
0x03f8420b1754b086ed30543f071fbd8282c5fa84,5.941084676317454e+20,5.000000000023387e+20,5.001521093658732e+20,3.322251202083244e+19,6.940445683128057e+19,48.0,2,1.0003042187270677,0.8415971615342482
0x03f8d481becf0463bf1f201fecf4095503730267,5e+17,1.1750000658e+17,0.0,3.0875000329e+17,2.704683391510918e+17,2.0,18,0.0,0.23500001316
0x03f90f638fc2c73e43008e66e11e554a8de746ae,1.4158975484908895e+20,60080974.0,0.0,4.7196584949716345e+19,8.174688307659728e+19,3.0,44,0.0,4.2433136538753313e-13
0x03f93793e6f54a78d3839febd2c80e2ac48f56f7,0.0,0.0,0.0,2779012800.0,2358349576.5684867,2.0,35,1.0,0.0
0x03f938f62fbe032d3197b4f74fa4c228de73088c,3.073235897501987e+22,5.30000000000287e+22,26995167781.0,1.0933698675017651e+21,2.580938091635444e+21,83.0,1,5.093427883204789e-13,1.7245666056129503
0x03f9bb84628bd284686819a5ba7ab5c0193145e6,5.0000000000110246e+17,2.500000011032682e+17,0.0,1.8750000027609267e+17,2.3935677703482384e+17,4.0,23,0.0,0.500000002205434
0x03fab311c59c739cb4fcceb55eb30c3f92c76e67,6.810704012168457e+17,0.0,0.0,2.270234672253585e+17,3.9321617894997446e+17,3.0,17,1.0,0.0
0x03fb85f237f9e6c5f5a79a61cb86d960494bc096,5.1200920387673e+18,0.0,0.0,5.1200920387673e+18,0.0,1.0,101,1.0,0.0
0x03fbf19bd2fa6b98ceb9108f5a15159d557f1acb,6647859651460662.0,0.0,0.0,6647859651460662.0,0.0,1.0,42,1.0,0.0
0x03fd7415fdeac10d734542a755a7d7ac1c488ddf,0.0,0.0,0.0,16730656834.0,16182245726.759087,3.0,9,1.0,0.0
0x03fde9f49e46f4b0518a26bfc8bd29569dbc40c2,0.0,8.000003704778436e+20,1.6000017820068432e+21,3.4267808269602816e+20,2.797443684341725e+20,11.0,70,2.0000013013133424,0.0
0x03fe5965c7d96414e4b3d09642994c29552711b2,1.2488823157146795e+21,2.3181235528e+17,1.5745264246407107e+17,1.223514387141817e+20,2.272180650836585e+20,15.0,9,0.6792245489844068,0.00018561585216085325
0x03fe5a59e119f650bac91327ef5da1a4245e1adb,4764709566714847.0,0.0,0.0,4764709566714847.0,0.0,1.0,45,1.0,0.0
0x03fe76bddaabd0288b14fb9b9929922ad7159ee7,3.662803399141692e+21,1.1886222377367395e+21,554592630.0,4.042854697399155e+20,7.033191716522479e+20,12.0,47,4.665844306059779e-13,0.3245116126121512
0x03fe94c26b4cb0f29d95e1f6c369e7a8b23ef93c,1199958.0,0.0,0.0,599979.0,710669.1851501653,2.0,45,1.0,0.0
0x03fea6d1200151733eff25c94d9a9427b61736a6,0.0,0.0,0.0,3.056295030185302e+17,6.112589485043685e+17,4.0,69,1.0,0.0
0x03fef33df5b760df1bb3d4d5aedf69402b48cdc5,5.6153533217349766e+17,5.00000004e+16,5.0000130434287016e+16,1.5288451625014496e+17,1.942183027484632e+17,8.0,23,1.0000026006857194,0.08904159281744269
0x03ffb5f525be3ca2431cb97415c509566bc42b8a,1.086e+17,0.0,0.0,1.086e+17,0.0,1.0,98,1.0,0.0
0x0400083c67fd63db5f1ae087efd9583430b663cf,6.262583563994712e+22,2.0000000003850027e+20,16938970225.0,6.221267959136813e+20,2.228714499284166e+21,101.0,1,8.469485110869613e-11,0.003193570161496198
0x040020bead45659c621ee4c6e8a8f326ca469693,2.8909710403913767e+21,9e+20,9.007161114764859e+20,9.64368710465707e+20,7.57033634075423e+20,11.0,72,1.0007956794183177,0.31131408354687595
0x04002cbd1cc19cb7cb1f819fc7ef410b59f8a22d,1108706.0,0.0,0.0,1108706.0,0.0,1.0,41,1.0,0.0
0x04007f94d19462042fd84e93fcec9a5b05cf5db6,9.710858420477514e+20,450000000.0,78352616.0,1.9421716840965597e+20,4.342827909612201e+20,5.0,44,0.17411692444444443,4.633987856841518e-13
0x04008507db2ab8b2bf5410905d4b146ea8009c2f,1107874.0,0.0,0.0,1107874.0,0.0,1.0,41,1.0,0.0
0x0400fa459b58b8c1d14e091548d6f2134b12149e,1.5690642430102605e+18,0.0,0.0,1.046076047864174e+18,8.188527996135841e+17,3.0,74,1.0,0.0
0x04017f70e7299e9cbe9355780b0f7a261eccb163,1109640.0,0.0,0.0,1109640.0,0.0,1.0,41,1.0,0.0
0x0401ffb0487392af87f970add6a86cc6ae8bb2c4,19793000000.0,0.0,0.0,9896500063.5,117202126.00747886,4.0,19,1.0,0.0
0x0402f615b6aa30ece82c93396db6432d4974b1fb,1.0206e+20,4.9e+19,4.9e+19,7.553e+19,3.0634205283201544e+19,4.0,141,1.0,0.48010973936899864
0x0402f94bc9a7e2ef2cb01be155ea111c7070607e,1.5e+18,0.0,0.0,2.961647570176536e+18,6.547228934548964e+18,6.0,34,1.0,0.0
0x04051690556ba5b2362266e000baec4af64aab39,9504903700176524.0,0.0,0.0,3168301233392174.5,2753234142870835.0,3.0,43,1.0,0.0
0x0405c2898a3dee1ef160f0b5f97b0e1475f2024e,1.07557969368e+20,1.7e+20,0.0,3.095743281502283e+19,3.313322057496349e+19,9.0,62,0.0,1.5805430411052124
0x0405e13dc7a586cc2c371f531e90ae50cf49beec,1.1042556368036697e+23,8.248200000009414e+22,7.099730511322679e+22,4.1929834364252963e+21,4.745658030193156e+21,88.0,68,0.860761197754004,0.7469466059402962
0x0405ebbc9e52146fb123626c508b621975dd6645,9816676346939328.0,0.0,0.0,4908338173469664.0,6941438412220465.0,2.0,44,1.0,0.0
0x04063f483786be70695cccd10ae7ef4c7f6224e3,2.4410061104992858e+17,4.9110983000099e+20,1.0983436667179482e+17,1.89118413476158e+19,6.5572568038456975e+19,26.0,7,0.00022364522141935826,2011.9156108975817
0x0407836c37a664c39a5d664ad320f3835866599b,3.5085386846834493e+21,0.0,0.0,3.5085386846834493e+21,0.0,1.0,88,1.0,0.0
0x040819d924238c97c81013bdf75ec99bbfd1498b,5000000.0,0.0,0.0,5000000.0,0.0,1.0,45,1.0,0.0
0x040887454f6f08dc089d8c5671df51da5057a4bd,3.936807034939483e+20,1.1921084092303049e+20,9.10192882045323e+19,7.078896079048417e+18,1.5823933753014288e+19,123.0,2,0.7635151929118569,0.30281098327915124
0x0408c8e4e0d9c052840655dbe768c743d4bd1f2b,2.1002e+22,2356000000.0,2356000000.0,1.050100000000118e+22,1.2125510353519162e+22,4.0,135,1.0,1.1217979240072373e-13
0x0409b96fbf7988e5d186a350c018acc48cbf59b2,1.4009224117236673e+21,1.0098283144417829e+21,5.002116384678696e+19,4.472597035002822e+19,6.518255776022108e+19,61.0,89,0.04953432492575519,0.7208310081921739
0x0409ba23f21c66fe37f3e4ed3db81417f0185ba9,1108325.0,0.0,0.0,1108325.0,0.0,1.0,40,1.0,0.0
0x040b97d0bb1de0b75b3a55b7307288df69817cd2,0.0,0.0,0.0,14921907860.0,0.0,1.0,67,1.0,0.0
0x040be472268e720f945eb95a0e71445a0f07aa3f,3020842.0,0.0,0.0,1006947.3333333334,2490.400436342166,3.0,39,1.0,0.0
0x040c1749900642febd1cec7955633923ac1d8666,1.5736920156666756e+21,2380006736.0,1811355471.0,4.431494369194254e+19,1.3234330867560997e+20,53.0,19,0.7610715732865052,1.5123713612995228e-12
0x040c2b92511c6de1be3e47d67038c2a49ea6fef2,2000000000000000.0,250000000000000.0,0.0,750000000000000.0,433012701892219.3,3.0,9,0.0,0.125
0x040c67d6c0f2e7035e4b39d2ffbcce1741b697ae,2.34e+16,5000000000000000.0,0.0,1.42e+16,1.3010764773832474e+16,2.0,116,0.0,0.21367521367521367
0x040c90a431d22d89b40cf822d9e49726192e96aa,1024614.0,0.0,0.0,1024614.0,0.0,1.0,46,1.0,0.0
0x040cc4bff13c6baecc8f49d56b10012e2715fb0c,1.0886216573089661e+22,9.902000000014058e+21,9.902006942731193e+21,1.3862523813959956e+21,2.6260963988766295e+21,30.0,77,1.0000007011429142,0.9095905757094204
0x040cfafb31e58ae30572b2ac101bb08db102d100,15000000.0,0.0,0.0,15000000.0,0.0,1.0,87,1.0,0.0
0x040d6031a5e6526bdbe579b8e3083bb6ff596920,234062009.0,0.0,0.0,119235871.8,7405839.333157701,5.0,41,1.0,0.0
0x040da40b0e3b28a2c289e3891e193a52982cddc0,3.347603182762275e+20,0.0,0.0,2.281406814230817e+19,5.208471198821257e+19,16.0,23,1.0,0.0
0x040df4fd17862caf41045d1c7e7ca420322617d4,8.0107547091116e+22,4.199051244553148e+23,1.4663222052498567e+23,1.1396121321323297e+22,4.558256699474573e+22,172.0,0,0.6607275557214305,14.131296502110848
0x040e07a1623f39d6161be7337a8810328e79b97a,4.590000007981376e+16,80000000.0,40023672.0,5100000031085501.0,1.5299999988342938e+16,9.0,52,0.5002959,1.7429193869475174e-09
0x040e103f9f502881ffddc3594dae2687714cb602,10817000000.0,0.0,0.0,10817000049.0,69.29646455628166,2.0,20,1.0,0.0
0x040fa9bbed1f3cbae34ec655f9c49e25532cab72,7.553082553567699e+19,2685529088.0,130546075.0,9.939532211873295e+17,6.906969596954873e+18,77.0,0,0.04861093316148807,3.555540494829479e-11
0x041006fc4216131cf29155827687a853583b7175,6419726198539703.0,0.0,0.0,6419726198539703.0,0.0,1.0,48,1.0,0.0
0x041065dc6b855ba2a436c564ab0c9fa62a9803b7,20000000.0,4000000000000000.0,0.0,2000000010000000.0,2828427110604054.5,2.0,47,0.0,200000000.0
0x0410969668905820f97a193a62400692b7f792cb,1.830000009138e+18,0.0,0.0,6.10000006092e+17,1.0565509873411884e+18,3.0,19,1.0,0.0
0x041126e47a90d0c19919a140e9c421076a762f77,1108585.0,0.0,0.0,1108585.0,0.0,1.0,41,1.0,0.0
0x041143d6d24b8284ec22182f23b7f46b291993bd,120000000.0,0.0,0.0,120015955.5,22564.484494443917,2.0,15,1.0,0.0
0x0411731be3b7cba409ede437472b75004353d81a,790.0,0.0,0.0,790.0,0.0,1.0,45,1.0,0.0
0x0411c92f02c35dcf4ce18dd23b314e0fb5e5119f,600000001000000.0,1e+18,0.0,3.335333333336666e+17,5.771771420742508e+17,3.0,23,0.0,1666.666663888889
0x0411e650dff0c6680c9e147f2413e0480718aa27,0.0,0.0,0.0,1.4599548195539412e+18,2.52871592419673e+18,3.0,83,1.0,0.0
0x041272acd1e47bf948be68d37be37a95c698c75d,1e+17,0.0,0.0,1e+17,0.0,1.0,101,1.0,0.0
0x04134352a8ec8229ecf1dc81edee8ede5d8b5270,1121575.0,0.0,0.0,1121575.0,0.0,1.0,46,1.0,0.0
0x0413813b47562aadb9228778eaaa78f0c5f3e584,9.01e+16,0.0,0.0,9.01e+16,0.0,1.0,97,1.0,0.0
0x0413d2c3e315749b7f3277fce702e1b4c7bca05a,2200000.0,0.0,0.0,1100000.0,0.0,2.0,44,1.0,0.0
0x0413d439285764e6469c06af90a2dcdc68a0ffca,0.0,0.0,0.0,9535989066.0,0.0,1.0,89,1.0,0.0
0x04141280b93967bd4bca7f18de60bb1305609526,1609915.0,0.0,0.0,1609915.0,0.0,1.0,44,1.0,0.0
0x041461ca50137f4c93e312883eb9d6aa39fad454,1630066268228532.0,0.0,0.0,1630066268228532.0,0.0,1.0,45,1.0,0.0
0x04154fcfbb3dad4e2f3096e5b8952cd601e53c02,3.42e+16,5000000000000000.0,0.0,1.96e+16,2.0647518010647188e+16,2.0,115,0.0,0.14619883040935672
0x041596ce81fc702436a302f4963181ec2ab3b7dc,1772807.0,0.0,0.0,1772807.0,0.0,1.0,42,1.0,0.0
0x0415a37766ef8a945c1a38dd839c8b1f4feaecaa,3.871825610029903e+23,3.28461555650586e+23,1.6995003391243924e+22,1.1290036495603128e+21,4.069010577566241e+21,323.2399999999998,54,0.05174122541550352,0.8483376802914664
0x04164fbde8054cfa924a7ac4c7c4bbc33e605703,1032069.0,0.0,0.0,1032069.0,0.0,1.0,43,1.0,0.0
0x0416889106cb47a1cc0c3cc37d064f2d2af8d124,5.0769783124704237e+17,0.0,0.0,3.384982972032488e+17,2.1122364012529382e+17,3.0,74,1.0,0.0
0x0416aa2837f812cbd6432c4b4b024bccba7a15b7,1016483.0,0.0,0.0,1016483.0,0.0,1.0,41,1.0,0.0
0x0416c2fe328fff0fd6039554c75c3d3fb2db94c4,1.1405669142278023e+19,30077000000.0,15970840855.0,1.9009448647209772e+18,4.656344925171647e+18,6.0,68,0.5309984657711873,2.637021960290951e-09
0x0417b1639b07f21535494bef99e086c785675d5f,1.9587872913307604e+16,0.0,0.0,4896968228326901.0,1721301178285897.8,4.0,44,1.0,0.0
0x0417beec20510b679ec207a0ee12720ee924b772,2.0472924218329578e+21,4.0000000000175e+20,500000000.0,1.6315282812234718e+20,5.131656742523669e+20,15.0,61,1.2499999999945312e-12,0.19538000323550592
0x04181dfff000bfc513a53fec55cba4e71b855b1d,1022694.0,0.0,0.0,1022694.0,0.0,1.0,44,1.0,0.0
0x0418936e04d12847b8ff2a732c382fc8fb78e7d0,2.001e+22,2000000000.0,2000000000.0,1.0005000000001001e+22,1.1552778886483257e+22,4.0,135,1.0,9.995002498750624e-14
0x0419395ef65947b74ad9ccd1a9753251e72e411b,5000000.0,0.0,0.0,5000000.0,0.0,1.0,45,1.0,0.0
0x0419817d801bdd1e8ca7d197466b221de7f562a1,3e+18,0.0,0.0,3e+18,0.0,1.0,36,1.0,0.0
0x041984e127a4cfee89a7e4e82464de4b7eb3d2a8,1.3190000000012216e+19,0.0,0.0,2.6380000000048865e+18,3.708128908218776e+18,5.0,0,1.0,0.0
0x041a89f3b7ad2eecbfd280a4ec567ed88bd67f49,2.54e+20,115000000.0,115428371.0,3.6285714285747204e+19,6.919709600290541e+19,7.0,64,1.0037249652173914,4.52755905511811e-13
0x041ae646d4c7bf8901808f1587464e0809567c77,4.100000039987514e+18,0.0,0.0,2.050000019993771e+18,2.3671360805906473e+18,4.0,96,1.0,0.0
0x041b26d91b8522a00d1c2a484c397a612c82fc3a,4.994592443625371e+21,90000000000.0,30102254527.0,1.3490046794356992e+20,4.950858664873794e+20,39.0,4,0.33446949474444443,1.8019488279742936e-11
0x041c1da51f0116d6cf81139aaa52ac0c119ae8f5,1.3351044014409874e+18,0.0,0.0,1.3351044014409874e+18,0.0,1.0,48,1.0,0.0
0x041c2b12b643aff71468172aff2c409624d95921,4.8506562746544987e+20,2.5631333995967047e+20,1.9100345943878173e+20,8.517730157751456e+18,1.7338790705104e+19,130.0,28,0.7451951563224727,0.5284096119095288
0x041ce53ec91c31abe748169be86f4268de4c7bea,3.3e+20,320907529.0,0.0,1.1004666666677364e+20,1.9048518717553348e+20,3.0,6,0.0,9.724470575757575e-13
0x041d2d8af79a4cb0eacb2178c3981737d54b09df,13538.0,0.0,0.0,13538.0,0.0,1.0,49,1.0,0.0
0x041df04f972ae342ebf9d9723f7c497f4adbd798,5.055e+19,75000000.0,0.0,1.0210000002701683e+19,2.224456113153051e+19,5.0,40,0.0,1.4836795252225519e-12
0x041e5962fc32eba702eaac10ff12c09ed2e1df07,144486292419983.0,0.0,0.0,144486292419983.0,0.0,1.0,9,1.0,0.0
0x041f06e78104289331f5ea6633525c892612ceab,6.6483146645410456e+16,0.0,0.0,6.648885284113807e+16,8069779387549.958,2.0,81,1.0,0.0
0x041fa6a56cc203b210dbad9ee45dc08c1f88aba3,10005039.0,0.0,0.0,10005039.0,0.0,1.0,45,1.0,0.0
0x042011bb6babb6998d2f97c2e07a50e9394d2f4e,1.3808e+16,1000.0,0.0,4602666666667000.0,4417422476210390.0,3.0,91,0.0,7.24217844727694e-14
0x04201b338004ce6ff88d230706f4ed567a3e0b39,1.4538188882714479e+19,0.0,0.0,1.4538188882714479e+19,0.0,1.0,142,1.0,0.0
0x0421267a711db1c6b8f9fa72f3dda8d4df1f6bad,2e+21,1.09470829932453e+21,1.095793340475938e+21,6.984169399667446e+20,3.756469880691825e+20,6.0,74,1.0009911692019486,0.547354149662265
0x0421f931c8d9c4a2fedf29771cf9d9102dfb3857,1740504.0,0.0,0.0,1740504.0,0.0,1.0,43,1.0,0.0
0x0421fa1f9f228934332cc11de6f66497f43fb734,6.006286526184298e+20,79124726.0,79141380.0,8.443023014481033e+18,2.9933950502439887e+19,72.0,25,1.0002104778220653,1.3173651582397408e-13
0x0423422bf2e02ac5c5bff7bb34463b9dc372946c,2203970.0,0.0,0.0,1101985.0,5857.672575349359,2.0,41,1.0,0.0
0x0423d92d98a4b1696b9329e5a39daf0772040497,2.3e+16,5000000000000000.0,0.0,1.4e+16,1.2727922061357856e+16,2.0,117,0.0,0.21739130434782608
0x04243edabb0bea3ed3ab4ffb424fe76f05899cbc,2.1750000014805578e+19,1.6156870671178072e+19,1.5406870656372494e+19,1.0662748268471228e+19,9.197789466729119e+18,5.0,23,0.9535801189432377,0.742844628054245
0x04248766ec3274d8f58afe1fae37be19999536aa,1.0300886095955043e+18,0.0,0.0,1.0300886095955043e+18,0.0,1.0,45,1.0,0.0
0x0424e3bfffc7d7cd2cc06265c49497c695ae8175,999999.0,0.0,0.0,1000835.0,1182.2825381439075,2.0,11,1.0,0.0
0x0425cc2a2750fa8042700973e776774a6f639e96,3.200000000024e+20,2.20000000002e+20,2.20000088683931e+20,6.750027468497674e+19,9.685058835345203e+19,16.0,31,1.0000004030996865,0.6875000000010938
0x04261f3a4f4e244b80ed7e3d8b7ff28abd6c4dc9,2.645066650118143e+20,1.2991994117701215e+21,1.2990149790807218e+21,5.733795157840578e+19,1.553977222205531e+20,50.0,18,0.9998580412770135,4.911783269098691
0x0426266cf573388100183343b6e26b8bf5e4fdbb,2.7221400001081453e+23,4.199051244553148e+23,1.1770807959813152e+23,7.044285386652938e+21,4.076419771622951e+22,193.0,1,0.12139546690427039,3.5619953417912438
0x0426dcf6a95b311d626cf5ed3b0bef3de791a160,1.2772620191255062e+16,0.0,0.0,6386310095627531.0,47427424871494.1,2.0,45,1.0,0.0
0x0428305a45309c9f296a6cce4bc9550af727a324,2.39973598703201e+21,1.90000000000525e+21,1.9001845546913238e+21,7.166517118113191e+20,9.852033152460552e+20,12.0,106,1.0000971340453018,0.791753763860985
0x04288d0b8bc6298a7cc26f367f42932d71c79d9a,1.991977175873093e+18,4.146226093965811e+20,0.0,3.0778993800231678e+19,1.2494519161928987e+20,33.0,22,0.0,208.1462651372248
0x0428be07db700e3b25addff63567584a3b15fdcc,1673567.0,0.0,0.0,1673567.0,0.0,1.0,48,1.0,0.0
0x04295ab7186c2cffba238bb7291b3984e0d181bd,7.345538186184234e+18,0.0,0.0,3.672769093092117e+18,1.876987948949871e+18,2.0,80,1.0,0.0
0x0429e9a1931ae77fe39b6c17d7660382c85d28f2,1109079.0,0.0,0.0,1109079.0,0.0,1.0,41,1.0,0.0
0x042a135bd342910ad7f67bbda74e3fd4125d1272,1.463e+21,0.0,0.0,7.315e+20,1.0302545801887998e+21,2.0,45,1.0,0.0
0x042a154ede61e25b4220cbc83e76c79f8c0d3926,4.110326719974894e+23,89973994093.0,89979443133.0,6.227767757541851e+21,2.0817664530257044e+22,66.0,72,1.000060562388665,2.1889742646431174e-13
0x042a1ccde458f357618d8687b4fb99fa10775599,1.2996323804390206e+22,5.041280000523544e+21,5.055644559408266e+21,1.752436442480782e+20,5.946996252656239e+20,206.0,2,1.0028493872356288,0.38790046142283563
0x042a2831f11d0366090da32bfcf16befe6473947,979510000.0,0.0,0.0,979510115.5,163.3416664540925,2.0,90,1.0,0.0
0x042a62b83529ba7bdbfd79c96804f9a36ae04c4c,1.013665653729819e+19,6.416144918943396e+19,4.445111600544883e+16,1.7288966707651996e+18,7.268458479549714e+18,43.0,31,0.0006928009975929439,6.329646166203778
0x042b12e77388ca4f9c773b49efe98115b9c5839e,9.81e+16,0.0,0.0,9.81e+16,0.0,1.0,96,1.0,0.0
0x042b2a2eb841b7166504fdb1617244724176eb91,250000000000230.0,0.0,0.0,5208333333338.125,5048523413081.423,48.0,93,1.0,0.0
0x042b66aa933ef8b395ac2e77498bc61215146a02,2094141.0,0.0,0.0,1047070.5,8145.163012487841,2.0,41,1.0,0.0
0x042b79eced8518e0357d790d4363ebb6fbfb1eb2,1.5899999999999998e+23,0.0,0.0,7.949999999999999e+22,6.363961030678915e+21,2.0,69,1.0,0.0
0x042ca8981305042407c7d27bafc373c005b8790e,1e+17,0.0,0.0,1e+17,0.0,1.0,101,1.0,0.0
0x042cec428c52f9ef51b34d9576a2790d83ed1d0d,0.0,0.0,0.0,1.2328135853267342e+23,2.756654980356512e+23,5.0,54,1.0,0.0
0x042d60e7dc84756d93faa21a30aa8deff13fbae9,4.56349011159943e+16,0.0,0.0,4.56349011159943e+16,0.0,1.0,32,1.0,0.0
0x042d9ebf0e126b29824fffeb4fc4ba5393ce1975,4688861.0,0.0,0.0,1562953.6666666667,1265.0068511013103,3.0,45,1.0,0.0
0x042e091145d2e0f6273bb1e4a88f1f194dd97071,4.390994574220497e+16,50000000.0,0.0,2927329719480331.0,2888965911141264.5,15.0,2,0.0,1.138694187725708e-09
0x042e43e600a23d5fd706abb79b823e3da629fe5f,1108424.0,0.0,0.0,1108424.0,0.0,1.0,41,1.0,0.0
0x042e90603954c56a8438dedaf9efb70db4cd44cf,1e+16,0.0,0.0,1e+16,0.0,1.0,126,1.0,0.0
0x043010c2d1e2a00abce741e5b2c5db778088380a,199626.0,0.0,0.0,199626.0,0.0,1.0,77,1.0,0.0
0x0430605323465e26dc21fbaaa9a1a4be6ae9d496,2.4613024722904186e+21,6115000000.0,2140092438.0,7.623475765631385e+18,4.532749328945413e+19,323.0,2,0.349974233524121,2.4844569364567184e-12
0x0430b536135751ba80f45550007be68c6fe3db92,1e+17,5.0000028864092856e+16,0.0,7.500001443204643e+16,3.5355318649331588e+16,2.0,24,0.0,0.5000002886409286
0x043110e9869de4eeea4b911c030cdccadc743025,1108426.0,0.0,0.0,1108426.0,0.0,1.0,41,1.0,0.0
0x04314576237b5ac44eeda1f6c66b1d171782bdc2,1.254317715506357e+20,0.0,0.0,5.018253302133858e+19,6.871526551601965e+19,5.0,74,1.0,0.0
0x04323ff183af0dabfbd51ab6a4fbf8cb7842ede2,655169980.0,0.0,0.0,655169980.0,0.0,1.0,21,1.0,0.0
0x0432f117921e840beeba036ce8e501578e12b711,9054000000.0,0.0,0.0,9054000058.0,82.02438661763951,2.0,20,1.0,0.0
0x0433fa8caf0419698f7e06ce99a917bfdf24274a,1e+17,1e+16,0.0,5.5e+16,6.363961030678928e+16,2.0,23,0.0,0.1
0x0434ec40799b578a132919fe319d18aae6415c27,2.25e+19,0.0,0.0,1.125e+19,1.5202795795510772e+19,2.0,5,1.0,0.0
0x04359cc145a3f8b1865959d4e904c8b4c15fb29a,6.65e+16,33340.0,0.0,3.325000000001667e+16,4.702260094888183e+16,2.0,7,0.0,5.013533834586467e-13
0x04371e418fcc889954ab64a59235eadeb033eee3,1.1472433969955e+21,600000000.0,0.0,1.9120723283268334e+20,3.7788635250376606e+20,6.0,77,0.0,5.229927682053623e-13
0x043796319db3b8601013477f9473064f22df527c,0.0,0.0,0.0,3.882518601054319e+19,7.74330130623841e+19,4.0,11,1.0,0.0
0x04379cffc95575cff92a5884863a26600c0f3ddb,2.05034e+20,5.000000000004726e+19,6.305172517456417e+18,2.1778264376458637e+19,4.509912593938702e+19,12.0,12,0.12610345034900913,0.24386199362080074
0x0437e05b9fce3041a050ceafdea0b7b88af05cd9,9.33e+16,0.0,0.0,9.33e+16,0.0,1.0,99,1.0,0.0
0x0437e5aaa2dbdf6fda5802e7fdeb52d888d1eb4a,1107405.0,0.0,0.0,1107405.0,0.0,1.0,40,1.0,0.0
0x04381813e17b6198435cdb83712d11d0eabd3217,3.153868615709245e+20,11000000000.0,11003330617.0,1.5018421981474937e+19,6.419983816197557e+19,21.0,78,1.0003027833636364,3.487780037890485e-11
0x04386ac720b8204c01bd23497f4a63e2b209259a,200000003041058.0,22662222593450.0,0.0,31808889376358.285,47056312136068.25,7.0,23,0.0,0.1133111112443217
0x043a2e8b8f91d44821d8ebb0e29e83ba3b597d63,7.333312470386256e+20,1.961366967990767e+20,0.0,3.098226479459008e+20,1.0173008127639583e+20,3.0,83,0.0,0.26745989290804884
0x043a7a9f331b701828842bac0ee760ea984cf1fd,2.647314563023943e+19,0.0,0.0,2.647314563023943e+19,0.0,2.0,44,1.0,0.0
0x043abfff63616d247b9247765b89f6c5b5fd94eb,4.100733441742771e+19,1.7e+19,0.0,6.445259379715454e+18,5.702277369036301e+18,9.0,1,0.0,0.4145599864392836
0x043b2116f729e188668810d8ae0f86eb1152ae4f,1.798881377191166e+21,1.786571031956249e+21,800000000.0,5.122074870211736e+20,8.705676386427559e+20,7.0,22,4.477851625770629e-13,0.9931566664756191
0x043b2c863b8dab9f264ceee9d8d2cb8b9f7c66e1,5.36e+21,3700000000.0,0.0,7.657142857148141e+20,1.4031732744370148e+21,7.0,12,0.0,6.902985074626866e-13
0x043b3756dd9fe0dbd1bb5d4765fd1686dedf806a,1000000.0,0.0,0.0,1000000.0,0.0,1.0,45,1.0,0.0
0x043bd112d6db10daa0f15a255697d0b88e3daf43,3.808368471576219e+19,9.286916546387792e+18,15738720.0,2.7865059565989796e+18,5.432335019782246e+18,17.0,75,1.6947196544068957e-12,0.24385551491933488
0x043bd8f57401e46a5da19545ffb50370202cc179,10000.0,0.0,0.0,10000.0,0.0,1.0,0,1.0,0.0
0x043be978300c684c8f691e086414155d5f9d6f2e,4e+21,6e+20,6e+20,2.3e+21,1.9629909152447277e+21,4.0,130,1.0,0.15
0x043be9f76411e021f3aca8b45db64b0c36075a0d,1.1749336237575921e+22,4.3334463370683157e+21,4.1626945601000314e+21,1.4453033792889206e+20,2.837505483745645e+20,195.0,5,0.9605967713254753,0.3688247786465915
0x043c3bc6cb627217996f6fd26a87f4617e553a9d,1e+17,0.0,0.0,1e+17,0.0,1.0,100,1.0,0.0
0x043cd50151186c39813dc404529112be03503a80,1.201e+21,0.0,0.0,6.005e+20,7.071067811865476e+17,2.0,14,1.0,0.0
0x043e470cbaa1d9738b673ef66ea20d19da8a7f51,7.3e+19,0.0,0.0,7.3e+19,0.0,1.0,23,1.0,0.0
0x043e9f48de29b4475b3088a69c6ae456cc8d94c1,1.93383910151e+21,0.0,0.0,1.93383910151e+21,0.0,1.0,140,1.0,0.0
0x043ea03b7942df22cea8227ed359eeb040acfaaa,1023193.0,0.0,0.0,1023193.0,0.0,1.0,44,1.0,0.0
0x043fdabff38a1e9897f2f5a860b8b88f9a0a9f24,3.4305e+21,4066000000.0,2616626536.0,2.1575471698155237e+19,1.2616782560279604e+20,159.0,0,0.6435382528283325,1.185249963562163e-12
0x044009974d4a8ce81dd4b46a5ca98a772ed185a6,2000000000000000.0,50000057703274.0,0.0,683333352567758.0,548482722415143.7,3.0,18,0.0,0.025000028851637
0x044015adf61f596f820872845313e2efbbaee4b9,2.049211522806383e+18,0.0,0.0,1.0246057614031916e+18,2100927741938219.5,2.0,45,1.0,0.0
0x04426a58fdd02eb166b7c1a84ef390c4987ae1e0,5.281824308985622e+21,3.2000000000078e+21,3.4220491085654367e+20,1.1755873114833658e+20,3.035418298185513e+20,93.0,86,0.10693903464240924,0.6058512765303172
0x0443d542c2a4eda89af20a9d7315596f8240e48a,6.36321577759175e+21,2.5e+21,0.0,2.9544052591972503e+21,2.962683220112764e+21,3.0,113,0.0,0.39288310932403436
0x04448987b1f40dfd2ca70eeeb323ba710c5768f6,2.7668226568881213e+20,4264113275.0,0.0,1.2576466622412556e+19,4.1026210866259935e+19,22.0,2,0.0,1.5411588684169225e-11
0x04469b770821cec9cc3a1e8dc92e4635faf9bca6,3.8035e+19,1.952156488389472e+16,1.952156488389472e+16,4.759255391220974e+18,1.3431295502626144e+19,8.0,11,1.0,0.0005132526589692315
0x04487b8a3e6aff2f2ff62c718de9198d51af7680,1.01e+17,0.0,0.0,1.01e+17,0.0,1.0,94,1.0,0.0
0x04488eb67ce58d792983ff37f3c625a204323281,2655087.0,0.0,0.0,1327543.5,116704.43870093374,2.0,41,1.0,0.0
0x044a9157c17119eb476f564da8a9b03dfe5ac7f1,42987137.0,16410000000.0,7429229564.0,2653579633.4444447,3488854342.4657836,9.0,13,0.4527257503960999,381.74210113132216
0x044a9c43e95aa9fd28eea25131a62b602d304f1f,2.2638703023313094e+22,5.345480928934e+21,18061985943.0,1.0368586648987096e+21,1.841336667112979e+21,27.0,23,3.3789262712049247e-12,0.23612134155518014
0x044c53d8576d4d700e6327c954f88388ee03b8db,160158048442.0,0.0,0.0,160335862176.5,251466594.9061087,2.0,86,1.0,0.0
0x044c9a9b81b28f344ee80db712af9ee6f1bc65d5,999129701.0,6e+20,6.002755920393111e+20,1.8428215219797583e+20,2.642731234252635e+20,9.0,75,1.0004593200655185,600522634248.0635
0x044f1646303ed25521cbdae0f37ca2b65d898281,1107128.0,0.0,0.0,1107128.0,0.0,1.0,42,1.0,0.0
0x044f4923a8251bf87281455eb95d030054771498,5.1e+19,0.0,0.0,5.1e+19,0.0,1.0,73,1.0,0.0
0x0450054af2245d1799292e4fc6c9da720822b417,193430036.0,77372908.0,0.0,45133824.0,49909747.163566574,6.0,1,0.0,0.40000461975822615
0x045038d82b5c27b5c992994cd4129aa80fd1a20c,2.000000258003953e+18,3.53857283372142e+21,175449919497.0,1.609351288369773e+20,4.5236878009831804e+20,22.0,1,4.9582113394705556e-11,1769.2861886192948
0x0450c0df7db64b4793b9847384ab3b95dd7983d8,1.6e+18,0.0,0.0,1.6e+18,0.0,1.0,44,1.0,0.0
0x0450d81146ae1eb15d886b0a35673dbb9e74be19,5.4e+21,7e+20,7e+20,3.05e+21,2.713546265191241e+21,4.0,128,1.0,0.12962962962962962
0x04518072ea655451b801dfa3c1c2f4277dc5ba62,94989058529289.0,0.0,0.0,15832123864987.0,38777014275923.836,6.0,10,1.0,0.0
0x0451864cdd0cb179893eb91057da7746b5b1973b,4.8095e+21,756988557.0,757761874.0,4.007916666667929e+20,9.11792526697995e+20,12.0,107,1.0010215702639742,1.5739443954673045e-13
0x04526ea5982ca846bc7e4f87a1842f92e20d8995,9.89e+16,0.0,0.0,9.89e+16,0.0,1.0,95,1.0,0.0
0x0452d528c990273208cd331b2c14de884354ea5b,2.0457e+22,2045000000.0,2045000000.0,1.0228500000001023e+22,1.1810854456810994e+22,4.0,132,1.0,9.99657818839517e-14
0x04537c1eeaa19e1b8692c81ff68e9d403d0396ab,1.1847850817182738e+22,3400000000.0,3400296215.0,3.82192213140044e+20,3.7208352072031365e+20,62.0,86,1.0000871220588234,2.8697187806155e-13
0x04537ca12d92128f89716947a3fec9a2eb5b93a5,4.950601194780552e+21,0.0,0.0,8.251001991300919e+20,2.0134322512472517e+21,6.0,111,1.0,0.0
0x045407d52663df08276eaa6fd367f8608f76ddf8,0.0,0.0,0.0,1.1356136714499614e+20,0.0,1.0,75,1.0,0.0
0x04541945d4d64141a70d355c6775173323551724,6.024306977107242e+21,3.502991589906573e+20,2.9917786138713914e+17,2.771804649937592e+20,9.009931662774517e+20,23.0,11,0.0008540638871334499,0.05814762765606349
0x0454b9c61747aa42a5c771f1ed9a665f6fe82917,1.830000009164e+18,0.0,0.0,4.57500004582e+17,6.276078879974555e+17,4.0,19,1.0,0.0
0x04559672afdfbd152670d2f1f3f7d07cc3115089,2200000.0,0.0,0.0,1100000.0,0.0,2.0,44,1.0,0.0
0x04566bf9d24761ad1c8b9505bc801081a8159d64,2161040.0,0.0,0.0,1080520.0,963.0794359760778,2.0,38,1.0,0.0
0x04566e55bd811bf6e3e164a3ebe49cbc85369bcb,0.0,1.1e+21,1.1000004313882566e+21,4.400204840735942e+20,6.024763122800558e+20,5.0,6,1.0000003921711424,0.0
0x04569a1012ee1dd1573763dc024a99ef43db417f,1.47e+16,0.0,0.0,1.47e+16,0.0,1.0,122,1.0,0.0
0x0456b014da02c47c722742426192f8a0f4114923,1535990.0,500000.0,0.0,678663.3333333334,324658.74991648283,3.0,28,0.0,0.3255229526233895
0x045751c6c2dc89cb7d5976649eb63de2b2d77f5b,2.8901508475002422e+23,3.883900000010869e+23,1.4663222052498567e+23,2.938911823429163e+21,9.63512264252632e+21,323.2399999999998,0,1.0000981941267344,1.343839891045875
0x04581b79bf2fac9ed93b41b8023271ecb86b6857,33365355589.0,13500000000.0,0.0,6051644318.777778,4865891047.9109335,9.0,19,0.0,0.40461130300228915
0x04588a77213469798beb197fdff9075fb4cef6b3,1048000271.0,0.0,0.0,1048000289.0,25.45584412271571,2.0,113,1.0,0.0
0x045896a702263b77d8ebabd6c51e826f0f3ebe39,20002370577.0,14029345908.0,14049620420.0,3783527715.888889,1137307459.9024274,18.0,53,1.0014451501968056,0.7013841611419717
0x0459dda9eb7062e6fdca6293a4c363722fca6102,0.0,0.0,0.0,156183884464.54544,263024596078.496,11.0,18,1.0,0.0
0x045a225d46de1f8fb90559cce505ca11d8a8c354,98284668476482.0,0.0,0.0,98284668476482.0,0.0,1.0,51,1.0,0.0
0x045a41a9d9cb0fc81cfe1e8f486e5c53a3b3ce8b,4.6244078786762736e+20,2.5016528309054018e+19,524610914.0,6.171611917358917e+18,2.34788378682027e+19,79.0,0,2.0970572236041723e-11,0.05409671673731112
0x045a4fb9af81b5c09b519ec40e35d45314a556dd,5967279569941004.0,0.0,0.0,5967279569941004.0,0.0,1.0,44,1.0,0.0
0x045a6e99eaeb27069d2803ab28f2598cd03f016e,0.0,0.0,0.0,7.077222520212525e+17,0.0,1.0,19,1.0,0.0
0x045a7405a16dc5591c263795f227032893ba76f5,1.017e+17,0.0,0.0,1.017e+17,0.0,1.0,98,1.0,0.0
0x045b0d7cd8e143619bd67623cf7129e1980fb492,43386222.0,0.0,0.0,542694.993150685,2562299.9217930124,146.0,0,1.0,0.0
0x045bedc7e03b75fcc818d423b3ef90c2f0ab8939,1.032e+17,0.0,0.0,1.032e+17,0.0,1.0,94,1.0,0.0
0x045c7ea70b3faec4b39b6f0c91e12cfd026acbfd,2e+18,0.0,0.0,2e+18,0.0,1.0,47,1.0,0.0
0x045dc9517d18e8f968f979bde60d2efacaf4d656,1.4e+21,0.0,0.0,1.4e+21,0.0,1.0,87,1.0,0.0
0x045e2a9db6ca319f6b667813c6088067eb52851e,1.1999658811034506e+21,2032214470017.0,2032328110681.0,1.071400962967912e+19,2.5626253844361884e+19,224.0,38,1.0000559196215146,1.693560210352181e-09
0x045ef516ff36cbb58ae3714a2bcd244d31695d91,8.898e+21,3e+17,3e+17,4.44915e+21,5.137089490168533e+21,4.0,134,1.0,3.371544167228591e-05
0x045fbe9cadc98c9d8935e3788303ab70328960a0,4.8068436242456006e+20,6.613571488923679e+18,0.0,3.4806995279550013e+19,6.624554963627499e+19,14.0,21,0.0,0.013758657459886957
0x045fd671c4d7da33629475def9ababecc339c020,2.021937121925495e+20,502803728.0,502808334.0,8.791320333073529e+18,3.846329771315507e+19,23.0,22,1.0000091606321582,2.4867426516269656e-12
0x0461c15ca570db9f53f6d5ccace97d0c8a70e5b5,1.9990541796518845e+18,0.0,0.0,9.995270898259423e+17,1.4122028025990915e+18,2.0,42,1.0,0.0
0x0461fcc541d33ec0b3b7a7a0512c181ce2af6e65,6747090179096254.0,0.0,0.0,6747090179096254.0,0.0,1.0,43,1.0,0.0
0x0462096a2631fa4974713f0c0e29b43b510f6570,1054653.0,0.0,0.0,1054653.0,0.0,1.0,50,1.0,0.0
0x04621637c3a72db27d6f1fc1352480fd4d1e7b06,78965.0,0.0,0.0,78965.0,0.0,1.0,47,1.0,0.0
0x0462d63693c30e73e3646ade6f0aa44ea307832a,100000000000000.0,0.0,0.0,100000000000000.0,0.0,1.0,82,1.0,0.0
0x04631f939c69d8660c648b56b6e10595f0255b10,49231.0,0.0,0.0,49231.0,0.0,1.0,51,1.0,0.0
0x0463a70679a6afea907a90c84d732123c7311710,1.12e+18,0.0,0.0,1.12e+18,0.0,1.0,38,1.0,0.0
0x0464349e7012a83c965d672e9eca3896a1260624,6.03442422772161e+22,4.0700113357996376e+16,4.070024743833879e+16,1.7532110292210785e+20,7.885002217266022e+20,323.2399999999998,0,1.000003294348132,6.744655632765039e-07
0x0464a891a517c2be0bca86470b74babc985e9141,1000000000000000.0,200000000000000.0,0.0,600000000000000.0,565685424949238.0,2.0,15,0.0,0.2
0x0464e9d70f1b21ecdf741ed3dba1de6d877d1b48,9.967943924040254e+20,6.82e+20,5.3215e+20,3.047882658226695e+20,2.3348033128810457e+20,9.0,2,0.7802785923753666,0.6841932550956492
0x0464fb56ddf5dfc14b13d3b9c064f8732cbe012a,2300000000.0,1800000000.0,1800107742.0,820018774.2,711519137.214612,10.0,90,1.0000598566666667,0.782608695652174
0x0465130e29be525707f2e38726e1465d632efbbf,4.450808608237683e+20,107060070.0,107076720.0,7.418014347068123e+19,1.817035005494094e+20,6.0,128,1.000155520167323,2.405407183805886e-13
0x0466354046c9f28cb0a6d9648c2b41609d24e050,1.086e+17,0.0,0.0,1.086e+17,0.0,1.0,95,1.0,0.0
0x0466c8e551c53ea1d554ea1dbfd32f154ab7f089,7.747213540979546e+16,0.0,0.0,7.747213540979546e+16,0.0,1.0,43,1.0,0.0
0x0466e01f9edb0fe882be01b0693f4daf107fc151,2.6625137791678724e+21,4.000000000005e+21,0.0,7.402793087969859e+20,9.585107341274495e+20,9.0,11,0.0,1.5023396428224827
0x0467016de27a199a3372f3f9a71700ae09e515e8,1011332.0,0.0,0.0,1011332.0,0.0,1.0,46,1.0,0.0
0x0467122af0dd7d599f27e801b8145084b71b1806,1150000000.0,0.0,0.0,1150000013.0,18.384776310850235,2.0,94,1.0,0.0
0x0467661949ee9b85e78c5798731b2204e0ba2974,2.3496000000072283e+22,1.85000000000566e+22,1.8513774487212522e+22,3.3607478128008804e+21,7.018329397132286e+21,25.0,102,1.0007445668732908,0.7873680626489482
0x046773a7aa676523f981676b67e9f01719ca9eb3,1.1286364995780709e+22,9.502790317101293e+22,1.3797014546604152e+22,2.5946309753483012e+20,9.388457518715202e+20,323.2399999999998,0,0.14518908748070491,8.419708489539204
0x0468222405c1f78f80035c7a87254df9bb2a9381,3.2662505699625356e+20,574543676955.0,0.0,8.165626439269931e+19,1.1039125146227407e+20,4.0,0,0.0,1.7590312336679978e-09
0x04688b862e4343986ab317fcbba865dfab1a4bb3,1095063.0,0.0,0.0,1095063.0,0.0,1.0,39,1.0,0.0
0x0468c74ae65de29f1bc104d97560ae26ae7069fe,5.446959402228849e+19,0.0,0.0,5.446959402228849e+19,0.0,1.0,84,1.0,0.0
0x04697ab4b870d72ede8040dccb9186a58d16161c,1.0000000001104084e+16,0.0,0.0,5000000000552042.0,7071067811084770.0,2.0,42,1.0,0.0
0x046990dba8e405d8e195db1038b792279c56d7b6,1.6e+18,0.0,0.0,1.6e+18,0.0,1.0,44,1.0,0.0
0x046a09854fd98fb21fbe7d6cbf58153b55a39669,2e+21,6.000000000007e+20,700000000.0,5.2000000000028e+20,5.761944116352015e+20,5.0,60,1.1666666666653055e-12,0.30000000000035004
0x046a5a52eb9cd49f80fe73542e46dc675ae6cb0e,2e+18,0.0,0.0,2e+18,0.0,1.0,51,1.0,0.0
0x046a5d95317dbc2ae8ed4a0c370b9183d161a14a,1.2457e+22,7.8e+17,7.8e+17,6.228889999999999e+21,7.1916019700852e+21,4.0,132,1.0,6.261539696556153e-05
0x046ae0974283a9acf5cb4228a93d000c6d0ffd76,6.344303259104285e+20,5.888040300348719e+20,4.02131956323671e+20,7.847861232526285e+18,1.910465214639119e+19,281.0,0,0.6829640012821494,0.9280830470862481
0x046afddbc4e4fe503ddd2b952f7d849d1270ab3f,6.000040000035597e+20,1891148925.0,1891193604.0,1.975438419459499e+19,1.021382583113045e+20,35.0,74,1.0000236253207822,3.1518938623555516e-12
0x046b8f645b2a09f9527f191fbcb6491094668a45,7.837537825322184e+22,4.55400000001275e+22,4.559761497118667e+22,2.882804468418486e+21,5.735676756457182e+21,86.0,17,1.0012651508796446,0.5810498273194037
0x046b9d060f49400b6a6f1210ef191b019cce9030,1.5022505429465018e+21,6845000000.0,4847564591.0,6.1120390479943524e+19,2.4132294118793744e+20,27.0,2,0.7081905903579255,4.556496938635997e-12
0x046bbe099cfa0b6cc71d59d6e4cd38c5d0eef71b,3.5e+20,0.0,0.0,3.5e+20,0.0,1.0,77,1.0,0.0
0x046bdeec373e1d675c0d97af29195b63fc403729,1e+17,0.0,0.0,1e+17,0.0,1.0,101,1.0,0.0
0x046d749b3cf095dc2bcf9a82a9de43966b29cf49,1e+18,1e+17,1e+17,4e+17,5.196152422706632e+17,3.0,23,1.0,0.1
0x046f3d4ac4df2caa030714b79958661e04566b6e,9.95e+16,0.0,0.0,9.95e+16,0.0,1.0,95,1.0,0.0
0x046f8f1897b93398cd8b495e81ef0ababfe11d68,1253020.0,0.0,0.0,1253020.0,0.0,1.0,45,1.0,0.0
0x0470a2b7b6b48d5d8a8f42f8fbf10218ea416755,4.263450091693444e+21,3.101087766457218e+21,3.305234745926084e+16,1.4440359033363132e+20,3.704075872694973e+20,51.0,0,1.0658307648293651e-05,0.7273657952509219
0x0470a46f57515cb7d112acde06f410c3111575b0,7.703781061602763e+22,8.814900000023182e+22,6.751955647565182e+22,2.6078688324948313e+21,6.066895276011146e+21,118.0,4,0.7659707594581249,1.1442303369651126
0x0470cd31c8fcc42671465880ba81d631f0b76c1d,5.2245655487657184e+17,0.0,0.0,1.1610145663923818e+16,1.6415332261126608e+16,45.0,0,1.0,0.0
0x0471576d6dc3e08b74de7408bcf406b5763a9eb7,2010577.0,0.0,0.0,1005288.5,2215.365545457453,2.0,39,1.0,0.0
0x04721424482164fbc54992e6642e228bddd154d9,9.987531623814811e+20,3.2625130010143864e+20,0.0,3.3125111562072995e+20,2.640055276243465e+20,4.0,86,0.0,0.3266585903202623
0x0472fb73541e18716446b3c52d4221c8f78de7ae,2.5560721581303667e+20,263927684.0,264599490.0,1.7120098477595849e+19,5.276516780427643e+19,15.0,21,1.002545416948379,1.0325517734720341e-12
0x0473652f955accfa58787ba2770198826bee9f93,10583662.0,0.0,0.0,10583662.0,0.0,1.0,128,1.0,0.0
0x04737567bb285ac7c15244c9c9f8707d67d1e558,8.54e+18,5.5e+18,5.520372901942479e+18,3.123554615227589e+18,2.86529402260253e+18,9.0,79,1.0037041639895417,0.6440281030444965
0x0474101e1a5926a9d7295f80d2a7e4617dc6bf53,211904631.0,106904631.0,0.0,159404631.0,74246212.0245875,2.0,13,0.0,0.5044940759222954
0x0474b7e51abbb836a44b68dc6382134bddce6538,3.966354498918173e+22,9.1550000000063e+22,6.109041837460723e+22,1.4990546182292088e+21,3.58508747392219e+21,147.0,4,0.6672902061667416,2.308164840662461
0x0474f11e0367edde612e0119f62aad7695dd86d5,1.4292943502705067e+21,8.104350438056342e+20,8.1e+20,2.0951092352745898e+20,2.7128455827248323e+20,21.0,0,0.9994631971939524,0.5670175941381509
0x04752c1a5013a42b400548d56ad5e0de64387def,1.006107255566416e+19,0.0,0.0,5.03053627783208e+18,7.027882993610954e+18,2.0,13,1.0,0.0
0x0475804706c2128de587e400bd725b75eec84839,14333.0,0.0,0.0,7166.5,1133.4921702420356,2.0,45,1.0,0.0
0x0475a4b2c54cdb975278a8ba5977ebf07df8f033,6.224232533390194e+20,2.351e+20,1.0001707140290573e+17,5.3628237012051894e+19,9.284801743795387e+19,16.0,62,0.0004254235278728444,0.37771725066310546
0x0476f3ee277eb20568ee2369b337f3ce55bc558a,5.376726769708291e+23,4.199051244553148e+23,381391939790.0,6.991814190103384e+21,1.8856472942515132e+22,323.2399999999998,7,1.901308183051061e-13,0.6186384678241438
0x0477455e0e65928b993ba49bbbd5ce8d434fe1d2,5.0103992426157736e+20,5466588887.0,2710524798.0,1.2533498106743861e+19,7.903761556295002e+19,40.0,2,0.49583476168216195,1.0910485616603407e-11
0x04777caf984db9a9b94b031a72ca250ae885654b,9893.0,0.0,0.0,9893.0,0.0,1.0,51,1.0,0.0
0x04778c5867ccc6951cd5bb15583f59a545c77262,1103022.0,0.0,0.0,551511.0,777164.092639386,2.0,44,1.0,0.0
0x0479283a1751f32dc400615f5dd6799ebd304e6f,19754206436.0,19387698406.0,3387698406.0,2238400170.9473686,1345302898.432834,19.0,50,0.17473442876291048,0.9814465829752554
0x0479326c87da7a60d2b84f8ec73ea60f8df445c9,2.79e+21,0.0,0.0,2.79e+21,0.0,1.0,86,1.0,0.0
0x0479d748dc2516d61c04d4665b8d05d035d4dc95,2.350000000002805e+19,0.0,0.0,1.4687500000035067e+18,1.1614466553924662e+18,16.0,34,1.0,0.0
0x047a1f7235a03aa9016061b16b54da901044fe0e,1.5960000000298752e+20,1500000000.0,1502934047.0,4.9900000606562e+18,1.1349727371620956e+19,40.0,64,1.0019560313333333,9.398496240425576e-12
0x047a96ef72d7ee6a3f193bdb92e998fb300265df,2.429374563955545e+22,1.5178909617435453e+23,1.4663222052498567e+23,4.418062175959451e+20,2.1420071141481801e+21,323.2399999999998,2,1.0004503167820376,6.248072998970121
0x047aa912135e7dacd4f761ce2de485eca88c096e,2819788.0,0.0,0.0,469964.6666666667,370796.1436356461,6.0,43,1.0,0.0
0x047be7607fbf63467e2ca66af84b1cffd69c7bf2,1.0529500000027314e+20,1e+16,1.0000000003433474e+16,1.7551359166712474e+19,4.098647060977206e+19,12.0,86,1.0000000003433474,9.497127119021852e-05
0x047c29119e9322c10b0712ea80d49ba34776186c,6.6e+21,2.4420009401848e+21,0.0,4.5210004700924e+21,2.940149331362617e+21,2.0,85,0.0,0.37000014245224244
0x047c4b0d781af5af9d64c16fb0c75cfd9ae1b365,2e+18,0.0,0.0,2e+18,0.0,1.0,41,1.0,0.0
0x047d5247698a111b34d7dde3282f07fd154cb759,2.58613e+22,2.56530385868362e+22,7500000000.0,3.679595613345979e+21,2.768017260824028e+21,14.0,77,2.923630264934232e-13,0.9919469859147144
0x047ea31614fc085ce7b80412fbab65fd51a8bb7a,2.2576206772031393e+23,253609909428.0,253676621613.0,7.576240685793488e+20,1.88187782019189e+21,298.0,12,1.0002630503877017,1.123350401548348e-12
0x047f36f975bf17d79ee15d96fbadacf6c0e49dcc,3759502.0,0.0,0.0,1879751.0,168582.74191624718,2.0,39,1.0,0.0
0x047f78ef663432cd15d28c0b7098bd6236442264,1.16031443215027e+21,3.594170471957765e+17,3.159956960019717e+17,3.5191085561951814e+19,2.0192300615114064e+20,33.0,3,0.8791895055268402,0.0003097583182945613
0x047fb945951f9801ab087a6e7e44ce87361931d1,1e+18,0.0,0.0,1e+18,0.0,1.0,45,1.0,0.0
0x047fdc2db6ee901f154f60b36626194d2c2a68f7,1.0300000001222548e+20,2.5005000000129797e+21,2.7770366358695952e+17,5.539952561065938e+19,3.6459749329967415e+20,47.0,0,0.0001110592535834905,24.276699026370732
0x047fe25b45dd7f73258d858971cfe41e004e6132,2.325203201918893e+21,1.8110228933185605e+21,2683805534.0,5.3717222016129294e+19,9.797825327989791e+19,77.0,56,1.4819279998620737e-12,0.7788665058709704
0x04803b46c2a8951a2ce0793d58db51b29656dfbe,4.050762075355679e+21,3.077117909136016e+21,2.113557322397266e+21,1.6342461966905505e+20,4.452499048294826e+20,63.0,2,0.6868626373146371,0.7596392609323589
0x0480b924a6f1018863e318af33c15f01619b7f2f,0.0,0.0,0.0,3.3345879272937296e+19,5.775675624687604e+19,3.0,11,1.0,0.0
0x0480c86160aebcfd291466fac4433175d57d89c3,7717793076163097.0,0.0,0.0,3858896538081548.5,120112939263327.1,2.0,39,1.0,0.0
0x04819393b5f4bc198c2b68c4671c9b0dea36a68e,1108866.0,0.0,0.0,1108866.0,0.0,1.0,41,1.0,0.0
0x048257c85f457a6b22a30db67cc781676fa521c8,1097475.0,0.0,0.0,1097475.0,0.0,1.0,40,1.0,0.0
0x04826a8b3190c525602609bac98f85f28b3a56b3,6282648551649952.0,0.0,0.0,6282648551649952.0,0.0,1.0,43,1.0,0.0
0x0482d6bf3b83470ee4ee87c20a98d38249138e1b,1e+17,2e+16,0.0,6e+16,5.65685424949238e+16,2.0,23,0.0,0.2
0x048328090e7a51f106ad99ac2c8eca8519725632,1.5290440293956574e+20,0.0,0.0,2.1876058814775767e+19,1.921766957298812e+19,9.0,27,1.0,0.0
0x04841cbcc7676ddfe8146e8ad3aa0a478e843792,5.4e+21,7e+20,7e+20,3.05e+21,2.713546265191241e+21,4.0,129,1.0,0.12962962962962962
0x0484b2e7973130c0b31b482175c15a38d86e5840,4.253416716256276e+17,200000000.0,200037474.0,9.721569444517159e+19,1.9390009221864627e+20,13.0,61,1.00018737,4.70210217671862e-10
0x04859ae1248a198d87270ebb27e3ca3a2cc98595,0.0,0.0,0.0,4050911874.0,0.0,1.0,74,1.0,0.0
0x0485c45ca2c7aef83b2cea8707874e38b5524e68,216613848032030.0,0.0,0.0,216613848032030.0,0.0,1.0,3,1.0,0.0
0x04868121d0d38eae597dd6b23e8d120775006674,3983611609319756.0,0.0,0.0,3983611609319756.0,0.0,1.0,46,1.0,0.0
0x0486b904c347c7794e70a37c8d53a67b64b38b5f,9843.0,0.0,0.0,9843.0,0.0,1.0,51,1.0,0.0
0x04873757ba72cb607dabe30084e4dfa6ca3c1b82,4e+21,0.0,0.0,4.0000002866332167e+21,405360582490147.25,2.0,133,1.0,0.0
0x04874b6d702120d4a722e25d9cba2ae0790334f4,1.12e+18,0.0,0.0,1.12e+18,0.0,1.0,38,1.0,0.0
0x0487fed00e5f5e81507b1cd6e851b741a4a020fd,1.045e+20,102355373459.0,102370061283.0,1.3062910877945188e+19,3.569466737622001e+19,16.0,39,1.0001434983186874,9.794772579808612e-10
0x0488456ea17ec42ad21df20efb4a35a37d710064,1106967.0,0.0,0.0,1106967.0,0.0,1.0,41,1.0,0.0
0x0488a842649b08a69392ee8fed93db6d3dc773bd,1.7748679316480556e+18,0.0,0.0,5.916226438826852e+17,1.0247204781102076e+18,3.0,45,1.0,0.0
0x0488def629e5780e493829c28e704864cbef0b8a,2200000.0,0.0,0.0,1100000.0,0.0,2.0,44,1.0,0.0
0x0488eb591321625f9417cc3c21398c8d06ac9095,4.338024990545504e+20,393214678.0,197165752.0,3.33694230042533e+19,7.478270236086691e+19,13.0,58,0.5014201224706063,9.064370971974357e-13
0x04895114da673f16d83a75e4cd3c64a68e2428c8,3.7205426196237197e+21,2.4500000000065735e+21,2.450314101810685e+21,1.964539779128323e+20,4.2260392575433376e+20,66.0,109,1.0001282048180042,0.658506097224699
0x04898eedaa574d173f7d7705168bcebcf3824e2d,4415.0,0.0,0.0,4415.0,0.0,1.0,45,1.0,0.0
0x04899a2bba1faf90a5779aaabfc169339744c227,2e+18,0.0,0.0,2e+18,0.0,1.0,47,1.0,0.0
0x048a81418e95b13b47b63f4a784a1ff5542e72cc,5.4887079685370814e+19,4.33e+19,4.34758700738471e+19,1.63926364358444e+19,2.015182718827296e+19,12.0,13,1.0040616645230278,0.788892399599479
0x048aa5096f91f6436ed3ac79e853c16a9c4155bb,5e+17,2.50000001490407e+17,0.0,3.750000007452035e+17,1.7677669424275997e+17,2.0,26,0.0,0.500000002980814
0x048aaa70a3e351c9e3b487ba78fa03efbf062067,3.10453082513801e+21,10547241333.0,8188166281.0,5.089747631856743e+19,2.196141555681618e+20,61.0,11,0.7763325046314269,3.3973704649980818e-12
0x048ab378049f7763e5c728fe551ae19115b2bb20,1.3902581215455935e+20,9.64789586963931e+19,4.287170569996705e+19,9.799287168209983e+18,9.91968595186093e+18,33.0,10,0.4443632713209396,0.6939643595761513
0x048ad0a6d74bade422ae4080f17fc311d3aaec83,2045587884884254.0,0.0,0.0,1022793945149352.2,1181020719114300.8,4.0,40,1.0,0.0
0x048b12903e0cc00b5bddbec2c76909cc6666c155,1000000000000000.0,55000000033773.0,0.0,527500000016886.5,668215908197406.2,2.0,16,0.0,0.055000000033773
0x048bcde2ea3e9f4c14ce9ad83c96bbdc61ca2f4c,3621041932210407.0,0.0,0.0,3621041932210407.0,0.0,1.0,41,1.0,0.0
0x048ca2571ed3aec463d42cb6fb0f20f6fcb7988e,1003896362.0,400389710.0,0.0,476930961.75,51046801.20508994,4.0,85,0.0,0.39883570172754546
0x048cfe86325ecb012e4cc05495683e229eaca7ad,5.015e+18,1.015e+18,0.0,3.015e+18,2.8284271247461903e+18,2.0,23,0.0,0.2023928215353938
0x048e1e942cecde524fb35ebd625749b0be00f563,3.2872911652653378e+22,1.6681493992508441e+22,7.508628925864721e+21,3.887251360390532e+20,1.1163158845722486e+21,175.0,1,0.450117293405303,0.5074541059450685
0x048f06d1afb5e43f73f593aab1b2a4316ddb5d9f,2.54e+18,2609283355.0,2610407590.0,1.2703188875160474e+18,1.4668379927477414e+18,4.0,26,1.0004308596833096,1.0272769114173228e-09
0x048f5cb4c12107c37e2d028aa56315659f36ce47,2.0928880152094212e+20,204260052.0,39232251.0,1.4949200108662217e+19,2.81691120116698e+19,14.0,74,0.19207011168292468,9.75972199733587e-13
0x04900d94ce6b1689922d8f0f672f8473aa49eb62,4854172559482.0,0.0,0.0,4854172559482.0,0.0,1.0,51,1.0,0.0
0x0490bcc64eb613b9f5b774f7e0fed4478d0982ab,2.76e+17,100000.0,0.0,9.200000000003333e+16,9.854947995799267e+16,3.0,91,0.0,3.6231884057971015e-13
0x049201b13cd2a316aab6edae90cc0f8ed6597ea9,1.9858952312983436e+22,15113618512.0,6568920759.0,3.5480482549646026e+20,2.2862970395050385e+21,56.0,16,0.43463587186512415,7.610481295188458e-13
0x049262af9167e1fd91c668cea2500eac72bd6df7,4.5e+19,4126186.0,4126186.0,1.500000000000275e+19,2.5980762113530778e+19,3.0,73,1.0,9.169302222222223e-14
0x0492641c71d27fc4ad2913abc02af5dae2d7e9ec,6.999999999989999e+17,0.0,0.0,3.499999999998952e+17,4.949747468293172e+17,2.0,36,1.0,0.0
0x04936487d69f08a304bd6470c2f0cf6e6aa609d7,5.6961245747668294e+17,217969.0,217992.0,1.4240311436927973e+17,2.848062287382688e+17,4.0,67,1.0001055195922357,3.8266192590937594e-13
0x049403324eaf7b38e6fe3bf547c1f9e13391ce3f,9.998260844051251e+18,2.005e+18,1784532567506745.0,1.3340050418476396e+18,3.3137816359762053e+18,9.0,79,0.000890041180801369,0.20053487614227744
0x0494a6fe59e7b6db7cc4d8530f95f4f836e2100b,1.091e+17,0.0,0.0,1.091e+17,0.0,1.0,95,1.0,0.0
0x0494f503912c101bfd76b88e4f5d8a33de284d1a,0.0,0.0,0.0,6.958752704113558e+20,2.311071409629204e+21,25.0,4,1.0,0.0
0x049569adb8a1e8a9349e9f1111c7b7993a4612eb,5.913309082281245e+21,1.3022930395208215e+21,1.3073960766724398e+21,1.2559376376269744e+20,5.948624153516765e+20,68.0,44,1.0039185014407326,0.22023084222386377
0x0495a81819e5fe5c6d737b8b7d974ffdbd3532d9,9827923874498378.0,0.0,0.0,4913961937249189.0,6949391615212197.0,2.0,44,1.0,0.0
0x0495ef8dec406418adbeb8e66b78ffbf7fd07a34,7209397172136929.0,0.0,0.0,3604698586068464.5,75313486845113.36,2.0,40,1.0,0.0
0x04962bc8ed7ea4f608dedf636790035d058b1daf,1.6601705449000579e+21,1.33000000000012e+21,7.702381928053279e+20,9.756884206705898e+19,1.262306235777585e+20,45.0,34,0.5791264607558334,0.8011225136392153
0x04963f5707c9db2d613e8d402453f88a72f1c6d4,5.9e+21,700000000.0,700000000.0,2.9500000000003497e+21,3.406366588218388e+21,4.0,132,1.0,1.1864406779661016e-13
0x049675d578aff8a085ea67947751cc2df717b863,0.0,4.5030614796586624e+21,9.006293370634967e+21,1.414887048726969e+21,2.5395001717995413e+21,15.0,51,2.0000378434357184,0.0
0x0496c02f3d8eadbc5558913ef6dc5fff59077df0,9.5e+19,10000000.0,0.0,4.7500000000005e+19,6.717514421271495e+19,2.0,19,0.0,1.0526315789473685e-13
0x049702e543254ea9f16abe9d6aa9b1d1e9efbee4,1e+17,0.0,0.0,1e+17,0.0,1.0,100,1.0,0.0
0x0497139c9c7c0faef171143f71b0fe54fa24dcb1,5918739908327777.0,0.0,0.0,5918739908327777.0,0.0,1.0,50,1.0,0.0
0x04973fe77a1f4ea0c3d647661fc0c95e11e538e1,9.08e+16,0.0,0.0,9.08e+16,0.0,1.0,95,1.0,0.0
0x049808d5eaa90a2665b9703d2246dded34f1eb73,1173257.0,0.0,0.0,1173257.0,0.0,1.0,45,1.0,0.0
0x0498ee7e380650bbe94857a759ae11d071683fd0,0.0,0.0,0.0,15431668.0,25881086.647738945,3.0,20,1.0,0.0
0x049940feda4277b7f01ef10fca0b975c541d8fca,1.397737814101869e+23,4.199051244553148e+23,1.4663222052498567e+23,1.8713924395283658e+22,7.028962237840553e+22,323.2399999999998,17,1.002305045759481,17.43863531065967
0x04997f327d508cc66bf2afbaec867a5b45fcb231,4.772366992666648e+20,700000000.0,0.0,7.953944987789414e+19,1.7584646662921932e+20,6.0,4,0.0,1.466777389659344e-12
0x04998145f9615270181f46cacd96e3fb2275bb64,3.743e+21,1175394729.0,1176204032.0,4.6787500000029396e+20,6.33571833225585e+20,8.0,66,1.000688537203743,3.140247739780924e-13
0x0499c4984578346f1fafe15213c6f5b31bcefb21,4074242.0,0.0,0.0,2037121.0,2734362.123858506,2.0,43,1.0,0.0
0x0499f8afe7234321fd3da64116141431fc08ff35,6.507600588197092e+21,1.14e+22,1.1404377214722205e+22,2.558762451471537e+21,2.6489917740972187e+21,14.0,91,1.0003839662037022,1.7517977395042204
0x049a198dd6d7937a07520d6f0f6c3570d7b00d9a,2.0616503179475396e+21,1.0106542586420292e+21,175397616.0,1.0972516344964076e+20,2.280219899350794e+20,28.0,76,1.735485844938445e-13,0.49021613890767785
0x049b8457a23bef5354c65d1cbbfa3bb897782ec1,3.3015817412808815e+22,3.2000000000402664e+21,3.100424143199199e+21,3.564665963093675e+20,1.2046897779872524e+21,165.0,17,0.968882544737558,0.09692324015575621
0x049c43731aa8c4cbc14252e52af0e55c5a48df15,9.447357645608359e+20,29565000000.0,16047633432.0,4.972293497928677e+19,1.9488558476923988e+20,19.0,77,0.5427915924911213,3.129446466308323e-11
0x049ca02e4394a5ddea5ef9c3194d82e640187573,2.6075887828149306e+22,9.52403149267824e+21,9.526309062543105e+21,1.393851017186411e+21,3.134042308651393e+21,74.0,71,1.0002391392622563,0.3652428463968505
0x049df4b2adb3260c5df50f4faa072fa821f0f89a,1e+17,0.0,0.0,1e+17,0.0,1.0,109,1.0,0.0
0x049ebefecd528c6580c11d00e353e52b49c56dd2,7.025386175945814e+18,0.0,0.0,2.3502574506660244e+18,4.0267951687806413e+18,3.0,85,1.0,0.0
0x049ed9ff140a2ad73db0cbd993771d16e86b4b5e,1108324.0,0.0,0.0,1108324.0,0.0,1.0,40,1.0,0.0
0x049eebc628e60f804daae62df6c3715b9273b2c2,1.9299915950953643e+22,8.77230213417317e+20,8.774238535974123e+20,7.043814390155348e+19,2.820889154030151e+20,323.2399999999998,74,1.000220740436357,0.04545254060414556
0x049fa027e31206dd10b1ef184e7f564b41eef68f,7e+18,2.9899999004452997e+18,0.0,1.9979999800890598e+18,1.2267925940932895e+18,5.0,81,0.0,0.4271428429207571
0x049fd5a7f8d59517260baefa017b79c0ce19f0d0,1107757.0,0.0,0.0,1107757.0,0.0,1.0,41,1.0,0.0
0x04a0362b7c9bea7f14cbf1f33998ff552f731ce0,999694.0,0.0,0.0,999694.0,0.0,1.0,45,1.0,0.0
0x04a0457e163ceef461efc4d0c2a374bad426d1dc,1249987045.0,42411611.0,42411636.0,5.6906801546264396e+19,1.712299335446867e+20,19.0,113,1.000000589461221,0.03392964044679359
0x04a157b002ddedb4b3fdbf6b0cd338be5acfd033,0.0,0.0,0.0,7.545268496743037e+19,1.3068788393010651e+20,3.0,76,1.0,0.0
0x04a2bcf8c95199866c4ccd9362fdee975eee406d,1100000.0,0.0,0.0,1100000.0,0.0,1.0,45,1.0,0.0
0x04a38539567837666eb4ee6e027005d14410386d,1.1419031699393192e+22,7.10742181111332e+21,5504257875.0,3.308673484571339e+20,1.0083108871086012e+21,56.0,8,7.744380481813282e-13,0.6224189579481603
0x04a3d07f39b643948c39ad3d3aa24ef03a6b7cfc,6.670000000007212e+20,0.0,0.0,8.362500286756746e+19,1.6137262613278733e+20,8.0,19,1.0,0.0
0x04a43f4584372de76a0c687b3225ac6abeb63504,6.176058047092688e+20,0.0,0.0,1.2355276166005834e+20,2.760957338042726e+20,5.0,115,1.0,0.0
0x04a4a3260cfa79343b0d5165dfed70c3236fab43,1.1021221999908242e+18,0.0,0.0,6.483071765497316e+16,2.4225213757099194e+17,17.0,105,1.0,0.0
0x04a4f6e1c8b1917fd9b937a44b5d35fc3e12a275,2.33e+16,5000000000000000.0,0.0,1.415e+16,1.294005409571382e+16,2.0,115,0.0,0.2145922746781116
0x04a5f2cd0cdc04f4c483d3dffc71c218551500d1,3.012e+19,1.000000043938668e+19,0.0,1.003000010984667e+19,8.116049941805371e+18,4.0,53,0.0,0.33200532667286453
0x04a610f9b627d61b1be63f6dbce3cf67ee38a005,1.995e+22,2e+21,2e+21,1.0975e+22,1.0363437331953784e+22,4.0,133,1.0,0.10025062656641603
0x04a6b09c4708f4c94670cc52b15b3dddb6c7d04c,1.1063612142928066e+22,26500000000.0,7130097824.0,3.8150386700014204e+20,1.0414682397171165e+21,29.0,44,0.269060295245283,2.3952394261162684e-12
0x04a6b171582bf89567aa91780db5ad2479fc383c,5.26817970137369e+18,2.6340898680255667e+18,0.0,2.634089856466419e+18,2.625089850686845e+18,3.0,23,0.0,0.5000000032912169
0x04a72dd82489175d80e1c165e1aba1771955a0f0,2.2304280697916984e+22,1.7e+22,1.7003111465240991e+22,3.7435526528800003e+21,4.998148375938048e+21,21.0,62,1.000183027367117,0.7621855297753514
0x04a74af2379f0263a60b5df186e0e66d32c88539,1.467018101015084e+20,2600000000.0,0.0,3.1518346373102813e+19,7.0832004929134e+19,11.0,6,0.0,1.772302603629065e-11
0x04a8b2bc24fd83f62bf1a3b4365932e5a25404f6,1.062e+17,0.0,0.0,1.062e+17,0.0,1.0,94,1.0,0.0
0x04a965e6c08deeb868d46f4706c70f2df2a0e2aa,2000000000000000.0,1000.0,0.0,666666666667000.0,577350269189048.4,3.0,23,0.0,5e-13
0x04a9674c700ebf21d4ab7dcbd5fc6ee6db08c398,1e+17,0.0,0.0,1e+17,0.0,1.0,101,1.0,0.0
0x04a9e17c30292cef63922a16dd24ce3893775ea0,2200000.0,0.0,0.0,1100000.0,0.0,2.0,44,1.0,0.0
0x04aa1e3a5c1a5b16d83694daa6dde6acfee54eb8,1215443.0,0.0,0.0,1215443.0,0.0,1.0,40,1.0,0.0
0x04aa925e6db233c1af8850a3dcb165ab328f9dfb,2e+16,0.0,0.0,2e+16,0.0,1.0,68,1.0,0.0
0x04ab33227e660e5f2e8263a030a00b71c9323bac,0.0,0.0,0.0,4.1895973589478854e+21,1.3248670132976728e+22,10.0,71,1.0,0.0
0x04aba30626401711e202d5f616cc3bd5fd436408,1000000002004232.0,0.0,0.0,333333334001410.7,577350268611053.8,3.0,44,1.0,0.0
0x04ac9be993d9bb591192402243a45e1e9f72b1f8,4.246635237709155e+21,3.355e+21,3.3568874172199354e+21,2.5344712470504617e+21,1.272663569963459e+21,6.0,68,1.0005625684709196,0.7900372441240923
0x04ae0e27e25f13714dbd04b248b64dd748761b79,1.1e+18,0.0,0.0,1.1e+18,0.0,1.0,41,1.0,0.0
0x04ae4c5aa43f580c6648a3bb4624c73ccae49014,1.0628243435377307e+17,0.0,0.0,1.0628243435377307e+17,0.0,1.0,99,1.0,0.0
0x04ae8c108743167c7457073ba8c1571fd5d56325,5.025e+18,1e+18,1.0003242144850817e+18,1.4091700790144044e+18,2.0659678906161254e+18,5.0,10,1.0003242144850817,0.19900497512437812
0x04ae99f5c4658cad9939c31bc45dd80406f8585d,1046292.0,0.0,0.0,1046292.0,0.0,1.0,45,1.0,0.0
0x04afc5c09a6f06070c0cdbaf2b2604e371f50f41,2.005e+20,0.0,0.0,1.0025e+20,1.4106780284671623e+20,2.0,10,1.0,0.0
0x04b0a41216bb2d497f14975b2822033f7448e8b1,1179797.0,0.0,0.0,589898.5,694710.4922055661,2.0,40,1.0,0.0
0x04b12ef29de958ef09e983938f51a52fa5f7c487,101338198.0,5e+19,0.0,2.5000000000050668e+19,3.5355339059255718e+19,2.0,6,0.0,493397366311.9607
0x04b16c6a736628ce683a80c5596d31cc5356cc4b,3.23e+17,0.0,0.0,3.231652023232678e+17,233631366100833.16,2.0,77,1.0,0.0
0x04b195e405d68f64d1ec39cd6504dfc8ac048243,1e+17,0.0,0.0,1e+17,0.0,1.0,100,1.0,0.0
0x04b223027e2abc98aa863153c652fd9ee45ef855,6558842488851937.0,0.0,0.0,6558842488851937.0,0.0,1.0,39,1.0,0.0
0x04b2c599c7edc44ffbcd800cf946d5f46db7836c,3.538424527607591e+21,2.1611053647095084e+20,2.167683782661219e+20,2.20627969019148e+20,4.778501452043687e+20,18.0,20,1.0030440061179502,0.06107535565187484
0x04b2f0087765e57f51ef3c91b2be23d0a02839a6,5.774226953762798e+21,9000000000.0,9028226462.0,3.6137092913591026e+20,1.2818313198285866e+21,23.0,114,1.0031362735555556,1.558650200635968e-12
0x04b351407edcbcf7d3eaf684be50036b27421a43,1107549.0,0.0,0.0,1107549.0,0.0,1.0,41,1.0,0.0
0x04b3ed7b273e9d71d85e364d5101652648be0867,1.1e+18,0.0,0.0,1.1e+18,0.0,1.0,41,1.0,0.0
0x04b432062e5c082fb32738f31fff2e635e6e7f1f,2.2089555541650174e+19,0.0,0.0,2.454395060225538e+18,5.841195817580839e+18,9.0,20,1.0,0.0
0x04b504db381e3058c6f83218501b74d647bbdbd5,10721.0,0.0,0.0,10721.0,0.0,1.0,44,1.0,0.0
0x04b5171a7265fe54b02418c345cf4ecb7a6deb11,2.45e+21,5e+20,5e+20,1.475e+21,1.1258330249197702e+21,4.0,114,1.0,0.20408163265306123
0x04b5762ee57e2fa1cc1dd2e13d284d0284f2d41e,3.903274426541672e+22,2.7449564054679483e+22,1.9e+22,1.7575360675015033e+21,1.5615757402139986e+21,64.0,3,0.6921785702006792,0.7032445340769952
0x04b59920172985237d8c10f2ee2b3dbf7d56154c,2012166283.0,1710000000.0,333000000.0,877633256.6,759947662.1995802,5.0,86,0.19473684210526315,0.8498303616590319
0x04b5c5d08ddef275535c5a95a62f803fc1cd3dba,1.5694961101783394e+21,5.3012340000184525e+22,4.008284069852843e+22,4.5459449333095655e+20,1.8881163090416427e+21,211.0,3,0.7561039693473051,33.776662239806896
0x04b6c3d520b2521ed9bf523c03967f4a28a32b50,1.919561514160716e+20,7.400000000009e+19,10006057.0,7.598747183324825e+18,2.0943673206060024e+19,35.0,8,1.3521698648632205e-13,0.38550470747713855
0x04b6ea5a19b8945eddc4a141408ec34c2a55a34e,53076.0,9.0,0.0,38558.0,33721.55605840276,3.0,23,0.0,0.00016956816640289397
0x04b7e41c0ec19ae1572ad124fded5030d8f399d5,0.0,0.0,0.0,10244615740.0,0.0,1.0,104,1.0,0.0
0x04b7f0bb0ec9de8313180276279984125e9c3f7c,1.2998165268030726e+20,3.4575747994728856e+16,0.0,4.3338742809434e+19,7.477527115454477e+19,3.0,63,0.0,0.00026600483438819376
0x04b80ffd9e33286ced79539f6e2a20ca45247833,9.715e+21,0.0,0.0,1.9429999999999997e+21,4.2805718075976723e+21,5.0,31,1.0,0.0
0x04b8b16b405662a4d14e27d943036dbd31aab01a,5.096514092996512e+21,3000000000.0,3021455946.0,6.565325362070706e+20,1.6509399211120974e+21,14.0,33,1.007151982,5.886376345201353e-13
0x04b9164c0335c93939dc6edb65d2274e96129afe,1967181762903478.0,0.0,0.0,1967181762903478.0,0.0,1.0,45,1.0,0.0
0x04b95fbf82c747ebb71e9117c979aaa7ae0830f1,0.0,0.0,0.0,7272150344.0,0.0,1.0,78,1.0,0.0
0x04b98ee207121943d1e76080a5b4b93345663335,3.927793067391509e+19,2.400000000018525e+22,2.4030208641722044e+22,1.1998545559457935e+21,2.6465610086613443e+21,41.0,36,1.0012586933973566,611.030153279534
0x04ba162fac660a46e6b234413543a18cf101670e,1107486.0,0.0,0.0,1107486.0,0.0,1.0,41,1.0,0.0
0x04bc46819f14a5580ed913688666c6f589f55403,1134766.0,0.0,0.0,567383.0,668638.7580764369,2.0,39,1.0,0.0
0x04bc88e5693ac863f9c693930354cf6a000ef077,9.04e+16,0.0,0.0,9.04e+16,0.0,1.0,97,1.0,0.0
0x04bcedca9d869d3d6cb35c8e5751160cea90ca4a,9.88e+16,0.0,0.0,9.88e+16,0.0,1.0,99,1.0,0.0
0x04bdc271b7afd68bbd52c9366880849c15ba42b7,1.288405462733123e+21,3.0000000000968577e+19,175560267.0,5.2736218509380714e+19,1.0442413395246958e+20,25.0,12,5.852008899811063e-12,0.02328459546991435
0x04bdc83e595387020b8cc984cb0e51320f546d74,1052601.0,0.0,0.0,526300.5,730866.2761411967,2.0,45,1.0,0.0
0x04bdfb9f9704694ca365b8e27bbdb7e093475340,0.0,1.0011200648828912e+19,2.002248301848509e+19,1.474887392538499e+20,3.071323518218442e+20,5.0,70,2.000008162939704,0.0
0x04be2a942c1060db1c7615670bb55950a52f8b15,9.928393819656573e+18,1e+18,1418003206566008.0,1.5615445461247342e+18,3.70819040382232e+18,7.0,82,0.001418003206566008,0.10072122622897632
0x04bed630357309dc193bebce09a2ae1381166b33,1.0027733154140848e+21,302000000.0,302161587.0,1.2534666442683612e+20,1.8173626241067903e+20,8.0,30,1.0005350562913908,3.0116477508707165e-13
0x04bee613690e98a1959f236c38abaa5f2439b14a,1.0414160393149798e+17,1.2878257325902e+20,0.0,1.9644293804774867e+19,4.029045992019584e+19,13.0,12,0.0,1236.610234500808
0x04bef5ce18d1211e16d3dd30252f7eca71198412,9.661923113650066e+16,0.0,0.0,9.661923113650066e+16,0.0,1.0,94,1.0,0.0
0x04bf664ad34a7a838518ba3c22eb1174584589b1,6723002080636700.0,0.0,0.0,6723002080636700.0,0.0,1.0,42,1.0,0.0
0x04c009847728a5d8094b1c88954d5f1a39d02c75,7e+18,0.0,0.0,7e+18,0.0,1.0,90,1.0,0.0
0x04c0186b3414b05f8e6d35b8d51f01c25f10011c,1.366871094908786e+19,25000000000.0,0.0,1.9526729962982659e+18,2.4632358816701563e+18,7.0,22,0.0,1.828994708653803e-09
0x04c172c3ea090370e7947415ea2d0ee6a486702b,1108055.0,0.0,0.0,1108055.0,0.0,1.0,41,1.0,0.0
0x04c18cbf703c72591f1800b52d801a948f55e00c,1.0652284517537693e+22,9.000000614392901e+17,9.002512536309073e+17,3.658312857226258e+20,1.467631589679842e+21,66.0,22,1.000279102416077,8.448892441405872e-05
0x04c21b856704bd1bf00faceae9a76af5742aa60d,1342848.0,0.0,0.0,1342848.0,0.0,1.0,45,1.0,0.0
0x04c233493c34a74c4739fc589b52d25c5776de4e,2000000000000000.0,6.0,0.0,666666666666668.6,577350269189622.4,3.0,23,0.0,3e-15
0x04c252241472f3ddb5dbc77017b3d84b425c3d1e,5e+18,0.0,0.0,2.6005176127838213e+18,3.39338053467649e+18,2.0,39,1.0,0.0
0x04c2596bb175752f87f3f41e7352543beec82edf,3e+18,0.0,0.0,1.5e+18,1.414213562373095e+17,2.0,43,1.0,0.0
0x04c28766bf1e464f9a87432281d6a456342b7c3e,1052575.0,0.0,0.0,1052575.0,0.0,1.0,45,1.0,0.0
0x04c2c40c7ea88a5a45995542d85b9b21b333b26c,1082940.0,0.0,0.0,1082940.0,0.0,1.0,39,1.0,0.0
0x04c2e657cb2b0d86d7129819808430d889ed2660,234016692839.0,29083296980.0,29122822922.0,1.1854135588931085e+22,5.3013305982480124e+22,20.0,87,1.0013590598764364,0.12427872827007634
0x04c322117e21cd15163b9954eff247e9f32359a9,100000002031053.0,1000000000000.0,0.0,16833333671842.166,40745142691993.49,6.0,23,0.0,0.009999999796894704
0x04c3611d4504b454f1309e0f523db8d0f95feac2,4.83838298602268e+20,3.500000126262909e+17,3.5000011903856806e+17,4.859186534996348e+18,2.148551205863543e+19,101.0,14,1.0000003040350667,0.0007233821994608226
0x04c3ef3269f17c13df50fc16197df38f90c5c587,1.3e+18,0.0,0.0,1.3e+18,0.0,1.0,43,1.0,0.0
0x04c444bcd609e73fa141cdeb401f9b6ce83d7cbd,4.000000000012183e+19,9.00000000000131e+22,0.0,1.5006666666668871e+22,3.6739083427143183e+22,6.0,0,0.0,2249.9999999934744
0x04c478f571836b5dbcf487f7936f3416c4df0b67,1247701.0,0.0,0.0,1247701.0,0.0,1.0,43,1.0,0.0
0x04c55912af70c59cefbc350eb864071f24835fcf,2.529088269104313e+21,1.4012361700446922e+21,2.350302304343666e+17,3.3312823946400444e+19,1.2986629812356353e+20,118.0,90,0.00016773063346407218,0.5540479496751396
0x04c5b00702a584b793238546243d15f6edb61527,1.830000010233e+18,0.0,0.0,4.5750000511650003e+17,6.276078874779512e+17,4.0,19,1.0,0.0
0x04c5ed69842a879976fb324716396c09a6470585,3.4e+16,5000000000000000.0,0.0,1.95e+16,2.050609665440988e+16,2.0,111,0.0,0.14705882352941177
0x04c609ac41995cf128cde8e7835aeed7e8bb7d8a,0.0,0.0,0.0,1.2601847188778856e+16,0.0,1.0,8,1.0,0.0
0x04c665fe7d65749cb83076630cae591cb8ec8307,1.0257465570851186e+18,0.0,0.0,1.0257465570851186e+18,0.0,1.0,46,1.0,0.0
0x04c66a0474f1c6dee2a36fc6254f60989ba2651a,1.7393300980772096e+19,787803451.0,787956510.0,1.0231353520453667e+18,4.2184951242443597e+18,17.0,85,1.0001942857698907,4.5293498449253484e-11
0x04c6afa4eb74e06d5258c5a96eeedc60f24c271a,5074986.0,0.0,0.0,2537493.0,1349733.909210256,2.0,41,1.0,0.0
0x04c703a95f5d4215926e8b45668f709bcfef0163,2020344.0,0.0,0.0,1010172.0,299.8132752230961,2.0,45,1.0,0.0
0x04c873241fe90e09ceaa93cdab3cc5c55ab863cd,1.760670754325262e+20,146954579.0,47358311.0,6.776177407592526e+18,2.362963116663003e+19,26.0,8,0.3222649564393635,8.346511046372045e-13
0x04c89b6513400df610c062f09bc243a743f34fd9,1.1273527367669985e+22,1.4293697980940545e+22,1.5349221719690573e+21,3.3699936802464465e+20,1.0659704267969664e+21,85.0,1,0.10738453925749293,1.2678993463866286
0x04c9029e4d939213902d632ba2fb6f4fe2cbdc8c,1e+17,0.0,0.0,1e+17,0.0,1.0,109,1.0,0.0
0x04c9481dd5aaf3a65d387b5e8c53e805c95cb70a,38619000000.0,10000000000.0,10003946637.0,5.870411745172863e+17,2.0335702470840177e+18,12.0,67,1.0003946637,0.2589399000491986
0x04c95c6f8ea7ff7c3f7a2f148fae75650c5a875e,5.851373265857748e+19,0.0,0.0,1.300305913387103e+19,1.7947490467963613e+19,9.0,23,1.0,0.0
0x04c9a437a766af5c8de653ac66d61e9217a7455f,1367802.0,0.0,0.0,683901.0,953492.4822367505,2.0,44,1.0,0.0
0x04c9b1744e0cc0e2879bbbb41b6a77e10625b87a,1.5e+19,5e+18,0.0,6.666666666666667e+18,2.886751345948129e+18,3.0,23,0.0,0.3333333333333333
0x04c9ea8aaa2bf73bd0301a314d8d865b89843587,5.3e+21,9.99e+20,9.99e+20,3.1495e+21,2.4831835077845807e+21,4.0,113,1.0,0.18849056603773584
0x04ca10d9c7fd91eaefbc8f78406162eb8b76bc28,1.000591909934697e+19,0.0,0.0,1.000591909934697e+19,0.0,1.0,45,1.0,0.0
0x04ca9d52ee6f8638fa959375b6963d080d4c844f,5.376726769708291e+23,4.199051244553148e+23,4000000000.0,5.455322835012028e+22,1.6140767798590566e+23,125.0,0,1.579684486860349e-15,0.590657766929632
0x04cb9f14ec7372bc0cce89756a395787703d8bd2,5023990142455051.0,0.0,0.0,5023990142455051.0,0.0,1.0,43,1.0,0.0
0x04cc760c74225af2df2dff53f0710c61c22edad3,1e+17,0.0,0.0,1e+17,0.0,1.0,101,1.0,0.0
0x04ccad654b08f198e01402063ae2a2f1fc0fe6f0,4092390628983314.0,0.0,0.0,4092390628983314.0,0.0,1.0,46,1.0,0.0
0x04ccc2b6e312d9bd573b3885b4c2bfd29c5493e3,297661095.0,236672602.0,0.0,267166848.5,43125376.97464828,2.0,40,0.0,0.7951076105528672
0x04ccd789d60c68242d38ba1691a5debe545d9d74,9.993975277574131e+19,0.0,0.0,3.7487920233555665e+19,5.173825179934824e+19,8.0,28,1.0,0.0
0x04cd1eed570dbc3ab3793b06160cdf21797806c5,1e+17,0.0,0.0,1e+17,0.0,1.0,101,1.0,0.0
0x04cd500c83e303daad0971760823fcb6f8c870e7,1.5372859453136916e+20,0.0,0.0,5.15065846419099e+19,5.1870068524078416e+19,5.0,9,1.0,0.0
0x04cd5ffd4e9ef854e03b7e9fe865301b540048c2,5.9e+21,7e+20,7e+20,3.3e+21,3.002221399786054e+21,4.0,132,1.0,0.11864406779661017
0x04cda19cb300c98a5ff01a9bafc907e8751268d8,3.627470844788362e+20,408500000000.0,408643912994.0,5.078463603219339e+18,1.6335333116140145e+19,99.0,0,1.0003522961909426,1.1261289683055555e-09
0x04ce10ad684ea76ea7bf024ec8febcc7bb7b89f3,1000000000000000.0,55000000229232.0,0.0,527500000114616.0,668215908059195.9,2.0,15,0.0,0.055000000229232
0x04cf5e616dda9b78c09039cb39ccddb5631d066f,8573495470821876.0,0.0,0.0,2143373867705469.0,2080980214302388.0,4.0,43,1.0,0.0
0x04cf852c910191225e836742eeffffccc4b99d1c,1.3e+18,0.0,0.0,1.3e+18,0.0,1.0,42,1.0,0.0
0x04cfb28b98f11cae504cf359c247ab64c21be05e,0.0,0.0,0.0,886394753.0,995086493.6253297,13.0,71,1.0,0.0
0x04d079566c66be71fa4a6a70ed58c65284f6f82b,7605389524295543.0,0.0,0.0,3802694762147771.5,287500956269856.4,2.0,42,1.0,0.0
0x04d0d0c4bf3ff7d5b54869b813a4026414b57f1d,4.6e+21,2.9e+17,2.9e+17,2.300145e+21,2.6556438066942134e+21,4.0,133,1.0,6.304347826086956e-05
0x04d0f59c2b4e23210dd7f6ece497e732814e759b,1108535.0,0.0,0.0,1108535.0,0.0,1.0,41,1.0,0.0
0x04d12047150d1cf5f6560369261cdffc4ea65524,1e+17,5.000007717384487e+16,0.0,7.500003858692243e+16,3.5355284489178332e+16,2.0,24,0.0,0.5000007717384487
0x04d1cdf9fd1122f863126c50fc96cdfcb6400172,1.7800000000250841e+19,6.242950301007752e+18,603838776314608.0,7.071633643663351e+17,1.3040274236834593e+18,34.0,41,9.672330343830142e-05,0.35072754499549297
0x04d1e3032002bf14d508b9be1272bcd391991740,1.0600000000000002e+22,2e+21,2.0012857396104297e+21,1.8251607174513044e+21,2.077617160366626e+21,8.0,138,1.0006428698052148,0.18867924528301883
0x04d24342c8b8a7310d9119d891c44b867187f033,10243000000.0,0.0,0.0,10243000055.5,78.48885271170677,2.0,20,1.0,0.0
0x04d25fb9b9ab1c310a20c74012f31a98d8a3fb60,9e+16,0.0,0.0,9e+16,0.0,1.0,0,1.0,0.0
0x04d34271e0216a8e3bab7598557112f70a06dc48,1e+21,2.6e+20,2.6e+20,6.299999925e+20,4.272391905400692e+20,4.0,111,1.0,0.26
0x04d3878b491afb02abaec1dc7964e69cd01781be,9.0219e+22,7e+22,7.074e+22,4.598e+22,3.1112514668538127e+22,7.0,22,1.0105714285714285,0.7758897793147785
0x04d3f7e620e40fc5e78ba88b1a1745d33e722a8d,100000000.0,0.0,0.0,100000000.0,0.0,1.0,44,1.0,0.0
0x04d636d093a0ec32e981c2c87b47ad8437f5c8c8,3e+21,2e+17,2e+17,1.5001e+21,1.7319353375150393e+21,4.0,133,1.0,6.666666666666667e-05
0x04d7391040d7da7f5e9e04f78b3f516a0a0ceaf4,1287318.0,0.0,0.0,1287318.0,0.0,1.0,46,1.0,0.0
0x04d77f0bcc07515b0ba5d67bb812d6dcf1f1b2f6,5.1801760930895666e+20,1.0611840085448999e+20,7993463528657757.0,1.2642215297161075e+19,4.3262815338155336e+19,51.0,46,7.532589507844572e-05,0.20485481371193837
0x04d7a4f5ef30dfb0b266376a4d08621540786c8a,1953126.0,0.0,0.0,1953126.0,0.0,1.0,40,1.0,0.0
0x04d8763310b89bc61ced6f4a86f3eeca7613a157,4706987271748934.0,0.0,0.0,4706987271748934.0,0.0,1.0,45,1.0,0.0
0x04d8e6eb0e3e3a7211ad92355c9c35e107bbc7eb,8608103.0,0.0,0.0,8608103.0,0.0,1.0,45,1.0,0.0
0x04d9d6934fa51db9f34afd7e65ca08a9d9dfd818,1.0136463778547739e+19,1e+18,0.0,2.8841159446369347e+18,4.2430242360839895e+18,4.0,82,0.0,0.09865373387081457
0x04d9f6ecd792e48a09fa5dc2138baed8e628a7e5,1.0522194033147938e+22,5.065978824042428e+21,4.899992757466594e+21,2.593920543529466e+19,1.2148241864010236e+20,323.2399999999998,4,0.9672351440183509,0.4814565106937905
0x04db48ca88f936bacd571b4c4ff4e3b1f5687bcb,1.057e+17,0.0,0.0,1.057e+17,0.0,1.0,94,1.0,0.0
0x04dbfb3ea8b3a57a8e4bcec3af0269344b929f6a,5991656090810632.0,0.0,0.0,5991656090810632.0,0.0,1.0,44,1.0,0.0
0x04dc49397769e402f28c1e65cefcf31664a03377,3.7e+16,0.0,0.0,3.7e+16,0.0,1.0,118,1.0,0.0
0x04dc6792cdf6f04acf894780cfb486fd0987ae86,2.9991e+22,22518935573.0,22532769531.0,2.499250000003754e+21,5.847401413913198e+21,12.0,15,1.000614325573034,7.508564426994765e-13
0x04dcc7c1dc6cd28a3d7e1c16d6567643445014c2,6621396944317618.0,0.0,0.0,6621396944317618.0,0.0,1.0,43,1.0,0.0
0x04dd50bdd139a9981bbaca6451f79b22d5af3ecf,2.75e+18,4005000000.0,0.0,1.050000001335e+18,1.4857657943951834e+18,3.0,13,0.0,1.4563636363636363e-09
0x04dde662ee487ca57b13932a23352eb854ec36bf,0.0,100000000000000.0,0.0,100000000000000.0,0.0,1.0,67,0.0,0.0
0x04ddf96a61c4c44731f04df4e963f61cfe3c9c6d,5.376726769708291e+23,4.199051244553148e+23,1.4663222052498567e+23,1.909660367146599e+22,4.391708332624798e+22,147.0,60,0.8771669581870154,0.892228774542526
0x04de57ea266868ee5ba9d98e744113d1ef889e15,1.2347496770393314e+16,0.0,0.0,6173748385196657.0,229685990824955.25,2.0,44,1.0,0.0
0x04df6080e88b03f222a7297562428c5828a59500,1986654.0,0.0,0.0,1986654.0,0.0,1.0,42,1.0,0.0
0x04dfa904deeccfe06cfa698966deb2483c8b759e,1010790605.0,0.0,0.0,1010791152.5,774.2819253992695,2.0,89,1.0,0.0
0x04e086dbc437c49e89ffd74cd11beb59d49e6180,1.3e+18,0.0,0.0,1.3e+18,0.0,1.0,41,1.0,0.0
0x04e0d1a9aa9a0196175bd65c925de8975e0119db,4e+20,0.0,0.0,4e+20,0.0,1.0,45,1.0,0.0
0x04e143012ddcd4da17c439992614f51d4f2d367d,200000001013882.0,18802021821780.0,0.0,54700505708915.5,52867553771484.15,4.0,23,0.0,0.09401010863232422
0x04e1a99f76658931ef68f1b6a948378834282954,4.211000000013069e+20,1051506648.0,1051520625.0,5.971940154083807e+19,1.3443279196331052e+20,28.0,72,1.0000132923553329,2.4970473711629933e-12
0x04e1d908395d64f429d57b7e848e4b63b1cdd91a,2038084.0,0.0,0.0,1019042.0,32.526911934581186,2.0,39,1.0,0.0
0x04e2100602d434733dd26d5a4d17257a89038df9,1109815.0,0.0,0.0,1109815.0,0.0,1.0,39,1.0,0.0
0x04e2b5c5d91f7f630d36142043d8a1752af689c0,5.3e+21,8.88e+20,8.88e+20,3.094e+21,2.547269387664629e+21,4.0,117,1.0,0.16754716981132076
0x04e40c8f0b5c7e71d2eaca55387405326d533f56,2.3619774466358745e+21,1.0554411101063979e+21,0.0,1.5166402137244988e+20,5.014463004139957e+20,44.0,62,0.0,0.4468463962726
0x04e45ee310048f79d0eb1d7efedaa45c1973dcc1,2.0975079305325583e+20,105000000.0,0.0,3.495846550889347e+19,5.4245130125016056e+19,6.0,14,0.0,5.00594054837926e-13
0x04e492d349e82cafdc314cc0d966592b6ee9df11,1.0348091375065732e+23,1.7506995328436748e+22,1.6353095046902388e+22,2.39739481032751e+20,1.1658443038431956e+21,323.2399999999998,0,0.9340891877854065,0.1691809116666748
0x04e51339af9f53915c2ad3a955b13c9ba5a67433,2.817086464503399e+23,2.125e+23,1.4663222052498567e+23,3.805752500560644e+22,4.183387274109046e+22,26.0,29,1.0026468533851536,0.7543254446663209
0x04e545de9c2079cc8b219c9a4fa15c9d0d1ff73e,1108674.0,0.0,0.0,1108674.0,0.0,1.0,41,1.0,0.0
0x04e55a3ae9d3083544409b1bb9809f983f67fbdf,1.9955125860402916e+21,1.000000000001e+21,1.0011141799232466e+21,3.329845661775568e+20,5.4367230492873215e+20,18.0,72,1.0011141799222456,0.5011243762612925
0x04e5b03ac3867124c0ecf5f079cf68abbd158ff7,5.916710937064872e+20,0.0,0.0,2.958355468532436e+20,3.985780763208901e+20,2.0,112,1.0,0.0
0x04e62093139964b4f730dd93634ad193dc13ecca,2.3937131504e+20,0.0,0.0,2.3937131504e+20,0.0,1.0,15,1.0,0.0
0x04e68b05315dffd1b2ab7bbd2efec17623835017,1040000989.0,0.0,0.0,1040001000.0,15.556349186104045,2.0,109,1.0,0.0
0x04e6cc49e0aeb43a93278ab30be2fb6dc8911e18,2087139215923505.0,0.0,0.0,2087139215923505.0,0.0,1.0,45,1.0,0.0
0x04e6e7c324cfb56173d2028e18bf3207b169a71a,2.069005073940596e+20,343451642.0,343484323.0,8.677452059540852e+18,2.0525306113749713e+19,28.0,107,1.0000951545894778,1.6599845323040565e-12
0x04e81e32966b75f900c2aa2bf7f0c31f75c11310,2.04e+16,5000000000000000.0,0.0,1.27e+16,1.0889444430272832e+16,2.0,112,0.0,0.24509803921568626
0x04e890472a98d3770cd1b14c3717eb39a4978d0b,1108505.0,0.0,0.0,1108505.0,0.0,1.0,41,1.0,0.0
0x04e8a3412d46f8625005d8e320c45b6f3c0242df,6.852435696467905e+18,1800000000.0,1801348089.0,4.03084453213054e+17,5.01827602204772e+17,17.0,83,1.0007489383333332,2.626803197770702e-10
0x04e9191932a0f33c8c13eb760727139f73d3f0e0,1.4e+18,0.0,0.0,1.4e+18,0.0,1.0,45,1.0,0.0
0x04e9601bd84b0934af81475670ae5d0ab5e4b9b9,6.083075799955353e+18,128900000000.0,5401260000.0,4.6793475143539085e+17,1.6530750872671268e+18,26.0,27,0.04190271528316524,2.1189938156112748e-08
0x04e96cdcfbcce8c972c5f976117784933e0cc6af,4741925243568308.0,200000.0,0.0,790320873961384.6,1919529877261708.8,6.0,23,0.0,4.217696183027542e-11
0x04ea240f764d8784d76485863ee5accf9e336f9e,92515614.0,63360199.0,63372911.0,16409294.47368421,7242388.564137144,19.0,77,1.0002006306829938,0.6848595200373421
0x04ea49503f7426021b1f1f82ee6ade6afa30b79e,8.38837970307682e+19,0.0,0.0,8.388379840228465e+19,1939617168658.1086,2.0,79,1.0,0.0
0x04eae81b5fc871555f850f1d8c5e0c94d2791760,2200000.0,0.0,0.0,1100000.0,0.0,2.0,44,1.0,0.0
0x04eb9b28d200a20337a5383b02f8b19cd419f577,1.4480852758750781e+20,4.700000000454658e+19,1225107479.0,3.3604510857194373e+18,9.77957494409411e+18,58.0,11,2.606611657194656e-11,0.3245665209608907
0x04ec042478e6aa2a0a655edc088f3cc39cf0a7dc,4.363088382373812e+19,11572812553.0,11578756396.0,3.356221840307117e+18,8.541714972276999e+18,13.0,31,1.000513604015686,2.652435967089811e-10
0x04ec067d7fc89512e7b585fde128b0e5c423cf0d,3916348711271393.0,0.0,0.0,3916348711271393.0,0.0,1.0,48,1.0,0.0
0x04ec1f418d38fb0f849d62eacf9727ad9f8e410c,2.211006659785183e+19,27957000000.0,1000000000.0,1.1055033313404413e+18,1.5640676973263631e+18,20.0,6,0.03576921701183961,1.2644466662400848e-09
0x04eca276ed3206f92fc117deea34b7b02d95a805,1226567693.0,0.0,0.0,1227128173.5,792639.1245456535,2.0,76,1.0,0.0
0x04eca8193ca0a4ea0b368ad36d79eba7654262b3,1.606182012298e+22,1e+22,1.0001231880305787e+22,2.8283261241795323e+21,1.7114922906807734e+21,22.0,75,1.0001231880305788,0.622594445924144
0x04ecaede106078c2948534c5fdf128941c7fb638,5.400000000000186e+19,0.0,0.0,1.800000000000062e+19,2.8618176042507784e+19,3.0,12,1.0,0.0
0x04ecb5f063d5ffbaf3268af1a3ccaac296f74121,7.422829604514987e+22,5.9e+22,5.9633445156585285e+22,2.4332743765471166e+22,3.1347481129915167e+22,11.0,6,1.0107363585861913,0.7948451351235767
0x04ee01137811d587ecbef9262a8db2248666f341,0.0,5007197704.0,10014396325.0,1.6717922316566898e+21,4.4231464887146486e+21,7.0,75,2.000000183136368,0.0
0x04ee10fd378f7cad5ac5751d7cd0f42b13ee3b76,3.290199646333077e+23,1.2699538746401017e+23,6.000000197764896e+21,1.0286924507546436e+21,4.1348057149519456e+21,323.2399999999998,6,0.04724581197459053,0.3859807948297191
0x04ee321ee32021c6607a5e6421b3e09008bebc08,2e+18,1e+17,0.0,7e+17,5.196152422706632e+17,3.0,23,0.0,0.05
0x04ee3685ad086d8b06d07ea3a32a69e449b7bd26,2062597.0,0.0,0.0,1031298.5,15978.491934472415,2.0,43,1.0,0.0
0x04ee3835955923dd6d2ff0329e9c1a18da6b4380,2.71517e+20,0.0,0.0,2.716696023044699e+20,2.15812248630746e+17,2.0,77,1.0,0.0
0x04eefaeb6f90a5627dba307c15a65acf3e589573,19529580198.0,16501933963.0,18011749115.0,3.5100390268295813e+18,1.4656302035591653e+19,23.0,73,1.091493224696284,0.8449712587621285
0x04efc3225aa96a0fcb977bfbada6712f99310545,0.0,478594598.0,958803207.0,1.2536161350016995e+17,3.545761874426583e+17,8.0,50,2.003372397028184,0.0
0x04efe4bae2f7deedf8732cb2bc073e13bf8b5cef,1144087.0,0.0,0.0,1144087.0,0.0,1.0,43,1.0,0.0
0x04f004eb2431e8f79fe0c671c807ecb2f5cc71ff,1.0790593295884517e+20,1.000000000003e+20,1.004633865330875e+20,1.843967467369404e+19,4.062091951218352e+19,29.0,0,1.004633865327861,0.9267331022330306
0x04f045ffe6b1bfed1f8897fbe64cee0e08c55b28,1.045e+17,0.0,0.0,1.045e+17,0.0,1.0,98,1.0,0.0
0x04f0cc7872e3a366fc937c3a1bbe11bb8d425dbf,1.13e+18,0.0,0.0,1.13e+18,0.0,1.0,39,1.0,0.0
0x04f14602b7d1fdaa374aef914bb161e5cbeba6e6,4.031753272715815e+22,3.510041559753226e+21,3.5085163563969224e+21,3.96559781298336e+20,6.781046868335508e+20,180.0,31,0.9995654742742103,0.08705992957224884
0x04f1d25968cc1ad76e773d1b06acee6c502c93dd,7.443854495647752e+21,9.96985656690641e+20,2.1986739819972294e+17,7.0451396889615565e+19,2.0139923805743448e+20,149.0,2,0.00022053215783418895,0.13393406027395555
0x04f1fc616db817879898aa1635d574593f227b4e,8.157231377697231e+21,8.155196004572108e+20,4875575091.0,6.1884489504574505e+19,2.5084725528596264e+20,145.0,0,5.978489159876194e-12,0.09997504823596536
0x04f240a979ad95e8a88286515c2d8599f28d71b5,4739631917266456.0,0.0,0.0,4739631917266456.0,0.0,1.0,51,1.0,0.0
0x04f254950c0edc6c302d0dfbdd247b2ebf303a7b,1833200.0,0.0,0.0,1833200.0,0.0,1.0,42,1.0,0.0
0x04f2622ab4624a554e3c036cce245508d10a24c4,4495674.0,0.0,0.0,1498558.0,481583.2911459865,3.0,39,1.0,0.0
0x04f273dde0c27ae188f81246bbda93f444cd9dd3,163335049.0,72920001.0,72920018.0,47251014.8,33726049.92362363,10.0,77,1.0000002331321964,0.4464442962269537
0x04f2c1bc52e361bc08d4561996a9f2bd55673be0,2120813.0,0.0,0.0,706937.6666666666,606446.9174349337,3.0,38,1.0,0.0
0x04f34aafd1cb080f5ad336532223c3a058b3f0b6,2.3650339294200115e+17,0.0,0.0,1.1825169647100058e+17,2.9234790258277044e+16,2.0,0,1.0,0.0
0x04f36041728f59a4826229f8887aaacbd7ad4ab7,0.0,0.0,0.0,198687669120.0,0.0,1.0,25,1.0,0.0
0x04f3b912d38ca5a151b69d7e00df3535fdbea00c,1100000.0,0.0,0.0,1100000.0,0.0,1.0,40,1.0,0.0
0x04f4a65b8953363a618e63802ffec52341ae2418,0.0,0.0,0.0,1024710000.0,0.0,2.0,67,1.0,0.0
0x04f4d6f45d2132ab59a825b0ef294eef87a652bf,5.0900000000032106e+20,1.8303000226838594e+20,0.0,2.3067666742300963e+19,4.1885765601707336e+19,30.0,102,0.0,0.35958743078245675
0x04f5a06edf6a92e77d6aa12bdb2c5c7517553fa5,263888648.0,159504032.0,159548702.0,141146456.33333334,61980204.75325564,6.0,48,1.0002800556163998,0.604436883544911
0x04f5c67be870758e6d5200a15f7722b471ebb821,4.051724842354697e+18,2.0251562688141105e+18,0.0,6.076881111168808e+17,6.049728520454947e+17,10.0,108,0.0,0.49982571561724615
0x04f648bb839033bba7c6341529bd7dd6fd6d413e,4.810744494755503e+20,5.648800000027606e+22,4.39937279021958e+22,7.804243731577795e+20,2.598303954103655e+21,148.0,6,0.7788154634963319,117.42049502287473
0x04f697d98ce1f8474e39080cd83f5f6c0c1c3566,1.2e+18,0.0,0.0,1.2e+18,0.0,1.0,40,1.0,0.0
0x04f6bf8745b567f40cc01a330f128b6a4924ee49,6596623553360848.0,0.0,0.0,6596623553360848.0,0.0,1.0,43,1.0,0.0
0x04f7668e8c18066cb8f5c808abc6a31776d45b50,1103157.0,0.0,0.0,1103157.0,0.0,1.0,39,1.0,0.0
0x04f8dbe39e3bc4bbdf514563f1e63acd040edcae,9249567834662170.0,6e+18,0.0,3.004624783917331e+18,4.2361002549803505e+18,2.0,53,0.0,648.6789553037688
0x04f9badc15f3c5af9851b72753bf3f81c138199d,1e+17,0.0,0.0,1e+17,0.0,1.0,101,1.0,0.0
0x04fa883269422682eefb7dda4ebfd66859e0fe63,5e+16,1e+16,0.0,3e+16,2.82842712474619e+16,2.0,19,0.0,0.2
0x04fb136989106430e56f24c3d6a473488235480e,4.682920104392084e+22,159001219808.0,19103945381.0,9.88044257729277e+19,6.40946587648305e+20,323.2399999999998,0,0.12014967812239892,3.3953434238366285e-12
0x04fc359e0a815db4ee2498873da41a0143a594aa,1.8037e+22,12000000.0,12000000.0,9.018500000000007e+21,1.0413666805373274e+22,4.0,110,1.0,6.652991073903643e-16
0x04fc43e8f4da7fbae135cb0ae73b8913d8e044d8,1.227003793057412e+21,706000000.0,708526366.0,1.2649562744300413e+19,9.694456591279174e+19,97.0,30,1.0035784220963173,5.753853443605173e-13
0x04fda72d3a0dbbfa6793a604cedb5e5631750df2,500000.0,1e+17,0.0,5.000000000025e+16,7.07106781183012e+16,2.0,23,0.0,200000000000.0
0x04fdac80b3ca0b9066bd275f176dc807e3908a8e,4.3238426424839504e+21,8217257180.0,8225791059.0,1.3501394757300548e+20,3.224919320178305e+20,66.0,42,1.0010385313265806,1.9004524122273263e-12
0x04ff89258f0a198a5e4eae633e23ec775c9e9bd1,0.0,0.0,0.0,6.245099875731094e+20,0.0,1.0,70,1.0,0.0
0x04ff9dd102dedd2eff35669ee390088e7fc86799,9.523178474378327e+17,0.0,0.0,4.7615892371891635e+17,2.2468513210960592e+17,2.0,75,1.0,0.0
0x05014b4f8d9230eee9660f5f6eba4f0597d6bd86,2.06e+16,5000000000000000.0,0.0,1.28e+16,1.1030865786510142e+16,2.0,114,0.0,0.24271844660194175
0x0501ce52054d546b62045da91647212e00d85f9e,4.654e+21,6.67e+20,6.67e+20,2.6605e+21,2.3018955232590378e+21,4.0,106,1.0,0.14331757627847014
0x050484aa3d8c76fe796065d087d27ec6f65eeb2e,1357133.0,0.0,0.0,1357133.0,0.0,1.0,44,1.0,0.0
0x0504cced39e796912c3561e419d9853f2c8edb46,5.736435960745947e+18,0.0,0.0,5.736484328669509e+18,68402573484458.875,2.0,0,1.0,0.0
0x0505116ac892a4ef2aa69c564ce9e979ed64b365,1.5e+18,0.0,0.0,1.5e+18,0.0,1.0,47,1.0,0.0
0x050549548f99459d428600bee674a74694230e66,1052019899.0,0.0,0.0,1052019937.0,53.74011537017761,2.0,112,1.0,0.0
0x0505a6505a8eccacaa8df452a8cef062ccb5009b,0.0,0.0,0.0,5.0156708841114514e+20,0.0,1.0,55,1.0,0.0
0x0505bad45bc350d3fdcd670800343626696d5ec6,2.8823907846321416e+20,240544532.0,2910958.0,8.438189150008227e+18,2.0781236724057866e+19,38.0,36,0.012101534696286506,8.34531297013909e-13
0x0505d4ef991d3b14402e72e1ab9e3aa59f55f922,9848416796136496.0,0.0,0.0,9848416796136496.0,0.0,1.0,39,1.0,0.0
0x05065b24176036224ef342720c6ed16dbd63e60e,5e+18,0.0,0.0,5e+18,0.0,1.0,91,1.0,0.0
0x05066984aed3b7fc5416009da73b484ed6ad32a8,0.0,0.0,0.0,32237401194.666668,897719809.1430788,3.0,61,1.0,0.0
0x05069a643656f4d38df42b054c3c25ce75c53cfb,2.0931047479702575e+21,3.600000000017135e+20,1.500692797443031e+20,2.5167679386619023e+19,7.618120915920096e+19,129.0,15,0.4168591103988578,0.1719933034172397
0x05070c5b87fb811ad523053e8d0ddc1de663676a,2.2522e+22,5e+21,5.7514629093788117e+20,2.1613189454567603e+21,3.618780557316067e+21,13.0,0,0.11502925818757623,0.22200515051949204
0x050720de5b724af8082190ae387174f5fe472d4b,1043000000.0,543186436.0,544114707.0,7.596078374972175e+18,2.631358736632859e+19,12.0,55,1.0017089362665896,0.520792364333653
0x050748fc07e2d0d53700c064080b9602ef427af8,3e+17,1.5000000059974947e+17,0.0,2.2500000029987475e+17,1.0606601675389522e+17,2.0,23,0.0,0.500000001999165
0x0507e072424cfede022924eb8e6ad3e26144dbaa,109133699.0,0.0,0.0,109199797.0,93476.68804573684,2.0,70,1.0,0.0
0x0507e9f881b32d9d03b58f5e6830ddc8298c12a8,1701272.0,0.0,0.0,1701272.0,0.0,1.0,43,1.0,0.0
0x0508c3a6cb083b03d760a2cd7bd28a0a32a63e84,5.376726769708291e+23,4.199051244553148e+23,1.4663222052498567e+23,5.413098268654847e+21,1.2038446913875553e+22,288.0,94,0.6124849229285814,0.8900174306928738
0x0509083749716b68f0fdb490a59ca62f2cffebb9,0.0,0.0,0.0,1409477.0986842106,1705580.5177670224,304.0,0,1.0,0.0
0x0509136da13c1775aa7237d63a63f435cdb23197,39231772.0,0.0,0.0,39233699.5,2725.896641474141,2.0,76,1.0,0.0
0x05097c27631f3c41237c7abef075c4b8e281eae7,1.5385757239979609e+21,1.1600303267990796e+22,1.1659095750775683e+22,1.9528149133948502e+20,1.1113838478164661e+21,134.0,10,1.0050681849798804,7.539637527782916
0x050ac21c63ee3edddbe27bdaa7a87b0c9f5fd75b,1e+18,0.0,0.0,5.116611079135713e+17,4.22913886211583e+17,3.0,0,1.0,0.0
0x050b2acf987f60bbfac8a8312a5c84c781058b52,8e+19,35000000.0,0.0,4.00000000000175e+19,5.656854249489905e+19,2.0,36,0.0,4.375e-13
0x050b4bb9be40ce8f0780b3a4d119b6561a14caf9,1e+17,0.0,0.0,1e+17,0.0,1.0,100,1.0,0.0
0x050b9861eb66bbee28c7057c7af7b1a33ca50730,1.097e+17,0.0,0.0,1.097e+17,0.0,1.0,98,1.0,0.0
0x050bcc773c1dd7b78624291f1ca3facb690ef09c,3.9809679542637373e+18,8.000000028652301e+17,8.000403791823406e+17,2.297765439249194e+17,3.9113968985422106e+17,30.0,31,1.0000504703962074,0.20095615238711123
0x050cec6a33d5ee57eaaa8124bdb9bcb7e0d817db,5.000000000198145e+16,28179.0,28179.0,8333333334003209.0,2.041241452286498e+16,6.0,23,1.0,5.635799999776659e-13
0x050cf8ea7593b7bb1f51c191dbcb75bfba775951,1000000.0,0.0,0.0,1000000.0,0.0,1.0,45,1.0,0.0
0x050d9f92aaad5c4fb676e3e4f233e18e6f167698,4.945443778827843e+19,3.398857068808526e+16,3.398857518789513e+16,6.308699037125414e+17,4.689715457667807e+18,79.0,0,1.0000001323918535,0.0006872703888293145
0x050e68c5c08af60e96a029790429280173a0e3ae,2200000.0,0.0,0.0,1100000.0,0.0,2.0,44,1.0,0.0
0x050ee024a0ffd8b9bd383271835b27dd66c3fec3,3.102142172554634e+23,3.3793316054725185e+23,1.4663222052498567e+23,2.0800430745253186e+21,6.42835667081313e+21,323.2399999999998,3,0.7553724549559407,1.0893542002588545
0x050ee970027f0aa640f5aa9c41711cc0c8394c08,997571.0,0.0,0.0,997571.0,0.0,1.0,41,1.0,0.0
0x050eff11eb0b016fd8cf4d4f564584626f09ee60,6e+20,350000000.0,350787104.0,1.5740781533699005e+20,2.7506642474551004e+20,8.0,11,1.0022488685714286,5.833333333333333e-13
0x0510840e9e4c409e787032092cd6b5e254ac7398,1.0841283608e+20,0.0,0.0,1.0841283608e+20,0.0,1.0,83,1.0,0.0
0x05119e9c19a50e66cc085b2dd2730897f470747f,7.196400000015404e+20,1245964848.0,20001124.0,8.995500000052083e+19,2.544311620063331e+20,8.0,71,0.016052719330007938,1.731372419539399e-12
0x0511ff29c615e4b1065da22819195b7080a1ff28,8.540633300607882e+17,179736225.0,70993190.0,5.337895816123418e+16,2.1351583241936022e+17,16.0,89,0.3949854293423599,2.1044835748562958e-10
0x051203d8cbd5bec7c146f2069732f2f702090bc6,3.55934617e+20,0.0,0.0,3.55934617e+20,0.0,2.0,123,1.0,0.0
0x051223e88f14ac86df41c922708e5cefda143be9,0.0,0.0,0.0,5464752172.0,0.0,1.0,77,1.0,0.0
0x051322e63857114edb8fd44e4bc3f857455a04f7,2.0051502619755263e+20,0.0,0.0,3.469853864543148e+19,4.5012205997592216e+19,9.0,21,1.0,0.0
0x0513daff1a6ce3102010486fef7d04b2c58b48e3,1047186.0,0.0,0.0,1047186.0,0.0,1.0,40,1.0,0.0
0x051464267416f04a0b38b081f7f6eb150a588dfb,5.613248668176829e+19,25500000000.0,16000000000.0,1.2128018074493394e+18,2.5488796386061076e+18,48.0,1,0.6274509803921569,4.542823863223281e-10
0x0514b16bf0189ad858d11a0d07ff2c9184b43725,1105929.0,0.0,0.0,1105929.0,0.0,1.0,40,1.0,0.0
0x0514b5bc8f8e08e9fbbab3485d7c2da554b689fc,89943.0,0.0,0.0,89943.0,0.0,2.0,5,1.0,0.0
0x0514f902f3334cd844e622604adcf9925889482c,3.5e+16,0.0,0.0,3.5e+16,0.0,1.0,119,1.0,0.0
0x051682b8fe0c234966e0951432375155b292a5b4,2219298.0,0.0,0.0,1109649.0,1910.6025227660514,2.0,40,1.0,0.0
0x0516cf37b67235e07af38ad8e388d0e68089b0f2,4100146198097116.0,0.0,0.0,4100146198097116.0,0.0,1.0,45,1.0,0.0
0x05182e579fdfcf69e4390c3411d8fea1fb6467cf,3.500000000001083e+20,9.950000000675558e+19,0.0,4.994444444521824e+19,4.330159094016768e+19,9.0,45,0.0,0.28428571430492794
0x051886c7bef4b86906cb0994f14a4f6a1d120a7b,8.241553346152808e+20,5.104247653116361e+19,0.0,2.187994527866111e+20,2.8310254858286363e+20,4.0,0,0.0,0.061933077888758015
0x0519064e3216cf6d6643cc65db1c39c20abe50e0,2500000.0,0.0,0.0,2500000.0,0.0,1.0,8,1.0,0.0
0x05190ff26392bd741bb32dab2e595c91f5fb3fbe,980774000000000.0,0.0,0.0,980774000000000.0,0.0,1.0,81,1.0,0.0
0x051a3190c9342211eb311723b23b8c7cbd7b5a5d,9.246645716449216e+20,2.9649981229944544e+20,0.0,3.052910959860918e+20,2.2552504497209793e+20,4.0,97,0.0,0.3206566158060868
0x051a6bf6bd50213d8b14f77dd427be815526f4bb,1108624.0,0.0,0.0,1108624.0,0.0,1.0,42,1.0,0.0
0x051a6fe65a216f7707a920576fbcbf5f5793d1dc,1000805.0,0.0,0.0,500402.5,707537.4092162901,2.0,44,1.0,0.0
0x051ae28151a68cceea5e234694b82c913a802fb9,3.6000000000006396e+20,63934426.0,63939859.0,7.200000000005114e+19,1.6099689437995627e+20,5.0,76,1.0000849776926128,1.7759562777774623e-13
0x051b2dead3264561e278a155911993dd2bfcbc81,5.999658611928459e+21,0.0,0.0,1.4999146529821148e+21,1.0751743076888176e+21,4.0,100,1.0,0.0
0x051b903060920fc5751479a85ad5340587267a53,4.643788066328788e+21,1.2198950172894586e+21,3.0002474244859055e+20,1.7598685641295407e+20,3.6505598458288964e+20,39.0,24,0.24594308378702084,0.26269394723990147
0x051ba1cf67593ea9e697a1039c549cc94660c4b2,1.54961e+22,7.136000003529102e+21,0.0,9.430041668137125e+20,2.2463068376412825e+21,24.0,106,0.0,0.4605029654899686
0x051ca9ee1263a1d2a6d25d7c284a2ae9c3edbd7b,1.6518999372919582e+21,3.8194498548493065e+20,0.0,3.3897415379614813e+20,2.6831284957342024e+20,6.0,82,0.0,0.2312155699400728
0x051cab78ddf14edf3e1d1f7c2603a0678c2391fc,9.6826356e+16,0.0,0.0,9.6826356e+16,0.0,1.0,85,1.0,0.0
0x051ccd4de7b36fcfeb4dc27d41c1072e49be2b23,20019288.0,0.0,0.0,10009644.0,14135638.726625409,2.0,0,1.0,0.0
0x0520e146a8eb11276ae1b4afdb9ab02bdb27b831,4.00806e+19,8755286190.0,17513315988.0,2.781901382007478e+19,6.406975722554401e+19,9.0,72,2.000313365884388,2.1844199413182439e-10
0x052108739ecbdd1d5403b0a2b355ec923f571f00,1108734.0,0.0,0.0,1108734.0,0.0,1.0,41,1.0,0.0
0x05213c2454da275bd773f84ba56d9c10642c7df1,564408321649684.0,0.0,0.0,564408321649684.0,0.0,1.0,50,1.0,0.0
0x05220a8663909f5f2bd9ceb393d7f7bd7383c8af,5e+17,2.50000000931669e+17,0.0,3.750000004658345e+17,1.7677669463784742e+17,2.0,26,0.0,0.500000001863338
0x05221bda932f2114920efcb7a4912c9168414b9d,4779646403077126.0,0.0,0.0,4779646403077126.0,0.0,1.0,45,1.0,0.0
0x052284d77bd1c34602ecec02b72ac2017e18d87e,905000046.0,0.0,0.0,16355172.813084112,10738124.168348398,107.0,1,1.0,0.0
0x052370f3278cd2ad96be34bacc1748ebf8c99056,5.500000000122022e+18,8081762349.0,1691950609.0,1.1792452853040451e+17,7.558168237493984e+17,53.0,0,0.20935416508620228,1.4694113361492182e-09
0x052448ee943e1779101704f81e1284e4862d1942,1.1006e+18,0.0,0.0,7.337657971570136e+17,5.506443372807672e+17,3.0,75,1.0,0.0
0x0524849b35de1273b41918ce5c0f5b260a4bd033,6.6780683318086615e+19,178350000000.0,178406111193.0,2.3850416010383657e+18,7.076038784838823e+18,56.0,105,1.0003146128006728,2.6706824659234415e-09
0x0524c91701fcc461c90b3120769b5f295f706a16,2.2863266726457118e+20,1.98e+21,1.9810151846721972e+21,1.0222211341711788e+20,2.1090257294731408e+20,41.0,97,1.0005127195314127,8.660179770849483
0x0524e7c0c1ae860b58089c747544db7393a0e5d9,5.630815234081506e+20,1.2608918732612736e+16,18832316.0,2.9636533280368534e+19,1.2207623635907309e+20,19.0,10,1.4935710507270193e-09,2.2392705511441794e-05
0x0524f2b8765ee3a1a033311ddc9e2dcaad34b8c3,4.7308381293041346e+20,100000000.0,100058246.0,6.784350160846706e+18,2.0455915269058187e+19,83.0,0,1.00058246,2.1137903531421214e-13
0x05250b39a5c97c289c79ce2c83f3af8dd60aa438,1e+21,5e+20,5.001598751102957e+20,5.00043145851716e+20,1.5808258866280232e+20,6.0,107,1.0003197502205914,0.5
0x05255995c8c766e4f71c48c0dd3c3e001d9a34d2,2.0038e+22,4600000000.0,4600000000.0,1.0018997500002299e+22,1.156894180726844e+22,4.0,117,1.0,2.295638287254217e-13
0x052564eb0fd8b340803df55def89c25c432f43f4,1391302780687.0,0.0,0.0,4.679849900518217e+22,8.967493620022492e+22,7.0,58,1.0,0.0
0x05264ed450de7be1e0a4aeda3fb73d23e2abeb7e,6.52821540055747e+20,359849916.0,360049076.0,8.160269250710331e+19,1.8284813707718754e+20,8.0,76,1.00055345295676,5.512224917843106e-13
0x05275affa4b235deacf99e490f3834273c15ea8b,1.9479835116396012e+23,4.199051244553148e+23,1.4663222052498567e+23,7.465907199476841e+21,1.5840739670858257e+22,281.0,87,1.0001735156525615,3.077528069691307
0x05279be7b95aadfd686d24fcf6740869c81b7532,6.242378148655997e+21,4.13119667335064e+21,4.138044002581207e+21,2.134248886867016e+20,4.239189391269456e+20,98.0,41,1.0016574687123316,0.6617985285367723
0x05282c4ea521f6fd25e1b9c76473cea27bf6c978,2100000.0,0.0,0.0,1050000.0,70710.67811865476,2.0,44,1.0,0.0
0x0528f588718437c2bd3d9e4e1965bd570a4c7d6c,5.200725883825394e+19,150000000.0,0.0,1.0401451767680788e+19,2.324718188869024e+19,5.0,12,0.0,2.8842127685773645e-12
0x05293c6f76202cf49be925f9a0d33683d98cc4e3,1.34e+20,3.721681192222308e+20,2.5816811922223078e+20,5.879509526495858e+19,9.241768121398949e+19,13.0,10,0.6936868202514472,2.777374024046498
0x0529f37ba9fd772949d3652253dd2f1dfc1c5e51,0.0,0.0,0.0,1403278550.0,1304473291.080847,2.0,75,1.0,0.0
0x052a44f7e4213413b9b9440ded0175a3b43bffc1,4.8306547997434634e+19,2.533038212828275e+19,0.0,2.454564337523913e+19,2.416283315424767e+19,3.0,17,0.0,0.524367465247733
0x052aa8fc90fb8b964a6b64440f0f3d2c76ab22c1,1.0864355878204854e+17,0.0,0.0,1.0864355878204854e+17,0.0,1.0,99,1.0,0.0
0x052afaf0299673d62d22fd60d585fb6f0284ec47,9.999e+21,9.990000000007787e+20,9.993591574436908e+20,1.4996698946805587e+21,3.070244810654947e+21,8.0,31,1.0003595169598716,0.09990999099917779
0x052b70ff5218bad93364a7ddfe87d0e718417ad6,0.0,0.0,0.0,98068950764.83333,52742951778.25647,6.0,27,1.0,0.0
0x052c68abe8e4bf0b78925e488b98f6fdc18a3af9,21928721355.0,0.0,0.0,4882874753.444445,4866585847.185046,9.0,89,1.0,0.0
0x052c84174b1cb5537644b54db4ddb01cbd45c209,17949800.0,0.0,0.0,2991633.3333333335,2353758.6976295314,6.0,39,1.0,0.0
0x052ca94ed9ccfe1f84844ec9b4705c13279f1fd9,1.2828124974542236e+21,7.505795975390784e+20,7.516407305541777e+20,1.356401429918536e+20,1.7782922951363287e+20,30.0,114,1.0014137514776293,0.5851046813377825
0x052cd92257aa17b3f965c4b0d3f51f0d223c6950,8.468406150187071e+17,2e+16,0.0,2.1671015375467677e+17,3.559577415368375e+17,4.0,23,0.0,0.023617195072248857
0x052dbf52c7343268d5fe56d226ddc0405d762018,0.0,0.0,0.0,100252537427.0,0.0,1.0,104,1.0,0.0
0x052dd804d18dc7069beda8d0131e9675adcd28ac,4885048869012017.0,0.0,0.0,4885048869012017.0,0.0,1.0,41,1.0,0.0
0x052ddf34b4f7e8754425958ff14ac8b5ae4c4e5a,2.90000000000063e+21,1938541349.0,966762308.0,1.9333333333361128e+20,4.845272610148489e+20,15.0,7,0.49870605468318024,6.684625341377858e-13
0x052f348a45620f2c26926d2b58548c7eaeadf870,8.217026174050343e+22,7.364361221872164e+21,7.364361763524904e+21,1.5346047996678947e+21,3.2976719255400455e+21,166.0,0,1.0000000735505394,0.08962319293966807
0x052f3e2d4982fd668783f2a04c17a2235c003fae,4.752e+21,2.9e+17,2.9e+17,2.376145e+21,2.743401047611037e+21,4.0,128,1.0,6.102693602693603e-05
0x052f97b6d5fbb925ec65f963bab19b444798b568,2.3025e+20,117856766.0,117866647.0,1.7711538461556595e+19,3.5238296838835278e+19,13.0,82,1.0000838390559605,5.118643474484256e-13
0x052fc1d7121066a22c03f9332afca1653e0942e3,1e+18,5.0000001168396563e+17,0.0,7.500000058419828e+17,3.5355338233146246e+17,2.0,43,0.0,0.5000000116839657
0x053100aa9ed77bca3ed27573ffbad2b7faa72a79,3779074635762852.0,0.0,0.0,3779074635762852.0,0.0,1.0,48,1.0,0.0
0x05315653e6e5bc09c383e71062a1387e1c5ce341,6.0000000001101e+18,2000000.0,2000001.0,1.333333333358247e+18,2.645751311050466e+18,9.0,40,1.0000005,3.3333333332721663e-13
0x05318780cf680ef49f9aa4edb40b628462029bd6,3.9202242440605133e+18,1.9202284147408146e+18,1.920228928652776e+18,3.650283175269643e+17,2.8913300194420275e+17,32.0,128,1.000000267630641,0.4898261668704617
0x0531f17900e2f7f4154becfeb0516007a09729ea,2253000.0,250000000.0,0.0,63063250.0,92009387.21447575,4.0,76,0.0,110.96316023080337
0x05326fde303451b63753075f3c091df65f9b971f,1107202.0,0.0,0.0,1107202.0,0.0,1.0,42,1.0,0.0
0x05327ca0590e721d5af0549ec40415d05155a2a4,9.154799523461556e+21,9500000000.0,7011756372.0,4.261919809393096e+20,1.2050797743854293e+21,25.0,12,0.7380796181052631,1.0377070492536486e-12
0x05330bd13edbd6bb1f1ebede8d9f8b0fa592f0ad,0.0,0.0,0.0,50000000.0,0.0,1.0,73,1.0,0.0
0x0533abab4129b3a44ac45c8267d964cbfd5177f1,6.929314791826872e+20,605000000.0,305648573.0,3.095291134425125e+19,7.2453069037902905e+19,40.0,16,0.505204252892562,8.731022015533161e-13
0x0533f08678d7d469891b7c0e99a2de74a062dccb,2.0247238480423788e+16,0.0,0.0,1.0123619240211894e+16,1.4316957247061334e+16,2.0,43,1.0,0.0
0x0534dcad8d4644b71c3d55ac6cb39b0cf7db207f,0.0,0.0,0.0,1.0875043928716974e+20,3.0453624530997864e+20,16.0,12,1.0,0.0
0x05357b87b83de577fbd15bf6db068bdf364268cf,1109660.0,0.0,0.0,1109660.0,0.0,1.0,41,1.0,0.0
0x053595adf7b7058a39ff8aca7184f947232be62b,2.8000000000150068e+20,0.0,0.0,1.4000000000075034e+20,1.9798989873117217e+20,2.0,15,1.0,0.0
0x0535da1ef42327b93c5e5b66899f492e115265e9,1382122.0,0.0,0.0,1382122.0,0.0,1.0,44,1.0,0.0
0x053671da56cb9f5c55698244c95fcf1c706a54e7,2000000000000000.0,0.0,0.0,2000000000000000.0,0.0,1.0,5,1.0,0.0
0x053688942c0eace50fca3f5629aa12024c09c954,3.4829211834502527e+21,1000000000.0,0.0,1.4512171597717799e+20,4.466832623094147e+20,24.0,0,0.0,2.871153113517716e-13
0x0536c03dd61edd33916990937ee83396214af259,1300000000.0,0.0,0.0,1300000011.0,15.556349186104045,2.0,94,1.0,0.0
0x05372e0a7e9dfd298d104e33c1b04dd6952325ce,1122355.0,0.0,0.0,1122355.0,0.0,1.0,48,1.0,0.0
0x0537662ab0a0ac7d63898be68d4510bccecf67c6,1108575.0,0.0,0.0,1108575.0,0.0,1.0,41,1.0,0.0
0x0537cb86f771fe6f73655d06462547dccfc48709,3.72e+16,5000000000000000.0,0.0,2.11e+16,2.276883835420683e+16,2.0,113,0.0,0.13440860215053763
0x05380b11e7518ac65774cf791ff2bf62f52932c6,7.371595259367598e+16,0.0,0.0,7.371595259367598e+16,0.0,1.0,10,1.0,0.0
0x0538146cff9325928f6394661fd6d0cc5b792edb,7.495276677241989e+21,1.5626283714004902e+21,1.565152159918398e+21,2.8975957828884323e+20,6.144280499105397e+20,37.0,14,1.0016150919592264,0.2084817463970503
0x05385d702678e30c71fe795f9193fc12e1bd37b1,7.69602117233071e+19,6.830000000028272e+20,6.50362065720232e+20,2.6190419349907562e+19,1.2370323341363765e+20,54.0,114,0.952213859030073,8.874715709702022
0x0538799ac9376cdd43c8a4fcb7541f395ddb70a8,98423.0,0.0,0.0,98423.0,0.0,1.0,51,1.0,0.0
0x0538e7533263c20b597c170926c49cf5648cc478,1082589.0,0.0,0.0,1082589.0,0.0,1.0,46,1.0,0.0
0x05390ba1f2c390fb4c69a252f9292e06552e76b0,5.37e+20,200226470.0,201038509.0,5.3700000000040124e+19,1.0894856074718978e+20,10.0,36,1.0040556026383525,3.728612104283054e-13
0x05393e3a9e6bedfb8d42af2e4087c7944359619a,2.1729518026186084e+23,2.1866560082e+23,9.131202826431477e+19,1.5042598630485939e+22,2.983295077817824e+22,29.0,1,0.00041758753055758655,1.0063067232162612
0x0539b872df4e0bb8a7ff8566d61aa08530009e0b,2.016e+21,1.4e+21,1.4004031330689126e+21,6.320587806921869e+20,5.7213153850865215e+20,13.0,76,1.0002879521920804,0.6944444444444444
0x053a19dbc9fd177b7d71de03d9ff7475e89f9d53,1.1214108748177272e+21,200571713.0,200635482.0,1.3894770503901217e+20,2.6617076031772934e+20,13.0,10,1.0003179361588241,1.7885657924674637e-13
0x053a7bb6ac7d9948fc73758f4b817699225ee9ae,1.2000000000011354e+18,0.0,0.0,6.000000000005677e+17,8.485281374230542e+17,2.0,42,1.0,0.0
0x053ab16a247321e312f3a8a2a0a8abda48707241,7.05102e+22,500000000000.0,400925032933.0,3.3799142858029846e+21,1.480958486365017e+22,21.0,54,0.801850065866,7.091172624669906e-12
0x053af8128054ed281c5183d435434cc043859160,8.8e+18,0.0,0.0,4.4e+18,5.65685424949238e+17,2.0,43,1.0,0.0
0x053bb067126b2641a3696d0849b6957e99344530,7.720178848559966e+21,7.499632173051323e+21,0.0,1.69109011351348e+21,1.7939903618668935e+21,9.0,8,0.0,0.9714324396060098
0x053bd20363f94a4c832f7d3059fae9913558ecf9,2.811297466459161e+18,0.0,0.0,2.812270501034019e+18,1376078692421194.5,2.0,75,1.0,0.0
0x053bf51527d1df69a86f5362605f46cb42170a1d,2200000.0,0.0,0.0,1100000.0,0.0,2.0,44,1.0,0.0
0x053bf9ab3b044137eff39be4857eab5e3a40a239,8.998432132984801e+18,550000000.0,550356235.0,1.4997387655675267e+18,3.502635135921717e+18,12.0,97,1.0006477,6.11217589766456e-11
0x053ca2dcbe7a5db7a86d6fadf6088bc56aa24f37,1760830.0,0.0,0.0,1760830.0,0.0,1.0,48,1.0,0.0
0x053cd8b1c0b52ffe500807739e79cd5efe4eb00d,50000000.0,4000000.0,4000051.0,27000136.5,26558240.555259537,4.0,23,1.00001275,0.08
0x053d23c6a2e56621b4f3ecde0d00699a4e65b676,100000000000000.0,0.0,0.0,100000000000000.0,0.0,1.0,51,1.0,0.0
0x053d78c61cd973711447e080d9aece1805999875,5965747848692077.0,0.0,0.0,5965747848692077.0,0.0,1.0,44,1.0,0.0
0x053f4977dcda4506032c5ec230c31242fd123ee1,1.3105568980329995e+21,23718463156.0,14508240873.0,1.4963032026718233e+19,1.0960157504012336e+20,88.0,0,0.6116855370256098,1.8098003369101168e-11
0x053fe1dc0b4635966e27def85934daf14d9b4c38,9.005609621589339e+18,0.0,0.0,9.005609621589339e+18,0.0,1.0,26,1.0,0.0
0x0540003bbd356a49bc2e74a3f8f872dc318dc46b,1.1201339853440611e+20,1.0208440000022448e+23,4.030795724066752e+22,2.1349071211197275e+21,6.513287504178915e+21,91.0,76,0.39484933291060026,911.3588314961105
0x05404b6f8990a4108150366adb572a870b137edc,1.4418879482355029e+22,2.693500000013097e+21,2.6550457235883426e+21,6.491975660164715e+19,1.6679249743394855e+20,323.2399999999998,7,0.9857233055784046,0.18680369742387004
0x05407ddf01b09c3a04694bf34cf717934c03209a,9.09e+16,0.0,0.0,9.09e+16,0.0,1.0,98,1.0,0.0
0x0540a183be580660a4c7399311b080fe13b06a11,2.8319352722933485e+20,2.821088141492439e+21,0.0,5.94764346613761e+19,1.4049257879242888e+20,58.0,5,0.0,9.961697109015754
0x054161306434f11bc27a980745a7e35f5e99cc17,5413488782901087.0,4000000000000000.0,0.0,3137829594300362.5,1493322947454044.0,3.0,92,0.0,0.7388950380084469
0x0542e8f95f765b81cd6a08db37d914f664db5d3e,4e+18,1e+18,0.0,1.6666666666666668e+18,5.773502691896259e+17,3.0,8,0.0,0.25
0x0543c0669a824f5f4c1b5af7bd7dd73112656d39,1010000.0,0.0,0.0,1010000.0,0.0,1.0,40,1.0,0.0
0x0544c10cf254eede9711b9fb6cc803ff3c3bb628,1e+17,1.0500000006611858e+16,0.0,5.525000000330593e+16,6.328605691152072e+16,2.0,8,0.0,0.10500000006611858
0x0544ca49c5b41eaa5a150f44c158ea2018dbbe97,1e+16,673791250000000.0,0.0,5336895625000000.0,6594625449886315.0,2.0,23,0.0,0.067379125
0x0544d1c4276d8b42281cf967698a1501fbd8a5fd,2e+18,0.0,0.0,2e+18,0.0,1.0,45,1.0,0.0
0x0545a605a6b0c42bb5bd01f918e17d7347095acc,8.052576917632315e+21,0.0,0.0,4.4744246286292596e+20,1.276157603539649e+21,18.0,2,1.0,0.0
0x05463e72f20d07cc76b2380d697985964d6bfa14,2086823.0,0.0,0.0,1043411.5,17344.622235724823,2.0,43,1.0,0.0
0x0547f0b062e31e283c58fb3b178523f4b26357f7,4237877.0,0.0,0.0,4236011.0,2703.0739291900004,4.0,45,1.0,0.0
0x054a164d91efa1cf07c2f682d2c9d618c9076f85,6603392698.0,2600000000.0,0.0,2950848174.5,701696349.0,4.0,0,0.0,0.3937369953459642
0x054b08dbe43a7e1bf00a03ce4cc9bddeb356eee2,4.4436626192244634e+18,0.0,0.0,2.647108986155312e+17,1.0325688028137618e+18,17.0,1,1.0,0.0
0x054b2fbc2a88bd6f7219de60848c85ca7783d568,1107839.0,0.0,0.0,1107839.0,0.0,1.0,42,1.0,0.0
0x054b4084307ba341e79624c84d808740cd229b8c,1.36e+18,0.0,0.0,1.36e+18,0.0,1.0,45,1.0,0.0
0x054b49656de7546c6b5b69155cf5c620618af6e3,851080877.0,0.0,0.0,852301586.5,1726343.9306176796,2.0,33,1.0,0.0
0x054cd5c13b59ec46a33dc96dfb9f99d38fd94d53,1108950.0,0.0,0.0,1108950.0,0.0,1.0,41,1.0,0.0
0x054d29d18b24b116cf1ec97526fdf92244ffdb85,1.2683475161293966e+16,0.0,0.0,6341737580646983.0,26423896684626.316,2.0,45,1.0,0.0
0x054d68e679dcc51ae2f9bd66d0e260947225d128,6.578828764466853e+21,6.652279323391651e+20,8138377149.0,2.897622678727816e+20,1.304713793425837e+21,25.0,19,1.2233967867799431e-11,0.10111646862313113
0x054e37b3dfe1cc195847a10cfe12fe9a524d594f,1172090.0,0.0,0.0,1172090.0,0.0,1.0,45,1.0,0.0
0x054e3d38670dd99c5404bd6dbb201f814d2fe4ee,1107952.0,0.0,0.0,1107952.0,0.0,1.0,41,1.0,0.0
0x054ea615e687932d8fe9d8aa12608aa2870727ab,0.0,0.0,0.0,6.420740793145882e+20,0.0,1.0,67,1.0,0.0
0x054ecf2c2c0e21576b16f6b9877e0d9f18740528,10995.0,0.0,0.0,10995.0,0.0,1.0,44,1.0,0.0
0x054f16fa8ecc15dc47d22422d3d864eba43e87cf,1.5539000188984235e+21,8.752021689660124e+19,1.0924360199667357e+17,2.160149169082553e+19,3.980942623847238e+19,76.0,49,0.0012482099093257153,0.056322939592114346
0x054f3f0b924c04cffbb7da01758916c2ec2b8ab9,1.8440447055542975e+22,9.81903025328835e+19,12054798655.0,7.226586045413641e+20,1.5857934467955672e+21,57.0,0,1.2276974756201512e-10,0.0053247246250122055
0x054f52abacec7481b912135356da0e893af5a36b,1.4350263801338903e+21,6.900000000685829e+19,6.900914363569831e+19,3.025321452107063e+19,1.2240303680728883e+20,58.0,0,1.000132516359987,0.0480827397754322
0x054fa0f8cde92f9fe429a514b7f050763178b064,5.257485344851462e+16,0.0,0.0,2.628742672425731e+16,1.5162740232138556e+16,2.0,44,1.0,0.0
0x054ff0420b375e27e43998a97a244eaa51e5b1cd,1089310.0,0.0,0.0,1089310.0,0.0,1.0,44,1.0,0.0
0x054ffb629aae21f407a63e3ce78e9878d53c4450,1e+17,1e+16,0.0,5.5e+16,6.363961030678928e+16,2.0,23,0.0,0.1
0x055009e026b441f8c23fa03dd4956262c3e266e3,4.19113382908e+20,0.0,0.0,1.04778345727e+20,1.9001207582634095e+20,4.0,0,1.0,0.0
0x0550dec49ceb48508c847161bb2486fff347d6fc,3.116568490789403e+21,1.9154984615151754e+21,1.1244420867020929e+21,2.826598726878132e+20,4.5033345973519214e+20,30.0,70,0.5870232262220925,0.6146177974834092
0x0550f5196ec5c453f8326c7b9bbc3ae60acaac7a,2.8228640858342464e+20,190493529.0,183707075.0,1.5682578254655492e+19,3.0350133228751983e+19,18.0,45,0.9643743594040929,6.748235947877848e-13
0x0551a19e92fb396e52d65d1de668d6ed7c7d9202,9846240284183400.0,0.0,0.0,4923120142091700.0,6962343272642840.0,2.0,43,1.0,0.0
0x0552dc10c2f60ad861a34073b6a6959776649368,0.0,0.0,0.0,5175971250.6,6532583251.8827715,5.0,45,1.0,0.0
0x0553aeaaa787ca5bbca6e172d3fde33957ff4b91,3.3106425029541337e+22,1.4323481958148122e+18,1.432348195880413e+18,4.9430776899246326e+20,1.6814551492959158e+21,67.0,2,1.0000000000457994,4.3264961243526214e-05
0x0553bbd6525c779c8d7b529b85c1fb04183df542,1e+17,0.0,0.0,1e+17,0.0,1.0,102,1.0,0.0
0x0553d865f1b279d87fe296ad28af11b02a7274ef,5.01e+20,1.500000000002e+20,1.500641106882146e+20,7.92557197600818e+19,8.620586664832403e+19,12.0,73,1.0004274045867634,0.29940119760518963
0x055403dfcc60b0cb1205bab91a9001700a969f10,3084925653954700.0,0.0,0.0,514154275659116.7,212706802650106.25,6.0,53,1.0,0.0
0x0554408aad2b092973f5b44f4325f8fd2a1d8376,9694000000.0,0.0,0.0,9694000053.0,74.95331880577403,2.0,20,1.0,0.0
0x05547ef01188a7ce563d44cb26391f1d24a51683,1.9854e+22,1560000000.0,1560000000.0,9.92700000000078e+21,1.146271224448993e+22,4.0,135,1.0,7.857358718646116e-14
0x055622a2fda7d6f3b813adcc70a32203e2eabc58,9.269119154905869e+21,18500000000.0,18528234640.0,8.082487606687479e+20,2.4935575707221313e+21,22.0,55,1.0015261967567568,1.9958746554907e-12
0x055673880d2f505fd0a8ed40ed0bb96641100957,1108456.0,0.0,0.0,1108456.0,0.0,1.0,41,1.0,0.0
0x0556817d5a64bff612ad0b13da3e9f026053b48d,1107868.0,0.0,0.0,1107868.0,0.0,1.0,41,1.0,0.0
0x0556ba62cf5325e058d1ab758f76e9c0bb201ed9,5.705093760836595e+21,500000000.0,500516776.0,5.092609481827503e+20,6.361383052274947e+20,17.0,39,1.001033552,8.764097856415947e-14
0x0556d8577f44cd4aa6d0fd89b6670e6ca2fa7fd6,9.093277097634669e+19,6.164451593071833e+19,0.0,1.173671437746654e+19,6.246652574434186e+18,13.0,5,0.0,0.6779130919341854
0x0556e7b4190a2a17cf5d1c549b2fed7f34622a8c,2e+17,5e+16,0.0,1.25e+17,1.0606601717798213e+17,2.0,23,0.0,0.25
0x055733d53eb3ddfb8395e9c9856dee0ec26283a8,4e+18,0.0,0.0,4e+18,0.0,1.0,44,1.0,0.0
0x0557d5aeec6f2dbffdc2a4cdce59ae3286a2e896,1.9598762118473576e+22,3.383000000008056e+21,2.5531905786598654e+21,3.084911933482858e+20,7.274061277535928e+20,138.0,51,0.7547119653129724,0.17261294257045334
0x05580b7f012c40f0ed632cac5452baf95e1628bc,5000000.0,1000000.0,1000148.0,3000180.5,2309524.065044499,4.0,22,1.000148,0.2
0x05587a5e2cc8e154373ad05db9738ab3e672fb79,2.9428029128830076e+21,9.829636759131118e+19,1016963061.0,9.932501869725491e+19,1.782613148590836e+20,52.0,61,1.0345886485126776e-11,0.0334022938338783
0x0558ce4898b68ea1fc759fbfcbdfb902138147d3,0.0,0.0,0.0,2627.0,0.0,1.0,76,1.0,0.0
0x055948f72297ed3b34a97dc35fa47b318cc7514b,1.44683261540345e+21,4.1152998496044004e+20,0.0,3.0972710006064834e+20,4.08647851059713e+20,6.0,86,0.0,0.28443510367347136
0x055994e836a0d561af0cbc04b9d3a6682debd0c7,1067640.0,0.0,0.0,1067640.0,0.0,1.0,49,1.0,0.0
0x0559f1ea983c22b31da99d916b69bca76ec2d860,1e+16,2000.0,0.0,5000000000001000.0,7071067811864061.0,2.0,1,0.0,2e-13
0x055a875cd844f04a2c2ee1bb72999d7e7b40761d,2.7511710786399234e+22,5.713500000037681e+21,4.805344515873726e+21,1.9208325347536768e+20,3.780763467023572e+20,323.2399999999998,3,0.8410509347758877,0.20767519855080124
0x055acb1b90797996b4fa1f7605e74b84887e3821,7e+20,0.0,0.0,7e+20,0.0,1.0,128,1.0,0.0
0x055aec00dc22bfca3f2acf092148bddf218e1ac7,118000000.0,0.0,0.0,118000000.0,0.0,1.0,7,1.0,0.0
0x055b202158a09b979e283c46bf364906267b7a7a,5e+19,0.0,0.0,5e+19,0.0,1.0,44,1.0,0.0
0x055be3a0cff9bfefc49a270e6a4cf4ecf70b8779,0.0,1.5121331125909834e+22,3.0242845259378268e+22,3.818759918186679e+21,6.816677982797653e+21,12.0,76,2.000012102609028,0.0
0x055c23e9781d408895ce4d6f3f3fb6e5ad55f730,1.5234103198194703e+21,1.043649027341765e+20,1.0446344269434597e+20,6.833536594899329e+19,1.266819176212302e+20,36.0,57,1.0009441867676574,0.06850741482868787
0x055c5967aaf0b69868783c0527e526b7edc3f0fd,5.4e+19,3.5e+19,4.702965593723227e+17,1.7894059311874464e+19,1.7394211577198254e+19,5.0,76,0.013437044553494934,0.6481481481481481
0x055d4bc9855caba4d63b3276fddb0334060c5573,9.94e+20,434000000.0,434000000.0,4.96999985000217e+20,5.738861502537299e+20,4.0,111,1.0,4.3661971830985914e-13
0x055dad607b7b17e3b51ddcaf14b69ec081bc253d,1e+16,1797484161143314.0,0.0,5898742080571657.0,5800054572445625.0,2.0,23,0.0,0.1797484161143314
0x055ec9b317dd215d37330ba8f41c70bddbf45678,1.426514537144236e+21,8.73e+20,8.739972974838608e+20,3.6225493944388973e+19,1.032832069183598e+20,127.0,77,1.0011423797065988,0.6119811451397289
0x055f10edf3684e20dca3c20c063c736da702bcfb,5.376726769708291e+23,4.199051244553148e+23,0.0,1.4467509337654693e+23,2.5377709923776695e+23,56.0,0,0.0,0.7404715138481062
0x055f6af93f25e2fadcd2dd3e6bfe6cffb1bd4f83,3.001345969347092e+19,0.0,0.0,1.500672984673546e+19,2.1203685995070448e+19,2.0,42,1.0,0.0
0x0560f3ac84eecbcc480af7ebe93313da8f7ea414,2.3400122090920922e+22,2.930000000005909e+22,2.330165997080792e+22,4.640533255441451e+20,9.98977417698126e+20,211.0,0,0.7952784972955949,1.252130219073826
0x0561141d896f112dddd1b23ffb86574a1a20d634,7799416457459755.0,0.0,0.0,3899708228729877.5,61490421410544.52,2.0,39,1.0,0.0
0x05615d12837d86fef13a82ba9667bdf7945ab86e,1108708.0,0.0,0.0,1108708.0,0.0,1.0,41,1.0,0.0
0x05630e6507c8cd2cffad16a4ad1e91d5cdc4d020,1111000.0,0.0,0.0,1111000.0,0.0,1.0,41,1.0,0.0
0x0563fcc76d4a53c1eeb2ba05655035c0ed04e152,1.3221001937616008e+20,30000000.0,0.0,2.2035003229365015e+19,2.985505397627252e+19,6.0,18,0.0,2.2691169808125416e-13
0x0564172c94b328dbc7e138a4e6d7214351badec3,2.90000000003203e+21,0.0,0.0,9.6666666667901e+20,1.674315780639225e+21,3.0,11,1.0,0.0
0x0564a1ad815472f0cb047f6b1b6f6003a25fe75d,1e+16,2000.0,0.0,5000000000001000.0,7071067811864061.0,2.0,1,0.0,2e-13
0x0564b84258949c6180e6ebf4c5a8c9d3b29b444b,2200000.0,0.0,0.0,1100000.0,0.0,2.0,44,1.0,0.0
0x0564ecd1b6a8e3475f66e3f879ac5f26e8a56bef,1e+16,0.0,0.0,1e+16,0.0,1.0,1,1.0,0.0
0x0564ef02d9a6c0cd54ea09a05d1075defdb44a20,5e+19,0.0,0.0,2.5e+19,2.1213203435596427e+19,2.0,40,1.0,0.0
0x05650a088669d09a70c1fbc3cea48a9ceaf33f0e,1e+18,160000.0,0.0,5.0000000000008e+17,7.071067811864344e+17,2.0,144,0.0,1.6e-13
0x05650c164aa6b7f73819f2df6d0dca58494f9619,1.0120855672189549e+18,0.0,0.0,1.0120855672189549e+18,0.0,1.0,45,1.0,0.0
0x05652f73f092d02985a3acf758e2841056fada7d,1.029e+17,0.0,0.0,1.029e+17,0.0,1.0,99,1.0,0.0
0x0565547f1f76a5453ff27730f390689479637cb8,1.5e+18,0.0,0.0,1.5e+18,0.0,1.0,45,1.0,0.0
0x0565c6ee1a948d902c45b4c4639a3c7db445a259,0.0,0.0,0.0,5664986084.5,6134078557.727342,2.0,69,1.0,0.0
0x05679df1e0f5719dabb8cbbfd46d9513c93907d0,6.520822301657994e+22,3e+21,0.0,2.13150696926839e+21,4.3307351566789027e+21,32.0,0,0.0,0.04600646760819131
0x0567d99a4420b8da0fd91c5ecba78955c04974f0,4.144549011126352e+20,280449674.0,280634727.0,8.578394181763165e+18,5.539542213769797e+19,103.0,2,1.0006598438763028,6.766711486511846e-13
0x05682a10a7ff570e61ffc585042f3730f726c456,5.102126069668028e+19,552822.0,0.0,5.669028966321308e+18,1.662738476158761e+19,9.0,40,0.0,1.0835130148714056e-14
0x05683c2ca8cda1688438c5c75568ee0e2f6e750d,5.361000000396769e+21,0.0,0.0,2.552857143142713e+20,7.527105780247843e+20,21.0,24,1.0,0.0
0x0568c540bc2382dffe1527046a2857c111840fd2,4.4e+18,0.0,0.0,1.4666666666666668e+18,1.1547005383792512e+17,3.0,43,1.0,0.0
0x0569edc117504fa0a7fb925d63fc0f5d2de5fca2,0.0,0.0,0.0,177127026.25,118121607.83679372,4.0,68,1.0,0.0
0x056a2909f81c63a6b18798c335a3f593402489c5,8.34e+20,4.8109381876259996e+19,4.8187321986912485e+19,4.8857129207214645e+19,6.474139128318276e+19,22.0,71,1.0016200605290035,0.05768511016338129
0x056a560537b780be6a4c35079cedb77822c58d82,6.023489982367227e+21,3.8210503025272796e+20,6947545634.0,8.557178454313071e+19,3.111041898752738e+20,103.0,2,1.8182293044938e-11,0.06343582065733941
0x056ac604d80cf08a97d6d17a6d637e02a8103ef2,260000000000440.0,0.0,0.0,3714285714292.0,4866754586682.173,70.0,93,1.0,0.0
0x056aedee9d9817627996c2e76fb08b3e180b8184,10000000.0,14040000.0,14131269.0,8037785.5,1541745.587207403,6.0,14,1.006500641025641,1.404
0x056aeeaf2edcc549796287d271aad19fa44e6203,4694496104742983.0,0.0,0.0,4694496104742983.0,0.0,1.0,43,1.0,0.0
0x056b1e5ba8dbdc1ccb9f51c14551e7fe97f1e3a1,2018583.0,0.0,0.0,1009291.5,5627.862871463732,2.0,39,1.0,0.0
0x056c440156eae478b7532a79788a69ddcea63a19,1.0502947296784883e+17,0.0,0.0,1.0502947296784883e+17,0.0,1.0,95,1.0,0.0
0x056d7935d510c740785624591be14745aec5e704,1.001759638158518e+17,0.0,0.0,1.001759638158518e+17,0.0,1.0,100,1.0,0.0
0x056daa8c2878e9172dcf2d7054b075acce22d515,5e+17,5e+16,0.0,2.75e+17,3.181980515339464e+17,2.0,23,0.0,0.1
0x056e5648032e696461424fefbefd5660acc56d9b,3.95e+21,5.66e+20,5.66e+20,2.258e+21,1.9537533109376936e+21,4.0,130,1.0,0.14329113924050632
0x056eef32237b76e52da3b4268b0a77bd1c37404a,5e+19,25542019.0,12042019.0,1.0000000000007516e+19,1.7320508075683348e+19,5.0,22,0.47145916695152407,5.1084038e-13
0x056ef71e202603e3aad84d42aed3632e995eac70,1.73e+16,5000000000000000.0,0.0,1.115e+16,8697413408594535.0,2.0,115,0.0,0.28901734104046245
0x056f38256f23c1e0bf991b9eeefdfdf3eb64a6ce,8.62e+16,0.0,0.0,8.62e+16,0.0,1.0,46,1.0,0.0
0x05702d661c46a12e318cd412e2f164b3c35450f4,1.037e+17,0.0,0.0,1.037e+17,0.0,1.0,98,1.0,0.0
0x05717e961ce740ee2692a15a0f58f34825e8bb1f,6.2e+19,0.0,0.0,6.2e+19,0.0,1.0,80,1.0,0.0
0x0571b1369eef3221ea6769d93d48bf49d821ab86,1069067.0,0.0,0.0,1069067.0,0.0,1.0,43,1.0,0.0
0x0571c2fc7b5024f1efbf51f529e45625e63b2ccf,1000000000000000.0,73.0,0.0,500000000000036.5,707106781186495.9,2.0,23,0.0,7.3e-14
0x0572826741f58b2ffabc6fe2b196ea77993442d8,132563758.0,5610000000.0,10000049.0,532028366.54545456,1112071123.7216687,11.0,4,0.0017825399286987523,42.31925893350127
0x0572bb5ba631fad81c3d911cdffdabdbeee2735b,3.765630735189283e+16,0.0,0.0,1.2552102450630944e+16,2.1740879185373868e+16,3.0,44,1.0,0.0
0x057313f0809f338763ddfc005e43ca7d9fac0a10,5.1e+21,8e+20,8e+20,2.95e+21,2.4826061575153905e+21,4.0,108,1.0,0.1568627450980392
0x05738aa4019e4bd797c4670fe66641ceaf88b2fa,9.002413537115007e+20,2.0005500000035458e+20,5.50472542966723e+16,4.4016685908557726e+19,8.549571004983455e+19,25.0,18,0.00027516060231723644,0.22222373941784726
0x0573c1458426e6c0baf682596a88b1ecfd1e5b24,513555525742257.0,0.0,0.0,513555525742257.0,0.0,1.0,46,1.0,0.0
0x05747b9294fdb5d9e4fb24250807142c82311c32,6304169943914267.0,0.0,0.0,6304169943914267.0,0.0,1.0,45,1.0,0.0
0x0574d93609ad75fa73eea91576a274873d8c3079,9230000000.0,0.0,0.0,9230000000.0,0.0,2.0,29,1.0,0.0
0x057536f8e7ae97f17aa5fd21bd7942a7fe152241,1e+18,0.0,0.0,1.6021902920870779e+19,5.02142498441603e+19,21.0,7,1.0,0.0
0x0575d52465bf30e9c0bfc3fd7256e4743a2f11fd,7.899770204544911e+21,1.640519126804447e+21,3076298833.0,9.278379264758306e+19,2.5432005740095052e+20,114.0,5,1.8751983946644353e-12,0.2076666895779602
0x057639a8a802d8f5ce025dd6dc149ba1d17d234f,4.541750000000024e+19,2.5e+19,2.500296818651842e+19,8.700725101127526e+18,1.5628760777985112e+19,11.0,71,1.0001187274607368,0.5504486156217289
0x05773554ce76136914c2623ff5a6cbf9060c9d4d,1.23e+19,0.0,0.0,6.15e+18,6.576093065034892e+18,2.0,4,1.0,0.0
0x0577ba0a9145afa894becc8f2387711fd48a6e04,6.7200000000021e+21,4400000000.0,4401833718.0,1.8162162162197322e+20,6.712152888334954e+20,37.0,9,1.000416754090909,6.547619047617001e-13
0x0577d10320eaecd294b5d92ea3c4f09fddcf9943,1.12e+18,0.0,0.0,1.12e+18,0.0,1.0,38,1.0,0.0
0x05783f328f8d64bc7f230911a6605165a2300360,102000000.0,0.0,0.0,102000029.5,41.71930009000631,2.0,66,1.0,0.0
0x057880e32656dee0cacd1188cc231e13a80dac65,1.5e+19,0.0,0.0,1.5e+19,0.0,1.0,48,1.0,0.0
0x057abc564ba0e32611387cc3964d2c465c2018db,100000000.0,0.0,0.0,99939405.0,85694.27081199769,2.0,69,1.0,0.0
0x057bcaf22fe3994333bea7d27009ff27b95fb12f,8.564371826522442e+20,734506490.0,0.0,8.564371826529786e+19,2.0843026371803297e+20,10.0,1,0.0,8.576303141409099e-13
0x057c1c29f1e071c8a4f92baf4255e8b76e5f8eed,7.092469593001555e+20,22757000000.0,22883182780.0,5.768902145467128e+19,1.7481832868628025e+20,33.0,11,1.0055447897350265,3.208614390459327e-11
0x057cbdf52f285319235983ef77ad96dfc9ce9620,2.7716148086949145e+22,7.000000000142001e+20,14094263081.0,9.961986582735197e+20,2.546426133280557e+21,54.0,7,2.0134661543877268e-11,0.025256034778649957
0x057d1a2b6ee1c3f1e478adb3059fd1541900e26f,1.0724647898279395e+21,4.964647898279395e+20,4.965069641092444e+20,2.3290395526130618e+20,2.2056271366914893e+20,11.0,76,1.0000849491890846,0.462919430583441
0x057d7248fcf362236e61b505868be9678b609538,1000000.0,0.0,0.0,1000000.0,0.0,1.0,43,1.0,0.0
0x057e26424db996ccf850a5e4d52d0c2457587d7a,2.5770709827644088e+22,8250000000.0,500000000.0,1.2271766584596588e+21,2.4521415171532e+21,21.0,8,0.06060606060606061,3.201308794044266e-13
0x057f4e2ed5cddbbe33cd90e821d28c8b3ff29796,3e+20,0.0,0.0,3e+20,0.0,1.0,125,1.0,0.0
0x057fe25001337cdfd44a7917fb999290f93e35f4,11994000.0,1e+18,0.0,3.3333333334133024e+17,5.773502691827003e+17,3.0,20,0.0,83375020843.75522
0x058029f046ce0868cd7045343d3f831feae523b5,2.9e+16,5000000000000000.0,0.0,1.7e+16,1.697056274847714e+16,2.0,117,0.0,0.1724137931034483
0x05804c97ed9afda7533ec39f942dc2ba2d02031b,1008021.0,0.0,0.0,1008021.0,0.0,1.0,45,1.0,0.0
0x05805ef5b428b765d10916c6e65362cb141d7b35,4197470103192872.0,0.0,0.0,2098735051596436.0,2923287905445606.0,2.0,40,1.0,0.0
0x05808c037e9f759096cf77a7f1f50a9f01dd5c56,2.4058251908087677e+21,1.252543834895356e+21,1.0010517304385653e+21,5.550477315145288e+19,2.0806161535502487e+20,102.0,1,0.7992149276932877,0.5206296116943923
0x05810cd51a819eb4cdfa4bdba27a90feec167926,1.3383239365380365e+21,5.050716608579149e+20,1680028842.0,4.210236811573274e+19,1.2646026507742934e+20,44.0,36,3.3263177727023974e-12,0.37739118838779
0x0581aa730b3b1de111680591745d2a4c2ef3e064,5.002536e+18,0.0,0.0,2.501268e+18,3.5337406831356483e+18,2.0,42,1.0,0.0
0x0581da9ef60831bc65eccb0f335ec0daa80b4797,0.0,0.0,0.0,627040720.0,0.0,1.0,62,1.0,0.0
0x058228160fb88d755acc37e8dd0099a2a889b941,0.0,0.0,0.0,4.051499376770594e+21,5.321884308121475e+21,3.0,76,1.0,0.0
0x0582a627a632dbf689786b1e537d22062706baa1,4.488389118168434e+20,1.20000000000337e+20,1.2002171897673248e+20,6.9893458506951385e+19,1.4495611780308381e+20,18.0,73,1.0001809914699618,0.26735649882625395
0x0582d6feae3fb27cb31826ea30a45f0e5b86ce7e,2.8e+16,5000000000000000.0,0.0,1.65e+16,1.6263455967290594e+16,2.0,112,0.0,0.17857142857142858
0x0583035204b3053085f8a5dd580f566bee4a89b8,1109847.0,0.0,0.0,1109847.0,0.0,1.0,39,1.0,0.0
0x05834fc3038acb6434e5930f351947af0d6431a0,2200000.0,0.0,0.0,1100000.0,0.0,2.0,44,1.0,0.0
0x05836bb87ccfe6f364b7ec7f821bf6431ff4270f,1107938.0,0.0,0.0,1107938.0,0.0,1.0,41,1.0,0.0
0x058440976f25ab70e3ed83980138806263e56994,1.0000000001570699e+17,2.400001392214549e+16,0.0,4.133333797928416e+16,5.2204722883729464e+16,3.0,23,0.0,0.24000013918375807
0x058476edacb23e9507cff379e7dd8cf4dee4d2db,2.4049722374227514e+22,161081980356.0,161119183698.0,9.270830522243558e+21,3.4922931014704684e+22,24.0,52,1.000230959055245,6.6978727591725064e-12
0x058494fd3ad045bf0b7af25733555c64e742852f,1.530000009341e+18,0.0,0.0,3.8250000467050003e+17,6.386639663412652e+17,4.0,19,1.0,0.0
0x0585a7671569aab97fe798ed25b3a03a148f9179,459466.0,0.0,0.0,459466.0,0.0,1.0,50,1.0,0.0
0x058607160117c0a9c2af83cce266a9541ff341fe,2037800.0,0.0,0.0,1018900.0,2865.1966773678905,2.0,39,1.0,0.0
0x05861850bdb054b967c9405c4d8baef2e047473a,1.5797376945900399e+22,2.0000000000163932e+21,2.0031800451730975e+21,5.152725264978896e+20,1.7042015123706906e+21,94.0,24,1.0015900225783392,0.12660329666536294
0x0587a761fac209de0d9bb6e186fa21523582d028,1000000.0,0.0,0.0,1000000.0,0.0,1.0,45,1.0,0.0
0x05880d8210711050cd379851161297a0559fa8f3,0.0,0.0,0.0,1.4125191223107419e+20,2.412553723590612e+20,7.0,52,1.0,0.0
0x0588fc09cfb90f057eb8bd46344ab483b7c42dd1,5.421720433609163e+21,1.9000000000038e+21,1.900004664231717e+21,7.322048478013555e+20,1.695226685190935e+21,20.0,86,1.0000024548567983,0.350442267038656
0x058996b42aeff3012d868ee5e116e8616ccd8f85,955119670993015.0,0.0,0.0,477559835496507.5,97674726255707.52,2.0,31,1.0,0.0
0x0589a45d8e905150cb4f229cd30c54ef1202a84c,2218873.0,0.0,0.0,1109436.5,2211.122904770334,2.0,40,1.0,0.0
0x058acc4702748c7eddf2bf77831a0300f68a8660,1108566.0,0.0,0.0,1108566.0,0.0,1.0,41,1.0,0.0
0x058ae85d9747b3003366b375b4643d51c9100d0c,1.1979719743067062e+20,1.0593724584642865e+20,1.0617968351895442e+20,3.0944807785863946e+18,3.10409676040575e+18,146.0,50,1.0022885026941064,0.8843048762283188
0x058aebff10cdc3057570cfc360ab9754da0d1241,1.6764044804922118e+21,8e+20,8.003931034804443e+20,1.8535443563512073e+20,1.9465167496861326e+20,22.0,75,1.0004913793505554,0.47721180020057613
0x058b0479324ccba9a002ab761bf74ed6ff361525,626992857264.0,500300000000.0,500666282114.0,132660285094.41176,214019567993.82114,17.0,70,1.000732124953028,0.7979357247914308
0x058b0a724821bb506ebd683915829ff9db65542b,4.756e+21,2.8e+17,2.8e+17,2.37814e+21,2.745716222190487e+21,4.0,131,1.0,5.887300252312868e-05
0x058b0e59b6dd493ec3a7fd35de80c2f0a761d994,12609.0,0.0,0.0,12609.0,0.0,1.0,48,1.0,0.0
0x058b10cbe1872ad139b00326686ee8ccef274c58,5.376726769708291e+23,4.199051244553148e+23,1.5050130389162533e+21,6.272052545504023e+22,1.485168551976912e+23,323.2399999999998,82,8.857443992843379e-05,1.1077216020182807
0x058b6e3812f85da4468cf55d98361436bc8e34f6,9.700000000005362e+19,53682241.0,53689384.0,1.0777777777801626e+19,3.2333333333324386e+19,9.0,65,1.0001330607639871,5.534251649481477e-13
0x058b7ae6b79a769d365eb52883369b6fda899ec5,1.1800000000723727e+20,4842354574.0,4842627651.0,3.575757576489689e+18,1.4469861572730907e+19,33.0,91,1.0000563934333653,4.103690316697462e-11
0x058bea196cb4c1ef5019b0ae902fe3ed1021136c,1.6268113360195026e+18,0.0,0.0,1.9076165814019494e+17,3.9498779626805325e+17,10.0,4,1.0,0.0
0x058dc0637fb47ad027cfe61c41f51bc8dd62ab74,3366721359432.0,0.0,0.0,3366721359432.0,0.0,1.0,51,1.0,0.0
0x058e6cf8872e54f8196b0dfb354344906a0798a6,1.75e+20,50000000.0,50080408.0,4.375000000002502e+19,5.055937104036284e+19,4.0,72,1.00160816,2.8571428571428574e-13
0x0591a3e49be38e32391eec94b054e0e38857fc78,1.071e+17,0.0,0.0,1.071e+17,0.0,1.0,98,1.0,0.0
0x05924fea07959afc5ab178eb9de5403850299214,2.637e+21,1.350387394478841e+21,5.5807163936044456e+20,3.030306022559524e+20,3.1131928865089126e+20,15.0,112,0.41326780866154544,0.5120922997644449
0x05928b30cdadf923980ad00655f89349d08751fd,6.776285784707632e+21,4.0000000046e+18,4600364557.0,4.035126933830204e+20,7.414833274915498e+20,55.0,52,1.1500911379273952e-09,0.0005902938765698152
0x05941c397545b80cc196fe139b989ab1be63197c,6.365974127472055e+21,9.361072840096415e+21,9.361181162143984e+21,2.4195598265993716e+21,3.438942136429032e+21,13.0,79,1.0000115715420037,1.4704855302033284
0x05944805b5175cc70253ae77dbe63e3702dd82ce,1.162259809650692e+20,0.0,0.0,1.9373173650555314e+19,2.705481631851363e+19,6.0,34,1.0,0.0
0x0595088cc2e0fca96cd7815633d0ff2cd3e7bbc7,6e+19,44971956.0,44971956.0,2.000000000002998e+19,3.4641016151351583e+19,3.0,1,1.0,7.495326e-13
0x0595228bced10a0b0f0654331c68a47f1952560f,4.4e+18,0.0,0.0,1.4666666666666668e+18,1.1547005383792512e+17,3.0,43,1.0,0.0
0x0595be8ecbaaed83317629be7842884fdfd72b5a,11810.0,0.0,0.0,11810.0,0.0,1.0,45,1.0,0.0
0x0595dae9e1f07787c2595a87f267ab3b6c27ce7f,0.0,0.0,0.0,11181735716.0,0.0,1.0,68,1.0,0.0
0x0596ba515818c72366468b40a93e38f8e44a4e2d,1402360.0,0.0,0.0,1402360.0,0.0,1.0,43,1.0,0.0
0x0596fa0d5905a2ff0d1d48e5a3ccaa965e04456b,8.604278981435331e+19,2.595679673076282e+19,504654685.0,8.635888817896978e+18,2.481895582839596e+19,28.0,11,1.9442101821520452e-11,0.3016731185351781
0x05976ae3ab8e6b3b01039f616670d3dd18b440a8,4.842173918080907e+21,7.6700000338191e+18,33825589711.0,5.750922432784834e+19,3.6204835126886446e+20,85.0,16,4.4101159793812056e-09,0.0015839992870101086
0x05986ff3f0e4c621ba6484762f2d734201c33b54,1.9884930999489492e+20,64213390.0,64300090.0,2.7868165507681935e+19,4.360587778230928e+19,17.0,17,1.001350185685571,3.2292488217157285e-13
0x0598b27a62dfed32267c65f71d212636828a5599,1.4976168439156179e+23,9.256375351800488e+22,9.265879914733026e+22,9.578674515485387e+21,2.6013429555751635e+22,35.0,27,1.001026812609829,0.6180736674675136
0x0598d15a97428f9b39b1e463b84142f8cf5f1028,4423276288565537.0,0.0,0.0,2211638144282768.5,2650009454287667.0,2.0,45,1.0,0.0
0x059949cb13386014e50039c5750b5f160b0d2778,1.505631812863514e+22,1.1987000000104056e+22,1.1720539051317577e+22,1.1773485589866537e+20,5.0808269293908813e+20,323.2399999999998,27,0.9777708393439422,0.796144176663374
0x05995bc5736707208ebdb18bc5be812668b525b2,0.0,0.0,0.0,3.859193323748567e+20,1.0108028340017973e+21,13.0,7,1.0,0.0
0x0599da9dc8adf0baa33b49aba6e560a9486e61c3,9.04e+16,0.0,0.0,9.04e+16,0.0,1.0,95,1.0,0.0
0x059a31c502a18b453acb1da46fcccc3d42509758,3.63329363706437e+16,0.0,0.0,9.337647711561417e+19,1.8672873305766566e+20,4.0,45,1.0,0.0
0x059ada41ed6f1b53a6e4328b2f561a43d69ddc08,6200280525907957.0,0.0,0.0,6200280525907957.0,0.0,1.0,44,1.0,0.0
0x059b254553bb97ca61a99c2bbdbefb594aa94365,1.0000000000001516e+19,1.2404026468111803e+18,2.404026468111803e+17,1.640115041946268e+18,3.7020171157252076e+18,7.0,23,0.1938101691649933,0.12404026468109923
0x059c258fd2f2d2883ae98da6c30cf609bfd6fc87,5.0009712e+19,0.0,0.0,2.5004856e+19,3.5348471638268494e+19,2.0,41,1.0,0.0
0x059c7e54771374cf7bcb433443be573e45fe07a6,1e+16,0.0,0.0,1e+16,0.0,1.0,82,1.0,0.0
0x059cb401dd05cd9abfe746ba3f695b41e2046914,1109481.0,0.0,0.0,1109481.0,0.0,1.0,40,1.0,0.0
0x059df01c9ce8a32c9a278fa65306cc4ac1e77268,7716527839300133.0,0.0,0.0,3858263919650066.5,59023730871169.19,2.0,48,1.0,0.0
0x059e3b842d48b5c37179903d12684b1a1ad2b1a7,1110040.0,0.0,0.0,1110040.0,0.0,1.0,39,1.0,0.0
0x059e51c98c0a5b89624e8c1937a001dbeaceda8c,5.000000000007423e+21,2.5000000284720177e+21,5938603961.0,1.2500000047488004e+21,2.0916500697343423e+21,6.0,111,2.3754415573465544e-12,0.5000000056936612
0x059ecc2543ebee56fd21209a229969286840ce3a,0.0,3.128777062717553e+16,6.257477062717553e+16,4.063983750589348e+19,1.0660059131227398e+20,7.0,69,1.999975369700043,0.0
0x059f81468793528b6ab5d33b79c6f77274f9a6dd,9228000000.0,0.0,0.0,9228000050.5,71.4177848998413,2.0,20,1.0,0.0
0x05a03c1a64d75016a870f5abde6c85539cd38ec8,3.067910187434533e+21,7454047662.0,4313990441.0,6.0155101714888835e+19,2.206005888607174e+20,51.0,2,0.5787446816301294,2.429682489575508e-12
0x05a082d4a4ae72304cb0518eaf460fa474f00620,2.1390563982319826e+20,1.3000000270960731e+17,1.3000954106007798e+17,2.583522067483278e+18,1.9577536903475868e+19,83.0,63,1.0000733719251682,0.0006077446242981607
0x05a08ee67f851cf618de3922d2c9da56fd7838b8,974748126.0,720000000.0,16480504.0,427807157.5,486048577.86017185,4.0,64,0.02288958888888889,0.7386523562293056
0x05a09bd0798c0320678f760890731fbeac9b0b62,4.662960130674795e+20,2.0052646405198964e+20,0.0,3.3341123855973458e+19,6.1384515563912176e+19,20.0,77,0.0,0.4300411293093572
0x05a0d58fe46c6f113ca23d43e73787d25c769017,13604.0,0.0,0.0,13604.0,0.0,1.0,49,1.0,0.0
0x05a0fe42815aafbedf44e623d639ca097f29701e,7.237799994502501e+19,0.0,0.0,5.5446975037170926e+19,1.4685946439464783e+20,14.0,56,1.0,0.0
0x05a120746daac8c26b234a7387ec17ba6df9079f,6.6869836754229985e+19,128849524.0,0.0,1.114497279239314e+19,1.9809625877891903e+19,6.0,63,0.0,1.9268706229023263e-12
0x05a1426afaf2fd88fff3f6de78c0544462dba3e9,7.6e+19,0.0,0.0,1.9e+19,1.4165686240583854e+19,4.0,5,1.0,0.0
0x05a19e0c1ed3da29eb0cc4f2e79dbef594bfbbc7,1e+17,0.0,0.0,1e+17,0.0,1.0,100,1.0,0.0
0x05a20d98ca4196687b9dc5305e1f4841d4cecc7a,1107155.0,0.0,0.0,553577.5,780148.7903627743,2.0,45,1.0,0.0
0x05a28038dbc46d2f7c9e819d0ef6380499bf54d5,0.0,1600780000.0,3201560000.0,2.9943881477915646e+20,7.913272632694496e+20,7.0,77,2.0,0.0
0x05a2b91edda4d53f8546fa29eff0b9a6a61bac38,1.2734575313269504e+16,0.0,0.0,6367287656634752.0,43599152701624.9,2.0,45,1.0,0.0
0x05a344b63615ff8e48d70e067738920a84cb2fec,6.000000000001991e+18,0.0,0.0,3.0000000000009953e+18,4.242640687117878e+18,2.0,54,1.0,0.0
0x05a404de8ddc44db9c9d579fda11e088a66fd1d9,5e+19,2.000000004e+19,2.0002783526255477e+19,2.0000772915794792e+19,2.1794778095287337e+19,7.0,28,1.0001391743124954,0.4000000008
0x05a46cd17bdabb0b230832b93b3f9d72bff942ea,149841.0,0.0,0.0,149841.0,0.0,1.0,8,1.0,0.0
0x05a4a3c1fe0916ec75df97a03cb0d8b8408ec402,2.8993992190017864e+20,144520642.0,144705045.0,2.8993992190072316e+19,5.2111542322438636e+19,10.0,51,1.0012759630558519,4.984503032657779e-13
0x05a5512222dbf0a2227187ea096bc39b6b9b4991,2.0798508949730682e+20,8.113554925808e+19,0.0,2.2240049135029756e+19,1.930977243864233e+19,13.0,79,0.0,0.390102720604549
0x05a5787e3bd8478b9ba08a0ef2036296bc0edf87,1.1e+19,3.5e+18,3e+18,2.9166666666666665e+18,3.690212279350155e+18,6.0,8,0.8571428571428571,0.3181818181818182
0x05a579affa31012fd2af5f479c5ba8147956ed73,1.0200000000048333e+18,0.0,0.0,5.1000000000241664e+17,7.212489168068608e+17,2.0,45,1.0,0.0
0x05a5a6087274ddaac3b52ebb6935866c650a9083,1289921.0,0.0,0.0,644960.5,772096.2583386219,2.0,45,1.0,0.0
0x05a6cac0b7e4b030c2cbbbca93f72e3b203acf06,100000.0,0.0,0.0,100000.0,0.0,1.0,8,1.0,0.0
0x05a726aff20ab6b723a147fcb19d3fa6433d627d,1.1555031553947608e+23,1.1383235830869998e+23,877353091446.0,1.9971752092006228e+21,6.735278926392784e+21,115.0,1,7.707413818720346e-12,0.9851323882348968
0x05a814ca775fbaa70d568cd825ff8b3de2e14dea,1e+17,0.0,0.0,1e+17,0.0,1.0,78,1.0,0.0
0x05a878a8cfe334b909c5108775b6aa23745f390e,5.662842472112025e+19,0.0,0.0,2.919075687758892e+19,5.654109871229406e+19,9.0,104,1.0,0.0
0x05a9015530f7e4261797b1506af6fb4d8981f918,1.3219545531936615e+21,9.95e+20,9.961616819617045e+20,3.566118353965666e+20,3.489608307272772e+20,13.0,78,1.001167519559502,0.7526733786696495
0x05a97d4b9cda015c407da6ecdd2afc5a5353f00d,1.7683500000000756e+23,0.0,0.0,2.9472500000002517e+22,3.0038364094934026e+22,6.0,37,1.0,0.0
0x05a9c57436c5e002624a71df1a223b750e1aafa5,1617396.0,0.0,0.0,1617396.0,0.0,1.0,46,1.0,0.0
0x05a9c66e3ebce844800db7f1e5c9b3892541fb4c,2138631.0,0.0,0.0,712877.0,499583.8206137184,3.0,41,1.0,0.0
0x05a9f15665e735dfc5821639cccd5713ba3ef1bd,2056031.0,0.0,0.0,1028015.5,8552.456518451292,2.0,44,1.0,0.0
0x05aa05b10fa49bf1c1ab11c5857ec0706680dd85,1e+17,0.0,0.0,1e+17,0.0,1.0,101,1.0,0.0
0x05aac88cd537c90a6c694f6ff4bebad781b45859,26133752927.0,0.0,0.0,6540112385.75,3873762194.180189,8.0,0,1.0,0.0
0x05ab23f254285f98e358dd78138a270fd0485045,1108734.0,0.0,0.0,1108734.0,0.0,1.0,41,1.0,0.0
0x05ab8ff4726dfb3d965dcf606e570b734d66254d,1.44954156e+19,10000000.0,10001930.0,9.372482448682419e+17,1.740226297891309e+18,19.0,65,1.000193,6.898732865582689e-13
0x05ac24636011b12ffbe518100e26e25072498f0f,8.471305661037821e+20,3.039064040642421e+20,0.0,9.592527893544015e+19,1.0332558829371847e+20,12.0,86,0.0,0.3587480091315823
0x05ac4029c54a5622b6ef4114308cfced60198aa3,5.0270242059854455e+19,0.0,0.0,1.6844529040428567e+19,2.871348033250907e+19,3.0,58,1.0,0.0
0x05acb1438730ca2e4ae69689c82a00731752a400,0.0,1.7397762559731896e+23,1.4663222052498567e+23,3.7730813711094194e+22,6.01222111856247e+22,14.0,58,2.0000227537603714,0.0
0x05ad1db106f533995cbf40dc6d9694ba80ef0143,0.0,0.0,0.0,5.481863994907001e+21,9.020407610049626e+21,9.0,73,1.0,0.0
0x05ae01015bd81d82e90c0263c5a90a948bef4bb9,378422735.0,345500000.0,345829766.0,53641862.62962963,34867735.01272237,27.0,62,1.0009544602026048,0.9130001134841964
0x05ae85da4be4a3852e8b67d3d40daaab939badb6,2100000.0,0.0,0.0,1050000.0,70710.67811865476,2.0,44,1.0,0.0
0x05aeaabd4b221dc741b0213dedc1c2fe3613e2c0,1.6633999292304187e+22,7.828235593802665e+21,7.842402765884371e+21,1.616343243054782e+20,3.975854784053413e+20,237.0,6,1.0018097529017806,0.470616564076953
0x05b024e370ae7d3e3678a52d5fb68ce9c4ab30f5,1.5025925089514582e+19,3.000000000003e+20,200164100.0,1.1676320111218975e+19,5.7682662684638e+19,27.0,0,6.672136666659994e-13,19.965492854057057
0x05b02f5f36da0730785f75086d55444239a8089d,8e+17,0.0,0.0,8e+17,0.0,1.0,80,1.0,0.0
0x05b033ddba3179c3de5937e76665e5980de7df57,1.2375633598100012e+16,0.0,0.0,6187816799050006.0,269995744982276.2,2.0,44,1.0,0.0
0x05b048ba2f157a628eff029fbf949427a67b3b7c,3692201700098017.0,0.0,0.0,3692201700098017.0,0.0,1.0,49,1.0,0.0
0x05b0b833b8fb2f90cc00594f73fc560e6542bbf3,636770992.0,540000000.0,543921407.0,295087962.0,266227834.40763727,8.0,16,1.0072618648148148,0.848028579794351
0x05b1682594fd90d2683be14e47d6e6b5ef3c0ae2,1.0000000000110728e+18,0.0,0.0,5.000000000055364e+17,7.071067811787178e+17,2.0,74,1.0,0.0
0x05b16a13e7398292cea99546b07551e94f120b31,1.2226036968286579e+22,0.0,0.0,1.1433777334177835e+21,2.756938762298779e+21,18.0,102,1.0,0.0
0x05b2429b8ac58bb93c7385b62799f11849a8a11b,3.792436877945323e+17,0.0,0.0,2.528623456891272e+17,1.4014514615589482e+17,3.0,74,1.0,0.0
0x05b26f4df5372eefabb23039b69e2eabc8684666,2.6240476191752653e+21,7.0000000000065e+20,7.00922833750579e+20,1.642045993430849e+20,2.1176218367887992e+20,34.0,12,1.0013183339284688,0.2667634515796855
0x05b2ad74e7387fa6a6feacc6465f7c5ccb4f9803,5.376726769708291e+23,4.153979930690268e+23,1.4663222052498567e+23,6.1901660803772455e+22,2.857347805524982e+22,33.0,94,1.000454036559186,0.6857139155866602
0x05b2ff2ee8563001555cbaff43edd2e179116eb8,1e+17,0.0,0.0,1e+17,0.0,1.0,102,1.0,0.0
0x05b3395258d0a15d43ea0b101205cca5327c451b,9.648497966690021e+16,0.0,0.0,9.648497966690021e+16,0.0,1.0,95,1.0,0.0
0x05b43571094e8613c2e993b4a8534ef974e84d75,1.0176653967158432e+21,30000000000.0,30021018263.0,4.625751804254068e+19,7.27221761221203e+19,22.0,18,1.0007006087666668,2.947923757338555e-11
0x05b4600b2e54b7bf090f39c2c6e7c70d0a571838,1.900915603664611e+21,1.8972681861903894e+17,1.8974855131062182e+17,2.569425060983056e+19,9.324649427187563e+19,74.0,1,1.0001145472829887,9.98081231240782e-05
0x05b4716b4cd9913274981bdca37e0d8109b8e880,0.0,0.0,0.0,6346683636453058.0,7821222591064180.0,4.0,55,1.0,0.0
0x05b502f8f602672c14e4d2a7ee0a5d1941fab83f,5.49e+20,0.0,0.0,5.49e+20,0.0,1.0,85,1.0,0.0
0x05b56b2b0e2f395f2f814c09c845ecf656b80b1d,7.827665533072005e+21,6.662464588152974e+21,5.152892201504559e+21,1.6563543113071818e+20,1.8029562615764412e+20,147.0,27,0.7734213267965885,0.8511432380451055
0x05b577839fc3272bea6c3e62033a5b69d2679d87,0.0,0.0,0.0,4957937161.0,0.0,1.0,52,1.0,0.0
0x05b605b02eba1c306bd1d7e83d282597849ef3f6,4e+16,1.23330427e+16,0.0,2.616652135e+16,1.9563493121628656e+16,2.0,23,0.0,0.3083260675
0x05b62442eebb2308ab39cf2dbb115fc47b633c52,7.67011575011159e+22,5.915680853816255e+22,4.93597634631802e+22,1.6384607656069232e+21,1.884532395758707e+21,150.0,64,0.8343885460172823,0.77126356974863
0x05b68b3510021ebd6e2f1f49a1d4574437853602,11515790279.0,7085727365.0,7106862691.0,1383950995.75,703030693.4483372,28.0,13,1.002982802598982,0.6153053497267498
0x05b6fbb7474bab00995346330fecff766b275618,2e+16,0.0,0.0,2e+16,0.0,1.0,68,1.0,0.0
0x05b907bf39a7fe8704809decc5631603df28b229,1.1257258130649336e+18,0.0,0.0,1.1257258130649336e+18,0.0,1.0,45,1.0,0.0
0x05b95e058f04185f3aa8c47f025c2ce00a50ad6e,2.6574211998604636e+19,4.905370520493258e+18,4.90537051849326e+18,5.7515312366140243e+17,1.0019409145987016e+18,65.0,0,0.999999999592284,0.1845913820793945
0x05ba97e1d4c3e46bf6c63fc7470dc0bc4dd38440,12026.0,0.0,0.0,12026.0,0.0,1.0,47,1.0,0.0
0x05baba43f8be0876b72184b680d653e31adb1b65,1.90800000000299e+21,2764972998.0,0.0,1.4676923076967345e+20,3.122536772789364e+20,13.0,80,0.0,1.4491472735826347e-12
0x05baf63fe8b7f6bb8e00655b052a709b388d53d3,3.920000000026883e+20,2.00000000000704e+20,0.0,5.381818181849021e+19,9.219741664671046e+19,11.0,14,0.0,0.51020408163095
0x05bb0a35417765cf7b2fc8db8d7ce7ec2d58400d,1e+17,0.0,0.0,1e+17,0.0,1.0,100,1.0,0.0
0x05bbf0c12882fdecd53fd734731ad578af79621c,3.1728884260521345e+20,25219000000.0,6529413088.0,7.211110059931418e+18,9.612439953833812e+18,44.0,10,0.2589084851897379,7.948278229051606e-11
0x05bc47b7ca092a9219a5a9bcaa9728de55e4ae3a,2.7686564565272995e+22,6.6000000000007e+22,3.5065470265329986e+22,5.8923955928793e+21,1.1054693489403431e+22,29.0,65,0.531295004020095,2.3838277170288653
0x05bc5bf93fb199f423b080601d04cee4df82a3db,5e+16,1e+16,0.0,3e+16,2.82842712474619e+16,2.0,19,0.0,0.2
0x05bdac85005e75c04d5cae59434a9e4182aefd90,3.0883917154176244e+20,5.2054151471705725e+20,0.0,4.815074217709044e+19,6.9709230290204205e+19,18.0,102,0.0,1.6854776294031977
0x05bdf051fd2bdd05d366ee1ae4c02733c6823cc6,6.799805687760971e+21,7.1000000000115e+21,1.102029307740975e+21,4.446603149958603e+20,8.586014672468666e+20,39.0,11,0.15521539545622395,1.0441474839186728
0x05be3fbe36e84b550f687afa6f65b78884792e9b,1995151.0,0.0,0.0,997575.5,3428.760781973569,2.0,43,1.0,0.0
0x05be4b528e49d3315f2e98343b70197805809327,16664371500.0,1.2780754630692122e+22,0.0,1.8258220901028982e+21,3.589980896254913e+21,7.0,0,0.0,766950894649.2295
0x05be5be4e9a8f3d2592e36386c9340d1ae330d68,5.471140830239391e+18,49860000000.0,49861607382.0,7.816012693688905e+17,1.9867957039703652e+18,14.0,75,1.0000322379061373,9.113272998644118e-09
0x05bf2958c314fa1e1d9a64fe0cb16a12c6304f9f,1671071.0,0.0,0.0,835535.5,1069184.3440270252,2.0,45,1.0,0.0
0x05bfb595c8eab52456f12ff1bcd10dba0c79b0a1,1150000000.0,0.0,0.0,1150000012.5,17.67766952966369,2.0,94,1.0,0.0
0x05bfec210a3c026b51fe973b5b7146294631c050,1.0000000000011222e+17,0.0,0.0,3.3333333333408148e+16,5.7735026918897784e+16,3.0,23,1.0,0.0
0x05c001fc9f8bb3f2de12f4901532aec7cad3d446,2.6900902651569652e+20,165013652.0,165031849.0,2.23257105259555e+19,5.029540178014329e+19,13.0,75,1.0001102757243383,6.134130669788939e-13
0x05c0498541807d238450690d4d8a0149e0a84e4f,2790396059666.0,2141152230666.0,2141375448728.0,321508918282.86957,192880287589.84497,46.0,121,1.0001042513740046,0.7673291478637939
0x05c076e25257f40410ba317aed8a5f437a524a86,1.0036303657857454e+17,0.0,0.0,1.0036303657857454e+17,0.0,1.0,100,1.0,0.0
0x05c0a11695e17c3d70a76d597d596c0f652ff9ea,1.002e+16,5636.0,0.0,2505000000001409.0,4996668890369922.0,4.0,23,0.0,5.624750499001996e-13
0x05c0be25b708d2cf776890361c458f04f8285979,5537786311323096.0,0.0,0.0,2768893155661548.0,3779031452540566.0,2.0,43,1.0,0.0
0x05c15c999355b8a0e15e3fe60fce60f149a6e039,3.8e+16,0.0,0.0,3.8e+16,0.0,1.0,121,1.0,0.0
0x05c18ffc1c74cb67cb26bb5222aaf3355b74bbc3,5.376726769708291e+23,6.65620000000982e+22,1.8072150017964734e+22,3.2229901379382165e+21,5.008132660239652e+21,323.2399999999998,0,0.27150851864334113,0.06483308054673592
0x05c24294b139c9cc6cf7d3a719ac9898ce3f2bf0,8.693219029489413e+19,0.0,0.0,8.693219029489413e+19,0.0,1.0,44,1.0,0.0
0x05c264e0c7749b60d79c5924e89f62bc09c2f1f3,4552616380153313.0,0.0,0.0,4552616380153313.0,0.0,1.0,47,1.0,0.0
0x05c2680073732e7be85c1e0a8dcc47704db5ba7b,1.5e+18,0.0,0.0,1.5e+18,0.0,1.0,48,1.0,0.0
0x05c27519d3c87146fc0c9c75c3762e95402416d2,9.900006446457722e+20,4.5e+20,4.528848572279764e+20,2.2188508819380935e+20,1.965828311405004e+20,13.0,78,1.0064107938399476,0.45454515856503563
0x05c2879f011db90cbe5387c8415fc8fe5e81efda,1.2768046739029764e+21,902400000.0,907481095.0,3.6489236943784714e+19,1.0016226922514475e+20,35.0,1,1.0056306460549644,7.0676433008466e-13
0x05c29a135e4ec2e86cc6edc50f3df2f074d7e976,1.3987832279986622e+20,0.0,0.0,1.3987832279986622e+20,0.0,1.0,82,1.0,0.0
0x05c2b46dd6c07fa45684e1048e11b0b984656565,6e+19,0.0,0.0,6.00034723611387e+19,4910660215798542.0,2.0,55,1.0,0.0
0x05c2df41d143da3fcefdf3f435cfa39cde7210ce,2e+18,0.0,0.0,2e+18,0.0,1.0,49,1.0,0.0
0x05c3739cba77cbe93ad664e845edb45bfde62df5,1.93e+16,5000000000000000.0,0.0,1.215e+16,1.011162697096763e+16,2.0,115,0.0,0.25906735751295334
0x05c4853a809c29c1674474f7998556ef1e2a1af5,6774398281797109.0,0.0,0.0,6774398281797109.0,0.0,1.0,42,1.0,0.0
0x05c49ea0823e51503cd782a88cbf36d8db54d562,1.7873917564461915e+20,4.050599421073304e+19,0.0,2.4361687850581148e+19,2.4220293250452963e+19,9.0,48,0.0,0.2266206838240638
0x05c50a9d2757d7f0dbe29a62c6014416f5305f33,3e+18,0.0,0.0,1.4925e+18,1.005e+18,4.0,87,1.0,0.0
0x05c52cd5d423ee6f17334ff54ade74291d89f678,5e+17,0.0,0.0,5e+17,0.0,1.0,51,1.0,0.0
0x05c6df5d4cc1158629ffef15d67e34eee73a77b2,5.376726769708291e+23,4.199051244553148e+23,1.4663222052498567e+23,2.270859930317422e+23,2.883448756377183e+23,32.0,54,1.0001707934998054,0.23249969628524872
0x05c736f2742488470f9837186689c3b212d9459f,5.25e+20,0.0,0.0,1.3125e+20,2.247035083541569e+19,4.0,35,1.0,0.0
0x05c74e7e87637eddbe6479ca006f96acd5870948,4.0000000000049905e+18,0.0,0.0,2.0000000000024952e+18,2.828427124742661e+18,2.0,43,1.0,0.0
0x05c78cb90daf80eb6c57ae8657d8089e91345be4,1e+18,0.0,0.0,1e+18,0.0,1.0,23,1.0,0.0
0x05c7db85dd8471a25fc6b34dca4aed67ba518a49,1059389.0,0.0,0.0,1059389.0,0.0,1.0,44,1.0,0.0
0x05c824cb84307759b21a29d95b1066a9d1c29cab,0.0,0.0,0.0,4.9148944494520904e+23,5.9363661595995046e+23,8.0,76,1.0,0.0
0x05c8f94d48672c9304d0774e164bbfb03beb78ae,3000160000.0,2000000000.0,0.0,1500080000.0,577257893.1465554,4.0,53,0.0,0.6666311130073063
0x05c932400fefadbcfc589686f48506db5965da99,1020198.0,0.0,0.0,1020198.0,0.0,1.0,44,1.0,0.0
0x05c985db49d9e29aa66b465f18c7c6dd244e9774,2.006000000001822e+21,5.00000000000703e+20,703554160.0,1.9276923076961924e+20,3.3637111297027775e+20,13.0,33,1.4071083199980216e-12,0.2492522432703135
0x05c9c5709ce386ced020d05d66b963af3acaee5b,346031076404.0,0.0,0.0,346031076404.0,0.0,1.0,50,1.0,0.0
0x05c9db563db8e38cc2899297da41ce430b61a484,0.0,0.0,0.0,8.835245691784979e+20,3.3838925101529773e+21,323.2399999999998,63,1.0,0.0
0x05cbeb96622ec258fb0525a9bdd16182f9264df1,2.717015067270617e+21,4.52850000012235e+20,1.3500239528896215e+18,2.9112569644478652e+19,1.4840196372333147e+20,109.0,64,0.002981172469588488,0.1666718765999139
0x05cbed339b897c1d53ddbf9881087308f02e41c8,4.159548569260765e+21,1.4605939396905879e+20,9.107675986327798e+19,2.3220130124992584e+20,6.994810530148788e+20,19.0,51,0.6235597546199025,0.03511424173489491
0x05cbfb4688f53601d515624c6e65df0fb8ca5769,1.8046617094206835e+17,0.0,0.0,1.8046617094206835e+17,0.0,1.0,41,1.0,0.0
0x05cc45d29dee48eb6e8620b508f7da7e118782f7,1e+17,1e+16,0.0,5.5e+16,6.363961030678928e+16,2.0,20,0.0,0.1
0x05cd14412ccd74f05379199181aa1847ed4802fd,2e+16,1000000000000000.0,0.0,7000000000000000.0,5196152422706632.0,3.0,1,0.0,0.05
0x05cd49807e99379a1fa15d44fa5b3239f3432999,1.2598205882942616e+16,0.0,0.0,6299102941471308.0,10414500334171.525,2.0,45,1.0,0.0
0x05ce0c6ea73606fc6340943562550f12e764dcd1,1e+17,5e+16,0.0,7.5e+16,3.5355339059327376e+16,2.0,23,0.0,0.5
0x05ce267f3583e5b46b0daf8ca1d63b322dcb7814,0.0,0.0,0.0,4.996610875548826e+21,8.654383902038425e+21,3.0,67,1.0,0.0
0x05ce7c47431bea9dfec18a7c0b5a0565618c9cc8,5.6e+19,0.0,0.0,5.604615293558201e+19,6.527010744340651e+16,2.0,76,1.0,0.0
0x05ceffd4104ebc52638778968733d4fec8808060,3300000.0,0.0,0.0,1100000.0,0.0,3.0,40,1.0,0.0
0x05cf1fab07d66d0755e770a3f3951cbe2467b4f9,513946757688530.0,0.0,0.0,513946757688530.0,0.0,1.0,40,1.0,0.0
0x05cf60b657103efcd42f75a5e10a29a92e181f4b,4.0629919919981946e+20,2.4777142613023254e+20,2.5003368477333887e+20,6.9108655681200824e+19,3.93223899862453e+19,19.0,11,1.0091304258866285,0.6098250417874381
0x05cfa2830540f19d57fd16b3ad6d5a18cad878d8,1e+17,0.0,0.0,1e+17,0.0,1.0,16,1.0,0.0
0x05cfc5e72e8b7012fb9e811abbd1d66a7ce3e409,3.93e+16,5000000000000000.0,0.0,2.215e+16,2.425376259469858e+16,2.0,114,0.0,0.1272264631043257
0x05cff72c988ba507e33b70405a0e20f392b794db,3e+18,0.0,0.0,1.5e+18,1.414213562373095e+17,2.0,43,1.0,0.0
0x05d0bbe8ec0e32702d62fda162c5828b5652fc07,1.2852888332308546e+20,0.0,0.0,1.2852888691023115e+20,5072990075027.503,2.0,78,1.0,0.0
0x05d0fcc6bb04a28d0ef9ad7e7cf27360ddbfd193,1028278.0,0.0,0.0,514139.0,713276.9949591813,2.0,40,1.0,0.0
0x05d17cbb6f077c6ca16fbaee56d61fa8e639090b,1052018189.0,0.0,0.0,1052018232.0,60.81118318204309,2.0,112,1.0,0.0
0x05d19dcc556638641022b35d3f5c7e25c9b1b7c2,6.862143270284772e+20,1.341961376799687e+21,1.3419617610390957e+21,4.507057297927538e+20,3.377295861582264e+20,9.0,151,1.000000286326727,1.9556009309960047
0x05d25d6b85302347c2e8de4523576bcd7e6bdf5d,4.4e+18,0.0,0.0,1.4666666666666668e+18,1.1547005383792512e+17,3.0,43,1.0,0.0
0x05d264cf6873f6d53dc1eb914f9a63b9106c10d9,2.4226361296894684e+21,3500000000.0,0.0,3.4609087567042406e+20,7.440681048139955e+20,7.0,24,0.0,1.4447072579771305e-12
0x05d2bea5d43181387d7fb5827b29b0904f40c8ec,1000000000000000.0,6.0,0.0,500000000000003.0,707106781186543.2,2.0,23,0.0,6e-15
0x05d2bfc5fb23ebc9fedabc72e244de6ab7cc8d25,4431770638671512.0,0.0,0.0,2215885319335756.0,2663573410038018.0,2.0,45,1.0,0.0
0x05d2d40448ec264b542a3b2c308789796bce9e1e,9.550491413126014e+21,6122768559.0,6123027643.0,9.328778901874662e+20,1.3183285082317416e+21,20.0,73,1.0000423148445843,6.410946090779144e-13
0x05d2f53c5bd50defe43628e01197b47dcfa1764c,5.376726769708291e+23,2.000200000139519e+22,2.0002592579912115e+18,1.1223653116863151e+21,3.722505963046624e+21,323.2399999999998,70,0.00010000296259632479,0.024328839379628753
0x05d373d910177db708cded252f6129f9ab7890b7,3.966547284434419e+22,0.0,0.0,6.648599446757886e+20,4.105242344480094e+21,65.0,2,1.0,0.0
0x05d45037ed91c3a6ed96935ec53e993c9cffb610,0.0,1.5044873805864465e+21,3.009257829237449e+21,9.550670665960292e+20,7.198811750127855e+20,7.0,66,2.0001881491783906,0.0
0x05d548cd9be2e4c13e293dbb8b7831df276ee569,660751871.0,0.0,0.0,662664204.3333334,3161180.710174163,3.0,17,1.0,0.0
0x05d567f041a05d72f455164ff9a1e29b4569d2f4,1011978.0,0.0,0.0,1011978.0,0.0,1.0,41,1.0,0.0
0x05d57fb285311a1b5339633a58dcbe525c53fd3e,146680352.0,0.0,0.0,73340176.0,93041428.46657746,2.0,93,1.0,0.0
0x05d5b5d8f81b61ae473cf223aac694f13517a939,1.4000000001655882e+20,600000000.0,600337666.0,8.23529411966628e+18,3.3954987504566276e+19,17.0,51,1.0005627766666667,4.285714285207383e-12
0x05d7019693ca6ce077a20b89c7b392053f440885,1.015e+17,0.0,0.0,1.015e+17,0.0,1.0,97,1.0,0.0
0x05d7e7f4dc1f0fea57d645c33857696888379655,1.2741708076703192e+16,0.0,0.0,6370854038351596.0,52143382559397.39,2.0,45,1.0,0.0
0x05d819ced977861e58639eefd74d8f29cb300707,1e+17,0.0,0.0,1e+17,0.0,1.0,101,1.0,0.0
0x05d86155059212345aeb0224ae0b717b7099dfd5,0.0,0.0,0.0,4.4362567365977276e+20,7.683822063161407e+20,3.0,106,1.0,0.0
0x05d8da465be1352d4e4a67d6c3c226f427021b4e,8.70372079312099e+19,65510648.0,0.0,1.7407441586255081e+19,2.3842746651422732e+19,5.0,88,0.0,7.526740523636342e-13
0x05d959ff10fd30616b1b23cb012f2f71cd6c42d8,2.417395171554879e+19,91999905.0,3003671.0,9.297673736797267e+17,3.7839583804824873e+18,26.0,20,0.032648631539347786,3.805745377609291e-12
0x05d9c7318e4cdd6ab6b04b135b628a290f9a47dd,1e+19,20085461.0,13085461.0,2.500000000008293e+18,4.999999999994472e+18,4.0,55,0.6514892040566059,2.0085461e-12
0x05d9f1a8b7f8aac18f19f88f76e18972ba8095ef,2.6e+18,0.0,0.0,1.3e+18,2.82842712474619e+17,2.0,38,1.0,0.0
0x05da09fd7515bd600b89b89c0039d09bd91bf0c2,3.3300919339361176e+22,20648273155.0,20696567885.0,1.4603520374717326e+21,4.609739957670663e+21,44.0,8,1.0023389234362345,6.200511446719748e-13
0x05da0c89d3f38528bd5ff5a4d271e50e664401db,4.102234916831918e+21,1.1118889159497065e+21,0.0,8.692980225736766e+20,1.0107845134481015e+21,6.0,102,0.0,0.2710446716221699
0x05db3ffc9fd3f5bef6e29ae05add64a83bbcc159,1.3168121449157346e+21,0.0,0.0,3.872645348686274e+19,1.3899434136331207e+20,52.0,12,1.0,0.0
0x05db7e001f6650745dcff8044d3e5ade3af4c03a,1.4997744744088296e+20,1.0000000000005e+19,0.0,2.666290790681466e+19,3.38459400208881e+19,6.0,24,0.0,0.06667669153355026
0x05db890722dcbc2d386d782692969e78c1f7febf,1189040.0,0.0,0.0,1189040.0,0.0,1.0,49,1.0,0.0
0x05db9d4ed8defda92a61970de6e2c02f1befbc89,0.0,0.0,0.0,2999276433.0,2826903429.8408856,2.0,107,1.0,0.0
0x05dbde7fe248c7f51d9e87063c4d5c4ec3322a1c,5.42e+19,5.545823931183652e+19,0.0,3.916365689708447e+18,2.095846897841048e+18,28.0,57,0.0,1.0232147474508584
0x05dc3b4365d5f93d815a662f8c0825ec9cd34e72,1.0021989030835922e+17,0.0,0.0,1.0021989030835922e+17,0.0,1.0,100,1.0,0.0
0x05dc457a6aff742839eae0f992a1c9da4586f144,5.138541403787376e+20,0.0,0.0,9.805259042288792e+19,2.532964102729423e+20,36.0,8,1.0,0.0
0x05dcb24761e5f9d3e8138f811e4e06db7104478f,8.498485586559317e+22,3.1912440218140272e+22,4.018202865727643e+21,4.798041643800858e+20,1.6300583915382343e+21,267.0,6,0.12591336915199422,0.37550737590955063
0x05dd84aa953d75c659147045260352d89941e75e,21989000.0,1e+18,0.0,3.333333333479952e+17,5.773502691769283e+17,3.0,18,0.0,45477284096.59375
0x05dde6c57ebb98610db7d17afe3ca6d963182b9b,6.292377523315643e+17,0.0,0.0,1.0466971791687605e+17,1.8935801085704333e+17,7.0,55,1.0,0.0
0x05de2c64e8b7d2b85c1e45843c3e97db0d3dd0ff,2.6487969079041973e+20,1950000000.0,1959171406.0,5.405707975521826e+18,2.8134890292720493e+19,49.0,6,1.0047032851282052,7.361832816178025e-12
0x05de6b96c344983c4ab6efea9fb0fb4b6a532e31,43672180.0,0.0,0.0,29117124.666666668,22924016.748373426,3.0,109,1.0,0.0
0x05def9275be6c09e67a37d6279d376836320c556,1005448.0,0.0,0.0,502724.0,708164.6129312026,2.0,44,1.0,0.0
0x05df207c31a393fe4ddece3dd48f00613727ca4c,5.000048057321579e+16,0.0,0.0,2.5000240286607896e+16,3.5354999242747636e+16,2.0,51,1.0,0.0
0x05df82067a9c386c6e940ae135504266c59d0ab4,0.0,0.0,0.0,100090107944.0,0.0,1.0,86,1.0,0.0
0x05df96c1967cd2d0d6e7ea80cf110faa37aa3f3d,0.0,0.0,0.0,50011328.0,0.0,1.0,58,1.0,0.0
0x05dfa941764538a29be71d32a462ae96facffb02,1.0000000000060024e+20,500000000.0,502511209.0,2.857144524377376e+19,4.879503212013518e+19,7.0,60,1.005022418,4.999999999969988e-12
0x05e09b56ec91620f9bab354c573712e446f8eb11,8.414386946083258e+21,2.000000000185485e+20,2.0007375628395e+20,4.308032209010242e+19,1.550265079269895e+20,205.0,1,1.0003687813269735,0.02376881421071856
0x05e0a46a3a96478f8c6915f57e8089b3397e7cea,1.0688777006037779e+22,4.333705782505271e+18,8155728623.0,8.541534857652071e+20,2.418695675276674e+21,25.0,15,1.8819294692140492e-09,0.00040544449379543486
0x05e0ecbd7d549036d64964e243edee92954a946b,1102699.0,0.0,0.0,1102699.0,0.0,1.0,45,1.0,0.0
0x05e1bacfbc6ed227054401ae22f2ebe12fc98186,1109803.0,0.0,0.0,1109803.0,0.0,1.0,39,1.0,0.0
0x05e1bad6e50b12c633410243d1f6f83e72fdb624,9.3e+16,0.0,0.0,9.3e+16,0.0,1.0,94,1.0,0.0
0x05e1c452e571e7edf1a5aab2fffb16de322cb373,2200000.0,0.0,0.0,1100000.0,0.0,2.0,44,1.0,0.0
0x05e1e0e85756cde16309083dd223948b4f34b813,2.1000000000088916e+18,5045717773.0,0.0,4.2000000101092186e+17,9.391485499847892e+17,5.0,118,0.0,2.4027227490374457e-09
0x05e1f287dde4f9514ed22000a62a45b0da9dc409,5.275742758612716e+22,2.50000000029469e+20,27470953720.0,2.869942504349831e+20,7.117321806283474e+20,197.0,53,1.0988381486704732e-10,0.004738669254131864
0x05e2461c8c10138aee241268f28de6003d3dbadb,4.697457199569651e+21,3.8028619935852103e+21,3.8065708270677205e+21,1.9108006035048792e+20,2.87415189777961e+20,89.0,103,1.0009752742773117,0.8095575610425152
0x05e36927724a9d523ebd1e1b7cedb0f259f455be,2e+18,0.0,0.0,2e+18,0.0,1.0,42,1.0,0.0
0x05e422ae83afc05e503c068f7be265bcd844170c,523077616.0,0.0,0.0,523077616.0,0.0,1.0,121,1.0,0.0
0x05e48184dd108b780714184f5e502137365add6f,1106426.0,0.0,0.0,1106426.0,0.0,1.0,41,1.0,0.0
0x05e49ad86a0bcb71ee7382f7e6b031a6ce0f6c89,1100000.0,0.0,0.0,1100000.0,0.0,1.0,39,1.0,0.0
0x05e5a3e89794434042d4b8e51853fe28353f3343,1.4454199884685348e+20,233642213.0,159272459.0,2.4498643872418145e+18,7.731502766142925e+18,59.0,6,0.6816938469933085,1.6164313131406938e-12
0x05e5ab383f3c2d423cfd118b83420261ab0990bc,5.274970163094579e+20,2.5826235918841155e+20,1018099368.0,1.6055459760748433e+19,6.451575620560454e+19,49.0,12,3.9421128622822674e-12,0.4895996587721002
0x05e843051a31c0abd1fd35b5b08ead0345c3b7e1,1.9598509670251668e+21,1.468807503644248e+21,1.4697960814176554e+21,2.402063909021296e+20,1.7728431176363786e+20,29.0,73,1.0006730478779247,0.7494485694867566
0x05e8b27dfc779b23b9b43a3b65d763af22ee2b8d,4.2389806717824156e+19,0.0,0.0,2.1194903358912078e+19,1.7246197722002676e+19,2.0,44,1.0,0.0
0x05e92f4ea55ce9a333a47689911b13407f82d81e,270000000000450.0,0.0,0.0,3750000000006.25,4875203137691.319,72.0,93,1.0,0.0
0x05e9e2624a9c70efbcf9d51fc169d304d3d5df8a,5.551925837556466e+21,3.5000000000088405e+21,1000000000.0,1.0982470219005115e+20,2.3346345855393183e+20,103.0,3,2.85714285713564e-13,0.6304118791236003
0x05ea34e37b28962b9f17fce9cff68637ebb80e58,1.51487e+21,2.7717518927684115e+17,2.772136710791511e+17,3.8857035611804e+19,9.85000990135037e+19,39.0,2,1.0001388356671113,0.00018296962067823716
0x05ea3953d9e20d90b84c55311c6a989e68d1244a,1.5e+21,700000000.0,0.0,7.5000000000035e+20,1.0606601717793263e+21,2.0,8,0.0,4.666666666666666e-13
0x05eb8a2e940df49b71aefaaefc0ff317135eaa58,10307000000.0,0.0,0.0,10307000056.0,79.19595949289332,2.0,19,1.0,0.0
0x05ebdbd59a1cde6b913a4d7345e6a8de1ec9ee30,1.7880000000010815e+19,10815940.0,10827508.0,2.2350000000067615e+18,3.887941063628817e+18,8.0,74,1.0010695325602768,6.049183445186498e-13
0x05ebdd6df09501627b6fe9919805116cfcf14b9b,1.043e+17,0.0,0.0,1.043e+17,0.0,1.0,94,1.0,0.0
0x05ebf7b089a859af295b4f4d96673edcb5ef6621,6.403965959387827e+20,1.4600000000100247e+23,1.4641450265720643e+23,1.1713877417019233e+21,8.827713888380649e+21,303.0,0,1.0028390592890488,227.98372278505835
0x05ec08e0f92b0077e64ae43785b91ac248889629,0.0,18401991075.0,33484556067.0,4.0681782146505425e+19,1.1112236622536388e+20,10.0,76,1.8196159280008781,0.0
0x05ed5e22bbf41969b11b3690700c8583b3844e25,1.0431585919726749e+21,6.672e+20,6.694619081789506e+20,3.804711571669026e+19,9.811954441355112e+19,90.0,41,1.0033901501483071,0.6395959398065112
0x05ed735c93879d84d082425572fe5ff827a0db56,1.531603239932192e+21,8.812203730008675e+20,7.506739151019158e+20,3.797240230930554e+19,7.590985515377015e+19,122.0,7,0.8518571949779205,0.5753581280226865
0x05ed9694f8f17d71d6385b891ba4c799394d9e44,0.0,3.554157482840501e+21,7.108396887138015e+21,1.4815434227394795e+21,2.1209287822579485e+21,13.0,75,2.000023049473021,0.0
0x05edd5d14eb0dd90902dd0bc85ff606963c36164,1.2310948884228664e+18,0.0,0.0,6.155474442114332e+17,7.290941876505953e+17,2.0,45,1.0,0.0
0x05ee3c534b3c640889148539568847b034424be8,2.3919348570770097e+21,1.1037152247524903e+21,1.0429257909340256e+21,7.78933644302882e+19,1.5625468485891437e+20,71.0,75,0.9449228999879957,0.461431974824453
0x05ee92b20265f364620710d8ffb416784e1d18f8,2000000.0,0.0,0.0,1000000.0,0.0,2.0,44,1.0,0.0
0x05efc12df01a04a1e92d817d4bf5447178cb5f2f,1.4264871379612564e+22,8.500000000038796e+21,27788171624.0,2.260502042244026e+20,6.324520447640608e+20,103.0,0,3.2691966616321372e-12,0.5958693754636334
0x05f0397c6dd5eb63b5ad51f9e7e87d0823e7632a,1.7505811598431187e+21,9.54e+20,9.540137045702865e+20,2.8469456058335868e+20,2.2607105447537194e+20,19.0,48,1.0000143653776588,0.5449618800224574
0x05f087b8510d203f1a4ab22ce8ca875a9478a3d3,2e+18,0.0,0.0,2e+18,0.0,1.0,46,1.0,0.0
0x05f0b984052bafd32557c5edc33dd380c2e32762,1316827257638078.0,1050000000000000.0,1051155166131783.0,789206075520023.5,525078214251705.94,6.0,29,1.0011001582207457,0.797371100810389
0x05f0ba0f63b401bc9b86089265cee2f79c955768,5514539338966938.0,0.0,0.0,2757269669483469.0,2805808958833430.0,2.0,44,1.0,0.0
0x05f1d03682e1f5c7da8028a2c0bdc73eded4f033,4.236966706522424e+16,6769667065224241.0,0.0,7.071620031542345e+17,1.9803374784104233e+18,8.0,77,0.0,0.15977626292892402
0x05f21f7f87849d71fe5e9958ca374d5ede017901,1e+16,0.0,0.0,1e+16,0.0,1.0,19,1.0,0.0
0x05f2cc77c8814053df4a2f3f2dc912afcdd82b86,98.0,0.0,0.0,98.0,0.0,1.0,51,1.0,0.0
0x05f2da0c2c5472bde55483910e7dfd8ed004da0f,6353302524385045.0,0.0,0.0,6353302524385045.0,0.0,1.0,48,1.0,0.0
0x05f37b9818dda0546fce45a149f5c9495bfb63bb,1.09e+17,0.0,0.0,1.09e+17,0.0,1.0,97,1.0,0.0
0x05f49042292c9792d182f6a524c21585c96c2df6,1.300005e+18,0.0,0.0,6.500025e+17,9.192352800086058e+17,2.0,40,1.0,0.0
0x05f4ccfe7747aa083954f54c6c67e93882c6428c,2.000000000001001e+18,0.0,0.0,1.0000000000005005e+18,1.4142135623723873e+18,2.0,44,1.0,0.0
0x05f51dc944dffd85b33d6cab7ec654bb35cc9fc5,13970230.0,0.0,0.0,13970230.0,0.0,1.0,43,1.0,0.0
0x05f5471afc2822d6a8a72bffeb8d809518e87e7c,2.15067444207206e+22,2.110823168596818e+22,7.269502977608541e+18,9.689247848760887e+20,2.526782540284356e+21,44.0,1,0.00034439185080771057,0.9814703366089906
0x05f54eaf83bb7cb628a6424beb527eed605ac610,2.9311211561681457e+21,1.00000000000115e+21,1.0001634289818065e+21,1.7614752145748004e+20,3.476619967734557e+20,28.0,46,1.0001634289806562,0.3411663819821252
0x05f590fb73b66c9a681101e8bbd868975fb2b3c5,1.8751926988837321e+21,1.0000000000077187e+20,776533127.0,6.813021382570075e+19,1.696889275447653e+20,29.0,0,7.765331269940062e-12,0.053327852684313476
0x05f668b4dc0a8d66cf8b4fe552722d9e2202d818,5.500000019060725e+19,0.0,0.0,1.6666666771210227e+18,4.826144074800276e+18,33.0,2,1.0,0.0
0x05f6a9e135b8c6fa89b1c4b98653bfe4e58c4893,664203.0,0.0,0.0,664203.0,0.0,1.0,44,1.0,0.0
0x05f705c29e66ce141cc44150a9f7068a1d3f580c,239499978.0,0.0,0.0,239575165.0,106330.4751141459,2.0,28,1.0,0.0
0x05f71f76916e215db35e436556572c7d870f4f45,2.5563687509229276e+16,0.0,0.0,1.2781843754614638e+16,1.727908226941751e+16,2.0,50,1.0,0.0
0x05f78c7f3e79c3a6c453d188b013e3812e52cabb,1.503e+18,100000000000000.0,0.0,3.0062e+17,6.704739159728736e+17,5.0,20,0.0,6.65335994677312e-05
0x05f7ecf97b445a44b25ed19cd81f6e254c6ea7ff,2.696294252232644e+21,1.950000000005e+20,500036882.0,1.606274584577924e+20,4.4907534026439754e+20,18.0,52,2.5642917025575273e-12,0.07232148339856893
0x05f86353c6b6cfd4070bc811e135c234e1d77cd1,1066350.0,0.0,0.0,1066350.0,0.0,1.0,43,1.0,0.0
0x05f864aea649d17ce380248864b2aced4f67851d,1515100.0,0.0,0.0,1515100.0,0.0,1.0,45,1.0,0.0
0x05f969a403048494472e402af9a18040065ad7ac,4688804171534126.0,0.0,0.0,2344402085767063.0,2840484715352955.5,2.0,43,1.0,0.0
0x05faaeec0c95c706fca67b25cbbfb21a783a0a34,0.0,0.0,0.0,1090243686.0,0.0,1.0,66,1.0,0.0
0x05fb5845068ab806510bc2b3d13c78e08fa6e988,2.0449821135477926e+18,0.0,0.0,1.0224910567738963e+18,1.1547056437239428e+16,2.0,43,1.0,0.0
0x05fbbd0bc6e9570aae0a0e7d8cb3de9a2ae2b6b4,9.79e+16,0.0,0.0,9.79e+16,0.0,1.0,96,1.0,0.0
0x05fc1b756b87591676b0970442fc6281db12e812,7.335932839426959e+21,4.526407661840245e+21,3.2379876576946726e+17,2.7269256809671773e+20,4.246502476577514e+20,60.0,1,7.153548464033494e-05,0.6170186888180157
0x05fc68f4b7714389a17128653f82d50bee98e542,9.949719524026165e+21,9.653721436042188e+21,3.258531401211526e+21,2.959383577402862e+20,8.499816978372464e+20,128.0,10,0.3375414779471254,0.9702506098519448
0x05fd3ebceeb2b571876cc77c898c512e14e2cda6,2.0926734535828906e+17,0.0,0.0,2.0926734535828906e+17,0.0,1.0,50,1.0,0.0
0x05fe433fa225928e856966bf00f1270281e6f663,4.907241365946504e+20,5.575444580987767e+19,31891048.0,5.03419432150147e+18,2.0648986341153837e+19,121.0,0,5.719911217259389e-13,0.11361667717586132
0x0600ae45122546e01397ea4ce8fc0ffe1cab372f,1.62e+18,0.0,0.0,5.4e+17,8.314445261110328e+17,3.0,44,1.0,0.0
0x0600de154559da51a7b68388cedc72bdda941ddb,2.235893441993638e+22,5500000000.0,4700413122.0,1.0163152009066735e+21,3.1191355837638876e+21,22.0,82,0.8546205676363636,2.459866779293344e-13
0x060107c887eba77cccf5ddbcd9631e2371ab6f22,1.2274437204822203e+20,6.58e+19,6.580000000124685e+19,2.6934920855894753e+19,3.985117416197126e+19,14.0,89,1.000000000018949,0.5360734582124014
0x060253f772bb050ad5439e5c980356df02cf0725,4.000000000000009e+21,0.0,0.0,1.239193594649666e+21,2.591236590182653e+21,19.0,30,1.0,0.0
0x060265b9f30a8e95a37a7ba755e38e3e08d8156e,4.266e+21,0.0,0.0,4.2660000656122283e+21,92789703161059.5,2.0,134,1.0,0.0
0x0603f558cda9a95cc297ab38e08438298ff8dbb9,19148000000.0,0.0,0.0,9574000185.25,318697197.03833556,4.0,19,1.0,0.0
0x060557d6362d3f7e40381571fc85525c61c064c8,1.7629297062041057e+18,42013742505.0,56026541638.0,1.646806135194385e+18,4.3549781698492493e+18,17.0,25,1.3335289430912363,2.383177409578224e-08
0x06056feef38a0c5ec0a1c7c8f3d4d4c06023b298,4.990076200285461e+19,225000000.0,59976840.0,2.9353389413646797e+18,1.2076390639599628e+19,17.0,30,0.26656373333333333,4.5089491817204854e-12
0x060583d3080d1f9c92cfd8985d723b35972bcc73,1.0036998420188002e+22,0.0,0.0,2.5092496050470005e+21,4.99451569486935e+21,4.0,70,1.0,0.0
0x0605cec3dfeb1b5e4d850fd094a34d66f49bcd97,1110220.0,0.0,0.0,1110220.0,0.0,1.0,41,1.0,0.0
0x060752bfa4e4f03f7a3cff4a069ad8f234068619,6350287319129700.0,0.0,0.0,6350287319129700.0,0.0,1.0,43,1.0,0.0
0x0607aa9076c72dab964a04dbf73ef9ba58206997,5.808091309291822e+22,5.8000000000070905e+22,5.800854131720977e+22,4.551378134331351e+21,6.374410231562466e+21,51.0,90,1.0001472640886009,0.9986068901375935
0x0607b97b63fd136e2cc4706574fcc5f6cae8d5cc,1.5e+18,0.0,0.0,1.5e+18,0.0,1.0,44,1.0,0.0
0x060855029c9be17b6f13e9d6a12929ccb9846480,4.1000000000127754e+19,0.0,0.0,8.200000000051124e+18,1.6709278859332977e+19,5.0,37,1.0,0.0
0x06089bceee94a485c61b311cb61934d5cf8a684e,1e+17,6.6893516662026056e+16,0.0,4.172337916550651e+16,5.003792260362222e+16,4.0,21,0.0,0.6689351666202605
0x0608dd91be17e1ecbab078a14a075bc8e9ae6b95,1.2493990264307876e+19,1.126e+19,1.1377806697309315e+19,8.229798538917975e+17,1.827727143576988e+18,58.0,76,1.0104624065105963,0.901233293911468
0x06098dc30b09865b5eaaf0a40dd373c0fbbf2741,9.340937353604477e+16,0.0,0.0,9.340937353604477e+16,0.0,1.0,96,1.0,0.0
0x060a8f894509c0d83fa2c5dfe01cca5d3a83ef6a,4.4e+18,0.0,0.0,1.4666666666666668e+18,1.1547005383792512e+17,3.0,43,1.0,0.0
0x060aa29adb1e32a4d5471461ea5e9815028a82c5,1e+17,0.0,0.0,1e+17,0.0,1.0,100,1.0,0.0
0x060ad357c1f777fb031e7404ac26ee88b5a704b5,3.988e+22,1.63818058456996e+22,1.6381812706657943e+22,7.264361855235754e+21,1.3320998435610117e+22,10.0,82,1.0000004188157525,0.41077747857822466
0x060bb7f9d479437099cd521df4f5051a247ab3ae,0.0,0.0,0.0,1.1725346233608085e+21,1.6582143667055637e+21,2.0,90,1.0,0.0
0x060bbb0bcc744293a1e7df8dd7cc2ec81951bf94,2e+16,1e+16,0.0,1.5e+16,7071067811865475.0,2.0,23,0.0,0.5
0x060c5656a5cc445369c20042e57716e08789652a,4.468669040542942e+21,3392366515.0,30618011.0,3.311980104966953e+20,1.1515846822340862e+21,15.0,69,0.009025561024911838,7.591447216659009e-13
0x060c5955567657dbc9c2374e4647bf9d10c011ac,2.6018441295689495e+19,0.0,0.0,8.672813765229831e+18,1.500578628833402e+19,3.0,96,1.0,0.0
0x060c7f117b1bc0f056b6c198d91dd5cc3b482b12,49298405.0,10124293142.0,10125843536.0,3391456804.1666665,4610904893.612228,6.0,17,1.0001531360242395,205.36755990381434
0x060c9c259134e0e5d434db7be18a1e98248065ec,1.6058889195142218e+18,0.0,0.0,5.3529630994062285e+17,7.124380496029953e+17,3.0,44,1.0,0.0
0x060cafc9f21db4171257ead799edb2fbffa56899,1.0084651688660687e+21,700000000.0,700660080.0,3.7840236304255484e+20,5.7805061212929366e+20,9.0,72,1.0009429714285714,6.941241220924755e-13
0x060cbd27bc12765e1eaad4097ecb535c6444cb61,107856995.0,0.0,0.0,107857003.5,12.020815280171307,2.0,16,1.0,0.0
0x060cd95870d75c91168f12a451d71c3231a79c66,1e+16,2000.0,0.0,5000000000001000.0,7071067811864061.0,2.0,1,0.0,2e-13
0x060cf7710b40686fd903894b9f65d10589d73f28,2.393105602945137e+22,1.2500000000008e+22,1.2500207012394494e+22,7.286326946046258e+21,5.223734061343309e+21,10.0,71,1.0000165609909195,0.522333823656781
0x060cfcf2bd89aadaedd2f2b4760466ec1c57377c,1e+17,0.0,0.0,1e+17,0.0,1.0,109,1.0,0.0
0x060d0cc814854f60cc6ca2566a047526a85f1d9a,4.5e+19,2.242499884275613e+19,0.0,1.6856249710689032e+19,9.462170127733447e+18,4.0,18,0.0,0.49833330761680283
0x060e95ef23d06dbacfe4639fd25c6020b1d879bf,4324488177168186.0,0.0,0.0,4324488177168186.0,0.0,1.0,44,1.0,0.0
0x060ff445d1232bae747fc927899dc2b59331a484,4416696960067952.0,0.0,0.0,2208348480033976.0,2650416931472927.5,2.0,45,1.0,0.0
0x0610be26ebcad7c6bd2c4fc21017583acd733b0a,193950400.0,0.0,0.0,193950400.0,0.0,1.0,77,1.0,0.0
0x061122cffab0f594d3689865e935b2961f0a309a,3.763995339273392e+22,3.00000000004429e+21,3.000238998731427e+21,7.185197963199067e+20,3.390389160752496e+21,111.0,0,1.0000796662290445,0.07970254290015712
0x061150e5574716dbb1a2cdf54b3dce9f94395f65,5e+17,4.424372020825298e+16,0.0,1.81414573402751e+17,2.7678737710309123e+17,3.0,129,0.0,0.08848744041650596
0x0611afbf50787361164004b2596719e5116b7315,6.801272117587468e+21,5.301758244524972e+21,5.304917763100271e+21,7.471317709641613e+20,1.324656825916681e+21,31.0,62,1.0005959378812797,0.779524499661631
0x06127311a4fb86ffdce6f781d7db183e9c2a3d34,3.99e+16,5000000000000000.0,0.0,2.245e+16,2.4678026663410508e+16,2.0,109,0.0,0.12531328320802004
0x0612c30d06853fe2505905cd610d985b26976da3,2.744867608384282e+21,0.0,0.0,5.25774075903006e+20,3.2779907449376204e+20,7.0,30,1.0,0.0
0x0613036cbb45c3eeaabdea389df101d6022f3684,1.5642e+22,5e+21,5e+21,1.032099975e+22,6.144161276040875e+21,4.0,124,1.0,0.3196522183863956
0x0614d8ff2f527455e8fd8b4ed88abf3eab918f76,1.3742784940806324e+20,8.44e+19,8.476982479085193e+19,2.0193536350495117e+19,2.6125685673035833e+19,22.0,9,1.0043818103181508,0.6141404407005734
0x0614e07756390441cb246c886917487840e74f7d,6.99e+18,2.695000152459669e+18,0.0,1.2106250190574587e+18,9.244474629626834e+17,8.0,8,0.0,0.3855508086494519
0x0615774010b017e7ec09d228ef37d06564a1d825,2.400085696847564e+19,25000000000.0,25005436255.0,6.000410611116859e+18,6.425851705158039e+18,8.0,76,1.0002174502,1.0416294731824243e-09
0x061667d49211840a590513f622a92ec170de7879,515000000.0,0.0,0.0,515000000.0,0.0,1.0,86,1.0,0.0
0x061716a85aba5e37626e4a2c33596d59823d30b8,1.182081928329729e+18,0.0,0.0,1.182081928329729e+18,0.0,1.0,45,1.0,0.0
0x0617d8b4509d856bcfd0870b1bb27c8f68e1d536,1178812.0,0.0,0.0,1178812.0,0.0,1.0,45,1.0,0.0
0x06185db89f5c8ef5e5a0abc95c5cb69b54c33f30,98.0,0.0,0.0,98.0,0.0,1.0,51,1.0,0.0
0x06189341e523a52ae10c4bd4a7774371fac1b249,9.664407909841848e+18,1.2500000295310019e+18,0.0,2.4255456883688187e+18,2.6265862384051707e+18,7.0,95,0.0,0.1293405701820648
0x0618c450370822c5cb25ec143a3008230d8e2c12,1.4105464317308176e+19,0.0,0.0,1.4203069339512262e+21,3.1601403334553706e+21,5.0,105,1.0,0.0
0x0618e615c8c9b5efc8c8eadc68be7182bdc455e2,1.7252421812065972e+21,1200000000.0,200108365.0,1.1437871765801689e+20,1.3796742374612235e+20,22.0,52,0.16675697083333332,6.955545216038863e-13
0x06192f889f17bf2aff238d08d8c26cbcfcc7b45a,9.858813982222252e+22,3.1927930730165526e+23,1.1238688504679364e+23,3.563572594156634e+21,1.0767346682266456e+22,183.0,79,0.3520017817522087,3.238516396367662
