userWallet,total_deposit,total_borrow,total_repay,balance_mean,balance_std,tx_count,days_since_last_tx,health_ratio,leverage_ratio,log_total_borrow,log_total_repay,log_total_deposit,log_tx_count,repay_ratio,recency_score,balance_cv,pca_raw_score,pca_clipped,Scientific_Credit_Score
0x0000000002032370b971dabd36d72f3e5a7bf1ee,9.45936581470771e+22,3.946000000007e+22,70024572850.0,4.348852554983178e+20,1.684377432357193e+21,323.2399999999998,0,1.7745710301539733e-12,0.4171527010692026,52.029574453471206,24.97211205812396,52.903877388071194,5.781483982320053,1.7745710301539731e-12,1.0,3.873153690683607,-3.1580290391321237,-3.1580290391321237,316.8131544722187
0x000000000a38444e0a6e37d3b630d7e855a7cb13,1.06096172676103e+22,11605000000.0,11613645226.0,4.244767261229196e+20,1.4372968724004906e+21,25.0,42,1.0007449570012923,1.0938189104548069e-12,23.17470187675898,23.175446556417473,50.716047832051935,3.258096538021482,1.0,0.023255813953488372,3.3860440018194997,-0.0613052738571753,-0.0613052738571753,594.4990066237398
0x000000003ce0cf2c037493b1dc087204bd7f713e,2.7418827529682684e+23,8.633978978750131e+22,3.3681345309004864e+20,1.109254309229092e+21,3.4706448248548407e+21,323.2399999999998,0,0.0039010223897812,0.3148923479460703,52.81257750829353,47.266060899317324,53.9681019594129,5.781483982320053,0.0039010223897812443,1.0,3.1288089629030735,-2.907430239076273,-2.907430239076273,339.28456187444755
0x0000000506063a51c6ce59906d8c40f7d7fe92a7,5.376726769708291e+23,4.199051244553148e+23,1.4663222052498569e+23,4.057144858457564e+22,4.807122567956568e+22,69.0,94,1.0020595180240393,0.7469233735021081,54.39431574448044,53.342214503478296,54.641536920764615,4.248495242049359,0.3492032175487058,0.010526315789473684,1.1848535696071074,0.07902250110557549,0.07902250110557549,607.0823174789134
0x00000029ff545c86524ade7caf132527707948c4,5.376726769708291e+23,4.199051244553148e+23,1.4663222052498569e+23,1.663091582752502e+23,3.317324857355523e+23,47.0,139,1.000157193393154,0.4455347019537698,54.39431574448044,53.342214503478296,54.641536920764615,3.871201010907891,0.3492032175487058,0.007142857142857143,1.994673589692024,-0.23572122892628894,-0.23572122892628894,578.858979684531
0x00000087c4cebffb95746d1935de7fbcab092f40,2.000200538589319e+22,2.1000000001237225e+22,1.1798988409671992e+21,1.6873164393981867e+20,1.2593416012772692e+21,250.0,0,0.0561856590903659,1.0498947278580322,51.3988093906573,48.519715659683776,51.35011949069698,5.5254529391317835,0.05618565909036595,1.0,7.463576907520899,-4.462308293775661,-3.345527590534549,300.0
0x000000e28faa823d5b53ff6c2922c28335840375,5.376726769708291e+23,4.199051244553148e+23,1.4663222052498569e+23,2.863229999794964e+22,4.991648225638239e+22,297.0,0,0.7018996328692699,1.0848397819635471,54.39431574448044,53.342214503478296,54.641536920764615,5.697093486505405,0.3492032175487058,1.0,1.7433626449833548,-2.080381368280325,-2.080381368280325,413.44673708465245
0x000006eee6e39015cb523aebdd4d0b1855aba682,3.87628792744121e+22,2.310000000000175e+22,2.3100038412828127e+22,4.821592209523189e+21,7.894605160183042e+21,28.0,99,1.0000016628929167,0.5959309636539403,51.49411957040278,51.494121233294315,52.011750021824106,3.367295829986474,1.0,0.01,1.6373440177272365,0.5998475832280097,0.5998475832280097,653.7851452780255
0x00002b503a75998c97508916a74fdb41934fa030,8.753846698080166e+20,4.199051244553148e+23,1.4663222052498569e+23,6.917935852086809e+21,2.8497554719333e+22,147.0,0,0.7247732560713147,672.6128755840715,54.39431574448044,53.342214503478296,48.22119508628245,4.997212273764115,0.3492032175487058,1.0,4.1193725019489245,-2.7321027873354264,-2.7321027873354264,355.0063234949546
0x0000ce08fa224696a819877070bf378e8b131acf,2.500000001947075e+18,1.4170933200616298e+21,0.0,2.077539602492411e+20,4.448720712085871e+20,14.0,44,0.0,566.837327583182,48.702894768903796,0.0,42.36282240654581,2.70805020110221,0.0,0.022222222222222223,2.1413409914057806,-0.07785479866233953,-0.07785479866233953,593.0149966678771
0x00010a708585ba4812a1c5976182626c75cb7a6b,1.983901697249004e+20,3.000000000008307e+20,3.0041094863201875e+20,2.8283591316392944e+19,7.761911799397448e+19,29.0,4,1.0013698287706232,1.5121716989144598,47.15031414855179,47.151683039962904,46.736767319758506,3.4011973816621555,1.0,0.2,2.744316205311136,0.027695789254006755,0.027695789254006755,602.4798076010674
0x0003816b25fd3d6c112eb65c089760fa3f791947,5e+21,1.3e+18,1.3e+18,2.50065e+21,2.886000790598182e+21,4.0,101,1.0,0.00026,41.708895938360314,41.708895938360314,49.96372486530906,1.6094379124341003,1.0,0.00980392156862745,1.1541002501742277,0.8848850498760717,0.8848850498760717,679.3446971853783
0x0003bbb966655dc0fbbb380797b07fc547e9ddc5,1.82000000022388e+19,915968086.0,0.0,1.447813216683455e+19,5.977358224987532e+19,37.0,9,0.0,5.032791680699592e-11,20.635492082511842,0.0,44.347953268098586,3.6375861597263857,0.0,0.1,4.128542381095283,-1.1088063614886525,-1.1088063614886525,500.5686937523346
0x0003f46779806fe779e7f30eec95dbdb4d45840b,2034568202.0,1945000000.0,1396327014.0,279271359.9166667,236376324.47409365,24.0,0,0.7179059197943445,0.95597680042775,21.38852781453096,21.057111065286673,21.433549448068508,3.2188758248682006,0.7179059197943441,1.0,0.8464037434580703,0.11027199445903421,0.11027199445903421,609.8844861090198
0x0004849537dab5c33fc8c494d05313dfbe2d99f3,999090000.0,507497107.0,512437824.0,323030608.3,277131096.8474342,10.0,1,1.009735458452574,0.5079593500085078,20.045001570341814,20.054689944544155,20.72235542364596,2.3978952727983707,1.0,0.5,0.8579097142090648,1.36859719204977,1.36859719204977,722.7195761144375
0x0004d4112ee696dabc22b221bef156ecdaeb1a59,2.5e+19,1.6e+19,1.6e+19,1.3666665000000002e+19,3.614787038450536e+18,6.0,103,1.0,0.64,44.2191203961326,44.2191203961326,44.66540749876102,1.9459101490553132,1.0,0.009615384615384616,0.26449664482523977,1.47857601106228,1.47857601106228,732.5814702938801
0x0005696d4be2359526c497fe4a4c0620b41f2426,2.9350141e+17,592247574.0,592297200.0,1.4736597132767429e+19,3.873077116269094e+19,7.0,84,1.0000837926606687,2.0178696041017315e-09,20.199435306440122,20.19951909559024,40.220658838255886,2.0794415416798357,1.0,0.011764705882352941,2.6282031607263985,0.7379303208153789,0.7379303208153789,666.1671417235365
0x000a27ba176083e4b50177378cbe7469a00dd557,276526904.0,160000000.0,160082274.0,72779897.08333333,49703908.74057894,12.0,58,1.0005142125,0.5786055450141662,18.8906843794481,18.891198459782945,19.437818679798568,2.5649493574615367,1.0,0.01694915254237288,0.6829345840331026,2.4422877762423445,2.4422877762423445,818.9983234027375
0x000a3d1bef684a7c029267a26068de56b1c1b4dc,1.9281445079779702e+22,4.800000001338327e+19,13385125834.0,1.2102447431869305e+21,1.9586330459614017e+21,43.0,66,2.78856788130583e-10,0.0024894399675323,45.317732685079534,23.317409915069906,51.31343019151931,3.784189633918261,2.78856788130583e-10,0.014925373134328358,1.6183776521133606,-0.26196150654593087,-0.26196150654593087,576.5059916869542
0x000c8e2871750f458bf1de8ab528dda09bc95db6,1.5e+22,2.356e+21,2.356e+21,8.678e+21,7.300016803633628e+21,4.0,131,1.0,0.1570666666666666,49.2112522186643,49.2112522186643,51.06233715397717,1.6094379124341003,1.0,0.007575757575757576,0.8412095878812661,0.9635919802907261,0.9635919802907261,686.4024145341142
0x000cdb5d7a2cda2947603f2993f05db57e3197dc,7.132457629292884e+16,971000000.0,921516338.0,1938770315524282.5,4996689912586357.0,71.0,3,0.9490384531410916,1.3613820795964064e-08,20.693837027285465,20.641531065790538,38.806017351479866,4.276666119016055,0.9490384531410907,0.25,2.577246965551539,0.310328864038062,0.310328864038062,627.823755646316
0x000cef8f0ab0a2fadbecaeb92e8781ab3e04b01e,2.00272e+20,40000000.0,40108150.0,3.337866666668002e+19,2.585521863503763e+19,6.0,51,1.00270375,1.997283694175921e-13,17.50439003707821,17.507090138453812,46.74620811647849,1.9459101490553132,1.0,0.019230769230769232,0.7746030988364011,1.1629453155524394,1.1629453155524394,704.2785975511945
0x000deb0c92e6d3da7f77ed01b8473b3f7f4efc39,2.8256901933637283e+17,879000000.0,501890779.0,3.5321127652419256e+16,9.990323476788605e+16,8.0,12,0.5709792707622298,3.110744419414324e-09,20.59429545678711,20.033893084263163,40.182699231891775,2.1972245773362196,0.5709792707622292,0.07692307692307693,2.8284271032055615,0.150177943715057,0.150177943715057,613.4628864976287
0x000e840a3122ec28d0c29321db172375cb049762,3.837084420447951e+20,216908607.0,217048025.0,3.837084420454965e+19,5.46385102877679e+19,10.0,85,1.0006427499670405,5.652953733415058e-13,19.194986661501087,19.195629204989874,47.396414672584164,2.3978952727983707,1.0,0.011627906976744186,1.4239590350553033,0.8906551948905056,0.8906551948905056,679.8621109932672
0x000e9bd1d42999446d60ff60f1fb3afb13604202,1.8112655988098607e+19,35000000.0,35002269.0,8.284232718622505e+17,2.819235521921164e+18,22.0,5,1.0000648285714286,1.9323505080092977e-12,17.370858648025116,17.370923474493413,44.3431425936819,3.1354942159291497,1.0,0.16666666666666666,3.403134143713365,-0.05991468985783592,-0.05991468985783592,594.6237014729139
0x000f4432a40560bbff1b581a8b7aded8dab80026,9.28472901901214e+18,17600000000.0,17614321013.0,3.666689226745604e+19,1.7946979597421625e+20,25.0,110,1.0008136939204546,1.89558574773274e-09,23.591164739047336,23.591978102098317,43.6749026834587,3.258096538021482,1.0,0.009009009009009009,4.894600684048316,-0.3127302076797564,-0.3127302076797564,571.95351910446
0x000f7f22bfc28d940d4b68e13213ab17cf107790,5.376726769708291e+23,4.199051244553148e+23,1.4663222052498569e+23,2.0576737106643692e+24,2.132800272320016e+24,73.0,129,1.000166484452041,0.8403974990248431,54.39431574448044,53.342214503478296,54.641536920764615,4.30406509320417,0.3492032175487058,0.007692307692307693,1.0365104347041447,0.14344120817743689,0.14344120817743689,612.8587976959536
0x000f908720f9ce164d90f4fc89459fab4442907f,1.5296965019179294e+21,7.935281590685303e+20,7.935551142167785e+20,4.840144177342127e+19,4.966955156241589e+19,96.0,81,1.0000339687356272,0.5187487570727963,48.12302070039854,48.123054668557245,48.77935630384289,4.574710978503383,1.0,0.012195121951219513,1.0261998350158854,0.9846720632776103,0.9846720632776103,688.2926834929659
0x000fbfec300959d0f2f327728a889c1f5de8e2df,5.93233163408689e+20,1.4e+20,1.4004910116409685e+20,1.5291028307159823e+20,1.898038588864689e+20,8.0,52,1.0003507226006918,0.2359948981873616,46.38817409650213,46.38852475761402,47.832119188542485,2.1972245773362196,1.0,0.018867924528301886,1.2412759630926569,0.9292124662037039,0.9292124662037039,683.3195742844084
0x0011730224657eb527cf736039854c3a3f140e63,4.5e+21,7.39e+20,7.39e+20,2.6195e+21,2.1714143624221824e+21,4.0,136,1.0,0.1642222222222222,48.051829594841024,48.051829594841024,49.85836434965123,1.6094379124341003,1.0,0.0072992700729927005,0.8289423028906976,1.0236044614818867,1.0236044614818867,691.7837847312765
0x00120ea6fdbaf057eadc1bd149f957488444e92c,2.3675989569912272e+20,2608976.0,2608976.0,5.918997392478198e+19,6.83473988132224e+19,4.0,59,1.0,1.101950139104436e-14,14.774468748441832,14.774468748441832,46.913578203181046,1.6094379124341003,0.9999999999996168,0.016666666666666666,1.1547124332252212,1.0095332074326946,1.0095332074326946,690.5220034205552
0x00129c4ce6be31b273de64c65ff3fcdd4706a002,1.1486621116412448e+22,4.923462755854999e+21,9.33385959030951e+20,7.511939351054424e+19,4.153096748147045e+20,231.0,47,0.189579165176169,0.4286258514107512,49.948299047985195,48.28535046447447,50.79546992980943,5.44673737166631,0.189579165176169,0.020833333333333332,5.528661180636515,-1.6328185401682194,-1.6328185401682194,453.58007629601093
0x0014dfac19477a83d7354e6eaac28642c1959398,1.6993360966012305e+20,18156827224.0,18162323503.0,9.44081660969224e+18,1.2892295024626864e+19,36.0,73,1.0003027114226617,1.0684659297424855e-10,23.622312482575854,23.62261514819064,46.581939503254794,3.6109179126442243,1.0,0.013513513513513514,1.3655910878928872,0.9470635250705189,0.9470635250705189,684.9202939058431
0x001589fe1923c2118f34e4277f2ef650fcbf0161,4.14069156227058e+21,9.433796318126906e+20,0.0,2.4187469064853363e+20,4.326982775580639e+20,30.0,2,0.0,0.227831418405717,48.29600045431773,0.0,49.775149770788595,3.4339872044851463,0.0,0.3333333333333333,1.7889357352680388,-0.8834449891681004,-0.8834449891681004,520.7770395585071
0x00159370cbe576b765a7fb2e78582e0cb563d445,1.4378217549440027e+21,4.755336760005915e+20,0.0,1.5719081215497866e+20,3.062261868503934e+20,19.0,3,0.0,0.3307320078900264,47.610969375664055,0.0,48.7174162510445,2.995732273553991,0.0,0.25,1.9481175944843183,-0.7354460559087972,-0.7354460559087972,534.0482296983796
0x00183135585d70a523d61b2e43037a7138b36906,1.5304922101147493e+21,1.420027252822416e+21,6.407402824712978e+17,6.658181163600672e+19,1.8314829062596814e+20,54.0,6,0.0004512168912235,0.9278239009893092,48.70496301643242,41.00140059417377,48.77987634250039,4.007333185232471,0.0004512168912235846,0.14285714285714285,2.7507255529064567,-0.8465580181858168,-0.8465580181858168,524.0847255992717
0x00184e8aa1e95f491f2d9601e12b540092160ded,1.0235e+20,6.1e+19,6.1e+19,8.1675e+19,2.387343363099103e+19,4.0,141,1.0,0.5959941377625794,45.557405538066135,45.557405538066135,46.07492998600012,1.6094379124341003,1.0,0.007042253521126761,0.2922979324271935,1.4086574968869048,1.4086574968869048,726.311817699202
0x0018d044b946ede86b43bb3b964a45772a5abeb9,1.462827654263013e+19,1121816.0,1121820.0,1.3370927428188378e+18,3.631743489815497e+18,22.0,23,1.0000035656471291,7.668818652223128e-14,13.930460250157987,13.930463815795582,44.129488079021094,3.1354942159291497,1.0,0.041666666666666664,2.716149279338031,0.46719619410398805,0.46719619410398805,641.8901824657011
0x0019971fb18fbfc9108d90eb2cdd4d5a0a897eee,0.0,79209353.0,158517071.0,3.747373367909707e+19,8.379381587705142e+19,5.0,61,2.001241835670593,0.0,18.18760495587129,18.88137285526051,0.0,1.791759469228055,1.0,0.016129032258064516,2.236067977496243,2.709095225851929,2.709095225851929,842.9231741873
0x001bc3cfc3eed892dd6de07807333f2b05c5b4e9,3.914713099487479e+19,234424601.0,234555105.0,1.2233478436148436e+18,5.393139868639957e+18,32.0,68,1.0005566992518844,5.988295822513564e-12,19.27264456749738,19.27320111184735,45.11385881126567,3.4965075614664802,1.0,0.014492753623188406,4.408508910028309,-0.19582815918413227,-0.19582815918413227,582.4362251561843
0x001bc97d92e1a30b02d4e75be25f06063555d556,1.1484504979413795e+23,54452832761.0,54495849398.0,4.756227622753872e+21,6.961012333309168e+21,45.0,75,1.000789979782848,4.74141748892162e-13,24.720600709985902,24.721390377898942,53.09787077959347,3.828641396489095,1.0,0.013157894736842105,1.4635574420382174,0.61337087643599,0.61337087643599,654.9977904743656
0x00246f7813397868b1beec56e1677efa47816dae,3.0379081544958256e+21,2.3568e+21,2.359307309858441e+21,2.452930668000485e+20,4.390715181869709e+20,44.0,73,1.001063861956229,0.7757969892908553,49.21159171960119,49.212655016057326,49.46545612436501,3.8066624897703196,1.0,0.013513513513513514,1.7899874787120729,0.6478717077728889,0.6478717077728889,658.0915093449838
0x00262ffcfda82b5582d1905ca05b849f196b0419,101169192.0,57074003.0,57090279.0,31651425.2,18248736.649321463,10.0,79,1.0002851736192395,0.5641441022875818,17.859859299505136,17.860144432465113,18.432304851477333,2.3978952727983707,1.0,0.0125,0.5765533948000827,2.53881962041795,2.53881962041795,827.6544159190427
0x002775390698ef16589bb22bba37ae7906ae2f36,8.138977148594979e+19,6.8201720166501695e+19,3.201720166501698e+18,5.09310706063216e+18,1.1831425790290823e+19,30.0,66,0.0469448594358807,0.8379642665328686,45.66900146080688,42.61021989130095,45.845781281585,3.4339872044851463,0.04694485943588079,0.014925373134328358,2.3230271128096605,-0.25178047941241144,-0.25178047941241144,577.4189330435747
0x0027f7335d610f15b325baa5798414548720fcaa,2.0055276752177456e+17,1518992970.0,1519063995.0,1.5427136512300714e+16,5.562332811446966e+16,13.0,2,1.00004675795175,7.574031457008336e-09,21.141313433162903,21.1413601900215,39.83985378669134,2.6390573296152584,1.0,0.3333333333333333,3.605551041187638,-0.2624043431927451,-0.2624043431927451,576.4662821484369
0x002aea16059a7d4bef638a03b61a9e80ef07e745,1.430619659525877e+21,6.74381785819342e+20,15406926.0,1.1123034449300932e+20,3.244452643278356e+20,41.0,40,2.2845999586541783e-14,0.4713913871719333,47.96032807223731,16.550327771446632,48.712394631626935,3.7376696182833684,2.2845999586541786e-14,0.024390243902439025,2.9168772766700055,-0.6778324987851361,-0.6778324987851361,539.214486335398
0x002cd2707daccbd5f3f192a565fca0a2cea021a6,1.000000000005134e+18,2726309.0,2726309.0,2.000000000031441e+17,4.4721359549820026e+17,5.0,128,1.0,2.726308999986003e-12,14.818459604508893,14.818459604508893,41.44653167389796,1.791759469228055,0.9999999999996333,0.007751937984496124,2.2360679774558494,0.8458081112080561,0.8458081112080561,675.8406348808294
0x002d2715b179d0db3e17cc28317a98f2f65e6884,7.932648299989014e+22,3.3426624892930284e+22,8.000894335516522e+21,6.328770408430586e+20,1.784202848596295e+21,253.0,44,0.239356930624746,0.4213803969221297,51.86363968778327,50.43384028024611,52.72785898540918,5.537334267018537,0.239356930624746,0.022222222222222223,2.8191935138293998,-0.603578752873965,-0.603578752873965,545.8728828446375
0x002dcc4d0ad0bdce1c444ad0bb4d51ac7e61d62b,1.52000000000005e+22,4500000000.0,1380602617.0,5.241379310347546e+20,1.9371656711386688e+21,29.0,10,0.3068005815555555,2.960526315789377e-13,22.227343233944907,21.045785920508834,51.07558238072723,3.4011973816621555,0.3068005815555555,0.09090909090909091,3.6959081883547538,-0.9509590233559503,-0.9509590233559503,514.722998728044
0x002de04d579930686698abab5f48bda0b24fb9fc,9.561601228095397e+21,42533281825.0,42583466718.0,1.1269848265814557e+20,4.48671604709297e+20,85.0,2,1.0011798970323165,4.448342993014814e-12,24.473552708200796,24.47473190970163,50.61204215839157,4.454347296253507,1.0,0.3333333333333333,3.98116810561041,-0.900007377825961,-0.900007377825961,519.2918760900392
0x002e5e69ae7c8999834ee24aeb5c26ad05433820,2.1457e+22,2.5e+21,2.5e+21,1.19785e+22,1.0944829053027735e+22,4.0,136,1.0,0.1165120939553525,49.270577684749114,49.270577684749114,51.4203378853379,1.6094379124341003,1.0,0.0072992700729927005,0.9137061445947101,0.9191277066225116,0.9191277066225116,682.4152653210296
0x002f93d5a1ca66a2a64b490bd0a0291c1a1c02b6,3.811979678649937e+21,1.500000000029125e+20,2509969106.0,5.353684230788937e+19,1.249976953741854e+20,108.0,4,1.6733127373008433e-11,0.0393496326444313,46.457166968008494,21.64353628204623,49.69243560776339,4.6913478822291435,1.6733127373008433e-11,0.2,2.334797682973643,-0.8351969362584024,-0.8351969362584024,525.1034834722708
0x00301da1d3b20fd6b8451a791a8b1a5e20599fb8,9.647786848111267e+21,4.95000000000615e+21,0.0,2.5168598013995545e+20,4.402589393625679e+20,58.0,0,0.0,0.5130710366984532,49.9536745294568,0.0,50.62101549975828,4.07753744390572,0.0,1.0,1.7492390284025847,-2.211639643357379,-2.211639643357379,401.6766959930234
0x0030d58fd7c5af92c6e9bbf4d06255b6a9d1490a,9.44067062908613e+22,5.404812000007117e+22,5.417605170497536e+22,4.435396537252356e+21,7.816951755452642e+21,67.0,3,1.002366996389588,0.572502972760772,52.344161713747866,52.34652591321417,52.901899064719856,4.219507705176107,1.0,0.25,1.7624020061789323,0.03983822165470535,0.03983822165470535,603.5686298351296
0x0030ee334630838ea4dee0b4b6ecbc973529031f,4.145e+21,5.500000000038e+20,1806279483.0,2.934375000003504e+20,4.3142677536261086e+20,16.0,10,3.2841445145227647e-12,0.1326899879381906,47.756449952126246,21.31453503301359,49.77618974146222,2.833213344056216,3.2841445145227643e-12,0.09090909090909091,1.4702509916493143,-0.2822664069507664,-0.2822664069507664,574.685234009116
0x00329e92ed6fd0a0ef76da9c476d51faeb6b26a0,5.376726769708291e+23,4.199051244553148e+23,1.4663222052498569e+23,1.259437528750749e+22,3.537806336205549e+22,323.2399999999998,21,0.1155181691888326,1.8299090592111729,54.39431574448044,53.342214503478296,54.641536920764615,5.781483982320053,0.3492032175487058,0.045454545454545456,2.8090367766908937,-0.6339227767632181,-0.6339227767632181,543.1519084310074
0x0034baeeb160a5f1032b6d124d3e87cc94d74e62,5.376726769708291e+23,4.199051244553148e+23,1.4663222052498569e+23,1.0844288688291188e+24,1.9580230027251083e+24,162.0,98,1.0010982097653374,0.6617405698415967,54.39431574448044,53.342214503478296,54.641536920764615,5.093750200806762,0.3492032175487058,0.010101010101010102,1.805579931525825,-0.166474288460378,-0.166474288460378,585.0684116938645
0x0035e2e614e53a5ebf5a518dede926a7fcec4f91,1.40438995854961e+21,3.332233623786781e+20,913894665.0,6.683128157426636e+19,1.36082899335761e+20,26.0,76,2.742588810329096e-12,0.2372726751213858,47.25534469690966,20.633225877700614,48.69388996816838,3.295836866004329,2.742588810329096e-12,0.012987012987012988,2.0362156183484026,-0.30517872791276496,-0.30517872791276496,572.6306667136902
0x0036534c48a754163f0f446601f36bcfda840f57,6.764733088455185e+20,1.6500000000125e+20,1.5004200209250887e+20,4.511053782970915e+19,1.319308741000121e+20,27.0,105,0.9093454672204376,0.2439120625214939,46.55247714780098,46.45744694274255,47.96342466595149,3.332204510175204,0.9093454672204375,0.009433962264150943,2.9246131934415627,0.1929095804659607,0.1929095804659607,617.2946686856503
0x00368bb9dba2ee83f3553feae59710b9c3743e09,6.009616576102522e+20,5e+20,0.0,1.00087423419132e+20,1.9854041311859163e+20,11.0,51,0.0,0.8319998350448343,47.66113977231501,0.0,47.845062808739385,2.4849066497880004,0.0,0.019230769230769232,1.9836699391008605,-0.2580578823960023,-0.2580578823960023,576.856032982438
0x0036a3f98bc84afb07fe42421f5a14cfe3c33219,1.8875272977127176e+21,2.020000000002401e+21,1.4002145576161926e+21,1.420403937887398e+20,2.4555902610284947e+20,43.0,34,0.6931755235715487,1.0701831981186245,49.057384464289264,48.690912433193894,48.98955461727578,3.784189633918261,0.6931755235715487,0.02857142857142857,1.7287971368769612,0.3907574676740844,0.3907574676740844,635.0358568961809
0x0036bc671c03460dec7d0ab24f45df0cf33d042b,1.4036387132020113e+21,4.274986215513806e+20,4.311109504544958e+20,3.052351420033658e+20,3.535511969607364e+20,12.0,15,1.0084499194172982,0.304564570306102,47.504482737823224,47.51289715651676,48.69335489858517,2.5649493574615367,1.0,0.0625,1.158291259126506,0.837637099995005,0.837637099995005,675.1079333602486
0x0037daf6fb154db55110ced85cb4ba9e1204ca17,3.863706220943507e+19,6.304403429841318e+19,0.0,4.194909779886472e+18,7.461808332631981e+18,28.0,21,0.0,1.6316984442729705,45.59036511324526,0.0,45.1007436505702,3.367295829986474,0.0,0.045454545454545456,1.7787768329153248,-0.10364298796372577,-0.10364298796372577,590.7025478140594
0x00389de87cae34a6f89e13cc8225c4984add8b37,5.376726769708291e+23,4.199051244553148e+23,1423714851667.0,4.530630672267246e+21,1.7150082530336842e+22,323.2399999999998,58,1.1315302437327593e-12,0.8475418668811118,54.39431574448044,27.984290664251535,54.641536920764615,5.781483982320053,3.3905631742736876e-12,0.01694915254237288,3.785363180299685,-1.276810701820031,-1.276810701820031,485.5036017563325
0x003a85c562730b196f7cba202a2515f2ff855736,3.977519507196101e+23,5.0000000003232e+21,5.000087055004988e+21,2.339771919094652e+21,1.2918728637279338e+22,177.0,2,1.0000174109363564,0.0125706485946259,49.9637248653737,49.963742276158484,54.34011552446702,5.181783550292085,1.0,0.3333333333333333,5.521362373764231,-1.6802961247428796,-1.6802961247428796,449.32272093272434
0x003a969ef82e876824b4131a1bbafbdb46a2ca90,1.73e+21,885864724.0,886027497.0,1.3307692307705938e+20,2.4071506722617983e+20,13.0,84,1.0001837447587538,5.120605341040462e-13,20.60207481632558,20.602258544205124,48.902408361384644,2.6390573296152584,1.0,0.011764705882352941,1.8088415456284004,0.6693499400581607,0.6693499400581607,660.0174806898365
0x003ae6c26a2655eb54c1e53b03a266d97f3512e6,4.036479248781379e+20,7.250002020928938e+19,0.0,1.1073208025291332e+19,2.560932397300769e+19,43.0,0,0.0,0.1796120226090033,45.73011851450223,0.0,47.44707469882663,3.784189633918261,0.0,1.0,2.3127285168413443,-2.291310108405455,-2.291310108405455,394.53257767473394
0x003be39433bde975b12411fbc3025d49d813a84f,0.0,735469.0,0.0,183867.25,367734.5,4.0,44,0.0,0.0,13.508265029612554,0.0,0.0,1.6094379124341003,0.0,0.022222222222222223,1.9999999999891225,1.8994835771417682,1.8994835771417682,770.3246095026265
0x003e41b4f19f27ab2a07c19abe2d99ecb492ce62,0.0,1705879701.0,3412015169.0,8.339640290000061e+20,2.041806695709978e+21,6.0,75,2.000149932612393,0.0,21.25734676887546,21.950568912638644,0.0,1.9459101490553132,1.0,0.013157894736842105,2.4483150648095435,2.630685483019702,2.630685483019702,835.8921059016806
0x003e9a119439ef34de3237034cee95675b01d5d4,1.246863390918914e+19,17349700000.0,14071128198.0,8.045054154671716e+17,2.0601402610249e+18,31.0,1,0.8110300580413494,1.391467591907852e-09,23.57684105218114,23.367390889577347,43.9697478773984,3.4657359027997265,0.8110300580413494,0.5,2.560753751829736,-0.5299226210529395,-0.5299226210529395,552.4776907904603
0x003edfecb016131dbd485c72f3b6f2e98a1429d9,1.0414436621635264e+21,5.132498204372299e+20,1069320800.0,1.0797675789474062e+19,3.995998044560646e+19,144.0,91,2.0834314156974506e-12,0.4928253337976913,47.687294379937406,20.790289518450802,48.39489484015288,4.976733742420574,2.0834314156974502e-12,0.010869565217391304,3.700794617723269,-0.9480451395094381,-0.9480451395094381,514.9842891692717
0x00402e826833fbeb6f67072f3df3c8554a0b10e6,2.0838286423165905e+21,17000000000.0,17023583187.0,7.505930412965102e+19,2.649204524789535e+20,39.0,59,1.0013872462941176,8.158060434902706e-12,23.55647918106145,23.557865466018317,49.08849384800947,3.6888794541139363,1.0,0.016666666666666666,3.5294818617203347,-0.03151005352355759,-0.03151005352355759,597.1707693560701
0x00405f7b768a9a6b81e8060a17f0550501acf6be,30081600471.0,7.74016778832932e+18,0.0,5.375116547865286e+16,1.94152663131352e+17,144.0,14,0.0,257305717.35340965,43.49295503933821,0.0,24.12717954179345,4.976733742420574,0.0,0.06666666666666667,3.612064248327029,0.07848984593727559,0.07848984593727559,607.0345538372316
0x0041dac13d9365b4d695fb612950dc71884f8db1,3.03590018406281e+21,8.71319800000607e+20,6.551913297126152e+20,3.0213447410671677e+19,8.785308349064567e+19,154.0,0,0.7519527614455206,0.2870054175610472,48.216540747536854,47.93145897330477,49.4647949344182,5.043425116919247,0.7519527614455206,1.0,2.9077477421399824,-1.948685406672956,-1.948685406672956,425.2560258994749
0x004403abb2246c48ac770e30e7b36e3b16e152a1,6.125292574661702e+18,2225060000.0,2226910929.0,1.020882106820682e+18,2.159907466641272e+18,12.0,77,1.0008318557701814,3.6325775020189773e-10,21.52304971894259,21.523881228912146,43.258958196474495,2.5649493574615367,1.0,0.01282051282051282,2.115726637003992,0.8014407192586569,0.8014407192586569,671.8621731338174
0x0044803a27c6c45babd3fb7affb80b3f913579d7,9.601353562399688e+19,3.000000000098e+19,3.0077541071282323e+19,6.244986067225405e+18,2.899329708446567e+19,67.0,16,1.0025847023433263,0.3124559449457669,44.84772905558764,44.850310423332594,46.011020851504945,4.219507705176107,1.0,0.058823529411764705,4.642652004722109,-0.4162505122859681,-0.4162505122859681,562.6707654013675
0x0044f0ab1281b2bc850bfa39123dec1e8e09001d,1.851477411964053e+19,4.500000000032631e+21,1.000000000016303e+20,9.425968926845963e+19,4.010363429594335e+20,49.0,0,0.0222222222224233,243.04914394062288,49.85836434965849,46.051701859897214,44.36510068832659,3.912023005428146,0.02222222222242337,1.0,4.2545901230084455,-2.9023380992740258,-2.9023380992740258,339.74117837867624
0x00452d3fd0e6bd68943b30af56a8df4eb7685387,2.624e+20,223270563.0,223289236.0,4.373333333424935e+19,1.0712435141726891e+20,6.0,53,1.0000836339540202,8.508786699695123e-13,19.22389488546092,19.223978515917437,47.016401730962755,1.9459101490553132,1.0,0.018518518518518517,2.4494897427216116,0.4874225202145488,0.4874225202145488,643.703894319786
0x0048e6fd005224e7e9f00058c630307f0710a84b,3.956485467566896e+22,2.074214288533697e+22,7.538711787646099e+21,6.234366815537293e+20,1.119776081539491e+21,140.0,0,0.363449033656757,0.5242567691798621,51.38645447171499,50.37433826985341,52.03222816887664,4.948759890378168,0.363449033656757,1.0,1.7961344185728443,-1.9702872478449904,-1.9702872478449904,423.3189704406824
0x0049436d8c3da52d604cdc390e45026b2662d7f7,3.971739029083774e+22,1.1003000000012e+22,6.003965807461202e+21,4.727029674859245e+21,5.678989695333253e+21,12.0,22,0.5456662553353316,0.2770323004467452,50.75245491576383,50.14670717167013,52.03607608724583,2.5649493574615367,0.5456662553353318,0.043478260869565216,1.2013865124513639,0.3012119701924353,0.3012119701924353,627.0062360261012
0x00495585ecf70ad7dd71797c2a22951ed92b9a24,2.397152904600293e+20,3.001068029187101e+19,3.0055717765930496e+19,1.3998663362101025e+19,2.2224878303456637e+19,30.0,75,1.0015007148662232,0.1251930164082506,44.848085001927586,44.84958459184659,46.92598360328627,3.4339872044851463,1.0,0.013157894736842105,1.5876428862220286,0.8440375261308539,0.8440375261308539,675.6818650120142
0x0049d23daaafeaac69e336ffe9dcb9ca14dac781,3.4311653889900798e+22,2.505065430378419e+22,2.503404727774486e+22,1.3045241478031823e+21,1.316364761524797e+21,91.0,126,0.9993370621845664,0.7300917170640246,51.57518689997626,51.57452374232039,51.88977201289425,4.5217885770490405,0.9993370621845664,0.007874015748031496,1.0090765768817345,0.8582744334965868,0.8582744334965868,676.95850059643
0x004afb002e3fb33c833fc16b6b63103bbf97312d,1.951435824807425e+22,5.600000000005511e+21,2767268030.0,1.9318737113912356e+21,3.115263023093109e+21,13.0,90,4.941550053566565e-13,0.2869681866457556,50.077053550617045,21.74112640006387,51.32543746790785,2.6390573296152584,4.941550053566565e-13,0.01098901098901099,1.6125603887687139,-0.2524886454831228,-0.2524886454831228,577.3554311900948
0x004bac9f45af6848ffbdf0dec8f47023ccd7a138,218148265486804.0,2.881908483072319e+17,0.0,7.210224914317968e+16,1.11827198296095e+17,4.0,23,0.0,1321.0778809729516,40.20239932331276,0.0,33.01619606445489,1.6094379124341003,0.0,0.041666666666666664,1.5509529817028322,0.5422461527538975,0.5422461527538975,648.6199760479795
0x004ce54398cc569a622bf5a99ae857306243c8ec,547840475027.0,499800000000.0,499969487883.0,23813543227.65909,30515605628.263813,88.0,3,1.0003391114105642,0.912309372496378,26.937473855349264,26.937812909274548,27.029249977551938,4.48863636973214,1.0,0.25,1.281439109524045,1.4040863753853179,1.4040863753853179,725.9019213488431
0x004d71c111862702272e6beccdaafb07c9b96c37,5.376726769708291e+23,4.199051244553148e+23,1.4663222052498569e+23,3.193557056970372e+22,3.655337215575698e+22,276.0,14,1.0152819520807792,1.1378056996519028,54.39431574448044,53.342214503478296,54.641536920764615,5.6240175061873385,0.3492032175487058,0.06666666666666667,1.144597434887668,-0.014946299804176565,-0.014946299804176565,598.6560552307648
0x00515e4f8a5c52a526f48c3ea07238143e2c04fc,2.54468e+21,9.719000000072443e+19,9.722999847260488e+19,4.028088233049014e+19,1.0294308185424871e+20,68.0,1,1.0004115492528052,0.0381934074228289,46.023199499415654,46.02361096400529,49.288291858233215,4.23410650459726,1.0,0.5,2.5556312547882585,-0.6006573232584564,-0.6006573232584564,546.1348499213849
0x0051e6e6cde6392c01b4cf6b97d9f5c50ec9817c,5.648226098133951e+19,2.899415508349379e+20,5.799463765976348e+20,3.2097816282702918e+19,9.065892970717703e+19,42.0,19,2.0002182333907537,5.133320546971875,47.116211027714606,47.80946731901713,45.480458297815865,3.7612001156935624,1.0,0.05,2.824457866812326,0.3466255631629034,0.3466255631629034,631.0785115079109
0x00526e91ec022d8596bda04092071c1da6b5322e,3.091777035821351e+20,5.0008e+19,5.000952692887287e+19,5.860639384918669e+19,1.1247397096369871e+20,7.0,25,1.0000305336920663,0.1617451692686987,45.35871466652233,45.358745199748256,47.18044787798707,2.0794415416798357,1.0,0.038461538461538464,1.9191416426871584,0.6513905642228716,0.6513905642228716,658.4070481937728
0x0052c9f2cc95f743412d6daaf3c93bcd1793479d,9.995377221235591e+18,2.005e+18,1823546447145775.2,1.3336889741880822e+18,3.312837778660733e+18,9.0,80,0.0009094994748856,0.2005927295810601,42.14217573465135,35.139559597279145,43.74865438212707,2.302585092994046,0.0009094994748856735,0.012345679012345678,2.4839657842095524,-0.2565202435954584,-0.2565202435954584,576.9939143606281
0x0053b5daa6d4c2e3d16f2b9c10dc04e92b14a818,7.023919501490102e+21,7.400000000031436e+21,31448798555.0,3.5285533304511e+20,1.1291681935922058e+21,57.0,32,4.249837642549514e-12,1.0535428258341444,50.35576695308933,24.171626617646144,50.3036083486481,4.060443010546419,4.249837642549514e-12,0.030303030303030304,3.200088217025332,-0.8739667925319846,-0.8739667925319846,521.6269575070412
0x00561a0d394a2cad87c811615f72b61cb0ed3faa,3.99199992332e+21,1250000000.0,1250374694.0,6.653333205539583e+20,1.0925821746104068e+21,6.0,78,1.0002997552,3.1312625851966976e-13,20.94640938906062,20.94670909934277,49.73857929211576,1.9459101490553132,1.0,0.012658227848101266,1.6421576086114549,0.6958248969829581,0.6958248969829581,662.3915125801767
0x005661a7a441451fafdccd579905a7dbc79fd538,5.968301103307497e+18,3694467744456207.0,755442765044057.0,1.7945432775983043e+17,5.025314240959362e+17,61.0,43,0.2044794588280406,0.0006190149726877,35.84561289142654,34.25832513705359,43.23299398848865,4.127134385045092,0.2044794588280406,0.022727272727272728,2.800330481683843,-0.19755730081790154,-0.19755730081790154,582.2811715561674
0x0056d1fd2ca3c0f3a7b6ed6cdd1f1f104b4bf9a9,2.6750000000020997e+22,1.2e+22,4.877378787478327e+21,3.4830796954614424e+21,4.5826132142987705e+21,17.0,16,0.4064482322898606,0.4485981308407694,50.83919360266296,49.938894894718565,51.64082142621776,2.8903717578961645,0.4064482322898606,0.058823529411764705,1.3156785416854093,0.1196366055498809,0.1196366055498809,610.7242187451656
0x005711ac01b67981d6b627c09470cce29dbd3353,4.999e+21,1.2e+18,1.2e+18,2.5001000000000004e+21,2.885481175355912e+21,4.0,103,1.0,0.0002400480096019,41.62885323068678,41.62885323068678,49.963524845306395,1.6094379124341003,1.0,0.009615384615384616,1.154146304290193,0.8852450718868526,0.8852450718868526,679.3769806650926
0x0057bd83a142da84b6404616c683e21e7dd6fa5f,2.963320523491728e+20,4.5000000000425e+20,404232168.0,1.6585156719200731e+19,6.952630272577887e+19,45.0,9,8.982937066581829e-13,1.5185667444236095,47.55577925666663,19.81749994660513,47.13801229794808,3.828641396489095,8.982937066581828e-13,0.1,4.192079936470415,-1.2605560705523615,-1.2605560705523615,486.9611683580377
0x0057dbd2cb881113aa7b55e4ce62af8234519e01,1.7695432439752816e+21,3.116364520103731e+20,3.118089973248756e+20,2.973830756608234e+20,2.7999134585066865e+20,14.0,74,1.0005536750062114,0.1761112383500057,47.18836896439262,47.18892248617738,48.92500841190772,2.70805020110221,1.0,0.013333333333333334,0.9415174190007011,1.0094428246521994,1.0094428246521994,690.5138987198055
0x005a945c426fe1f2eb3c4b04585a2427f7a032a8,8.396237103643914e+20,3.246578475605661e+20,0.0,7.771216164590784e+19,1.2106231319909414e+20,15.0,23,0.0,0.3866706520468158,47.22930352492716,0.0,48.17948550151249,2.772588722239781,0.0,0.041666666666666664,1.5578296966015361,-0.14817180136818559,-0.14817180136818559,586.7096112679687
0x005ab5979532d34dc60a4582597464df0b5a7c87,9.870478730571088e+20,1338374591.0,1338548128.0,3.0845246033135804e+19,7.530634352415228e+19,32.0,90,1.0001296625034328,1.3559368573023248e-12,21.014721723595365,21.014851377693248,48.341250215754,3.4965075614664802,1.0,0.01098901098901099,2.441424634553205,0.44528388274975467,0.44528388274975467,639.9252868817808
0x005ae07a1782019253917d76334a0579ac3a9b64,1.378150588668297e+20,7000000000.0,7008281014.0,5.17295309275816e+18,8.935218860705024e+18,30.0,32,1.001183002,5.079270768780123e-11,22.66917598614458,22.670358288948925,46.372444307102775,3.4339872044851463,1.0,0.030303030303030304,1.7272955506234575,0.7801451836375065,0.7801451836375065,669.9525843541229
0x005b0743d8b2ed646499dc48b64b95e71b8afa43,1.0080883915487416e+18,53000000.0,53052717.0,1.4401262752286272e+17,3.810215971451632e+17,7.0,72,1.0009946603773583,5.2574754797617775e-11,17.78580249038432,17.786796656396074,41.45458752972597,2.0794415416798357,1.0,0.0136986301369863,2.6457513045838574,0.6712177223491721,0.6712177223491721,660.1849663154286
0x005b8864b832d250e97996febb2b6a10b4562fd1,1.0983212493357702e+21,8.217220754292939e+20,8.217236657599777e+20,2.953915520482924e+20,1.016655319339727e+20,13.0,69,1.0000019353632223,0.7481618660535297,48.15793390402744,48.15793583938879,48.448069829978586,2.6390573296152584,1.0,0.014285714285714285,0.34417210387029545,1.2662590702763576,1.2662590702763576,713.5428297507808
0x005bf9036a459545ec86252db2a37667a5823b94,2.0001e+22,2100000000.0,2100000000.0,1.0000500000001052e+22,1.1547582734060493e+22,4.0,133,1.0,1.0499475026248688e-13,21.465203182151978,21.465203182151978,51.35006922517899,1.6094379124341003,0.9999999999999996,0.007462686567164179,1.154700538379009,0.8263580480922137,0.8263580480922137,674.0965311892804
0x005c7aa4001747cd4bf25c777318a13191a182ac,1.3240101243931095e+21,8.470070579208411e+20,7.751630572897558e+20,2.534934690293946e+19,8.847818619187734e+19,245.0,1,0.915178982324608,0.6397285355420422,48.18824070135649,48.09960507761884,48.63495205718313,5.5053315359323625,0.9151789823246081,0.5,3.4903536777753272,-1.0175692220546606,-1.0175692220546606,508.75000559412416
0x005ce3720edd52ef800ed68bfe29114a7d86e623,234483018.0,154774261.0,154779404.0,48657725.1875,19161315.19913582,16.0,84,1.000033229039291,0.660065971174083,18.857478239146282,18.857511467633284,19.27289372958256,2.833213344056216,1.0,0.011764705882352941,0.3937980069002055,2.574661864280665,2.574661864280665,830.8684203910099
0x005d9ffbbd210f6b04d7f0880f5c49130d38ff0d,4.424397909639365e+20,3.104000000087e+20,3.113511216162663e+20,3.1399021329193587e+19,5.867555361941386e+19,48.0,77,1.0030641804366611,0.7015643853651509,47.18439346222991,47.18745295763379,47.53883606346482,3.8918202981106265,1.0,0.01282051282051282,1.8687064480210285,0.7053664639113465,0.7053664639113465,663.2471129966817
0x005e5cac6eb7637edf689403e01b86bda451ef61,5.008516417706981e+22,4.202504583637177e+22,4.207311551215294e+22,4.615286848542447e+21,5.723419928995639e+21,31.0,98,1.001143833988149,0.8390717396432502,52.09255272286201,52.09369590317048,52.268011792902165,3.4657359027997265,1.0,0.010101010101010102,1.2401005867713621,0.7456702233838206,0.7456702233838206,666.8611853655261
0x005f16f017aa933bb41965b52848ceb8ee48b171,4.737896584367934e+22,4.307994087106579e+22,4.650744950277344e+21,1.3101426702166255e+20,3.919680171955213e+20,323.2399999999998,1,0.1079561590902964,0.909263005300757,52.11734443262427,49.8913143640036,52.21246532451385,5.781483982320053,0.10795615909029647,0.5,2.991796436419488,-1.7014958565529494,-1.7014958565529494,447.42172296219974
0x005f4ed154aec7b147190c97d3f2535fc8360b12,7.144812402338541e+20,1.0000000000105e+20,1051152732.0,7.546766560727128e+19,2.1162164215736805e+20,20.0,75,1.051152731988963e-11,0.1399616874031841,46.051701859891416,20.77315323988154,48.018088415122186,3.044522437723423,1.051152731988963e-11,0.013157894736842105,2.80413658557604,-0.5796068322146352,-0.5796068322146352,548.02246534555
0x00626b79d2972dfd10463e1871f8edcf8aae5bb3,8.5e+18,3923646.0,3923650.0,1.4166666666680223e+18,3.470110468942172e+18,6.0,63,1.0000010194599616,4.616054117647059e-13,15.182532136395537,15.182533155854719,43.58659783738909,1.9459101490553132,1.0,0.015625,2.449489742780366,0.6486383815914202,0.6486383815914202,658.1602576379405
0x0062cb1c249a8579e155794dc86960e4f88af402,1.7061952132970004e+21,200000000.0,200139387.0,1.4218293444145006e+20,3.072859949130593e+20,12.0,57,1.000696935,1.1721988107886321e-13,19.11382792951231,19.11452462176241,48.88855282288757,2.5649493574615367,1.0,0.017241379310344827,2.1612016668540313,0.5194219576671475,0.5194219576671475,646.5733110746916
0x0063d9477fd76b7c9732917b3b884d918607a804,2.224028000418277e+20,8.295066479101447e+19,0.0,3.816918310410528e+19,3.3865785386067845e+19,8.0,77,0.0,0.3729749120758092,45.864777704855385,0.0,46.85102182630612,2.1972245773362196,0.0,0.01282051282051282,0.8872546549843613,0.23468039409059593,0.23468039409059593,621.0402930472696
0x00645dd21310882cc32399abcb54e0a05b3b5d1d,8.692704994771088e+21,5000000000.0,81666013.0,2.447656726627171e+21,9.565840541197967e+21,28.0,0,0.0163332026,5.751949482937295e-13,22.33270374958051,18.218148487972222,50.51677112044426,3.367295829986474,0.016333202599999996,1.0,3.9081626263743,-3.0491026601759663,-3.0491026601759663,326.5806754572667
0x0064f7e15fdf96a5225d4cc07b38eef45c8bdc46,2.794466985464005e+17,3.303200000004811e+20,2.4009040677479773e+20,1.1647463821637771e+19,1.8309287699332372e+19,49.0,2,0.7268418708356988,1182.050107296699,47.24659355547212,46.9275472211981,40.1715879664446,3.912023005428146,0.7268418708356988,0.3333333333333333,1.5719548890393438,0.2860828761020392,0.2860828761020392,625.6495972997539
0x006501f106d155981aac18b4d31a6e14d1e55fae,2098406000000000.0,500000000000000.0,0.0,649601500000000.0,323140397021171.0,4.0,89,0.0,0.2382761010023799,33.845629214350744,0.0,35.27995440379851,1.6094379124341003,0.0,0.011111111111111112,0.4974440438040414,0.9174946137125042,0.9174946137125042,682.2688244917108
0x00668293095ef3ba3a62d566e2ac83fb81aec94f,3.557856584565249e+21,2.74023e+21,2.2354761767680397e+18,2.250913405979292e+20,4.812976360917773e+20,28.0,1,0.0008157987383424,0.7701912471367481,49.36232881135788,42.25098593374781,49.623445233426864,3.367295829986474,0.0008157987383424164,0.5,2.138232571778486,-1.3408495116719619,-1.3408495116719619,479.76118724590435
0x00677d8b6fda25b199539633a8cd07074c855cb7,1.0015576445264242e+21,5.318950838540627e+20,5.328017597931542e+20,9.026323029285706e+19,7.148851749193922e+19,34.0,71,1.00170461424934,0.5310678688949187,47.72297793298522,47.724681096028625,48.35584338553143,3.5553480614894135,1.0,0.013888888888888888,0.7920004331774556,1.0935022167055732,1.0935022167055732,698.0515758531121
0x00694ba9219891081e07b31ebaf19abfd97e1acb,9041534199.0,7000000000.0,0.0,1146538157.5714283,2130447060.9996228,14.0,5,0.0,0.7742048911095425,22.66917598614458,0.0,22.925094709340357,2.70805020110221,0.0,0.16666666666666666,1.8581562653896202,0.6331918480440359,0.6331918480440359,656.7751538456713
0x006acbf79f7c4580fa01ffa48085d832592f1b63,2.281126980228164e+22,32000000000.0,32140651709.0,3.804714908401896e+21,7.76362929482919e+21,18.0,26,1.00439536590625,1.402815374916099e-12,24.18900173977739,24.19338747427484,51.48154165628826,2.9444389791664403,1.0,0.037037037037037035,2.040528523618125,0.4109447864238333,0.4109447864238333,636.8460709270668
0x006d0f31a00e1f9c017ab039e9d0ba699433a28c,1.0263022480930494e+23,1.2097655089436769e+23,0.0,1.1531640493377105e+22,1.7549847975226086e+22,24.0,9,0.0,1.17876143328295,53.14988368542974,0.0,52.98541943101352,3.2188758248682006,0.0,0.1,1.5218864987427747,-0.4661066649173014,-0.4661066649173014,558.2001218187297
0x006d1df30df75bfa607f41b3a4d67d4be51fe910,8.532559107322436e+19,535000000.0,535000000.0,6.563507005840694e+18,1.4987091968172317e+19,13.0,84,1.0,6.270100133743884e-12,20.09777730672944,20.09777730672944,45.89300609597744,2.6390573296152584,0.9999999999999981,0.011764705882352941,2.2833969636713563,0.6175099750927835,0.6175099750927835,655.3689469690261
0x006f26845ed58e4503a0dd61c69708e3cc028cc5,8.468015708098609e+19,4.222811424521209e+19,0.0,1.2690827132619817e+19,1.172805571501886e+19,10.0,93,0.0,0.4986777977375044,45.18961788745405,0.0,45.88541297515288,2.3978952727983707,0.0,0.010638297872340425,0.9241364327525744,0.2681103096353415,0.2681103096353415,624.0379819885601
0x006f74448baead5563915255c8fbc12fd7f6a5df,5.274248158826182e+20,4.199051244553148e+23,1.4663222052498569e+23,5.362687777935477e+21,1.835674179144528e+22,298.0,0,0.9048192615039976,1590.122834180563,54.39431574448044,53.342214503478296,47.71453799995233,5.700443573390687,0.3492032175487058,1.0,3.42304876800272,-2.4327949190017755,-2.4327949190017755,381.84551445085367
0x007078c8001b515b14000cc78306072a5dfd55b3,1.6143857677493633e+20,1.00568846308744e+20,1.0059512608242963e+20,2.042903172545431e+19,4.390589686369928e+19,30.0,58,1.0002613112773011,0.622954242522519,46.057374204758545,46.0576354819,46.530656414644945,3.4339872044851463,1.0,0.01694915254237288,2.1491912810039397,0.6316963229662212,0.6316963229662212,656.6410488407936
0x00707aa2eeff1ddb8b22bd1539f92818c9cb8a85,3.111669589362608e+23,141367403444.0,141409783328.0,7.978639972732191e+21,1.290752635573923e+22,39.0,52,1.0002997854029114,4.543136711149258e-13,25.674628036570308,25.674927777046552,54.09461656645844,3.6888794541139363,1.0,0.018867924528301886,1.6177602197682823,0.4957898376475755,0.4957898376475755,644.4541987859662
0x0070bc9033adf1e49517f98304f41f778d370208,1.4615824339271638e+22,4.2500000000115e+21,4.251350681315572e+21,7.460277488729737e+20,1.4516742480199478e+21,43.0,44,1.0003178073656631,0.2907807251481577,49.80120593581399,49.80152369268959,51.03639175349254,3.784189633918261,1.0,0.022222222222222223,1.9458716518427046,0.4977100824370913,0.4977100824370913,644.6263887683907
0x0072b9af9a7dc5a42091f01d3d22bcf298d398fd,6807525695169.0,8149019130542.0,10346971206923.0,647122201796.0927,1108677413308.2532,54.0,15,1.269719832678171,1.1970603557655315,29.728918683857813,29.96771495580119,29.549049836025578,4.007333185232471,1.0,0.0625,1.7132427387456504,1.4856465018268963,1.4856465018268963,733.2154872104416
0x0073245e2bf4f38400634d4ba7527bbd34bfc6ba,1.4999339292412055e+18,2.08e+21,2.0128426951045837e+21,4.0958432883951685e+20,6.976424027213507e+20,10.0,24,0.9677128341848958,1386.727748103039,49.08665484658819,49.05383495197077,41.851952733858354,2.3978952727983707,0.967712834184896,0.04,1.7032936897219537,0.9469146397900386,0.9469146397900386,684.9069432361945
0x0073943c869d55da3b7c8ab40ee3c2a68b65fb33,6.946280153298065e+22,4.75000000000225e+22,4.7532600513311936e+22,3.714094532956368e+21,5.638670357869123e+21,63.0,12,1.0006863265955666,0.6838192378041318,52.21501666391603,52.215702755097205,52.595078332417856,4.1588830833596715,1.0,0.07692307692307693,1.518181701579044,0.4896200893151635,0.4896200893151635,643.9009522089038
0x0076fcc7d245f6c7aaf07238adfb48adc62bdd55,8.077500000000258e+20,3.40142000010023e+20,3.4018493917566226e+20,8.706129624912442e+19,1.9985612315729497e+20,21.0,45,1.000126238940319,0.4210981120520113,47.27589485140106,47.276021082373916,48.140784278597465,3.091042453358316,1.0,0.021739130434782608,2.2955794568623245,0.4912000042491734,0.4912000042491734,644.0426245239153
0x00778698bbc902543b596af6e7c0aa13b614162d,7.508499000009649e+21,9646501000.0,8157921276.0,1.5642706250074194e+20,7.547183261469378e+20,48.0,7,0.8456870813572714,1.2847442611349622e-12,22.989861095975503,22.822255228003602,50.37032253183204,3.8918202981106265,0.8456870813572712,0.125,4.82472990339097,-0.9533575783428903,-0.9533575783428903,514.5079182636675
0x007849ce924f0a3ed1baccbff2742a3d1cdc7ac0,4.2582851137208e+17,1.8196014380599e+20,0.0,4.55964930794156e+19,9.090932210918146e+19,4.0,2,0.0,427.3085031805141,46.65031934691081,0.0,40.59281310466825,1.6094379124341003,0.0,0.3333333333333333,1.9937788187096825,-0.5482956876650511,-0.5482956876650511,550.8301622908145
0x0078c86e12186e2de1ff6fef5f1ada2bffde4ea5,1.2e+19,2.500000000012893e+21,2.506242855901444e+21,7.788250416580982e+20,1.355302147587137e+21,11.0,115,1.0024971423554077,208.3333333344077,49.27057768475427,49.2730717144305,43.93143832368082,2.4849066497880004,1.0,0.008620689655172414,1.7401882002942972,0.9281961579295465,0.9281961579295465,683.2284410576342
0x0078dc11a5b751eb0e94d6c97cae29acf6e8579d,2.517733985064793e+20,110000000.0,110031055.0,2.517733985066994e+19,5.408397983521591e+19,10.0,4,1.000282318181818,4.369008030734001e-13,18.5159909328476,18.516273211182572,46.975061144594484,2.3978952727983707,1.0,0.2,2.148121293035523,0.253483246043531,0.253483246043531,622.7263607637312
0x00795ff7870798a332a99c3969406286259dce8f,7.898833900991187e+17,3.903197968866852e+20,3.20213006816112e+17,2.302528784021179e+19,8.042374198488598e+19,17.0,9,0.0008203862816342,494.1486322907813,47.41349806902387,40.30776281556057,41.21066172200723,2.8903717578961645,0.000820386281634272,0.1,3.492844152177436,-0.7135207829626276,-0.7135207829626276,536.0142875592658
0x007c4bb067d9b6afeb4c13415477d396123c4aa3,2.8949818848521637e+22,1.7315522156263977e+22,1.474128913447213e+22,2.730796385736348e+20,1.1664640381249742e+21,262.0,19,0.8513337918105691,0.5981219518804768,51.20589028657058,51.04493929405289,51.71985089948308,5.572154032177765,0.851333791810569,0.05,4.271515973207362,-0.6431120209478562,-0.6431120209478562,542.3279010943979
0x007d42732fee6a2a8de421a06dcc02daf93e2b2f,869180647.0,173000000.0,173201162.0,227919732.375,182495532.10035115,8.0,1,1.0011627861271677,0.1990380257511647,18.9688021582424,18.969964268850664,20.583061541947757,2.1972245773362196,1.0,0.5,0.8007008879779111,1.3976172907170064,1.3976172907170064,725.3218330281139
0x007dc697bbc1bdfb0988db00ebb3d17d52fdda3d,2.4438619194752536e+23,5.454230456149069e+22,4.277195683209772e+22,3.11568385379813e+21,1.5041363792667429e+22,196.0,74,0.7841978291158719,0.2231807948183996,52.35326358391915,52.11016962651275,53.85303668081662,5.2832037287379885,0.7841978291158719,0.013333333333333334,4.827628379025513,-0.9485800847577507,-0.9485800847577507,514.9363201741687
0x007de57773b6eb4ebbf6a740dfde1efdd5629630,1.7661703037304146e+18,1.5e+17,0.0,1.5968085866974096e+17,2.1895404285743904e+17,12.0,45,0.0,0.0849295221888725,39.54941168900694,0.0,42.0153452061535,2.5649493574615367,0.0,0.021739130434782608,1.3711978046804565,0.24447457262446257,0.24447457262446257,621.9185453611499
0x007e4e679e14f17d62607418f546e2d97d9e5a61,5.149552723791651e+20,250000000.0,250093708.0,8.582587872998587e+19,2.1022960961396336e+20,6.0,86,1.000374832,4.854790569382175e-13,19.33697147982652,19.337346241593057,47.69061172103571,1.9459101490553132,1.0,0.011494252873563218,2.4494897427774696,0.47060176834577727,0.47060176834577727,642.1955632025949
0x007e8e7ccdfc45f0a6319a3aa938203126f1d646,2.75e+21,7.77e+20,7.77e+20,1.7635e+21,1.1391120811111318e+21,4.0,114,1.0,0.2825454545454545,48.10197202426047,48.10197202426047,49.365887864553436,1.6094379124341003,1.0,0.008695652173913044,0.6459382370916539,1.1158282479433577,1.1158282479433577,700.0535700506395
0x007f3da6715efd4b6994b7348b644b64b695d3b1,7417087899444.0,5331225136890.0,5337110814414.0,252281237288.4672,180313368323.01495,137.0,121,1.0011040009327823,0.7187760491944069,29.30460218452085,29.305705576492755,29.634807629690673,4.927253685157205,1.0,0.00819672131147541,0.7147315839300341,1.9843538105361145,1.9843538105361145,777.934995468168
0x007f4172d3dcd318d7bd0eec9325ad5e4c2bcc8d,1.1742091046484206e+22,8.5423716133047e+21,8.600798908945072e+21,9.857153255127724e+21,1.7471373321378537e+21,5.0,36,1.0068397042747907,0.7275000321056478,50.49932562859809,50.50614204820878,50.81746686440311,1.791759469228055,1.0,0.02702702702702703,0.1772456293330924,1.2000925876613386,1.2000925876613386,707.6096250152306
0x00800d9019001aff6e1eba3312e35e9b22d3f058,1.8599219343951535e+22,52470785089.0,33408060080.0,1.525050897284997e+20,4.41709392223162e+20,122.0,0,0.6366983078933134,2.8211283559093835e-12,24.683522377178413,24.232063027606547,51.277406561958024,4.812184355372417,0.6366983078933134,1.0,2.8963583642324604,-2.129104862097706,-2.129104862097706,409.07765998058676
0x0080a01a45d5e023435dc82970ec2681a5ae050e,1.913392723767022e+22,1.0421208498766338e+22,0.0,6.031781681270608e+20,1.1854267597424377e+21,49.0,17,0.0,0.5446455591327545,50.698129961243524,0.0,51.30575000734699,3.912023005428146,0.0,0.05555555555555555,1.9653011703379903,-0.4788559839332481,-0.4788559839332481,557.0568795460434
0x0080bdce06d56ce3911ad7f73e4c3bbd577e267b,1.0295626427988932e+22,6153477258.0,6166277105.0,1.8404572514389912e+21,3.997502642121863e+21,11.0,71,1.0020800998302803,5.97678762049059e-13,22.540283166949457,22.542361106367146,50.68600613929267,2.4849066497880004,1.0,0.013888888888888888,2.1720160242767665,0.44017730741342026,0.44017730741342026,639.4673759309408
0x008183a11eacc113e85007bd14bfbd6da3f687f9,2.1252244491666147e+21,7.181020536258672e+16,7.182984947896413e+16,3.3736001416312685e+19,2.5191071191744446e+20,63.0,2,1.0002735560534637,3.378946886798068e-05,38.81280299683368,38.813076515477505,49.10816437281084,4.1588830833596715,1.0,0.3333333333333333,7.4671182517687384,-2.2151712720191643,-2.2151712720191643,401.3600118491461
0x0081b2ec2af3f22528d6581e6554aaba5141e985,2.68024e+23,3.159241511978044e+23,1.4663222052498569e+23,8.282193871723695e+22,6.7780670186319975e+22,17.0,108,1.3039520995419949,1.178715903045266,54.10978910979553,53.342214503478296,53.94536348161506,2.8903717578961645,0.46413742022900073,0.009174311926605505,0.8183902868747194,0.3611187174975299,0.3611187174975299,632.3781249758293
0x0082a12e195b8f31660830132e72716225382075,9.502171637145508e+20,1.0190000000024652e+21,1.0000009045157796e+21,7.134345277001368e+19,1.954527051078033e+20,47.0,72,0.9813551565391172,1.072386438505311,48.373108707117964,48.35428785739033,48.30322222574766,3.871201010907891,0.9813551565391171,0.0136986301369863,2.739602549625323,0.30675356557519473,0.30675356557519473,627.5031555942577
0x008426fc298852d92a4a2b3607aa384a51c4b65a,1.9582e+22,7800000000.0,7800000000.0,9.790999750003902e+21,1.1305672682591622e+22,4.0,111,1.0,3.98324992339904e-13,22.77738957077016,22.77738957077016,51.32889772980684,1.6094379124341003,0.9999999999999999,0.008928571428571428,1.1547005383783322,0.824447464405445,0.824447464405445,673.9252075261509
0x008450344d3518a45a2d4fd0425eea6a5c08033d,1.5956587307050404e+22,2.4157000000064272e+22,7.008061633460292e+21,5.139759787389439e+20,1.4340838160108536e+21,92.0,76,0.2901047991655274,1.5139202095795583,51.5388611460488,50.3013481011993,51.12415869415313,4.532599493153256,0.29010479916552745,0.012987012987012988,2.7901767306896774,-0.4560116401268085,-0.4560116401268085,559.1053512721518
0x00861fefcfef0a542b0a6c90ce1ee575e257a6c7,1.759441521976696e+21,1.080336332089335e+21,1.0809477681307451e+21,7.578798586648707e+19,2.659285773511314e+20,66.0,15,1.0005659682297527,0.6140223011649739,48.431559364131616,48.432125172261756,48.919283394510614,4.204692619390966,1.0,0.0625,3.508848722007312,-0.10540694557086915,-0.10540694557086915,590.5443722361174
0x0086bf55d1e7225d1faf4f17ccd48983b0146cc6,1.076906820453316e+22,4.0020896607565806e+21,1431778308.0,6.714661041910651e+20,8.124145202898296e+20,22.0,116,3.577576789544809e-13,0.3716282211929841,49.74110359277269,21.08218308134939,50.73096492261544,3.1354942159291497,3.5775767895448086e-13,0.008547008547008548,1.20991143889321,-0.06095799257107989,-0.06095799257107989,594.5301476318423
0x008a34511b9808c41237d7568e409141ab10796b,2.18210324256008e+21,6.50000000002e+20,1024137425.0,7.637113796218695e+19,3.585160002328131e+20,38.0,0,1.5755960384566905e-12,0.2978777480938112,47.92350403678558,20.747116559637156,49.13457615473023,3.6635616461296463,1.5755960384566903e-12,1.0,4.694391229450089,-3.3129835870026696,-3.3129835870026696,302.91824845809896
0x008ae504ac6c0c89d32009c02b3a92e57fec188b,2.301365809322521e+20,134430000.0,33126739.0,1.3537445937201158e+19,3.0934318903418847e+19,17.0,44,0.2464237075057651,5.841313860466783e-13,18.716554182869253,17.315851369192984,46.8852046367089,2.8903717578961645,0.24642370750576323,0.022222222222222223,2.2850927011579603,-0.12034917826529973,-0.12034917826529973,589.2044895299728
0x008af94ec70860b667caec3a2e2de07597db90c6,4.828300463692112e+21,5.4200000000275e+20,5.430106915408855e+20,2.7502450654356996e+20,9.328612612937604e+20,39.0,44,1.001864744535296,0.1122548201128917,47.741797675337544,47.743660683395134,49.92878148774716,3.6888794541139363,1.0,0.022222222222222223,3.3919204983501157,-0.025908860105528918,-0.025908860105528918,597.6730331307057
0x008b1ffe244bf31896c833bff4ad9009e7a0f4eb,5.361241819769672e+23,4.199051244553148e+23,81227891423.0,2.677249567878748e+22,5.447048915250192e+22,37.0,87,1.8374807063813082e-13,0.8245499987386117,54.39431574448044,25.120524515578058,54.6386527699043,3.6375861597263857,1.9344343922538642e-13,0.011363636363636364,2.0345689772829156,-0.5709543367457327,-0.5709543367457327,548.7983419685997
0x008bddb9cca2d92deee55a50d0f358eaf4b7f076,7400485457516686.0,211000000.0,111054390.0,308353589692238.3,1510617682015994.5,24.0,39,0.5263241232227488,2.851164308223685e-08,19.167368696179675,18.525530648270408,36.540321995336186,3.2188758248682006,0.5263241232227462,0.025,4.898978745548941,-0.444430768044055,-0.444430768044055,560.143817915195
0x008d399b5936b8fc3d6ce86ad53ac001217e3978,1.4048991465973324e+20,3.735929688024624e+19,44118420.0,2.8148797386762658e+19,3.407158995516696e+19,9.0,95,1.1809221180318214e-12,0.265921557221602,45.067113466954474,17.60238796295121,46.39166737830893,2.302585092994046,1.180922118031821e-12,0.010416666666666666,1.2104101460188694,0.13197942129467402,0.13197942129467402,611.8310095240123
0x008f1edc31890f9c66d4b9cf24c78dd651502274,1.8692590847548608e+20,5.50000000000879e+19,5.503970732138474e+19,1.0976983870527005e+19,1.9589638136013144e+19,45.0,6,1.000721951296305,0.2942342260024417,45.45386485912689,45.45458654994172,46.67724400087391,3.828641396489095,1.0,0.14285714285714285,1.784610268819922,0.5231533879233916,0.5231533879233916,646.9079115973691
0x008f96aab23e71c98398e6c5dabf2ee2ded9f15d,6.49123843673416e+21,4.265000000003575e+21,2.417923966911952e+21,9.072705517777388e+19,1.7756254489746375e+20,184.0,1,0.5669223838006858,0.6570394912421921,49.80472913381944,49.23719625995445,50.2247402876878,5.220355825078324,0.5669223838006858,0.5,1.9571068910981544,-0.7916365224645305,-0.7916365224645305,529.0095828021703
0x0090ca7a7e7923d6b67319c268f3eef1b5bd5d3c,3.5714215990540226e+20,275000000.0,0.0,5.10203085579689e+19,1.349243673553323e+20,7.0,7,0.0,7.700015032468876e-13,19.432281659267208,0.0,47.32466558342702,2.0794415416798357,0.0,0.125,2.6445227629705967,-0.703846480878496,-0.703846480878496,536.881790450007
0x00916ef0f7c59f94a28ec2a332b95d4c089a8d48,9.044e+21,2.522318688734308e+21,0.0,2.3132637377468616e+21,2.2637396019710536e+21,5.0,10,0.0,0.2788941495725683,49.27946554592946,0.0,50.556388507290684,1.791759469228055,0.0,0.09090909090909091,0.9785912280698071,-0.12253938558123571,-0.12253938558123571,589.0080917783444
0x0092f6fe26d0c54f9e60326e8d93cf6770cdf494,5.403152306564038e+21,3.369713852406692e+21,3.3703630136450414e+21,6.478632942513969e+20,6.17071610450937e+20,27.0,84,1.000192645805188,0.6236570174623771,49.56911478336907,49.56930741062044,50.04126949659815,3.332204510175204,1.0,0.011764705882352941,0.9524719426556808,0.9575426576217997,0.9575426576217997,685.8599666286547
0x009330f669003eada06b676b6e5cb77415471e7e,4.5e+18,7891.0,7892.0,1.125000000000004e+18,2.2499999999999972e+18,4.0,62,1.0001267266506146,1.7535555555555557e-15,8.973604867142505,8.973731569708402,42.950609070669096,1.6094379124341003,1.0,0.015873015873015872,1.9999999999999905,0.8553721614872392,0.8553721614872392,676.6982513985104
0x0093660a2f58c0c38ce2ce0f894c86f9011478ea,7.939960822668587e+16,350245.0,0.0,585488991740129.9,2616319561217344.5,162.0,0,0.0,4.411167861182017e-12,12.76639104372005,0.0,38.91326982897888,5.093750200806762,0.0,1.0,4.468605897168775,-2.7598236631141506,-2.7598236631141506,352.5205690019903
0x0094cb1657ee9da34b93845aa142eaa59169ee05,6.15995361158774e+21,8.318572806309272e+21,2.7669222343994963e+21,7.645066072749099e+19,2.4503799996953684e+20,245.0,0,0.3326198253985236,1.3504278328753752,50.47277765529059,49.37202254862253,50.17235619980563,5.5053315359323625,0.3326198253985236,1.0,3.2051783155017692,-2.472584295047175,-2.472584295047175,378.277567281125
0x0094ccf467b9b767df3203796250014a7174a87d,2e+18,5e+17,0.0,6.25e+17,4.3493294502332966e+17,4.0,23,0.0,0.25,40.753384493332874,0.0,42.13967885445277,1.6094379124341003,0.0,0.041666666666666664,0.6958927120373275,0.467798874694322,0.467798874694322,641.9442253464962
0x0095afc96094160cea6a5e00b5858369f25f3d74,2.118565007297901e+18,120000000.0,0.0,6.199717753126522e+18,1.88530606460869e+19,10.0,46,0.0,5.66421136885729e-11,18.603002309079653,0.0,42.19727065003773,2.3978952727983707,0.0,0.02127659574468085,3.0409546687152478,-0.4254983957535381,-0.4254983957535381,561.8414998304158
0x0097f65bdc45149e5ffac00e4c51a5b073af7245,1.2565092582149366e+16,1440000.0,870004.0,1788726372071394.5,2398119107140175.0,13.0,97,0.6041694444444444,1.1460321446781378e-10,14.180154365996387,13.676254237740688,37.069698934136106,2.6390573296152584,0.6041694444440249,0.01020408163265306,1.3406852744967845,1.0420019619694787,1.0420019619694787,693.4335042373045
0x00983187e18f62a2ac1dcebd63f2e5f50394cc74,2.420836930250352e+21,5350000000.0,5007239917.0,1.506625749295502e+20,4.2216475579480336e+20,39.0,24,0.9359326947663552,2.209979504669374e-12,22.400362398041242,22.334150685663136,49.238400272201474,3.6888794541139363,0.935932694766355,0.04,2.8020545645938117,0.14756179985430778,0.14756179985430778,613.228294653994
0x00988fe82c5550c2240c9874d55cbd100cd1a722,3.888e+21,455000000.0,455000000.0,1.9440000000002275e+21,2.2447378466090024e+21,4.0,130,1.0,1.170267489711934e-13,19.935807979113026,19.935807979113026,49.71218183947315,1.6094379124341003,0.9999999999999978,0.007633587786259542,1.1547005383789812,0.90030520429197,0.90030520429197,680.7274355385057
0x009990e99b12f7ebcc594fb721fe56e4f88ac27e,9.730082500002838e+20,283828866.0,284581321.0,1.9460165000022724e+20,4.3514251793349496e+20,5.0,31,1.002651086940537,2.917024249279667e-13,19.463882033514675,19.466529612513437,48.326924234974314,1.791759469228055,1.0,0.03125,2.236067977496526,0.4877488521003073,0.4877488521003073,643.733156777354
0x0099a7b429f7541cbda34d6aa8cd82181fbb8bb5,1.8114000564001471e+22,2.661931266623174e+21,1.000264609332578e+21,5.8890998860436007e+20,1.0116936518892092e+21,37.0,65,0.3757665052717443,0.1469543548493265,49.33333885231287,48.35455152720466,51.25097210396393,3.6375861597263857,0.3757665052717443,0.015151515151515152,1.717908800098282,0.03587354855740897,0.03587354855740897,603.2131142286456
0x009b21f6f8273fe12dbc9c8025ca27db7de16b8c,6.84573255496734e+20,5.24000000000371e+20,5.243160019612602e+20,1.5042596672208998e+19,4.762263504700776e+19,187.0,16,1.000603057177269,0.7654403612658675,47.708023358214575,47.708626233625935,47.97532733334316,5.236441962829949,1.0,0.058823529411764705,3.165852019085904,0.08071866059830078,0.08071866059830078,607.2344135423091
0x009c52172355d5729543a64832249638822ff8c9,4.885e+21,1.123e+21,1.123e+21,3.004e+21,2.171991712691372e+21,4.0,107,1.0,0.2298874104401228,48.47029062863127,48.47029062863127,49.940456238369705,1.6094379124341003,1.0,0.009259259259259259,0.7230331933060492,1.05807209140411,1.05807209140411,694.8745264028204
0x009c8da3408c57e8c4b6872fbbdf832dadf45c5e,120752216.0,36000000.0,36014992.0,14252828.045454543,21891139.44709113,22.0,79,1.0004164444444446,0.2981311746692913,17.399029524198163,17.39944588194212,18.609251210576858,3.1354942159291497,1.0,0.0125,1.5359154953161054,2.150080448074852,2.150080448074852,792.7958439187771
0x009d3342ac1246d0e95a7f6772e11ce9f07b2560,1e+21,2.64e+20,2.64e+20,6.31999985e+20,4.249297808030572e+20,4.0,111,1.0,0.264,47.022480777039135,47.022480777039135,48.35428695287496,1.6094379124341003,1.0,0.008928571428571428,0.6723572640639497,1.1507663067297216,1.1507663067297216,703.1864954782809
0x009e8675b19be214d3f620e90c5e0de7a13c3c5a,5.376726769708291e+23,4.199051244553148e+23,1.4663222052498569e+23,3.097991553071335e+22,1.350623045500092e+23,109.0,7,0.8654231739709899,0.2339601148914973,54.39431574448044,53.342214503478296,54.641536920764615,4.700480365792417,0.3492032175487058,0.125,4.359673105503114,-1.4050590733640815,-1.4050590733640815,474.0034612728326
0x009ff94a057c75f661e3e28f89b9b9d84e57fc67,5.198957770058398e+22,1.00000000006847e+21,1.0006429758557774e+21,2.299770661766715e+20,7.225964884738184e+20,252.0,1,1.0006429757872637,0.0192346244054457,48.35428695294343,48.35492972211033,52.30533022253292,5.53338948872752,1.0,0.5,3.1420371626043355,-0.9701966757119426,-0.9701966757119426,512.9979420898733
0x00a0847926a77692495774f1c71ba8abef99dd52,3.207684933707336e+23,4.189819549087518e+23,1.000081632899792e+23,1.3947451820755638e+22,1.608461532243324e+22,62.0,115,0.2386932470916546,1.306181759018665,54.392114804826136,52.95953876843106,54.12500661135939,4.143134726391533,0.23869324709165463,0.008620689655172414,1.1532296744339507,0.020225696084327546,0.020225696084327546,601.8099579971944
0x00a09297f06b3790a37cffb2de91a0fccf0d5bac,3.412698938377698e+19,2.600000000017e+19,1.0000018447088804e+19,4.54351328809517e+17,1.747444001190959e+18,160.0,4,0.3846160941162853,0.7618603477671452,44.70462821192084,43.74911861159405,44.97662022265924,5.081404364984463,0.38461609411628533,0.2,3.846019347559915,-0.8782074483661975,-0.8782074483661975,521.2466942939612
0x00a3d4e0134ff2046e9c9b83d3321625ba3da1bd,2.3726456374619504e+16,772.0,772.0,1482903523413815.5,1119321162149452.0,16.0,53,1.0,3.2537517942452564e-14,6.650279048587422,6.650279048587422,37.70536712317574,2.833213344056216,0.9999999987046632,0.018518518518518517,0.7548172517471974,1.5822143084337792,1.5822143084337792,741.8748045085263
0x00a67dc242df79dd7f6145ce38840581ae90c110,1.893622271275272e+22,5.05e+20,0.0,1.4954786702118284e+21,2.496790862373607e+21,13.0,36,0.0,0.0266684653882901,47.67109010316818,0.0,51.295363586358455,2.6390573296152584,0.0,0.02702702702702703,1.6695596614694255,-0.30515289370730647,-0.30515289370730647,572.632983288852
0x00a72d7b5050e8fa50a471f2c9af1dc21eac4d36,3.2607188445226494e+21,16861425147.0,16866417115.0,1.811510469219073e+20,6.533871663061087e+20,18.0,63,1.0002960584859513,5.171076057453956e-12,23.54829431429893,23.548590328968196,49.53623462840084,2.9444389791664403,1.0,0.015625,3.6068638708324907,-0.08048447573636389,-0.08048447573636389,592.7791912895052
0x00a73c4e596bec4c4068a9152da71e45480b5450,1679192.0,58288.0,0.0,434370.0,543900.5211543742,4.0,23,0.0,0.0347119328820051,10.973168675291133,0.0,14.333823878828133,1.6094379124341003,0.0,0.041666666666666664,1.2521594980157977,1.5081069135163654,1.5081069135163654,735.2295314172907
0x00a8bec03805bcfaafab1050dbcf90f57982d750,5.376726769708291e+23,5.183996818709114e+20,584290859263.0,4.454016945897679e+21,2.5021570210716723e+22,153.0,23,1.127104972661801e-09,0.0007612931640864,47.697278205255756,27.093664742475486,54.641536920764615,5.0369526024136295,1.1271049726618012e-09,0.041666666666666664,5.617753707417425,-2.0523847380490117,-2.0523847380490117,415.95721871376315
0x00a9481685d2cb1536bbe5188a898b38d36e34d8,2.1003e+22,2003000000.0,2003000000.0,1.0501500000001002e+22,1.212608770378855e+22,4.0,135,1.0,9.536732847688424e-14,21.417911894129343,21.417911894129343,51.39895223753813,1.6094379124341003,0.9999999999999996,0.007352941176470588,1.154700538379031,0.8243560175435092,0.8243560175435092,673.9170074083141
0x00aac20f271c4731591cca07913e994d6f1075c0,1.0145838712364494e+21,5.09163174762308e+21,1.3927863274778426e+21,1.1883212190824962e+19,9.029496895020637e+19,323.2399999999998,0,0.2735441988961662,5.018443415050576,49.981885311163694,48.68559324572613,48.36876550222692,5.781483982320053,0.27354419889616627,1.0,7.5985320719866625,-4.1869082093185535,-3.345527590534549,300.0
0x00ab84845d68063c1dcd2a5f2cead5f253b249a2,1.271676527773266e+21,6.0500000000099e+20,991479063.0,1.43623509554764e+19,3.67657907496548e+19,148.0,7,1.6388083685923597e-12,0.4757499150042177,47.8517601319253,20.714708390219595,48.594623083387596,5.003946305945459,1.6388083685923597e-12,0.125,2.5598727439281737,-0.7278492834330162,-0.7278492834330162,534.7294387433042
0x00ac60244df04dfc07146f037d14f93320af57c9,1.1311623129009465e+22,5.881325000009268e+21,1.5001152589280382e+21,9.20840560985115e+19,4.0147737142361686e+20,203.0,27,0.2550641664804571,0.5199364346683538,50.12606902953785,48.759828897316495,50.78011774543895,5.318119993844216,0.2550641664804571,0.03571428571428571,4.359901034269347,-1.1390820970142437,-1.1390820970142437,497.85384281431703
0x00af05a74080485086d370d9c65d246f0f906528,4.383595323062063e+19,1324799736.0,0.0,3.131139516567531e+18,1.1475750225510089e+19,14.0,72,0.0,3.022176178148193e-11,21.004527143074718,0.0,45.22698600457627,2.70805020110221,0.0,0.0136986301369863,3.665039569393006,-0.7957247197990021,-0.7957247197990021,528.642990672347
0x00af158367a6fcdb1a367f6d503e05799f340881,100000001020810.0,10000000000000.0,0.0,27500000255202.5,48562674088423.95,4.0,23,0.0,0.09999999897919,29.933606208922694,0.0,32.23619131212475,1.6094379124341003,0.0,0.041666666666666664,1.7659154050093793,0.49231519463297974,0.49231519463297974,644.1426245935085
0x00b43a92d45ccdfeef6ea98d56f775586fe9e39e,4.0680139426239627e+21,8.579069749933452e+20,8.604144782602489e+20,7.629123488718142e+19,3.485905362731292e+20,189.0,1,1.0029228148738658,0.2108908639678789,48.20102734674915,48.20394589850448,49.75744185844575,5.247024072160486,1.0,0.5,4.569208203126096,-1.421004306262314,-1.421004306262314,472.57363868589385
0x00b44f149ddb22209db070da0bca4bb01a6e555c,5.376726769708291e+23,4.199051244553148e+23,1.7956976629723622e+22,6.912276612373868e+21,8.810139977978545e+21,187.0,75,0.0285744830023566,1.00505817343322,54.39431574448044,51.24226566247615,54.641536920764615,5.236441962829949,0.042764366481634966,0.013157894736842105,1.274564151875412,-0.23487940676543811,-0.23487940676543811,578.9344665932173
0x00b49bd7e1a75f98a82ca101909994e52a90e990,9.814973178671478e+19,7.8e+19,7.86600000965541e+19,4.4194749860408615e+19,3.7276193164054135e+19,8.0,45,1.0084615396994117,0.7947041584331443,45.80324050058241,45.81166644212397,46.03302586192399,2.1972245773362196,1.0,0.021739130434782608,0.8434529730746956,1.163054943023413,1.163054943023413,704.2884279396966
0x00b591bc2b682a0b30dd72bac9406bfa13e5d3cd,5.376726769708291e+23,2.671594901270283e+18,2.6733707348492595e+18,9.14072334270704e+21,2.2304677831897657e+22,114.0,0,1.0006647091511265,2.633147081983001e-06,42.42920730926741,42.42987179759726,54.641536920764615,4.74493212836325,1.0,1.0,2.4401436292997016,-1.776798224630738,-1.776798224630738,440.6692956119831
0x00b5ebd8c8561a28c1834fe08d7e607b73271328,52138543219.0,44740000000.0,44772799975.0,3894752871.66,4550245945.822497,50.0,80,1.0007331241618238,0.8580983901310102,24.524133793030746,24.524866648588308,24.677170305283923,3.9318256327243257,1.0,0.012345679012345678,1.1683015831202446,2.021073293931694,2.021073293931694,781.2276627546736
0x00b65668a962ee571a8f223abd696ab1bd3a391f,2000002.0,100000.0,100000.0,1050001.5,1096967.2435114004,4.0,23,1.0,0.04999995000005,11.51293546492023,11.51293546492023,14.508659238523094,1.6094379124341003,0.9999999999900001,0.041666666666666664,1.0447292156347927,2.4738549268909753,2.4738549268909753,821.8289766325008
0x00b7af5a4aaafd2ae2721ac415de840dd84efc5a,2.730999047784112e+20,1.0753969155269006e+20,180167302.0,1.312550332178879e+19,3.192617042885528e+19,29.0,76,1.6753563209889381e-12,0.3937741817960208,46.12439167706018,19.009396438284085,47.05636935370311,3.4011973816621555,1.6753563209889381e-12,0.012987012987012988,2.432376850330511,-0.38812655429133336,-0.38812655429133336,565.1926646192398
0x00b8bfc0b407187392aa9fe56eaa7c17b5ebec48,1.1130809372422898e+21,6.259800463751026e+20,3.505149805866728e+20,2.408866798482081e+19,3.0201189188525515e+19,109.0,54,0.5599459321689555,0.5623850210982837,47.88585016968475,47.30593512007229,48.461418742418644,4.700480365792417,0.5599459321689555,0.01818181818181818,1.253750900944645,0.504818675004336,0.504818675004336,645.2638223059791
0x00b8e23fe7ddea6791131decc5117023dc03cfb0,2.2941889258127268e+20,1.0000000000050576e+20,1.000310119640642e+20,1.5031404749024418e+19,5.093794981585042e+19,45.0,12,1.0003101196355828,0.4358838928885523,46.05170185988597,46.0520119314444,46.88208123169773,3.828641396489095,1.0,0.07692307692307693,3.388768426261454,0.006391654102981173,0.006391654102981173,600.5694476942197
0x00ba8ccbf0c1ce62834d72706fe3236387f5da35,5.125028938523673e+18,6500000000.0,4003104002.0,5.914780537948897e+17,1.123981452043408e+18,13.0,56,0.6158621541538462,1.2682855215003731e-09,22.59506801400185,22.11033589788339,43.080667845442555,2.6390573296152584,0.615862154153846,0.017543859649122806,1.9002927409259,0.5433642541191314,0.5433642541191314,648.7202371477516
0x00bb88a8309759a7c9f0a5c8e3a9364e8f564a8d,37952.0,8937.0,8937.0,9377.7,6606.182206421834,10.0,86,1.0,0.2354816610455312,9.098067129493398,9.098067129493398,10.54410383108278,2.3978952727983707,0.9999999998881056,0.011494252873563218,0.7044565517896048,2.8477795393317518,2.7880152518709047,850.0
0x00bbcd7ea98da5f60ee393533aaa9edeb8573167,1.870000000000538e+20,7.890000217534403e+19,0.0,1.6618750135965725e+19,1.9033487081357177e+19,16.0,83,0.0,0.4219251453225739,45.81471292931555,0.0,46.677640290747696,2.833213344056216,0.0,0.011904761904761904,1.1453019586692963,0.14193325864931192,0.14193325864931192,612.7235785800563
0x00bbfa640a4bac8f3650373be8f4bd77f0472101,1.003456616868884e+22,1.1909257930183222e+22,4.785529695832743e+21,1.656021458286192e+20,4.6602835792030826e+20,192.0,6,0.4018327358335347,1.186823399236136,50.83160302785127,49.91988367088676,50.660322702368994,5.262690188904886,0.40183273583353474,0.14285714285714285,2.8141444399071895,-0.5992321059153883,-0.5992321059153883,546.2626503719284
0x00bdc8be263d20bb3a83aaeadfef258dd409e2df,2.1702191714171503e+20,7.809600000027284e+22,7.810901938385314e+22,6.993282665161931e+20,2.685536600125968e+21,224.0,2,1.0001667099925764,359.85305552930055,52.71222579202325,52.71239248812125,46.82653002298613,5.41610040220442,1.0,0.3333333333333333,3.840165954544301,-0.6723705192263507,-0.6723705192263507,539.7042666849477
0x00bf2f290d3aef716cd8127acc153c273c23c538,1.7002478102764468e+22,102239076151.0,63505859915.0,2.024587963770557e+20,6.846802432695236e+20,103.0,0,0.6211505649875617,6.013186756251534e-12,25.350579791462824,24.874398020729053,51.1876460570585,4.6443908991413725,0.6211505649875617,1.0,3.3818251195882207,-2.3315457998185924,-2.3315457998185924,390.924609026626
0x00bf6ec0064e1a733a0fcc6df071b2cf514ff0e8,444658517.0,279000014.0,279000707.0,80406580.55555555,45339039.08017608,18.0,79,1.000002483870843,0.6274478129472104,19.44672239354908,19.446724877416827,19.91281717026649,2.9444389791664403,1.0,0.0125,0.5638722448699243,2.476707485908327,2.476707485908327,822.0847680241736
0x00c26a3e7117cfe0e4afacff2a1be9e3d2384c6e,1.4914051588294204e+20,6.929227544393802e+19,0.0,2.764972042112406e+18,9.39873946774593e+18,79.0,79,0.0,0.4646106729195197,45.6848651084205,0.0,46.451420595053996,4.382026634673881,0.0,0.0125,3.399216818324645,-0.7434188080773859,-0.7434188080773859,533.3333062348297
0x00c2e5aa91c2b6927a4e8533482c8217b450a6a1,5.376726769708291e+23,4.199051244553148e+23,1.4663222052498569e+23,1.9180605363573728e+23,3.830606946192663e+23,156.0,1,0.8811462986839982,0.787415466184046,54.39431574448044,53.342214503478296,54.641536920764615,5.056245805348308,0.3492032175487058,0.5,1.9971251551149922,-1.2018952186666252,-1.2018952186666252,492.22133680653945
0x00c33f577e35165e07dd9a43b2baf124163bac0a,9.700707890960514e+20,2e+20,0.0,2.340141578192103e+20,1.5847857070004886e+20,5.0,0,0.0,0.2061705210053459,46.74484904044086,0.0,48.32390072117699,1.791759469228055,0.0,1.0,0.6772178750931936,-1.6820383685802245,-1.6820383685802245,449.1664924469763
0x00c3a5aceb3fe926a7a9772a6c4efd9f6beb7d73,46821682.0,8229629003.0,8230685675.0,4138490284.5,4724650170.393764,4.0,77,1.0001283984976257,175.7653431373952,22.831006772126006,22.831135162381234,17.66185696555784,1.6094379124341003,1.0,0.01282051282051282,1.1416361633345191,2.34888542714533,2.34888542714533,810.6228553701035
0x00c3a7a09fe2fed6f8c163202aea9cfad99874b3,5.966116945712077e+21,2.869695733469427e+21,4.0000000000155504e+20,1.0747658251930504e+20,1.9557009328669485e+20,103.0,1,0.1393875996456111,0.480998907594648,49.40849296081363,47.43799622100469,50.14038324080558,4.6443908991413725,0.13938759964561118,0.5,1.8196530695564903,-1.114350972855186,-1.114350972855186,500.0715037383495
0x00c4a3ac304984f216b8a8a0c182fae7984c83dc,1.516139199092228e+20,6.5000000003515e+19,6.5000044459594736e+19,1.3675201776489042e+19,1.493379931814524e+19,29.0,63,1.0000006839396882,0.4287205293711358,45.62091894384254,45.620919627781994,46.46786896286758,3.4011973816621555,1.0,0.015625,1.0920350253127546,1.056660061812238,1.056660061812238,694.7479085091358
0x00c5514615e9aeb9cf51f2e635b33743ae062dfe,3.520669925044801e+20,2.47e+20,2.4707322295852784e+20,7.0484984877564944e+19,7.524981792969043e+19,17.0,88,1.000296449224809,0.7015710227276046,46.9559200105208,46.956216415813216,47.310353150997436,2.8903717578961645,1.0,0.011235955056179775,1.0676006820516764,1.0367434891403164,1.0367434891403164,692.9619725091745
0x00c67d9d6d3d13b42a87424e145826c467cccd84,5.876335949480316e+21,3.654076909536359e+20,3.557980155602617e+20,1.2359790988544718e+21,3.284815422607277e+21,71.0,8,0.973701496626152,0.0621829136548858,47.34754536565473,47.320894871706706,50.125220382710935,4.276666119016055,0.9737014966261519,0.1111111111111111,2.6576625977346255,0.059046290481914045,0.059046290481914045,605.2910336931292
0x00c6bf08de7e3c560357b0b4e27da2fa6f8519eb,1.710253574066399e+21,1.3180933773389485e+21,5.214928281632769e+17,6.059480764764773e+19,1.653284710067288e+20,50.0,70,0.0003956417937673,0.7707005541903196,48.630473234199066,40.795471916933415,48.89092860132353,3.9318256327243257,0.0003956417937673734,0.014084507042253521,2.7284263689406534,-0.5906091582754186,-0.5906091582754186,547.035877416043
0x00c844967b2ab4c5ac26f44dcbffa7c06897e18e,1.0851748406167576e+22,1.0023726838287042e+21,1.0018259717542134e+21,6.598672237720104e+20,1.0062068488148982e+21,21.0,35,0.9994545820299068,0.0923696943857459,48.356656826333925,48.356111259569346,50.738613163304805,3.091042453358316,0.9994545820299068,0.027777777777777776,1.5248625974527128,0.666922631874265,0.666922631874265,659.7998219018498
0x00c98bc1a9458f9fb28887da8172e90df88da379,4.2e+21,6.3e+20,6.3e+20,2.415e+21,2.061140461006964e+21,4.0,130,1.0,0.15,47.8922514932784,47.8922514932784,49.789371478164284,1.6094379124341003,1.0,0.007633587786259542,0.8534743109759685,1.0163434134829845,1.0163434134829845,691.1326803855488
0x00cc1cf9b3c95b432a90878bc2c2dbb7a3daaccb,5.3e+21,5e+20,5e+20,2.9e+21,2.771281292110204e+21,4.0,111,1.0,0.0943396226415094,47.66113977231501,47.66113977231501,50.02199377343304,1.6094379124341003,1.0,0.008928571428571428,0.955614238658691,0.9627240889427552,0.9627240889427552,686.3245899792608
0x00ce22866efe39c055ff21bda32b179a7683ab5f,2.0555e+22,2.5e+21,2.5e+21,1.15275e+22,1.0424059110218692e+22,4.0,133,1.0,0.1216249087813184,49.270577684749114,49.270577684749114,51.3773911732248,1.6094379124341003,1.0,0.007462686567164179,0.9042775198628231,0.9244970696611445,0.9244970696611445,682.8967406684961
0x00cfbd5d2e36dd8182318a074cb1f399b608bfec,1.4100000000010702e+20,100000000.0,100070157.0,1.175000000003451e+19,3.976779190156762e+19,12.0,68,1.00070157,7.092198581554901e-13,18.420680753952364,18.421382077960168,46.39529156427175,2.5649493574615367,1.0,0.014492753623188406,3.3844929277830484,0.1524275822302559,0.1524275822302559,613.6646134954096
0x00d2432e6af76a8150a7609d7ff11dbe44de8e14,2.0000000000182077e+17,3e+17,0.0,7.142857142883154e+16,4.879500364698245e+16,7.0,23,0.0,1.4999999999863445,40.242558869566885,0.0,39.83709376146783,2.0794415416798357,0.0,0.041666666666666664,0.6831300510552667,0.5772909913654666,0.5772909913654666,651.7624765133066
0x00d29fbc981d05edba69bc0909e391a132271357,7.543826589385155e+22,5.25000000078e+20,78143189679.0,1.4035133203605524e+21,9.414343240539376e+21,64.0,26,1.4884417079502887e-10,0.0069593328247592,47.70992993663302,25.081808745806768,52.67760160437514,4.174387269895637,1.4884417079502887e-10,0.037037037037037035,6.707697820866352,-2.38678388593629,-2.38678388593629,385.9713628937892
0x00d3addc7cb1637c73359d41949a1a369d7f092a,2.307632206716592e+22,3.12746449132626e+22,3.854590634928178e+22,1.1095064964124253e+21,1.3997450599603713e+21,107.0,71,1.2324970101558426,1.3552699092270704,51.797094655470836,52.00613685656556,51.49309402597434,4.68213122712422,1.0,0.013888888888888888,1.2615924868276378,0.7648675016284894,0.7648675016284894,668.5826216228177
0x00d3ecff51b5e5b957c33c5656486ebfd60e58a7,8.131984331038278e+20,1.4411256355130452e+20,1.4494285892074422e+20,2.87132861481159e+19,3.423216194000851e+19,46.0,4,1.0057614364006793,0.1772169715099592,46.417126359435784,46.42287126223622,48.1475068288176,3.8501476017100584,1.0,0.2,1.1922063452933878,0.5796565082484036,0.5796565082484036,651.9745944228157
0x00d5201c4def4d1a199c63e07eac53f43252a0ea,2.8394846944574105e+20,2.683365684867178e+20,86305042.0,3.248735517250265e+19,5.101681554297849e+19,17.0,44,3.216298191734235e-13,0.9450185416054638,47.03877371904284,18.273398590035814,47.09532444997719,2.8903717578961645,3.2162981917342344e-13,0.022222222222222223,1.5703591527253409,-0.06589528957022331,-0.06589528957022331,594.0874160133795
0x00d5615d3446b1719e6ee0684218891bc5a2100c,3.0000000005294387e+18,361487474.0,0.0,2.5000000007424384e+17,8.660254037610578e+17,12.0,77,0.0,1.204958246454016e-10,19.70573795165996,0.0,42.54514396273741,2.5649493574615367,0.0,0.01282051282051282,3.4641016140154783,-0.5926370873239061,-0.5926370873239061,546.8540312945883
0x00d6cad0eb8fe405b4c27ca2071b0d0653b9c2fc,2922501986.0,5.3090808815741606e+20,5.0015034770823256e+20,2.514776672857302e+19,9.747124310326618e+19,41.0,81,0.9420657904159416,181662182164.6954,47.72112058817035,47.661440422531676,21.795705931207614,3.7376696182833684,0.9420657904159416,0.012195121951219513,3.875940323262139,1.0259065281118527,1.0259065281118527,691.9902130026709
0x00d831f24309b3271297f19b8e9be846c8c531c4,2.562569058155627e+22,39069341660.0,39072151869.0,1.856764489201482e+20,1.7261915903215303e+21,141.0,35,1.000071928752331,1.524616147832504e-12,24.388603895628272,24.38867582179385,51.59788233949455,4.955827057601261,1.0,0.027777777777777776,9.296771886583711,-2.455773596498189,-2.455773596498189,379.78499690858587
0x00d8dc2f6648dfc0472a673d85f4bc022d5cd17a,1.0000000000260534e+18,2.000000012043741e+17,0.0,2.400000096070392e+17,4.277849860572431e+17,5.0,23,0.0,0.2000000011991634,39.837093767480596,0.0,41.44653167391888,1.791759469228055,0.0,0.041666666666666664,1.7824373705554057,0.06804912528679792,0.06804912528679792,606.098325542214
0x00d94da07ea932ed8426e8dfd06615bda49b8022,1.4113765573825894e+19,7.263457584303574e+20,1688071070.0,2.056832011134768e+19,6.193901154181218e+19,36.0,3,2.3240599265671264e-12,51.46364055935378,48.034557826627456,21.246852335906826,44.09368227685541,3.6109179126442243,2.3240599265671264e-12,0.25,3.0113792087298377,-0.9476952610177989,-0.9476952610177989,515.0156630710029
0x00d9d164c3cdc126d33d541fe6e0cd55f4d4ed63,4.63598997736123e+20,2.0500000000012583e+20,125878052.0,3.18380475112618e+19,4.038502270773158e+19,21.0,90,6.140392780484036e-13,0.4421925004178078,46.769541653031844,18.65082416292933,47.5855516234409,3.091042453358316,6.140392780484036e-13,0.01098901098901099,1.268451612601135,0.053680004815522146,0.053680004815522146,604.8098342962471
0x00da65b9d6ea469301021381f9b16cf3e80fa8b1,5.376726769708291e+23,4.199051244553148e+23,1.4663222052498569e+23,2.8096251072425373e+22,6.140624267296057e+22,270.0,66,1.0019856141083785,0.988020378398362,54.39431574448044,53.342214503478296,54.641536920764615,5.602118820879701,0.3492032175487058,0.014925373134328358,2.1855671247623056,-0.32671673558432,-0.32671673558432,570.6993352591422
0x00da9446b29e3d2424b9db0c7e701ad33fdfedf4,5.222e+21,9.99e+20,9.99e+20,3.1105000000000004e+21,2.4381501867877896e+21,4.0,107,1.0,0.1913060130218307,48.353286452541376,48.353286452541376,50.0071674231519,1.6094379124341003,1.0,0.009259259259259259,0.7838451010409224,1.0309139292714318,1.0309139292714318,692.4392309207863
0x00db170287aaa8a93b08cda808af76d11a5f0fff,2.492239255298436e+22,7.0000000445e+18,7.007216620762874e+18,9.593653757557544e+20,2.547628117384821e+21,26.0,19,1.0010309394595711,0.0002808719118607,43.39244182930528,43.39347223771172,51.5700536515349,3.295836866004329,1.0,0.05,2.6555347751401692,0.1374844501112062,0.1374844501112062,612.3246501370949
0x00dc7f0ff419ed1634728a77146c6754541d2b82,2.5689720055303163e+20,760000000.0,760197411.0,2.1134916092384653e+19,4.815518673211698e+19,25.0,60,1.0002597513157894,2.9583817899296734e-12,20.44882899256044,20.449088710146356,46.995207680919435,3.258096538021482,1.0,0.01639344262295082,2.2784659528157905,0.5604146816184629,0.5604146816184629,650.2491634739521
0x00dcb0f4d625ca40a0f0cd2f45bbdbd343198793,5.274616541011248e+20,3.1221784124762985e+22,3.123297055401214e+22,3.1754884860820005e+21,6.660553566745068e+21,20.0,13,1.0003582892381953,59.19251927037175,51.79540301318282,51.795761238250755,47.714607842953576,3.044522437723423,1.0,0.07142857142857142,2.097489440109112,0.49182754492342173,0.49182754492342173,644.0988966295653
0x00dd72466c9bc28c9765b406ea147c1e15dbc7ab,6.985467901696133e+20,2.7095e+21,7.750937551682436e+20,1.04594727882229e+20,2.2929087237536383e+20,40.0,3,0.2860652353453565,3.8787666597710793,49.35105106889899,48.09951567033999,47.995533836988585,3.713572066704308,0.28606523534535655,0.25,2.192183841555948,-0.5445753791656726,-0.5445753791656726,551.1637655161009
0x00de3a8bdee6e682c3509d66a947d05a8ca797af,2e+18,3.000000000004e+17,0.0,5.750000000001e+17,5.057996968496323e+17,4.0,23,0.0,0.1500000000002,40.24255886956822,0.0,42.13967885445277,1.6094379124341003,0.0,0.041666666666666664,0.8796516466948598,0.3948757866822926,0.3948757866822926,635.4051500620906
0x00df99e12315cac90f49527b07d753b7fe9faccd,2.1157498642774426e+17,1.0569866271368582e+17,5.569866271368583e+16,6.216205197585265e+16,3.616901687604492e+16,6.0,23,0.5269571183181487,0.499580146492333,39.199368635991476,38.558732532824756,39.89335587631818,1.9459101490553132,0.5269571183181487,0.041666666666666664,0.5818504332851667,1.0846399627983443,1.0846399627983443,697.2568900126095
0x00e22b85d329650e35a9d664b7c408a57820f13f,1.3440403949113205e+23,1.483639056867425e+22,83384218748.0,2.1997134787521507e+21,5.980097738919366e+21,156.0,2,5.620249639697308e-12,0.1103864930313582,51.051369937895494,25.146724904772967,53.25513743624993,5.056245805348308,5.620249639697308e-12,0.3333333333333333,2.7185803045184525,-1.41019131459023,-1.41019131459023,473.54324883983776
0x00e2362abcebe7833138bd460000ba5d4f6ee1e6,430679270.0,196966448.0,221805663.0,25101553.62745098,13109981.56127897,51.0,77,1.1261088639827632,0.4573390495437591,19.098543962553258,19.217312169073875,19.880874220238304,3.9512437185814275,1.0,0.01282051282051282,0.5222776946739032,2.4940349091778677,2.4940349091778677,823.6385327965265
0x00e4f6071dcfc268ed4487e2a004d01e3666107e,3.7042404878030897e+22,2.02585e+22,2.0157365811852043e+22,1.0394752764519814e+21,1.8975770597995784e+21,110.0,3,0.9950078145890388,0.5469002368152104,51.362861411442246,51.35785672344619,51.96635028705801,4.709530201312334,0.9950078145890389,0.25,1.8255143751725749,0.052772030421210196,0.052772030421210196,604.7284154605591
0x00e650676a38478b3eee9e3eb741a6075b2c95c1,0.0,6.404296826131254e+22,1.2808774944035055e+23,1.625675619431374e+22,2.881343311108553e+22,12.0,76,2.0000283078341727,0.0,52.51384119004353,53.207002524420396,0.0,2.5649493574615367,1.0,0.012987012987012988,1.7723974430497915,2.8992519909170507,2.7880152518709047,850.0
0x00e678b0cdae186eb3c4b08cfe3d1a698882c0af,3.2758402029806923e+21,1.79756e+21,1.804578472257279e+21,2.6735639332504053e+20,3.4851451854208395e+20,38.0,55,1.0039044439447244,0.5487325048286535,48.940717142624955,48.94461398401117,49.540861339587174,3.6635616461296463,1.0,0.017857142857142856,1.3035578248483282,0.8289806934498481,0.8289806934498481,674.3317060276669
0x00e6f8d8fb80b0c302a6bd849b79982dc9945b15,222677848.0,120000000.0,120077113.0,2.854119346704113e+19,7.55129000344699e+19,7.0,44,1.0006426083333333,0.5388950947648821,18.603002309079653,18.60364471102331,19.221236661631707,2.0794415416798357,1.0,0.022222222222222223,2.645751311053999,1.6628573396409774,1.6628573396409774,749.1061336609553
0x00e7092c338d69f7ae230081d862d347ef9dcf1e,3.601946748279575e+20,1.59e+20,0.0,5.191946748279575e+19,5.905016779311272e+19,10.0,8,0.0,0.4414279585780782,46.51543587611305,0.0,47.33317632259413,2.3978952727983707,0.0,0.1111111111111111,1.1373415532946254,-0.0789213835587841,-0.0789213835587841,592.9193550936487
0x00e839bc0c9a130afe30974914c4b0100756cff4,5.376726769708291e+23,4.199051244553148e+23,5.415008562986898e+22,5.097266211683574e+21,1.5730071499753323e+22,323.2399999999998,67,0.0462595996033232,1.0404242930666197,54.39431574448044,52.346046507666394,54.641536920764615,5.781483982320053,0.128957906146324,0.014705882352941176,3.085981945321597,-0.8799263843615042,-0.8799263843615042,521.0925558422197
0x00e979f43658ae9cfb838b07d4b3bc70f12b93cb,5.471010752965651e+19,2309009600.0,49223480.0,1.0656156316950428e+18,7.485872902387838e+18,52.0,3,0.021318005780487,4.220444273022793e-11,21.560084525387214,17.71188132370963,45.44858014741456,3.970291913552122,0.021318005780487002,0.25,7.0249278255052285,-2.582881711162826,-2.582881711162826,368.3871042286461
0x00eadb769d931de24bb9252c3cc3a6f8de3f86cb,39342130.0,19372498.0,19372511.0,7339330.25,1681886.8297813816,16.0,81,1.000000671054399,0.492411010791739,16.779365041000677,16.779365712054815,17.487806538243063,2.833213344056216,1.0,0.012195121951219513,0.22916080520850693,2.720111430969178,2.720111430969178,843.9110066635969
0x00eddd42021ba97a37097ad4286b893b206e12bc,4.081062839675351e+20,477131213.0,333617781.0,1.183507281101337e+19,2.885033693698938e+19,56.0,23,0.69921600580761,1.1691346880558102e-12,19.98330209278557,19.625506530385607,47.4580593142932,4.04305126783455,0.6992160058076085,0.041666666666666664,2.437698305509545,0.1586319193102407,0.1586319193102407,614.2209616748663
0x00ee45c909dee53b4cf6af3a5fc3739cd2f9f2a3,1.8577533464531488e+22,1.2499123497797123e+22,0.0,1.942291060145603e+21,1.6933718066462282e+21,16.0,4,0.0,0.6728085578023931,50.87994547454845,0.0,51.27623992527023,2.833213344056216,0.0,0.2,0.8718424552287675,-0.32646530990084077,-0.32646530990084077,570.7218808138838
0x00ef17fb802141f4a12026c4492bafc43d8ab85e,1.2257450779333665e+20,2.3000000000189047e+19,2.3005877128908083e+19,8.027637377258752e+18,1.268130224890048e+19,21.0,14,1.0002555273356082,0.1876409737575088,44.58202588983019,44.58228138452425,46.25525074586698,3.091042453358316,1.0,0.06666666666666667,1.579705416792362,0.7728162122310949,0.7728162122310949,669.2953892587112
0x00f00fa5ba62e19615bbf759b7155de7ba96f27b,1.6298109894731686e+22,7953937860.0,1150132537.0,5.820753533836066e+20,2.829154882171085e+21,28.0,0,0.1445991353269134,4.880282383278742e-13,22.796932971405692,20.86314302311553,51.14533609658567,3.367295829986474,0.14459913532691338,1.0,4.860461563481764,-3.341189625841274,-3.341189625841274,300.3889889811817
0x00f14df956a8e0b34e0c5bddb6e39dec48ec7baa,4.5e+17,500000000.0,502415465.0,1.8004176691335354e+17,2.4653235317751046e+17,5.0,18,1.00483093,1.111111111111111e-09,20.030118658386467,20.034937956880107,40.64802397767505,1.791759469228055,1.0,0.05263157894736842,1.3693064526308278,1.1380974178561283,1.1380974178561283,702.0504654448225
0x00f4765d1e007cefc091d84c2bcd1c16ddcc2c87,6.961290000103351e+20,7907789783.0,7910719144.0,2.4902108140970287e+19,1.313269434638242e+20,28.0,12,1.0003704399181548,1.135966147493151e-11,22.791114159200394,22.791484530522574,47.99206666189544,3.367295829986474,1.0,0.07692307692307693,5.273727939834862,-0.791977967302428,-0.791977967302428,528.9789651533384
0x00f4fa7ac6f012e7e65d325022ba1397a83ca694,1.860000000001193e+20,4.2e+19,0.0,4.560000000004776e+19,7.714142855816552e+19,5.0,21,0.0,0.2258064516127584,45.18420129217619,0.0,46.672278347606664,1.791759469228055,0.0,0.045454545454545456,1.6916979946948405,-0.1403591338042076,-0.1403591338042076,587.4101798089562
0x00f5481262d4845b292ba0c41752de258b3bbeec,1.0998216122526633e+23,1.850000000002317e+22,1.8511701428093992e+22,3.029090484342589e+21,1.0114590499611517e+22,83.0,44,1.0006325096254491,0.168209096765532,51.272057684960494,51.27268999463604,53.05460513483689,4.430816798843313,1.0,0.022222222222222223,3.3391509933077193,-0.14673082772392834,-0.14673082772392834,586.8388245994323
0x00f656a2953a15ddf8d9d9726b67dd4e61f238b9,2.7228836900705094e+17,4.599812593053849e+19,4.602858450003101e+19,5.839010718167212e+18,1.350219180569315e+19,17.0,82,1.0006621697922762,168.93165910199917,45.275132328911525,45.27579427956612,40.145638079785556,2.8903717578961645,1.0,0.012048192771084338,2.3124108616007657,0.8660968513251398,0.8660968513251398,677.6599434519292
0x00f777857b95c1d0fe7564ae343d1a00c80b38f1,7.047690287587133e+20,1.03059444520369e+20,1.8665538386733544e+16,4.578295257595029e+18,8.006158426735526e+18,229.0,25,0.0001811142925677,0.1462315174403793,46.08183762691198,37.465455351583095,48.00440180424437,5.438079308923196,0.00018111429256776585,0.038461538461538464,1.7487204245846626,-0.20954634753048784,-0.20954634753048784,581.2061035471312
0x00f83f560dea6e8317900beabc89be027da154f8,3.1695717626925783e+20,6e+19,0.0,6.282619604487631e+19,3.560513625360437e+19,6.0,58,0.0,0.1893000206091863,45.540876236114926,0.0,47.20529834801128,1.9459101490553132,0.0,0.01694915254237288,0.5667243680991265,0.3377272968087837,0.3377272968087837,630.2805964006861
0x00f8a06340b52aee151b871a915c06af3c053470,5.904135722959663e+20,3.6741542383785214e+20,3.775105799357126e+19,3.3701617316311726e+18,1.1555281834853405e+19,323.2399999999998,69,0.1027476135847567,0.6223017916222152,47.35302482684289,45.07754517551489,47.82735493522103,5.781483982320053,0.10274761358475677,0.014285714285714285,3.4287024644543096,-0.72943357158531,-0.72943357158531,534.5873742780922
0x00f8dcbf7f64e30efff649bd9f137af0eb80e4da,1e+19,3261753.0,3261831.0,2.0000000000013048e+18,4.47213595499885e+18,5.0,5,1.000023913521349,3.261753e-13,14.997775645462799,14.997799558690893,43.74911676688687,1.791759469228055,1.0,0.16666666666666666,2.2360679774979664,0.43016546535109385,0.43016546535109385,638.5696055434562
0x00fc6300b77a8ea902d576eafaa9ba40daa7c415,2.7154439178023035e+19,1.055078577924096e+19,0.0,1.984485524066526e+18,2.498053262699058e+18,19.0,87,0.0,0.3885473645789765,43.80273201248593,0.0,44.748072212543384,2.995732273553991,0.0,0.011363636363636364,1.2587913756005387,0.18546594399311678,0.18546594399311678,616.6271914762699
0x00fea8ef6f337ce6aa8b5bb7086ace94dd0434a7,1.3e+20,1.0000000000968376e+18,0.0,3.2750000000024207e+19,6.3505249126860005e+19,4.0,153,0.0,0.0076923076930525,41.44653167398966,0.0,46.31406612434841,1.6094379124341003,0.0,0.006493506493506494,1.9390915763912386,-0.14598885575792284,-0.14598885575792284,586.9053578562772
0x0104b9e629be9b419a5f0b4974de5e8f2bb06399,2.571227071729021e+20,3.4445047818607755e+19,3.445840793822321e+19,3.887915191322944e+19,5.4911688533111e+19,15.0,78,1.0003878676460494,0.1339634612490494,44.98589691119679,44.98628470364162,46.99608510465711,2.772588722239781,1.0,0.012658227848101266,1.4123684759292845,0.9113928843635424,0.9113928843635424,681.7216772347083
0x0105c26c5d013bb32223dbb2a4bbd98e9b0c320a,8.857285172461142e+19,40000000.0,40004586.0,2.952769042834194e+19,4.574410176889929e+19,6.0,123,1.00011465,4.5160564689016723e-13,17.50439003707821,17.504504680503537,45.93035707060608,1.9459101490553132,1.0,0.008064516129032258,1.5491933539438676,0.9144245283702648,0.9144245283702648,681.9935273295947
0x0107aacde8714bd13357fc856d6b93b3f8b543e9,4.082402543116695e+22,2.231235968266093e+22,2.231532863450708e+22,9.33438871099156e+20,2.66642207401635e+21,130.0,0,1.0001330631044127,0.5465497203425375,51.45942772366276,51.459560777915065,52.06355771958291,4.875197323201151,1.0,1.0,2.856557784953339,-1.8251313482321414,-1.8251313482321414,436.3352233369868
0x0107e33b5776e3052fdd624d6246df4f1d8ecddd,0.0,946052756125.0,1892106052067.0,1.4540934884357734e+19,4.822682391483074e+19,11.0,77,2.000000570599257,0.0,27.57556417201839,28.268711637877395,0.0,2.4849066497880004,1.0,0.01282051282051282,3.3166247079966134,2.28676529683894,2.28676529683894,805.0524904853421
0x01080306fab7721ae1dbff1909df46b92a2c0b8c,2.1205207506124304e+19,1022239605.0,1023371649.0,2.905536367844236e+17,1.8979422002825787e+18,73.0,49,1.0011074155163455,4.8207007863741277e-11,20.745261749390153,20.746368552173177,44.50077846248828,4.30406509320417,1.0,0.02,6.5321577843155945,-1.0215599167082547,-1.0215599167082547,508.39215661256947
0x0108678baac8accdcbff80294564f74725330907,3.850684734347005e+21,1e+21,1.000230917145434e+21,2.343297641853417e+20,4.10263630199829e+20,25.0,12,1.000230917145434,0.2596940723503761,48.35428695287496,48.35451784336313,49.702537938437814,3.258096538021482,1.0,0.07692307692307693,1.7507960699151024,0.5284923173295125,0.5284923173295125,647.3866579351406
0x01087080dca984b607e1ebf263330431f979e528,1.5134493734547938e+20,1.13e+20,1.133699764614041e+20,1.0800364669211748e+19,9.722769204364405e+18,49.0,76,1.0032741279770274,0.746638784104497,46.173919492605165,46.177188272295986,46.46609325882077,3.912023005428146,1.0,0.012987012987012988,0.9002260110791249,1.138024462495359,1.138024462495359,702.0439234756126
0x010b19435d2bcae650c41af62440e2de08444026,3.652971076636693e+18,2.5e+18,2.5019252957778094e+18,2.45981710358041e+18,1.4846226239431022e+18,5.0,27,1.0007701183111235,0.6843744304435505,42.36282240576698,42.36359222768915,42.7420725039732,1.791759469228055,1.0,0.03571428571428571,0.6035500045032396,1.3801417106645042,1.3801417106645042,723.754782911104
0x010d23b534006f4e4f174a7530d7d9e3c131732a,1.2072025648059776e+22,5.504501889946251e+21,5.317013106371615e+21,3.27879113437004e+20,5.391883297595623e+20,92.0,9,0.9659390100461086,0.4559716861462217,50.059853235748896,50.02519865238784,50.84517779892902,4.532599493153256,0.9659390100461086,0.1,1.6444729403697058,0.44331045513657286,0.44331045513657286,639.7483279503545
0x010da4bb5ed14c387bc92de075b58e2d0cee23b1,1e+17,1.3590979040173495e+21,2.718097818138137e+21,4.8064688250597337e+20,1.0713637268813842e+21,17.0,24,1.9999279007816344,13590.979040173495,48.66110812666866,49.35421925696962,39.14394658089878,2.8903717578961645,1.0,0.04,2.229003798579864,0.8898849069110842,0.8898849069110842,679.7930386154316
0x010e92ac8b581c760a4f3c877a4558e8cc278c70,1094594982.0,1576517889.0,2228069452.0,425814951.3125,428649423.7721399,16.0,67,1.413285232946697,1.4402750925456005,21.178484384807614,21.524401331326306,20.813650253254124,2.833213344056216,1.0,0.014705882352941176,1.006656582750094,2.2558177426452026,2.2558177426452026,802.2773969963268
0x010eefc75fce6c266573960812b987fa22b6c64e,2.0001e+22,2.235e+21,2.235e+21,1.1118e+22,1.0257204882422893e+22,4.0,131,1.0,0.111744412779361,49.15852818094049,49.15852818094049,51.35006922517899,1.6094379124341003,1.0,0.007575757575757576,0.9225764420240055,0.9182529816116737,0.9182529816116737,682.3368279858186
0x010f6b049a5e8e963060b283486795630e5d83e2,1.0827e+21,1.5030687214542088e+16,1.5030935409222968e+16,1.0827300616226238e+20,3.1073465847849406e+20,10.0,1,1.0000165125304876,1.3882596485214822e-05,37.2488703204874,37.24888683288156,48.43374487420967,2.3978952727983707,1.0,0.5,2.869918084779269,-0.6866236264708793,-0.6866236264708793,538.426178443631
0x01102f208a263a1b3844a1bfac5444cbfe7d052f,6.661114564876544e+20,5.85e+20,5.857104930978729e+20,8.345320151604873e+19,1.0794620882008225e+20,30.0,76,1.001214518116022,0.8782314045229791,47.81814352112468,47.81935730231019,47.94798868251498,3.4339872044851463,1.0,0.012987012987012988,1.2934939206535212,0.9147523513202729,0.9147523513202729,682.0229234921612
0x0113e5f85ae18da390377823825946fc45582d1f,2.140430328141649e+21,1.7e+21,1.706102402835957e+21,6.410327275814968e+20,8.616942558654333e+20,12.0,65,1.0035896487270335,0.7942328127428298,48.88491520393713,48.88849842525202,49.11529384960991,2.5649493574615367,1.0,0.015151515151515152,1.344228178671085,0.8374401070234531,0.8374401070234531,675.0902688330516
0x0116ed59d76aaaf9ab5ef88807ab33b24df36efd,2.755301392899209e+18,2.25e+18,2.253844780839103e+18,2.003187163507086e+17,6.007540978911788e+17,50.0,79,1.0017087914840457,0.8166075790469092,42.25746189010915,42.259169223270106,42.46005850902563,3.9318256327243257,1.0,0.0125,2.998991351559016,0.48778459325468854,0.48778459325468854,643.7363617170462
0x0116fdba1f1dc87f91fcafe2fb365ca829cee686,1.2018994287357156e+23,1.375000000009424e+23,1.1710567218135514e+23,2.101697262958799e+21,6.684832110973972e+21,223.0,15,0.8516776158585638,1.1440225089846274,53.27791086998844,53.11736366108737,53.143360301538536,5.4116460518550396,0.8516776158585638,0.0625,3.1806826933594476,-0.29895719320319936,-0.29895719320319936,573.1885570192088
0x011b042a0573972f547b885c86279291b04c6020,1.9550811448248036e+21,1.7382247099922724e+21,9.038458458074574e+20,1.490347946303833e+20,2.471124259760481e+20,41.0,17,0.5199821637626332,0.8890805962675459,48.90715126364618,48.253190495194765,49.02471865175517,3.7376696182833684,0.5199821637626332,0.05555555555555555,1.6580854597673258,0.21000115557365304,0.21000115557365304,618.8272847528667
0x011b552b17d1a78af3be9f5b9fa85b6d66fc7dad,3.5321870081734963e+19,9.007000000011e+19,2.2543539659168e+19,1.0833353185423503e+19,2.4378215438387147e+19,15.0,95,0.2502891046868044,2.5499782370437245,45.94711881968969,44.56198020917991,45.011033995048436,2.772588722239781,0.2502891046868043,0.010416666666666666,2.250292686034508,0.0050239288457685025,0.0050239288457685025,600.4468026078813
0x011c3a587254b7312d78f2c8ba5adc41a1ed1357,1.9023913231593096e+22,2.050150000003779e+21,2.050698190690304e+21,1.7586950667544897e+20,4.336009453338158e+20,234.0,40,1.0002673905258268,0.1077669969919272,49.07219991408198,49.07246726886533,51.299983731815985,5.459585514144159,1.0,0.024390243902439025,2.4654697311114115,0.27531194436928086,0.27531194436928086,624.6837586963189
0x011e6bf0b2fccc01f137cfe776e1b1121f31fbaa,4.836411093124026e+21,3.5036519974735257e+21,4.50365199747607e+21,2.383909259133483e+20,4.265603853979971e+20,83.0,32,1.285416474217086,0.7244322143034331,49.60809280522744,49.85917557551322,49.93045988886409,4.430816798843313,1.0,0.030303030303030304,1.7893314678975898,0.5941628439721575,0.5941628439721575,653.2753898771009
0x011e835885e78d9f1c92e580dae0e142a33cf25e,1e+18,142000.0,142000.0,4.97500000000071e+17,5.744780239486153e+17,4.0,144,1.0,1.42e-13,11.863589378812122,11.863589378812122,41.44653167389282,1.6094379124341003,0.9999999999929577,0.006896551724137931,1.1547296963789615,1.2766026972893232,1.2766026972893232,714.4703515767961
0x01212602bb6ef285d7fca99430283ba780fe5950,1e+20,5e+19,5.045449970070959e+19,6.014889994014192e+19,2.244042011640425e+19,5.0,26,1.0090899940141915,0.5,45.35855467932097,45.36760360800769,46.051701859880914,1.791759469228055,1.0,0.037037037037037035,0.373081139284944,1.3189116958882534,1.3189116958882534,718.264235442501
0x01213e995cd6272ebbb929311b50787296f25600,3.950870555221956e+21,1.000000000005663e+21,1.0052544799319236e+21,1.543060908292667e+20,3.754812887981536e+20,52.0,2,1.0052544799262308,0.2531087733775383,48.35428695288062,48.35952767619539,49.72822290123194,3.970291913552122,1.0,0.3333333333333333,2.433353646510351,-0.245687893121526,-0.245687893121526,577.9652604347881
0x01214a235c6767040c8fef6bd33519a6c7ad79ae,2.9511287386063466e+23,4.199051244553148e+23,9.025452189775296e+22,5.521453513220387e+21,1.2954891229186746e+22,313.0,0,0.0672160755530769,4.5499608757748105,54.39431574448044,52.856920652963005,54.041644859289555,5.749392985908253,0.21494027255520579,1.0,2.3462827674212923,-2.412115041903333,-2.412115041903333,383.6998966075262
0x01222a114552e89e4c548170f8c1f4d5460d255a,8.165535685670953e+22,1.6044574895201392e+21,197552831699.0,3.212313827157556e+20,9.88997641818224e+20,284.0,7,1.2312749511243458e-10,0.0196491393986027,48.82707263955771,26.009271887793712,52.75679437769244,5.652489180268651,1.2312749511243458e-10,0.125,3.078770304000301,-1.1225328845016134,-1.1225328845016134,499.3378247666428
0x0122a648094d10ea18ae72673aea0334fae4d3a5,5.376726769708291e+23,8.25110158832157e+21,8.25568774427941e+21,5.863526148565415e+21,2.1621914948222497e+22,227.0,66,1.0005558234750531,0.0063119253071948,50.46463367016492,50.46518933922732,54.641536920764615,5.429345628954441,1.0,0.014925373134328358,3.687527675392489,-0.34266189399645197,-0.34266189399645197,569.2695193514354
0x0125c79621229bd96a4fd6c71b7a8d276fd5db97,3.453688496801577e+20,157700890.0,157765852.0,3.837431663118121e+19,7.98764973177773e+19,9.0,77,1.0004119317272084,4.566158475092501e-13,18.8762107018856,18.876622548789616,47.29114464931996,2.302585092994046,1.0,0.01282051282051282,2.0815093096113486,0.6321509115325542,0.6321509115325542,656.681812183923
0x01281a8e31e2ac1bae55a69a7c962f526fa64f00,3.509900000004307e+19,1e+19,0.0,5.637375000010768e+18,8.200782418020758e+18,8.0,107,0.0,0.2849084019484239,43.74911676688687,0.0,45.00470431393153,2.1972245773362196,0.0,0.009259259259259259,1.4547164980163805,0.1001971432395456,0.1001971432395456,608.9810656368567
0x0128883953744d1d302421534757fd6f2d8ba88a,4e+21,5e+20,5e+20,2.25e+21,2.0207259421636905e+21,4.0,131,1.0,0.125,47.66113977231501,47.66113977231501,49.74058131399485,1.6094379124341003,1.0,0.007575757575757576,0.898100418739418,1.0009599383822927,1.0009599383822927,689.7532310977923
0x012916ed48b20433b698cb32b488e52c639a2a66,1.8697323205204215e+21,3.30333000005517e+20,3.300000031011496e+17,3.6077513451343294e+19,1.450492505016493e+20,61.0,1,0.0009989919357001,0.1766739529397299,47.246632910489154,40.33786905876863,48.980082229388636,4.127134385045092,0.0009989919357001515,0.5,4.020489125373706,-2.0584649348526116,-2.0584649348526116,415.4120022984053
0x0129ba41a907ac27f7683d291576f2e74362c421,2.2438879071080436e+21,7.903676806740142e+20,90146130.0,1.784856228110161e+20,3.63154462335505e+20,17.0,55,1.1405594156269737e-13,0.3522313561966881,48.11902992965496,18.31694258933267,49.16249698701861,2.8903717578961645,1.1405594156269735e-13,0.017857142857142856,2.0346426598181506,-0.33534444709838795,-0.33534444709838795,569.925681034388
0x012c597fca480b9766d52e4c1e5d4c0940982abe,5.4e+21,700000000.0,700000000.0,2.70000000000035e+21,3.117691453623575e+21,4.0,127,1.0,1.2962962962962966e-13,20.36659089443625,20.36659089443625,50.04068590644519,1.6094379124341003,0.9999999999999987,0.0078125,1.1547005383789521,0.8850564343301841,0.8850564343301841,679.36006537505
0x012ced3e78c1a70e156537e580f6fed3954b2e84,1.114197475185457e+20,4579134696938509.0,4571838789240511.0,3.095904211044313e+18,1.8327229371572945e+19,36.0,13,0.9984067060305356,4.109805307336849e-05,36.06028644438766,36.0586918797755,46.15983625244941,3.6109179126442243,0.9984067060305355,0.07142857142857142,5.919830886948143,-0.9559422767075656,-0.9559422767075656,514.2761461643936
0x012e168acb9fdc90a4ed9fd6ca2834d9bf5b579e,5.314223574010065e+21,2.1990755191682897e+21,0.0,1.6906411309388902e+21,1.96270472382783e+21,7.0,40,0.0,0.4138093718757277,49.1423240063628,0.0,50.024673871967764,2.0794415416798357,0.0,0.024390243902439025,1.1609233254237998,-0.040512684456334234,-0.040512684456334234,596.3634957883704
0x012f15e260f6275bc8e62be475adb07549765e70,4.999e+21,1e+18,1e+18,2.5e+21,2.88559664540975e+21,4.0,102,1.0,0.0002000400080016,41.44653167389282,41.44653167389282,49.963524845306395,1.6094379124341003,1.0,0.009708737864077669,1.1542386581639,0.8850256010315357,0.8850256010315357,679.3573005269529
0x012fefa16a3baad884834385a0988378852d00bc,1.5e+19,11283486.0,0.0,2.1428571428587548e+18,3.933978962346192e+18,7.0,48,0.0,7.522324e-13,16.238850887468654,0.0,44.15458187499503,2.0794415416798357,0.0,0.02040816326530612,1.8358568490935085,-0.03433382440143728,-0.03433382440143728,596.9175594213327
0x01309200a32bb6b968aaf4ba20367d091fc7adbb,7.309206767188547e+22,5.59307926767708e+22,0.0,2.228332818839472e+21,2.56035010793759e+21,61.0,25,0.0,0.7652101583423165,52.37840203426618,0.0,52.64600680036219,4.127134385045092,0.0,0.038461538461538464,1.1489980698982993,-0.18222047627060903,-0.18222047627060903,583.6564376491491
0x0130b68a18a612892374e1eefbb0697a291215f1,6.582618163895063e+21,2.5000000000365e+20,2.5019932390828635e+20,5.448321144466923e+20,1.3678617721619043e+21,13.0,17,1.0007972956185338,0.0379788093094739,46.96799259176967,46.96878956971689,50.23871951632056,2.6390573296152584,1.0,0.05555555555555555,2.5106115001151226,0.24449504265114544,0.24449504265114544,621.9203809258414
0x0132749dd84ea8a0b242ff61f97ff40f96035df3,1.24e+20,65612498.0,65871649.0,1.3147880833339677e+19,3.762869010329466e+19,10.0,21,1.003949720067052,5.291330483870968e-13,17.999276769301694,18.003218709642756,46.26681323949786,2.3978952727983707,1.0,0.045454545454545456,2.8619585604911997,0.30498252137807014,0.30498252137807014,627.3443445557689
0x013274aa75bbc3bd7acff906e564edbbb50dce08,9.800000000000002e+21,10200000.0,10200000.0,4.454545454545464e+20,5.933980216694452e+20,22.0,20,1.0,1.0408163265306121e-15,16.13789837629371,16.13789837629371,50.636669338551485,3.1354942159291497,0.999999999999902,0.047619047619047616,1.3321180078293637,0.7096644129781274,0.7096644129781274,663.6325137426236
0x0133a483873163fc5bc916de39abec8baf85657c,6.40000000005941e+19,2.0000000000295182e+19,0.0,6.00000000006352e+18,1.0436621911435522e+19,14.0,76,0.0,0.3125000000017113,44.44226394746157,0.0,45.60541475726178,2.70805020110221,0.0,0.012987012987012988,1.739436985220839,-0.04733554606446607,-0.04733554606446607,595.7516839887481
0x0135249c1897454959da69ac1481df6c1d4023a8,3.357530549274401e+21,11059113055.0,4805293925.0,5.165431614298874e+19,2.138507746106298e+20,65.0,0,0.434509883487216,3.2938235088851224e-12,23.126520635973183,22.29298404836149,49.56549270106473,4.189654742026425,0.434509883487216,1.0,4.140036894857946,-2.7252311829291096,-2.7252311829291096,355.62250610271997
0x01361dec98b8d86a584afd90a7c7c3ca0d908539,5.026047080874561e+21,2.1e+18,2.1000098840203717e+18,3.90572958921506e+20,5.985548341542077e+20,26.0,50,1.000004706676367,0.0004178233841045,42.1884690186222,42.188473725287494,49.968920759416584,3.295836866004329,1.0,0.0196078431372549,1.532504543599241,0.7152832538237804,0.7152832538237804,664.1363599770941
0x0136f37e3373f91e6fc2d2ac76f0d01701754fcd,9.979990000000012e+20,2.000000000002e+20,200000242.0,1.7114271428577172e+20,3.721498809685176e+20,7.0,36,1.0000012099990001e-12,0.2004010024060142,46.744849040441856,19.113829139511573,48.352283948199776,2.0794415416798357,1.000001209999e-12,0.02702702702702703,2.174500284873985,-0.3720588344293997,-0.3720588344293997,566.6334707163238
0x01397d68308d2a94865ffe0f84d26e94b6df1234,37606.0,4000000000000000.0,4008156447640377.0,1601631289543123.5,2189403605403779.2,5.0,126,1.0020391119100942,106366005424.66628,35.92507075603058,35.92710779177386,10.534945482263229,1.791759469228055,1.0,0.007874015748031496,1.366983537158744,2.592366785059295,2.592366785059295,832.456035685864
0x013a451f558aa0e0ac50b6199ba0e2f6b710369e,1.8365141162733383e+21,3.000000000095774e+20,9581401364.0,6.219397745034388e+19,2.0140535668869025e+20,48.0,55,3.1938004545647054e-11,0.163352950762142,47.15031414858095,22.983089698502663,48.962156225631766,3.8918202981106265,3.1938004545647054e-11,0.017857142857142856,3.238341796832237,-0.8039357724844186,-0.8039357724844186,527.9066985989051
0x013b81ad989b9009f4dab4c804c6007882f9a190,5.727100000000535e+22,1.0000000000014e+22,14027100999.0,1.2244000081578678e+21,2.6818162616472804e+21,55.0,79,1.4027100998980359e-12,0.1746084405722454,50.65687204587041,23.364257081057254,52.40208134027732,4.02535169073515,1.402710099898036e-12,0.0125,2.1903105551935775,-0.5335509162465186,-0.5335509162465186,552.1523384765135
0x013bbe7e89333bb26c0959f547adcd77f54ffa80,2.914152192147753e+23,4.810000000009198e+22,3.051164444331751e+22,3.5240656365393417e+21,1.0367507160614069e+22,105.0,4,0.6343377223130804,0.1650565819098209,52.22756912998859,51.77239534865377,54.029036073188415,4.663439094112067,0.6343377223130804,0.2,2.941916590065285,-0.7073776555010514,-0.7073776555010514,536.5651470202134
0x013c270b6c893ed986ff69eef37ca5a1c1e59dff,8.175822978409308e+17,43289209.0,10571300.0,3.2898381116143228e+16,1.497451342207462e+17,25.0,5,0.2442017362802817,5.2947830590654943e-11,17.583413970233398,16.17365343447275,41.245127962757,3.258096538021482,0.24420173628027614,0.16666666666666666,4.551747810692919,-1.0489184622466694,-1.0489184622466694,505.93889258022324
0x013c8b849edb8efc9a689854b7bc75f2dd1ccfff,1.0855788991664783e+20,28000000.0,28013650.0,2.397853647956213e+19,4.7133591679785e+19,9.0,112,1.0004875,2.579268998457759e-13,17.147715103853763,17.14820248504684,46.13381525220629,2.302585092994046,1.0,0.008849557522123894,1.9656575671312908,0.7383897431109608,0.7383897431109608,666.208338511276
0x013e074822e7776516a0c69dce430ec1fdb26c0d,2.13630023610905e+21,1.6e+21,1.6084340419006455e+21,3.4008019445498616e+20,6.903898963091465e+20,22.0,31,1.0052712761879037,0.7489583968375905,48.824290582120696,48.829548013763244,49.113362424071425,3.1354942159291497,1.0,0.03125,2.0300796916902732,0.5338267333958369,0.5338267333958369,647.8649995578965
0x0140c762c812c087e5b63d1f36022cf349628d45,1.0584405748871204e+18,3.949617492577068e+17,0.0,3.726672630546448e+16,6.41632479224173e+16,39.0,9,0.0,0.373154392063842,40.51756531780051,0.0,41.50332834303777,3.6888794541139363,0.0,0.1,1.7217301942888645,-0.024674409410711032,-0.024674409410711032,597.7837273737548
0x0140e9513def4729d7f7b6a5356ce6c84d7ae75b,1.492000000000001e+21,250000000.0,250055530.0,1.4920000000005023e+20,2.3325227163353756e+20,10.0,9,1.00022212,1.6756032171581757e-13,19.33697147982652,19.337193575160637,48.75440445465653,2.3978952727983707,1.0,0.1,1.5633530270339078,0.6006840156988643,0.6006840156988643,653.8601488886288
0x0142bfdf3d08eb9cca160c04e9240d7f9631f2b0,3.0774006908686534e+21,8.161319020059986e+21,6.162859143718493e+21,1.29902790561551e+20,4.762443928660702e+20,134.0,57,0.7551302832998674,2.652017023417351,50.45369275340309,50.17282776944517,49.47837226201359,4.90527477843843,0.7551302832998674,0.017241379310344827,3.666159832343358,-0.3228239962776653,-0.3228239962776653,571.0484005014778
0x0143bd780dab8a7302141c3fdb8ebade1fb56f92,3.6500304889883374e+20,2.5000000000041e+20,2.5126443847528382e+20,3.480771797831758e+19,7.025309646269137e+19,28.0,33,1.005057753899487,0.684925785564332,46.96799259175671,46.97303759818326,47.346437380587915,3.367295829986474,1.0,0.029411764705882353,2.018319514840169,0.6222276069092796,0.6222276069092796,655.7919810238523
0x01445326f7023b6c69eeb0eccbbac6797af3e76c,1.1675380719464042e+22,1.50000000002861e+21,28654710169.0,7.050009254724996e+19,2.20047732114805e+20,187.0,74,1.910314011230231e-11,0.1284754678301803,48.759752061002196,24.078583670433773,50.81176936570243,5.236441962829949,1.910314011230231e-11,0.013333333333333334,3.1212403298240567,-0.8324898505855101,-0.8324898505855101,525.346230145498
0x0144c47df1cc4d52ff115f758918dc42a9db48aa,8.425150353749638e+20,4.7824749128711976e+20,4.782487676112324e+20,8.630090863607131e+18,3.100647409230205e+19,293.0,4,1.0000026687523424,0.5676426784173345,47.61666003658964,47.61666270533842,48.18292318210249,5.683579767338681,1.0,0.2,3.5928328661121687,-0.37461684416145696,-0.37461684416145696,566.4040918094212
0x014607f2d6477badd9d74bf2c5d6356e29a9b957,14893952.0,2000000.0,2000000.0,2973392.75,2110034.5889793066,8.0,23,1.0,0.134282694076092,14.508658238524095,14.508658238524095,16.516465849614608,2.1972245773362196,0.9999999999995,0.041666666666666664,0.7096387078291615,2.515774087442224,2.515774087442224,825.5879033891199
0x0146a22337780c55e9d2af2f39139a6174fb828f,4.449986216190232e+21,2.357e+21,2.3577219013230068e+21,9.076721607825258e+20,9.230910947050628e+20,15.0,101,1.0003062797297442,0.529664561976531,49.21167657682896,49.21198280966463,49.84718795156297,2.772588722239781,1.0,0.00980392156862745,1.0169873381477779,0.9445822903576258,0.9445822903576258,684.6977994801653
0x01485557c2bc6e26c7187ff4cc38d5d9474405d4,1.0000000037978072e+18,3030424909.0,3032886697.0,5.558500911288806e+16,2.356949427661277e+17,18.0,45,1.0008123573670111,3.03042489749103e-09,21.831968680959207,21.832780708542295,41.44653167769063,2.9444389791664403,1.0,0.021739130434782608,4.240260935955823,0.02306985434037884,0.02306985434037884,602.064996085461
0x014930c2d8878759763f3ac2a492ff94073fd80f,6.434588433381792e+21,4777755694.0,4789732804.0,6.069528036721712e+20,1.3345946235129648e+21,28.0,76,1.0025068485638646,7.425114665008934e-13,22.28723675331633,22.28974046497621,50.215974834361255,3.367295829986474,1.0,0.012987012987012988,2.1988441530188716,0.45261398748487325,0.45261398748487325,640.5825836037409
0x014d8a9260da47dcf00113bd34482cceac881a9d,2.3023820220616924e+20,5e+19,0.0,4.670636703436154e+19,3.493320135930524e+19,6.0,76,0.0,0.2171663934173138,45.35855467932097,0.0,46.88564610865432,1.9459101490553132,0.0,0.012987012987012988,0.7479323179558183,0.28807285731852994,0.28807285731852994,625.828040606859
0x0152667429adfd3ecd2dd6c3d3cfc1e669e67309,7.678239294561989e+21,1.3000000000086253e+21,8634622914.0,4.275352045037737e+20,8.964168335048186e+20,21.0,9,6.6420176261097765e-12,0.1693096490141083,48.61665121734909,22.87904587822267,50.392677215230215,3.091042453358316,6.642017626109777e-12,0.1,2.096708818505977,-0.5766331145651569,-0.5766331145651569,548.2891211347467
0x01532c3f785c5218b5595b0e13e3b20b6d501924,3.000740000003e+19,1e+19,0.0,5.456006444377928e+18,4.720947766123453e+18,11.0,69,0.0,0.3332511313872579,43.74911676688687,0.0,44.84797569180542,2.4849066497880004,0.0,0.014285714285714285,0.8652753280722558,0.33137588248670197,0.33137588248670197,629.7110596799196
0x01552561469172eb5910ac83b35f96c92bac63d0,1.4278802469687214e+22,1.14e+22,1.1410318009638167e+22,3.4251476925665667e+21,5.403949114423036e+21,15.0,90,1.0009050885647517,0.7983862809364659,50.78790030827541,50.78880498749448,51.01306304560374,2.772588722239781,1.0,0.01098901098901099,1.5777273272480972,0.6668617562091883,0.6668617562091883,659.79436312922
0x0158f2bc31131a627cb41b44e7ec4c8a7dbe0613,3.500000000010258e+19,5.6e+19,5.6e+19,3.033333372824696e+19,2.5303491282564702e+19,6.0,80,1.0,1.5999999999953107,45.47188336462797,45.47188336462797,45.00187973538517,1.9459101490553132,1.0,0.012345679012345678,0.8341810204330302,1.2318951493611685,1.2318951493611685,710.461387754047
0x015b0bb1bfad0437647e74776a7d649d2e3adebb,4.5e+21,740000000.0,740000000.0,2.25000000000037e+21,2.5980762113528887e+21,4.0,136,1.0,1.6444444444444445e-13,20.422160745513843,20.422160745513843,49.85836434965123,1.6094379124341003,0.9999999999999987,0.0072992700729927005,1.1547005383788718,0.894330222265056,0.894330222265056,680.1916538216026
0x015befb758090caf23caf09dcdc107426bb1f07b,4941747892.0,1941747638.0,1941749156.0,764833037.5,179708954.84521666,18.0,118,1.0000007817699736,0.3929272962595721,21.38685424934981,21.38685503111948,22.320984930059044,2.9444389791664403,1.0,0.008403361344537815,0.23496494794815456,2.506038394995575,2.506038394995575,824.7148955723917
0x015fe88d0d4787574aaf5af64726252484365338,2.1792299114388824e+19,5.852413646463997e+18,4.463610788343538e+18,2.711544959731222e+18,3.2279031371069573e+18,14.0,48,0.762695711202921,0.2685542087938678,43.21338583918424,42.94248970617951,44.528088329646266,2.70805020110221,0.762695711202921,0.02040816326530612,1.190429509760708,0.8846955917093714,0.8846955917093714,679.3277083105368
0x0160afff7a7a824429a8202995d03239d2d418fa,1.96095071333505e+23,4.789000000474642e+21,4.000142844042217e+18,1.0745450239403464e+21,3.418974235838875e+21,187.0,0,0.0008352772695021,0.0244218274733169,49.920608574334544,42.83286174538564,53.632886552326966,5.236441962829949,0.0008352772695021423,1.0,3.1817877889392934,-2.9159843291974155,-2.9159843291974155,338.51750934257296
0x0161cd3a424b77adbc9f73d55dffaa1325ca9e4e,1.5980212939301035e+22,11750000000.0,11750510673.0,3.1961038406535395e+21,5.69154610203904e+21,10.0,104,1.000043461531915,7.352843197165768e-13,23.187119077621684,23.187162538209172,51.125638218487325,2.3978952727983707,1.0,0.009523809523809525,1.7807763407571988,0.5840474578355425,0.5840474578355425,652.3683346044656
0x01663114bff8c87677c61a4a20e62339cb15e58d,7.426305750347581e+20,7.329575748437216e+20,1.180639245563735e+20,4.432445532867941e+19,7.218440595864804e+19,40.0,38,0.1610787972026166,0.986974680929904,48.043619495310054,46.21775788520244,48.056730387741034,3.713572066704308,0.1610787972026166,0.02564102564102564,1.6285458089305003,0.004295891410082439,0.004295891410082439,600.3815188722141
0x0166e394c5d12205464c2c6b3073abb04ebdfd3f,5.376726769708291e+23,3.10045e+23,4.504165255274724e+19,3.5404411708863e+22,4.0567432127332326e+22,28.0,121,0.0001452745651526,0.4552066553250056,54.09100440110959,45.25411934783153,54.641536920764615,3.367295829986474,0.0001452745651526302,0.00819672131147541,1.1458298604401562,-0.21206546573781004,-0.21206546573781004,580.9802120763081
0x0167767e7ffabd6e9fe1f958535bf296622d4b21,2.241429040220492e+22,1.2227768471478996e+22,25957058827.0,4.8791632216533126e+20,1.5551433958132278e+21,71.0,4,2.122796067618084e-12,0.545534489473561,50.85799642243242,23.97970942606179,51.46398567270733,4.276666119016055,2.122796067618084e-12,0.2,3.1873157858536754,-1.2538548588951117,-1.2538548588951117,487.5620717031657
0x0168459886bd2aa322c18ed0b209887095afcacb,3.0517947281131124e+21,1.5e+18,1.5011673051245384e+18,2.444497118515168e+20,8.456119519558848e+20,25.0,21,1.0007782034163588,0.0004915140543962,41.85199678200099,41.85277468277407,49.47001680588095,3.258096538021482,1.0,0.045454545454545456,3.4592470801091593,-0.0773185052147467,-0.0773185052147467,593.0630865571555
0x016a42b47b051be2946a35fb72774e00a7b8e820,1.1035883706801996e+21,1.550300000000501e+21,1.007077785237412e+21,9.31424323109009e+19,1.4234279375311231e+20,42.0,25,0.6496018739838008,1.404781022696868,48.792735413465465,48.361339808153915,48.45285397855829,3.7612001156935624,0.6496018739838009,0.038461538461538464,1.5282271486961507,0.43648403555814463,0.43648403555814463,639.1361971045114
0x016a6738cdf51365f2f5e30c82931553e0a93262,1.6640670710065463e+20,2.1021196827875926e+19,25000000.0,5.35508296938946e+18,1.3765090723560004e+19,35.0,0,1.1892757679166886e-12,0.1263242160976168,44.4920629752981,17.034386422832473,46.5609665085629,3.58351893845611,1.1892757679166886e-12,1.0,2.570471980031596,-2.3534063116515824,-2.3534063116515824,388.9643583498036
0x016d10f16e862eea0be1fdeb1dbba0bbd7f44078,1.5495880486117707e+20,1.2094e+20,1.2125960745656644e+20,1.904505473250965e+19,2.668640161134669e+19,29.0,75,1.0026426943655238,0.7804654928020806,46.24182622873789,46.24446543732654,46.48969098039843,3.4011973816621555,1.0,0.013157894736842105,1.4012247266369555,0.9378027471643818,0.9378027471643818,684.0898720796253
0x016e9e2497544790d71411911b187cbd26b43458,200000002012658.0,7720401543340.0,0.0,34620067259333.0,50672493441216.73,6.0,23,0.0,0.0386020073282368,29.674887491998724,0.0,32.92933849253988,1.9459101490553132,0.0,0.041666666666666664,1.463674032220612,0.5808212070273157,0.5808212070273157,652.0790339522787
0x01708df7ee281fe5a8bf6a967b4fd8df8623e98b,7.500000002914488e+19,23044146149.0,23126146479.0,1.5000000020907878e+18,1.0606601717496496e+19,50.0,16,1.0035584017507004,3.072552818672678e-10,23.86067761101133,23.86422969662949,45.76401978781773,3.9318256327243257,1.0,0.058823529411764705,7.071067801808263,-1.3687435305088738,-1.3687435305088738,477.2599068677461
0x0170de25446302e7ff2e3093c6b77350dfd2b643,1e+19,1000000.0,1000000.0,2.5000000000005e+18,2.886751345947552e+18,4.0,7,1.0,1e-13,13.815511557963774,13.815511557963774,43.74911676688687,1.6094379124341003,0.999999999999,0.125,1.1547005383787896,0.9408955794888535,0.9408955794888535,684.3672089829723
0x017184a0829a54746706654e86eb7a6c5cafbf90,2.556047912227005e+19,2.5000000000175e+19,105128988.0,3.61146279447538e+18,9.062365128874924e+18,14.0,72,4.205159519970563e-12,0.9780724328595732,44.665407498768026,18.470698620840693,44.68757904822921,2.70805020110221,4.205159519970563e-12,0.0136986301369863,2.5093336535926767,-0.3126298658339077,-0.3126298658339077,571.9625168430648
0x0171ed588582d1df472015623dcb426d0a1de431,1.9796941972181887e+21,20292000000.0,17117211661.0,8.265392488564993e+19,2.2456014719949845e+20,24.0,11,0.8435448285531244,1.0250067928932536e-11,23.733492556700135,23.563350324184935,49.037229339804014,3.2188758248682006,0.8435448285531244,0.08333333333333333,2.7168721571319567,0.02327525393176695,0.02327525393176695,602.083414441404
0x01750c374d9fae78ca0dd39a0f4f0f4fec06181c,3.841350030606036e+21,1.750000000001135e+21,1.7500292421667227e+21,3.378527574515286e+20,4.230446822964232e+20,29.0,60,1.0000167098089072,0.4555690020586444,48.91390274081103,48.91391945048033,49.7001108281585,3.4011973816621555,1.0,0.01639344262295082,1.2521569617708892,0.8450228262082639,0.8450228262082639,675.7702177074301
0x0175c38d00a114bd29fbcaf832e7b1a21033644c,2.233061308896844e+19,109006000000.0,6807311713.0,7.443537736431291e+17,2.298917057053003e+18,30.0,25,0.0624489634790745,4.881460243196373e-09,25.41466876354132,22.641263123517856,44.55249019521073,3.4339872044851463,0.06244896347907455,0.038461538461538464,3.0884737049176154,-0.5291604614021721,-0.5291604614021721,552.5460342941567
0x017715b9a71dabed2ddae0bbbb6b0896509c8212,1.6629023774109907e+21,1197207986.0,0.0,2.771503962356067e+20,4.422427645379046e+20,6.0,74,0.0,7.199508535575969e-13,20.9032580053205,0.0,48.862851448663335,1.9459101490553132,0.0,0.013333333333333334,1.5956779082572634,-0.13869628828391356,-0.13869628828391356,587.5592885801282
0x01771a278c3fab69735aaeb38872469489e7716d,4.246017135848948e+20,4.83000000000283e+20,4.833128878901628e+20,1.008777794385694e+20,1.569586463985913e+20,18.0,73,1.0006478010142437,1.13753662443407,47.62654832754598,47.62719591882772,47.49768325891666,2.9444389791664403,1.0,0.013513513513513514,1.555928840544839,0.8299986705331138,0.8299986705331138,674.4229888979723
0x01784fd2a696eec23f901b9a5d9762d5e8d10af3,1.601683662942726e+23,1.6498909428489282e+23,206899011798.0,3.2519575385083226e+21,7.813398142024004e+21,100.0,0,1.2540162893478266e-12,1.0300978782649457,53.46016632934808,26.05549664546127,53.43051250417966,4.61512051684126,1.2540162893478266e-12,1.0,2.402675326938008,-2.5983669427336813,-2.5983669427336813,366.9985303517201
0x0178e892ccb5ab71c7b1727fe7e50f317b0494b1,3.814938633254873e+23,1.722350000000349e+23,8.69628577155247e+22,2.7373039788214174e+21,8.8481776736896e+21,261.0,0,0.5049081645165447,0.4514751521784911,53.503146776248414,52.819768057561994,54.298381717822615,5.568344503761097,0.5049081645165447,1.0,3.232442484337929,-2.5169573030608006,-2.5169573030608006,374.29860193686034
0x0179e2f40016671fe0326ef241d0178ffbbe9e94,7.52370928740848e+22,1.2753672088570084e+22,0.0,6.285054640189634e+21,1.0418345027012156e+22,14.0,60,0.0,0.1695130899051929,50.90010618996003,0.0,52.67493131852417,2.70805020110221,0.0,0.01639344262295082,1.6576379400733119,-0.3421637494875981,-0.3421637494875981,569.3141883929518
0x017af4481e13023209f6c15f6cfdefff3c695534,2.165206728266881e+21,20300000000.0,0.0,1.1395824885722009e+20,4.930525120956394e+20,19.0,36,0.0,9.375548179756922e-12,23.733886723043415,0.0,49.12680279626827,2.995732273553991,0.0,0.02702702702702703,4.326606604085255,-1.2612291162504599,-1.2612291162504599,486.9008157782212
0x017b3763b8a034f8655d46345e3eb42555e39064,142241229510.0,1.2432661e+22,7.991382665808201e+18,9.569732602269456e+20,2.9265436695428475e+21,13.0,77,0.0006427733102196,87405466353.38205,50.87461391432748,43.52489546823761,25.680790252593376,2.6390573296152584,0.0006427733102196063,0.01282051282051282,3.058124809933372,0.3338801649541349,0.3338801649541349,629.9356208173368
0x017b4cca058ecf79937066adf44ddfa249a620fd,3.4317749660347047e+22,2.5839342459953147e+22,167740119933.0,4.372161765953499e+20,1.993656527321786e+21,250.0,0,6.491655900028044e-12,0.752943963858143,51.60618518486935,25.845681713501826,51.88994965600775,5.5254529391317835,6.491655900028044e-12,1.0,4.559887383048374,-3.3845692727740246,-3.345527590534549,300.0
0x017b69d5d9325f15c278a658a619a49bdb4d6665,3.0991612407728927e+21,3.0968122862760545e+21,3.1209468431452613e+21,2.645426304421808e+20,2.3104189884985813e+20,47.0,2,1.007793354791365,0.9992420676711056,49.48466024055864,49.492423384024086,49.48541846026346,3.871201010907891,1.0,0.3333333333333333,0.8733635802429027,0.38439192084694934,0.38439192084694934,634.465052901674
0x017b93259518cc28f53284ec81f7084575ba8699,10000000.0,7000000.0,7014621.0,8507137.75,1731870.956378366,4.0,64,1.0020887142857142,0.7,15.76142084987672,15.763507385533732,16.118095750958314,1.6094379124341003,1.0,0.015384615384615385,0.2035785721676086,2.786136712734879,2.786136712734879,849.8315497989724
0x017c4d3aff4d726da43846579fe49c3646abd6a6,1.568268803575259e+18,1000000000.0,1000121062.0,3.4850652109738746e+17,6.219350675717706e+17,9.0,73,1.000121062,6.376457898800582e-10,20.72326583794641,20.723386892618876,41.89650401198002,2.302585092994046,1.0,0.013513513513513514,1.7845722530912862,0.9932895492745214,0.9932895492745214,689.0654207869053
0x017c536b11211d47ff4752c141f1e62ea16a4a5d,9.87842108034596e+21,1.9084697151473646e+22,8.510323569993609e+21,3.7319827878099576e+20,1.2234942042669583e+21,124.0,1,0.4459239516586447,1.9319582548920124,51.30317377054036,50.495566917063336,50.64463964218223,4.8283137373023015,0.44592395165864473,0.5,3.278402591414261,-1.4428774667980482,-1.4428774667980482,470.61225378914537
0x017d08868e2ddbf4d2b28171457c1ce6976fe212,3.88907578589442e+20,1.150000000003902e+21,1.150361812212286e+21,4.953174300784616e+19,1.541221199861753e+20,62.0,29,1.0003146193116372,2.957000745973948,48.49404889525351,48.49436346508287,47.40987340210929,4.143134726391533,1.0,0.03333333333333333,3.111582807852357,0.17781897421692625,0.17781897421692625,615.9414811967513
0x017d8a64a8cfc0e15d20bb9aa7a86165b784a4d2,4.95e+21,5e+20,5e+20,2.7250000000000003e+21,2.5692086978938347e+21,4.0,114,1.0,0.101010101010101,47.66113977231501,47.66113977231501,49.95367452945556,1.6094379124341003,1.0,0.008695652173913044,0.9428288799610401,0.9713524183366382,0.9713524183366382,687.0982996098232
0x017e019d6344b47854635ee87f728831260c87b5,3.138628998601816e+17,2.922334836009824e+17,489829435.0,1.5757667141090294e+16,6.415929425447828e+16,40.0,76,1.6761578069842824e-09,0.9310864193607,40.21632947904133,20.00956779867571,40.28773266082154,3.713572066704308,1.6761578069842826e-09,0.012987012987012988,4.071623907270769,-0.7316743023983137,-0.7316743023983137,534.3864460415383
0x017e2a9de4d669a21084a6d2014b38a5e2863643,2.2579288538609e+20,1.261351349423009e+20,0.0,3.910311336982122e+19,3.1148803676263342e+19,9.0,81,0.0,0.5586320167999035,46.28388550566962,0.0,46.866149816635854,2.302585092994046,0.0,0.012195121951219513,0.7965811668669635,0.2712020203281478,0.2712020203281478,624.3152183142423
0x017f1e8b5ef8d86d279ba8ae5120694006a18001,4500438035.0,3500000000.0,3508162404.0,2669402473.833333,1753104216.7607992,6.0,90,1.0023321154285714,0.7777020753936456,21.976028805727495,21.978358205994773,22.22744057031866,1.9459101490553132,1.0,0.01098901098901099,0.6567403132144753,2.3378393806812747,2.3378393806812747,809.6323469948742
0x017f9dc0e2d0a123bf03a3c7ec27f898b70d8ded,3.80955261343638e+20,7.0000000002850144e+19,7.003575690425558e+19,1.569597922926267e+19,6.572202003096631e+19,141.0,32,1.0005108128771998,0.1837486106792659,45.6950269159829,45.695537598439614,47.38921361782984,4.955827057601261,1.0,0.030303030303030304,4.187188264650478,-0.2421539720522957,-0.2421539720522957,578.2821501407896
0x017fe812df7bea272511a47955099a9e8d20282e,4.000000000015784e+18,10000000000.0,6000648593.0,7.995509120104148e+19,2.5143788441408936e+20,10.0,75,0.6000648593,2.499999999990135e-09,23.025850930040455,22.51513339933219,42.83282603501666,2.3978952727983707,0.6000648592999999,0.013157894736842105,3.144738885756085,0.055265421754007865,0.055265421754007865,604.9519999806765
0x01812580ff18cdaa3e9b3cdaa81496cd98d3f56f,2.50360976498924e+21,2.862010700009941e+21,2.600799653665196e+21,3.374007771086104e+19,1.727243960224044e+20,237.0,0,0.908731631805626,1.1431536735607206,49.40581137265001,49.31010590971779,49.27202054931491,5.472270673671475,0.9087316318056261,1.0,5.119264914046237,-2.677816981578391,-2.677816981578391,359.87417783844194
0x0184df2afb9845c27504419ac7d5efccae41b951,9.022400159218926e+20,4000000000.0,1001556048.0,7.518666799411696e+19,2.59749313342448e+20,12.0,13,0.250389012,4.4334101008730724e-12,22.109560198316302,20.724820676556583,48.251412251598765,2.5649493574615367,0.25038901199999997,0.07142857142857142,3.454725688373001,-0.7392982882651368,-0.7392982882651368,533.7027967487084
0x018650dae189c5083dcbec8ae1edcf8b83e08380,4.201971702264848e+21,7.000000000005e+20,7.003817634837765e+20,5.159175479243103e+20,7.177999032626524e+20,19.0,71,1.00054537640468,0.1665884612271906,47.99761200893694,47.99815723667796,49.78984082092594,2.995732273553991,1.0,0.013888888888888888,1.3913074020268834,0.7906376301254802,0.7906376301254802,670.8934509489542
0x0186d975cfe19772e58f4d314a52984b31a2cbeb,1.3200525565828076e+23,2.459163738624653e+22,354238043724.0,1.3521398348417362e+21,5.245029947744626e+21,116.0,12,1.4404817302735448e-11,0.1862928658682074,51.55669339437082,26.59323496399491,53.23712869026175,4.762173934797756,1.440481730273545e-11,0.07692307692307693,3.8790588166929796,-1.3677516086772126,-1.3677516086772126,477.348853341494
0x0187cd7fa0f5f10661e12be1538611de29bc6f77,1.1098529508434036e+20,2.60000000000003e+20,3001372.0,3.0915441257057235e+19,5.827072555593148e+19,12.0,116,1.1543738461538327e-14,2.34265268928125,47.00721330490836,14.914580408601605,46.15592938971169,2.5649493574615367,1.1543738461538327e-14,0.008547008547008548,1.884842110821553,-0.12131012289235037,-0.12131012289235037,589.118320808492
0x0188470b85e116ba8a7a42a71a8d67229f44e7ad,4.577691475669348e+20,139825774.0,0.0,4.161537705155224e+19,6.079493240011312e+19,11.0,0,0.0,3.054504104157757e-13,18.755907741299154,0.0,47.57289668632014,2.4849066497880004,0.0,1.0,1.4608766448229378,-1.9589666274118034,-1.9589666274118034,424.33410009710315
0x01894ddf668719ae49d364e6c77d21cfa3926ac6,1.2978443445142573e+17,18000000000160.0,0.0,2.163373907523765e+16,5.2982804288983496e+16,6.0,47,0.0,0.0001386915162534,30.52139287383366,0.0,39.40465127250922,1.9459101490553132,0.0,0.020833333333333332,2.449082153793217,-0.0630994949119836,-0.0630994949119836,594.3381172967228
0x018ba7d4c044254f4ae94652b09c790baf7db3ca,7.447728251950743e+18,1.1000000000020982e+22,6.00350537986818e+21,5.4894670401086325e+20,1.6081997960763075e+21,31.0,44,0.5457732163506117,1476.960440539679,50.752182225675234,50.146630481485154,43.454440727158826,3.4657359027997265,0.5457732163506117,0.022222222222222223,2.9296100774921174,0.04630094444740839,0.04630094444740839,604.1481476810656
0x018bf5774c55789146bac375e052f826294ecb06,1.24e+17,7.5e+16,7.502767694090238e+16,6.63404975082414e+16,4.061965751613548e+16,6.0,101,1.0003690258786984,0.6048387096774194,38.856264508447,38.85663346625239,39.35905796051572,1.9459101490553132,1.0,0.00980392156862745,0.6122905169815669,1.5808426850646353,1.5808426850646353,741.7518098751777
0x018e1ba194311b98a6e92b6b2650ed2dd4a90cf9,5.9e+21,700000000.0,700000000.0,2.95000000000035e+21,3.406366588218388e+21,4.0,133,1.0,1.1864406779661016e-13,20.36659089443625,20.36659089443625,50.12923930378663,1.6094379124341003,0.9999999999999987,0.007462686567164179,1.1547005383789777,0.8817254075808466,0.8817254075808466,679.0613693751674
0x018e2339fe910022db81f0df861ff792d406cf3d,4.035026111620956e+21,1.060000000014274e+21,11062703867.0,9.925486640769052e+19,3.551543209778189e+20,87.0,15,1.0436513081934936e-11,0.2626996630731713,48.4125558610124,23.126845275856414,49.74929972585746,4.477336814478207,1.0436513081934933e-11,0.0625,3.5782056218686384,-1.0619340383655618,-1.0619340383655618,504.77177480680547
0x018ed52cf0254857c3d2cd4ad06a673c56eca644,1.637654191621951e+21,5.364611329154357e+20,1.8194774433344504e+19,2.403356506274181e+19,1.434515881503364e+20,141.0,22,0.0339162957332318,0.3275790063982425,47.73152578770168,44.347666107702004,48.84755179979175,4.955827057601261,0.03391629573323183,0.043478260869565216,5.968801872541296,-1.9022410614899152,-1.9022410614899152,429.42072980829346
0x019218cb876c7e22a903ca74c0b62ec90344920d,3.660659755658194e+21,2.593781080223331e+21,1.0943439306125868e+21,3.015403106109536e+20,2.4190887614994163e+20,28.0,13,0.4219106766398192,0.7085556302287274,49.30740364053674,48.44444198645577,49.651930345151946,3.367295829986474,0.4219106766398192,0.07142857142857142,0.8022439045042032,0.4026863496856563,0.4026863496856563,636.1055298853389
0x019271b315e55cd40d409ef21ede9c3b61646736,1.7079304664355694e+20,1.2321564395582308e+20,7.2217056736937615e+19,1.941670620344912e+19,2.408636660968154e+19,25.0,80,0.5861029851276827,0.7214324375451459,46.26046769709185,45.72620793478452,46.58698424390078,3.258096538021482,0.5861029851276827,0.012345679012345678,1.2404970419443704,0.6298328672038122,0.6298328672038122,656.4739511786987
0x0194d076503771b976a062c4cde310b13d3e9960,3.176084306397962e+23,190000000000.0,174541229099.0,7.562867396198047e+21,3.085856413371881e+22,42.0,12,0.9186380478894736,5.982208961432812e-13,25.97028990911216,25.885426820595594,54.115106226731264,3.7612001156935624,0.9186380478894737,0.07692307692307693,4.080273065376212,-0.6685824016236795,-0.6685824016236795,540.0439504101619
0x0194f6b2cd2061b50169ee2c81cd95f982cc0a05,1.5500000000005502e+20,80000000.0,80051869.0,1.2916666666691676e+19,4.474464586218813e+19,12.0,21,1.0006483625,5.161290322578813e-13,18.197537205138154,18.198185357533898,46.48995679081242,2.5649493574615367,1.0,0.045454545454545456,3.4641016151304385,0.05590738349306912,0.05590738349306912,605.0095652354657
0x01952760a2f72cfa13b3557b6e015b40126961c0,1.921232231822281e+20,4204600500.0,4211897386.0,3.691095384267505e+18,2.6084759640570536e+19,53.0,24,1.0017354528688278,2.188491547433573e-11,22.159445120150504,22.1611790688606,46.704668627470575,3.9889840465642745,1.0,0.04,7.066942716178827,-1.3729034439853802,-1.3729034439853802,476.88688389051015
0x01952b83f4fbb1fdd4bf11087638f0821175f7b4,1.960136561337068e+20,210000000.0,210092488.0,9.381364579230138e+18,2.211180231960456e+19,21.0,1,1.000440419047619,1.0713539257527684e-12,19.162618093443648,19.16305841553317,46.72471600484777,3.091042453358316,1.0,0.5,2.3569921126995705,-0.40556527620997784,-0.40556527620997784,563.6289196024213
0x0196745e37b3e8ddb99be16b065bb482768ef3d2,1.859186529832526e+19,5e+18,0.0,2.359186529832526e+18,2.220154695299974e+18,10.0,45,0.0,0.2689348228254642,43.055969586326924,0.0,44.36925580939436,2.3978952727983707,0.0,0.021739130434782608,0.9410678923542254,0.30841268207168904,0.30841268207168904,627.651929980696
0x019712e01e25a3dee2e11dc8a8de84afb0015401,2.4034452697862665e+20,4.975000000302235e+18,302689444.0,3.943697560934397e+18,1.090309564966207e+19,131.0,8,6.084209929278621e-11,0.0206994520026855,43.05095704456413,19.52821790387623,46.92860509692559,4.882801922586371,6.084209929278621e-11,0.1111111111111111,2.7646885901358913,-0.7063712780092855,-0.7063712780092855,536.6553897452898
0x0197295055068f266f8654ef428a91239839c2d5,5.156700697515508e+21,2.5e+21,2.500523483581517e+21,1.1780595262383686e+21,1.992753184554636e+21,13.0,122,1.0002093934326068,0.4848061089146587,49.270577684749114,49.27078705626197,49.99458392815897,2.6390573296152584,1.0,0.008130081300813009,1.6915555964456608,0.6734791939952677,0.6734791939952677,660.3877544001149
0x019761d78f2f14ef6a498d245fca15ef5ab121c8,1.1487229274116696e+16,27890038.0,0.0,1276358811334081.2,1284868239907109.0,9.0,0,0.0,2.427916892269445e-09,17.14378015795336,0.0,36.980012315317325,2.302585092994046,0.0,1.0,1.0066669564212383,-1.2983066498925433,-1.2983066498925433,483.57604182178005
0x0199a54ad38f4d55b3819517d3fea232ae33f673,1.6082759032438846e+20,3.3966800000004995e+23,8.723525484899798e+22,1.224829293832743e+22,3.258120714683095e+22,41.0,0,0.2568250610860756,2112.0008035620085,54.182255622839094,52.822895500810226,46.52686459753858,3.7376696182833684,0.25682506108607567,1.0,2.6600610640914413,-2.1584886669988976,-2.1584886669988976,406.4427892197725
0x019b00a4c8bf5a4a75d7be5a498f2d41e6bf41f2,1.2474685766200866e+22,2.220209635934771e+21,1.5692278760602542e+21,4.210437841205805e+20,1.0174593709791016e+21,44.0,0,0.7067926607748303,0.1779771993896829,49.15188857490211,48.8048706525748,50.8779884051132,3.8066624897703196,0.7067926607748303,1.0,2.4165167836505024,-1.8580901967850356,-1.8580901967850356,433.379775373248
0x019d10463c5c800b84d6527e112e131109611527,2.0842e+22,2e+18,2e+18,1.0421999750000002e+22,1.2031979321236675e+22,4.0,124,1.0,9.59600806064677e-05,42.13967885445277,42.13967885445277,51.3912571344452,1.6094379124341003,1.0,0.008,1.1544789493241614,0.8235257568116874,0.8235257568116874,673.8425572227957
0x019d239a36a4fd4828253e8eccadd1dd2d0dd147,1.672371335877248e+18,2973176232.0,373209290.0,1.6723713392256278e+17,4.3863631914695e+17,10.0,0,0.1255254518663191,1.7778206120953455e-09,21.81289665703935,19.737649922125968,41.960774254732485,2.3978952727983707,0.12552545186631905,1.0,2.622840447325864,-2.053670882508005,-2.053670882508005,415.84188904694224
0x019e3d65ade821fded83b438cd1b8626208c48d3,1.2405789195777997e+19,1170000000.0,0.0,1.2405789196947996e+18,3.921021309059257e+18,10.0,11,0.0,9.43108077636996e-11,20.880269586610776,0.0,43.96469490818089,2.3978952727983707,0.0,0.08333333333333333,3.1606383494118093,-0.6746810399145174,-0.6746810399145174,539.4970803309687
0x019ea1afabcbd84d922043c4261052a583315d2c,2.3200967197474e+23,285831282426.0,178430257330.0,1.6231941521806522e+21,3.6153118847441017e+21,143.0,0,0.6242502773509212,1.2319800290787868e-12,26.378667552110148,25.907463646584528,53.80106601321858,4.969813299576001,0.6242502773509212,1.0,2.2272824725786333,-1.9891373495585962,-1.9891373495585962,421.62866579802056
0x019ed608dd806b80193942f2a960e7ac8abb2ee3,8.7943e+18,1877754599.0,238037730.0,1.1160535769141344e+18,2.754610704020071e+18,10.0,72,0.1267672198096424,2.1351950683965748e-10,21.353342538267775,19.287939752684068,43.62063545823832,2.3978952727983707,0.12676721980964237,0.0136986301369863,2.4681706694014762,-0.1349111612200581,-0.1349111612200581,587.8987041411849
0x01a0f8f364c2fec07cfcdebd2980da3f950d0410,7.193290251444704e+21,1.7259235213082092e+21,1.7344826205489652e+21,1.264625433465107e+20,3.325312199698536e+20,106.0,61,1.0049591416624697,0.2399351980773435,48.90004923476782,48.9049961203902,50.32743563487776,4.672828834461906,1.0,0.016129032258064516,2.629483886455686,0.27051020420292493,0.27051020420292493,624.2531825742714
0x01a10e5ada8f1c1117f185493a0bb4f299f7b8c0,6.5e+19,2.015000355756969e+19,0.0,1.533230736586981e+19,2.407366001639561e+19,7.0,32,0.0,0.3100000547318414,44.449736138839825,0.0,45.62091894378846,2.0794415416798357,0.0,0.030303030303030304,1.5701263640190464,-0.014760617032749557,-0.014760617032749557,598.6727055627032
0x01a1c72bf9547d1e6abd8486ae3cad64e781cd7c,1.100000000000112e+16,5178849414349305.0,0.0,4044712353587606.5,4560032498548278.0,4.0,23,0.0,0.4708044922135252,36.18335930572761,0.0,36.936671667709156,1.6094379124341003,0.0,0.041666666666666664,1.1274058820285673,0.5325247156141708,0.5325247156141708,647.7482465167396
0x01a1ef4a64f8c25ac6e4913512dabac382fd2954,2.5324673852710537e+21,3.58000000003653e+21,3.401253431411525e+21,6.302183578093594e+19,3.513135002353568e+20,151.0,10,0.9500707908873796,1.4136411078215552,49.62964975329777,49.57843097285755,49.283481031461285,5.0238805208462765,0.9500707908873796,0.09090909090909091,5.5744726551051835,-1.0417891701405486,-1.0417891701405486,506.57818226305665
0x01a2e7fe230a34bf74e7c850d1244c70ff928024,9.102177352571727e+20,6.659240816550412e+20,2.995978243665521e+20,4.784581241730581e+19,7.407055635110139e+19,50.0,28,0.4498978676697689,0.73160965322972,47.94770734642674,47.14897266371563,48.26021551429671,3.9318256327243257,0.44989786766976886,0.034482758620689655,1.5481094919042506,0.26711421848923306,0.26711421848923306,623.9486616488418
0x01a3a71580b17d1c567d577a66b28c48e42a43c3,1.4e+22,1e+22,1.0043245478678293e+22,6.869565192132007e+21,4.151162567941962e+21,7.0,81,1.004324547867829,0.7142857142857143,50.65687204586901,50.66118726975139,50.99334428249022,2.0794415416798357,1.0,0.012195121951219513,0.6042831608464038,1.0516966257605826,1.0516966257605826,694.3028329796169
0x01a4615315104084dcaaec9a847e90ce5cfbf8ea,6.0897781127e+19,7.892259814464773e+18,7.892259814464773e+18,1.9170575188982387e+19,2.117479508995164e+19,4.0,89,1.0,0.1295984790973872,43.5124141827562,43.5124141827562,45.555728413248694,1.6094379124341003,1.0,0.011111111111111112,1.104546675371593,1.101902439056907,1.101902439056907,698.8048309312851
0x01a4f75344f665629c714f6623b784509159d4bc,6.000000000011234e+20,230168583.0,230168945.0,9.230769818607952e+19,2.253202992080084e+20,13.0,88,1.000001572760258,3.836143049992818e-13,19.254322572306325,19.25432414506534,47.84346132911084,2.6390573296152584,1.0,0.011235955056179775,2.440969752639633,0.46755662459490904,0.46755662459490904,641.9225025741767
0x01a580e1370e798c48abda6b2f605035f2127d5c,3.3771892136403167e+22,9.800000000039871e+21,3.8002959327564194e+21,3.0032797675289503e+20,1.090360130949135e+21,253.0,4,0.3877852992592814,0.2901821420149664,50.636669338555556,49.689365893616205,51.87391581580062,5.537334267018537,0.3877852992592814,0.2,3.630564633831185,-1.1026890071405442,-1.1026890071405442,501.1172421162912
0x01a762e99a74132ff61cebd92262fc54463320e5,2.2418483398639213e+20,3698000000.0,2260558399.0,1.8079422098810012e+18,1.2794206949079011e+19,124.0,2,0.6112921576527853,1.6495317431795882e-11,22.03105797018176,21.538877699357474,46.8590025372223,4.8283137373023015,0.6112921576527851,0.3333333333333333,7.076668092129519,-2.3046988699533477,-2.3046988699533477,393.33199604670165
0x01aa66f23e42842d771cf46e6293af4ed04c90bd,4.9906616008215565e+22,1.308776972642236e+22,209963342440.0,5.260968976926849e+20,1.8696060003769776e+21,120.0,25,1.6042713680705556e-11,0.2622451845716781,50.925965138328,26.07019879262178,52.26444053217875,4.795790545596741,1.6042713680705556e-11,0.038461538461538464,3.5537293768059666,-1.1192116844851718,-1.1192116844851718,499.6356395950343
0x01af1eb57b3489cea12ea3d8ebbae1c3eeb0658e,2.1108106127335072e+22,6.108069759737374e+22,1.0105347205498776e+23,1.029754327331069e+22,1.5765649169109907e+22,18.0,76,1.654425637393714,2.893708096259476,52.46648285420427,52.96993675590657,51.40394409623098,2.9444389791664403,1.0,0.012987012987012988,1.531010722719809,0.6637606498416201,0.6637606498416201,659.5162842853957
0x01af4808da010aad7b2c977f51508a1402c8cbbc,1.1512564244541962e+23,1.0535000000013815e+23,9.546344553374702e+22,3.652448791133197e+21,6.916060739146632e+21,114.0,129,0.9061551545668898,0.9150871844218716,53.01157509312647,52.91303035780665,53.1003110278511,4.74493212836325,0.9061551545668898,0.007692307692307693,1.893540781717812,0.36967928527523053,0.36967928527523053,633.1457583646733
0x01af60b03e2b9cbf947568552462f9182b959db0,74079205971.0,58904320695.0,7700000000.0,6182646944.416667,3583851204.9887123,24.0,45,0.1307204617445592,0.7951532406821348,24.79918028138209,22.76448616593592,25.02840070870637,3.2188758248682006,0.13072046174455929,0.021739130434782608,0.579662923859038,1.4455029534429482,1.4455029534429482,729.6157811060798
0x01b06d543b68067f7d78427d651b1190c10e0456,4.001e+21,3e+17,3e+17,2.00065e+21,2.3098052219469355e+21,4.0,133,1.0,7.498125468632843e-05,40.242558869566885,40.242558869566885,49.74083128275006,1.6094379124341003,1.0,0.007462686567164179,1.1545273895718569,0.8994092900713266,0.8994092900713266,680.6470981488412
0x01b19a62cba8bbc553b0137257f72371c826c403,2.345e+20,1.46e+20,1.4600005244811144e+20,6.333333840564058e+19,5.452118837899792e+19,12.0,22,1.00000035923364,0.6226012793176973,46.43013829560116,46.430138654834735,46.90398726177916,2.5649493574615367,1.0,0.043478260869565216,0.8608608001965387,1.074073303065328,1.074073303065328,696.3093686530162
0x01b27aeaa3b67577609538155d637b08f0779069,9861068950.0,1.5034000000030023e+21,3.993271241446093e+17,6.539994148990808e+19,1.803071842145032e+20,23.0,77,0.0002656160197843,152458116622.64084,48.76201616263819,40.52855733591046,23.011860412565028,3.1780538303479458,0.0002656160197843633,0.01282051282051282,2.7569930508626914,0.5740873446214555,0.5740873446214555,651.4752027867706
0x01b3b5ae37f70e6540abc2667fec68c19b2e7a1d,8.12715747741206e+22,1.0000000000465238e+22,1.0011653785702988e+22,1.31931768124138e+21,4.650183536631105e+21,77.0,72,1.001165378523721,0.1230442504437547,50.65687204591553,50.65803674591281,52.75208327451793,4.356708826689592,1.0,0.0136986301369863,3.5246882557168697,-0.18994716391562244,-0.18994716391562244,582.9635790005755
0x01b3bd82da83c842d8220c8fef9358abeffd537e,4.111e+21,7e+20,7e+20,2.4055e+21,1.9693417682058132e+21,4.0,105,1.0,0.1702748722938457,47.99761200893623,47.99761200893623,49.7679532607907,1.6094379124341003,1.0,0.009433962264150943,0.8186829217234725,1.0275956130634134,1.0275956130634134,692.1416746859472
0x01b3f02ff86fca973084faa9e4e24014c1dfcb8f,2.395718000106724e+21,5.000000000870802e+20,87285794814.0,3.3284114947448005e+19,1.3384623143231232e+20,87.0,23,1.745715895975965e-10,0.2087056991118347,47.66113977248917,25.192453569656376,49.227969930085706,4.477336814478207,1.7457158959759656e-10,0.041666666666666664,4.021324636200811,-1.173338819191454,-1.173338819191454,494.7820134195334
0x01b572c14af90297b04955659cf86aec87dad0b2,1.153e+21,3e+20,3e+20,7.26499985e+20,4.924797622982433e+20,4.0,111,1.0,0.2601908065915004,47.15031414854902,47.15031414854902,48.496654194161884,1.6094379124341003,1.0,0.008928571428571428,0.6778799345718408,1.1421180125002344,1.1421180125002344,702.4109955839405
0x01b5b2eec95743ff4401a55b06db72bdf6afa0e1,4.130980624715765e+21,8.366405000012926e+21,3.5034562285931935e+21,1.1627189218052642e+20,3.8570902659617325e+20,163.0,6,0.4187528847321855,2.025283040534372,50.47851123495666,49.608036928002754,49.77280177106212,5.099866427824199,0.4187528847321855,0.14285714285714285,3.3173023966730715,-0.7435728331532588,-0.7435728331532588,533.3194946753597
0x01b8884b83882069d08c86b053bb1027d04dce96,5.9e+21,700000000.0,700000000.0,2.9500000000003497e+21,3.406366588218388e+21,4.0,132,1.0,1.1864406779661016e-13,20.36659089443625,20.36659089443625,50.12923930378663,1.6094379124341003,0.9999999999999987,0.007518796992481203,1.1547005383789777,0.8816155220988798,0.8816155220988798,679.0515158506001
0x01b89af143b8f2bb80f9ac13d60e7e9e01d85798,1.0342e+20,7.1e+19,7.1e+19,8.721e+19,1.8717695727127667e+19,4.0,141,1.0,0.6865209824018565,45.709211550934135,45.709211550934135,46.085330040860896,1.6094379124341003,1.0,0.007042253521126761,0.21462786064817874,1.439008503805796,1.439008503805796,729.0334182870351
0x01b8f7ef9c12841ca94ee6652f0d5e9646a1168f,1.0445209183757487e+22,8000000000.0,4213526980.0,5.802893990984462e+19,5.346224401629594e+20,180.0,0,0.5266908725,7.65901367723699e-13,22.802707378751247,22.161565896621234,50.70043037484977,5.198497031265826,0.5266908724999999,1.0,9.21303130806049,-4.707709074063598,-3.345527590534549,300.0
0x01b92f893b1c302bcf1945fd4edf10df99b4f181,2.507270139492374e+18,681669084.0,1368079477.0,5.461874976807132e+19,1.5203229652204225e+20,8.0,32,2.0069554408602164,2.7187700011376186e-10,20.340054885444037,21.036673752412366,42.365726241349435,2.1972245773362196,1.0,0.030303030303030304,2.7835184285180454,0.5427061905840241,0.5427061905840241,648.6612280312249
0x01bbec9408cf03e8188f44f12636b63e8faba019,1.3354671798244231e+19,401429314.0,0.0,1.214061072604151e+18,2.978991057984689e+18,11.0,7,0.0,3.0059092433314367e-11,19.810542023548205,0.0,44.03839794495578,2.4849066497880004,0.0,0.125,2.4537406932871817,-0.4790967585519739,-0.4790967585519739,557.0352890813313
0x01bbfe5ce152b22eccde7698a24e86012a5f75e3,1.860467514822893e+22,1.6141164158945962e+22,23224582439.0,3.658137483473605e+20,1.1830613066604206e+21,95.0,20,1.4388418462449112e-12,0.8675864550358741,51.135659741922666,23.868477142582645,51.2776998540658,4.564348191467836,1.4388418462449112e-12,0.047619047619047616,3.2340537008385972,-0.9655342384746827,-0.9655342384746827,513.4160267998657
0x01be938672471bbb0fa1dfd223dd2aad2e389559,1778418034.0,790408030.0,790408370.0,733950418.4285715,325248296.25556785,7.0,79,1.0000004301575731,0.4444444528164293,20.48805986502445,20.48806029518193,21.29899006170094,2.0794415416798357,1.0,0.0125,0.44314750436676914,2.461749986411046,2.461749986411046,820.743516330841
0x01c5c4ca74a665e40e96ed8ff221500b6366b8a6,5.897698053016615e+21,105904000000.0,62529135800.0,2.008825842283261e+19,1.75692862518417e+20,323.2399999999998,2,0.5904322386312132,1.7956836556905646e-11,25.38579886033242,24.858898457879977,50.128849067148565,5.781483982320053,0.5904322386312132,0.3333333333333333,8.746047507967235,-3.1340656816577557,-3.1340656816577557,318.9619691050571
0x01c5c9f1b50986663d545b474b3acbf9e1b25c51,8.517429586247768e+20,8.340661167282607e+20,0.0,8.027662263591946e+19,1.2706829418283596e+20,21.0,76,0.0,0.979246271756614,48.17284434976193,0.0,48.19381646344907,3.091042453358316,0.0,0.012987012987012988,1.5828804203576416,-0.10259726468982243,-0.10259726468982243,590.7963187088626
0x01c60af7f7193370a9447a12c885427cb94f21e6,8.855930845634533e+21,4.65729821529444e+21,0.0,5.632536651881334e+20,8.696239610986837e+20,24.0,76,0.0,0.5258959556566797,49.89272245074821,0.0,50.535374339492286,3.2188758248682006,0.0,0.012987012987012988,1.543929520295654,-0.19333482028010598,-0.19333482028010598,582.6598049749692
0x01c717a8e3558ca44d473a5882e938572f1f7d93,2.264040431158486e+22,6209357789.0,3485053931.0,1.4799966514826018e+21,2.107852164130244e+21,20.0,44,0.561258353830704,2.742600221950425e-13,22.549323312085114,21.971749356505438,51.47402306433604,3.044522437723423,0.5612583538307039,0.022222222222222223,1.4242276575549555,0.29379537402275213,0.29379537402275213,626.3411835436885
0x01c7602892dda14261fdd4ae9c6b590ae65d3256,1.20636215058519e+20,446132.0,0.0,1.340402389539105e+19,3.999207291098924e+19,9.0,0,0.0,3.698159792095495e-15,13.008372392825574,0.0,46.2393112038085,2.302585092994046,0.0,1.0,2.983587109594787,-2.502759566781642,-2.502759566781642,375.57172501664877
0x01cb1826cd50f7f15626a1283ae812ad0a273388,4.465425913923721e+20,95000000000.0,5615690333.0,2.4825640801873377e+18,7.05683945217492e+18,188.0,0,0.0591125298210526,2.127456637535489e-10,25.27714272855748,22.448830362192393,47.54806645911669,5.241747015059643,0.05911252982105263,1.0,2.8425608460597727,-2.453458961710701,-2.453458961710701,379.99255217734776
0x01ce064bf433bb179791260c080630fe63684eac,2.8000000000009257e+20,1.7000000000015e+20,6.000248583351313e+19,2.361281246669899e+19,3.249353748889776e+19,23.0,85,0.352955799020354,0.6071428571431922,46.582330110943964,45.54091766581525,47.0813212770624,3.1780538303479458,0.352955799020354,0.011627906976744186,1.3760977238405296,0.34718917924925946,0.34718917924925946,631.1290514414308
0x01cf15d50e91ea8731572a07afbf782233339ad7,1.827033749207731e+21,4.67000000001103e+20,4.250492341023371e+20,3.816074687752752e+19,6.470715123772162e+19,100.0,6,0.9101696661698784,0.2556055684267526,47.59286093156408,47.49873668105441,48.95698070257298,4.61512051684126,0.9101696661698784,0.14285714285714285,1.695646876236246,0.3749953737644699,0.3749953737644699,633.622456538014
0x01cf5fff6ee551a7d3fdbb32c6a8ad9ef31c4829,1.134937692961766e+20,117376372.0,117854133.0,2.269875385930267e+19,5.075595663369154e+19,5.0,22,1.0040703336784,1.0342098313229094e-12,18.580896192974873,18.584958265220784,46.17827961323851,1.791759469228055,1.0,0.043478260869565216,2.2360679774889993,0.5612471073349432,0.5612471073349432,650.323807795485
0x01cf7991cf4d37a762bffa9d74bd9b46d124d371,256051495682.0,408066053405.0,361332398385.0,37327452953.69697,73537886093.35628,33.0,19,0.8854752689422625,1.5936874429032533,26.734694893849834,26.613064142781926,26.268644416208737,3.5263605246161616,0.8854752689422625,0.05,1.9700751129356917,1.454895510378259,1.454895510378259,730.4580196698516
0x01d17d9fdf660f9c79d9feefa2b9a4b71a32a9b6,5.025425859286713e+20,3.3309e+20,9.002303536177037e+16,5.466998832361118e+19,8.130678409772274e+19,19.0,60,0.0002702664005577,0.6628094997849144,47.254944397627106,39.038841980955844,47.666212058351896,2.995732273553991,0.00027026640055771825,0.01639344262295082,1.487228854274467,-0.04714093640893849,-0.04714093640893849,595.7691348019714
0x01d2f11ad6668e28ce07da387d08bedd57f4a85a,1.867688658229228e+17,332041791.0,0.0,4.669221653874115e+16,5.662276870652705e+16,4.0,16,0.0,1.7778219594416324e-09,19.620771398476673,0.0,39.76864823563074,1.6094379124341003,0.0,0.058823529411764705,1.2126811041310577,0.3366479135679532,0.3366479135679532,630.1838071880386
0x01d37cdae14bc9e2e10b6a71a0c72998f44e225c,4e+21,4e+20,4e+20,2.2e+21,2.0784609690826527e+21,4.0,123,1.0,0.1,47.4379962210008,47.4379962210008,49.74058131399485,1.6094379124341003,1.0,0.008064516129032258,0.9447549859466603,0.9814883165718181,0.9814883165718181,688.0071942197715
0x01d3c79e4d3b314e43afa00e111dc07e2073e349,4.350000000014793e+19,71500000.0,3501203.0,2.0714285714392888e+18,5.405451216789977e+18,21.0,7,0.0489678741258741,1.6436781609139505e-12,18.08520802165025,15.068617467305208,45.21929261199086,3.091042453358316,0.048967874125873445,0.125,2.609528173609246,-0.5508278112313996,-0.5508278112313996,550.6031046183934
0x01d43fcfb3a9e93be5344d1011162d548db936c3,1.6352352216109116e+22,1.3164517110421555e+22,1.3231066196867478e+22,1.0178298284622586e+21,2.4131950358861227e+21,64.0,75,1.0050551862926471,0.805053422066879,50.93181206534964,50.93685451708706,51.14865870629913,4.174387269895637,1.0,0.013157894736842105,2.370921905022166,0.3416925274302659,0.3416925274302659,630.6361620008377
0x01d4de1128e47b400187cd81a5cfae97a6e55bf1,9.586625800387752e+16,650000000.0,649938261.0,7988854942307594.0,2.7674204896933068e+16,12.0,76,0.9999050169230768,6.780279250846626e-09,20.29248292239242,20.292387934804463,39.101730469255735,2.5649493574615367,0.9999050169230754,0.012987012987012988,3.4641015635889527,0.45447901555024467,0.45447901555024467,640.7498222555789
0x01d56c115f9afd657dd4eeb9ece38d6cf73975d6,3.591472014810358e+20,2.591472014810358e+20,2.5914773635657872e+20,4.416392489694538e+19,2.550868106539932e+19,28.0,108,1.0000020639834806,0.72156263619033,47.003927919631856,47.00392998361321,47.330264010321564,3.367295829986474,1.0,0.009174311926605505,0.5775908985653502,1.2343339614845286,1.2343339614845286,710.6800781100635
0x01d616e83175a410b31253ffa1f78ccb3884fddd,4.884800000000147e+22,8.232154713334734e+21,3288907091.0,1.0014062230410696e+21,1.6205256255242334e+21,57.0,90,3.9951959183572106e-13,0.1685259317338373,50.462334745366974,21.91382115565462,52.243000388867515,4.060443010546419,3.9951959183572106e-13,0.01098901098901099,1.6182500050808777,-0.2963600434852127,-0.2963600434852127,573.4214456419176
0x01d83a95e445a001194ab79a4d7cda5acfcf6dc1,4.9e+21,1e+18,1e+18,2.4505e+21,2.8284389687599767e+21,4.0,106,1.0,0.000204081632653,41.44653167389282,41.44653167389282,49.94352215799154,1.6094379124341003,1.0,0.009345794392523364,1.1542293282023983,0.8866472509151454,0.8866472509151454,679.5027152503684
0x01d9816465ee701cb650edf27de69b02fa272454,1.829e+19,1.15e+19,1.1502619526437118e+19,7.44782744080464e+18,5.08504512223205e+18,8.0,110,1.0002277849075756,0.6287588846364134,43.88887870926202,43.88910646823056,44.352886136295595,2.1972245773362196,1.0,0.009009009009009009,0.682755496505257,1.3279547845008481,1.3279547845008481,719.0751368847376
0x01daab3d40bdda5b8125c4aecbaef6ee2f262efa,2.367111968682815e+23,181425255268.0,181908419295.0,1.31529323380868e+21,2.553017591130656e+21,180.0,61,1.002663157487563,7.664413752635223e-13,25.924109589131806,25.92676920669897,53.8211277723246,5.198497031265826,1.0,0.016129032258064516,1.9410254120580486,0.38527205628920463,0.38527205628920463,634.5439753948689
0x01dd5d5d0b0bb5bf8dbf7e6d6d8a711578534a58,1.465e+21,208791237.0,208794239.0,2.4416666666673625e+20,4.7818089324713286e+20,6.0,124,1.0000143779980577,1.4251961569965872e-13,19.156845449490728,19.156859827385354,48.73614219534399,1.9459101490553132,1.0,0.008,1.9584200406020338,0.6249043160978623,0.6249043160978623,656.0320038119123
0x01de22e803cd36ef6a998bff17354ac530311e08,8.475e+21,3.894389025240317e+21,0.0,1.374376558360035e+21,1.4205062944687823e+21,9.0,80,0.0,0.4595149292318957,49.71382375859463,0.0,50.49140760614147,2.302585092994046,0.0,0.012345679012345678,1.0335641173651793,0.012449084968280478,0.012449084968280478,601.1126226685398
0x01dfc8d38640393a0a4d5f6f3b1f6cec158abf21,2.395481181100964e+20,8.723396923582e+19,0.0,4.679458397168651e+19,5.01690048963466e+19,7.0,75,0.0,0.3641605282648358,45.91512548440738,0.0,46.92528598125328,2.0794415416798357,0.0,0.013157894736842105,1.0721113564488964,0.15729290042739127,0.15729290042739127,614.1008907135166
0x01e0991d5803659f581a670f955b3079e419be3b,1e+20,40000000.0,40000030.0,2.500000000002e+19,4.999999999998666e+19,4.0,36,1.00000075,4e-13,17.50439003707821,17.50439078707791,46.051701859880914,1.6094379124341003,1.0,0.02702702702702703,1.9999999999978664,0.6928869059247116,0.6928869059247116,662.1280604247823
0x01e156b9378aaaf9215cc50f0e6b1ead24fff6b0,1.007450833293206e+21,5.6861e+20,0.0,1.576060833293206e+20,1.5952327309989144e+20,10.0,86,0.0,0.5644047145618997,47.789726460010996,0.0,48.361710165821336,2.3978952727983707,0.0,0.011494252873563218,1.0121644401667214,0.11919529871571333,0.11919529871571333,610.6846463862486
0x01e198818a895f01562e0a087595e5b1c7bb8d5c,7.72970000100504e+20,2.748212173558248e+20,0.0,5.680444805781272e+20,3.907024756587499e+21,51.0,16,0.0,0.3555393059498967,47.0626524414345,0.0,48.096771912025325,3.9512437185814275,0.0,0.058823529411764705,6.878026088047058,-2.289292502203752,-2.289292502203752,394.7134981377434
0x01e21477fc4a6395ca9b6873c014a1c7181158e1,5.001318349388823e+20,5.000000000005e+20,5.00372235974071e+20,1.250555233749778e+20,1.9838745270189985e+20,16.0,72,1.0007444719471414,0.9997363996267136,47.66113977231601,47.661883967281376,47.66140340743799,2.833213344056216,1.0,0.0136986301369863,1.586394965594898,0.8101208592082343,0.8101208592082343,672.6405286609462
0x01e4ac55758ba9f93d28aeb4f3922b6a7905aaed,0.0,31616902428.0,63233825603.0,5.201714270888502e+18,1.0403428478543186e+19,4.0,74,2.0000006561996404,0.0,24.17695770153189,24.870105210175787,0.0,1.6094379124341003,1.0,0.013333333333333334,1.9999999878436578,2.8082517322432263,2.7880152518709047,850.0
0x01e62987e05a45c8c304afa015d4fc3cdfcb944b,2.452e+21,1.1638119212592578e+21,0.0,1.9030589059474883e+20,2.323139522383901e+20,19.0,108,0.0,0.4746378145429273,48.50598770945463,0.0,49.251190970948926,2.995732273553991,0.0,0.009174311926605505,1.2207396813222997,0.0006274672925519075,0.0006274672925519075,600.0525681635482
0x01e6f806b2d34a64bbd982731f49fe6babbed7b7,1.5e+22,1500000000.0,1500000000.0,7.50000000000075e+21,8.660254037843521e+21,4.0,134,1.0,1e-13,21.12873094572124,21.12873094572124,51.06233715397717,1.6094379124341003,0.9999999999999993,0.007407407407407408,1.1547005383790208,0.8395155967368482,0.8395155967368482,675.2763797597537
0x01e6fd0ae73d9194b19f9b376065577927a0d5f5,2.8718729023415857e+19,1950000000.0,0.0,1.5483541593032312e+18,4.800989145846584e+18,19.0,99,0.0,6.789994078115589e-11,21.391095210034887,0.0,44.80408116303427,2.995732273553991,0.0,0.01,3.100704781913111,-0.5453505144302557,-0.5453505144302557,551.0942584780847
0x01e859c314e9ae31bbd455affaa2a54ce3f3019e,1.7108707782935005e+21,5.315236221475069e+20,19994513.0,3.148228952428134e+19,6.882275429158784e+19,83.0,49,3.761735540410504e-14,0.3106743237953204,47.72227931499108,16.81096849389114,48.891289420849645,4.430816798843313,3.7617355404105035e-14,0.02,2.186078437481713,-0.3873370382638001,-0.3873370382638001,565.263461192493
0x01e91f9f5612d156f617474a8c231fa3eda78f56,4.27438525795374e+21,2.6e+21,2.618084073575552e+21,5.265456231099746e+20,9.213876403097306e+20,23.0,1,1.0069554129136735,0.6082746039706978,49.3097983979024,49.316729733512254,49.8069272456145,3.1780538303479458,1.0,0.5,1.7498723754793972,-0.3044203974395998,-0.3044203974395998,572.6986668517764
0x01eacf1d1ccf7f656fda1b95beafdb3c7fc396a7,5.32625286311796e+17,3.50160000008497e+20,1.6001774648954957e+17,5.569089572250709e+18,4.409417514641865e+19,63.0,49,0.0004569846541171,657.4227867272438,47.30492186679973,39.61406111955352,40.81659454427916,4.1588830833596715,0.0004569846541171652,0.02,7.917663125069525,-2.295252348350978,-2.295252348350978,394.17907366803695
0x01ebce016681d076667bdb823ebe1f76830da6fa,5.731860655180851e+22,5.788663000003725e+22,1.476651872259863e+20,4.800036626185756e+20,2.397333561886551e+21,279.0,0,0.0025509377074791,1.0099099312143138,52.412773395418164,46.44147913643401,52.40291224555703,5.634789603169249,0.0025509377074791066,1.0,4.994406810998732,-3.577994610171254,-3.345527590534549,300.0
0x01ec73e85387403880b4e3bec129011d705597a5,1987001152.0,1491882017.0,1492298169.0,1056243752.625,790194457.2102122,8.0,77,1.0002789443101117,0.7508209119548613,21.12330425919377,21.123583164605964,21.40989238078769,2.1972245773362196,1.0,0.01282051282051282,0.7481175204552954,2.3350680128564405,2.3350680128564405,809.3838360864445
0x01eccdb2d737b7a41f7aa4ee4358be8304b15588,3.638173248212911e+21,5132731786.0,4132787804.0,1.1671903050718935e+20,3.3244188643241506e+20,49.0,52,0.8051828882375192,1.4107991664556449e-12,22.358903866480613,22.142218029517526,49.64576865366573,3.912023005428146,0.8051828882375189,0.018867924528301886,2.8482235072363644,0.03560442631096741,0.03560442631096741,603.1889818080617
0x01f0592d70220b0bc1802d27d90c22ff40dd7161,4.337587689857783e+21,600000000.0,600231082.0,5.86160498673521e+19,2.6206735694692044e+20,74.0,54,1.0003851366666667,1.383257337720064e-13,20.21244021484709,20.212825277367024,49.821605314625494,4.31748811353631,1.0,0.01818181818181818,4.470914664839714,-0.44132471363735687,-0.44132471363735687,560.4223404538936
0x01f0e6c7770fb8b2f5cc4192ac01fed4169939a2,1.0517466599149878e+17,100000000.0,50003172.0,5008317437690721.0,1.4759519933523264e+16,21.0,0,0.50003172,9.50799311386289e-10,18.420680753952364,17.72759702137892,39.19439884864178,3.091042453358316,0.500031719999995,1.0,2.947001686124894,-1.7230300408161232,-1.7230300408161232,445.49073435593107
0x01f3f3f49de0fc38bdf70e8c941d972cdf870a82,1.156e+21,1.5500002773150053e+20,0.0,2.6220000554630008e+20,4.151405763083382e+20,5.0,81,0.0,0.1340830689718862,46.48995696972496,0.0,48.499252723125146,1.791759469228055,0.0,0.012195121951219513,1.5832973589889243,-0.11506411575565072,-0.11506411575565072,589.6784055773525
0x01f53288c7cc98c053efeef23ba660ef2493f646,4.5316434401829847e+18,2.124859865574712e+18,0.0,2.4653715947250726e+17,2.631399638534969e+17,27.0,71,0.0,0.4688938778221508,42.200237528482795,0.0,42.95761633792264,3.332204510175204,0.0,0.013888888888888888,1.067344023986133,0.33769587655520045,0.33769587655520045,630.2777789198411
0x01f562afdd11c353a9b56028b2a34d2bbbde4b14,4.13333905754133e+21,1.500000000050635e+21,35277457688.0,6.19487808530618e+19,2.8861477938263068e+20,91.0,1,2.3518305124539435e-11,0.3629027232387011,48.75975206101688,24.286510004519098,49.773372521705916,4.5217885770490405,2.3518305124539435e-11,0.5,4.658925896656544,-2.3486907971940134,-2.3486907971940134,389.3872025392551
0x01f62341f6eb0b03584fca08c165aee0312b1084,1.6046529460823913e+20,1.485513966161115e+20,1.4902881444770166e+20,5.827605931490344e+18,9.20717013231738e+18,106.0,41,1.0032138225722906,0.9257540515460724,46.447462677414,46.45067134669675,46.5246093601107,4.672828834461906,1.0,0.023809523809523808,1.5799232550308615,0.8444442823543316,0.8444442823543316,675.7183391883036
0x01f73f5a9da9f2989d9c3933a4b99d080324a91e,9.270278631353436e+19,3.3000000000004e+19,1.3650326005093183e+19,1.4035325547849038e+19,1.868833609432989e+19,10.0,72,0.4136462425785311,0.3559763553211138,44.94303923535942,44.060295078395605,45.9759302033326,2.3978952727983707,0.41364624257853116,0.0136986301369863,1.3315213837126807,0.46505264435476057,0.46505264435476057,641.697968537737
0x01f890b15fc99eccfb75b97c6fa0da97deef966e,1.9467754361993254e+22,5.495394786525741e+21,5.495984467386185e+21,7.750622102282072e+20,9.527711471047448e+20,60.0,76,1.0001073045492364,0.2822819049563496,50.0581973828315,50.058304681624016,51.32304642724002,4.110873864173311,1.0,0.012987012987012988,1.2292834491623754,0.787167306664497,0.787167306664497,670.5822640945403
0x01f9605611b8490c0c70f40979c61b21dc1b6f3e,524679543.0,400000000.0,400000000.0,459517081.0,68878812.35985555,4.0,30,1.0,0.7623701082624447,19.806975107572256,19.806975107572256,20.078298241809676,1.6094379124341003,0.9999999999999974,0.03225806451612903,0.14989391082038014,2.5947923659603798,2.5947923659603798,832.673539586933
0x01fb51f8a664f0f2b7cf8f6eee89f7c1b7e05ba1,1.078e+23,32000000000.0,0.0,1.5400000000004572e+22,2.970050504620815e+22,7.0,44,0.0,2.968460111317254e-13,24.18900173977739,0.0,53.03456461134986,2.0794415416798357,0.0,0.022222222222222223,1.9286042237791774,-0.47741942494831907,-0.47741942494831907,557.1856970112526
0x01ff3a6ae27f59ac1a706568749aac2632520008,2.5000000062833296e+17,575000000.0,0.0,4.166666697056206e+16,1.0206207246708803e+17,6.0,50,0.0,2.2999999942193367e-09,20.169880600500754,0.0,40.060237315286265,1.9459101490553132,0.0,0.0196078431372549,2.449489721344785,-0.09059354916007602,-0.09059354916007602,591.8727020832015
0x01ff899667efd1331384da95697dd2e6fc17c188,4.280000000026954e+21,6000000000.0,0.0,6.114285714347768e+20,1.6176879444767563e+21,7.0,6,0.0,1.401869158869676e-12,22.515025306341133,0.0,49.808239962474964,2.0794415416798357,0.0,0.14285714285714285,2.6457513110332638,-0.8519407104835266,-0.8519407104835266,523.6020550058142
0x02011525ccae23e3593bfe8ecc18f716c9e67438,2.535684490527631e+21,752914258.0,500558025.0,2.1130704087740708e+20,3.7229184393321696e+20,12.0,64,0.6648273952596605,2.969274216932769e-13,20.439461913411105,20.03123408606342,49.28475056945758,2.5649493574615367,0.6648273952596596,0.015384615384615385,1.7618525269548762,0.3648083189448013,0.3648083189448013,632.7089746736532
0x020245ea7a029bcfc193b0819cbfca6e96675e95,5.399256470845231e+21,3.315258438969816e+21,3948443808.0,8.271118114984067e+19,2.209206363347064e+20,109.0,11,1.1909912547351632e-12,0.6140212929079152,49.55282253394758,22.09658736582686,50.040548206380755,4.700480365792417,1.1909912547351632e-12,0.08333333333333333,2.6709887739903464,-0.7559214865125278,-0.7559214865125278,532.2121804326611
0x020265bc7ecc8b018c496f8bc4c6aa3ed1784e5a,9.959495185636113e+21,32000000000.0,25062753462.0,3.445296453480485e+20,1.0674691089135466e+21,29.0,14,0.7832110456875,3.2130142545930814e-12,24.18900173977739,23.944648655198968,50.652813339013896,3.4011973816621555,0.7832110456875,0.06666666666666667,3.0983374676950515,-0.22251566653058186,-0.22251566653058186,580.0431336888732
0x0202ef0ff22c58039de970c4460c9ebd2ed6b309,1.4680963871098936e+20,2.0000000000132e+19,2.000000000009109e+19,3.5218208208156426e+18,9.88851052304734e+18,63.0,2,0.9999999999979544,0.1362308372647395,44.44226394745341,44.442263947451366,46.435668446712,4.1588830833596715,0.9999999999979544,0.3333333333333333,2.8077835375955305,-0.24495235591701975,-0.24495235591701975,578.0312166811001
0x020421af918192bb67d35e9ff8caeb692bf4d196,27223684.0,59.0,59.0,1.0770567552738208e+18,2.4083721203871805e+18,5.0,75,1.0,2.167230562917201e-06,4.0943445622221,4.0943445622221,17.119597924423,1.791759469228055,0.9999999830508478,0.013157894736842105,2.2360679774715293,1.9385018802418674,1.9385018802418674,773.8234139059618
0x020793b7db7551b1d70877579370096b3db0db07,1.557020242194547e+23,4.953763284618003e+20,4.953787421368842e+20,1.1804076635220202e+21,2.3488822526995108e+21,242.0,49,1.0000048724069868,0.0031815663986718,47.651849407129426,47.65185427952454,53.402231032397616,5.493061443340548,1.0,0.02,1.9898907176619605,0.37729737641928773,0.37729737641928773,633.8288790727025
0x0209707c0d22fdf56004f99d141df2e4a93ff21a,8.461907301678e+21,8.10000000044971e+21,0.0,6.274989358905726e+20,1.2160201202445147e+21,27.0,119,0.0,0.9572310014366946,50.44615101460887,0.0,50.48986155045412,3.332204510175204,0.0,0.008333333333333333,1.937883955960321,-0.33849433570740944,-0.33849433570740944,569.6432278455094
0x020989d06ab6d1900d1152ea3fb4a756e3ec096e,1.5560121028150003e+21,2000000000.0,2003204735.0,6.787061763637435e+19,3.1874495114484915e+20,23.0,109,1.0016023675,1.2853370461462194e-12,21.416413018006356,21.418014103084513,48.79641315675965,3.1780538303479458,1.0,0.00909090909090909,4.696361433640793,-0.4664930487746275,-0.4664930487746275,558.165474449829
0x020b1d7007c0d7c42fdb22ed5c31590ccab0c402,4e+21,6e+20,6e+20,2.3e+21,1.962990915244728e+21,4.0,131,1.0,0.15,47.84346132910897,47.84346132910897,49.74058131399485,1.6094379124341003,1.0,0.007575757575757576,0.8534743109759687,1.0186694097075006,1.0186694097075006,691.341254444026
0x020be4338b750b85c73e598bf468e505a8eb76ea,1.77999e+20,16000000.0,16000015.0,1.9777666666670223e+19,5.530513212171038e+19,9.0,63,1.0000009375,8.988814543901933e-14,16.588099342704055,16.588100280203555,46.6283096061916,2.302585092994046,1.0,0.015625,2.796342614819768,0.3730445127325688,0.3730445127325688,633.4475211711119
0x020d56e549db2ca35fac74118b28f159500701c0,8.916219249689542e+20,1.9790574778123907e+21,2.5811622354971504e+21,2.2700010210166296e+20,3.379846780805397e+20,30.0,12,1.3042381357970028,2.2196150884034176,49.03690766294042,49.3025267292482,48.23957386569097,3.4339872044851463,1.0,0.07692307692307693,1.4889186170020834,0.6987647231426658,0.6987647231426658,662.6551292906789
0x020fdc5da72fc36e81a5cbbee9baa451cacc9f8c,0.0,1.500000000001902e+20,1.5003842784501816e+20,1.001308746469707e+20,1.1335315807048624e+20,10.0,66,1.000256185632186,0.0,46.45716696799035,46.4574231208126,0.0,2.3978952727983707,1.0,0.014925373134328358,1.1320500142451873,3.149572091039594,2.7880152518709047,850.0
0x020fe455d61d20f1f7eab9c3f9540a3ab8a35482,2.4905176177223087e+20,7.201975569607003e+19,84974665.0,1.4494576180438297e+19,2.4467211225650536e+19,29.0,11,1.1798799395904766e-12,0.2891758531784062,45.72347213993993,18.257863722970914,46.964192427357105,3.4011973816621555,1.1798799395904766e-12,0.08333333333333333,1.688025294500931,-0.22632163510807426,-0.22632163510807426,579.701849251574
0x0214c5c41f5249166aab9a12213ac0e2119d2cc8,6.880741692786527e+22,4098000000.0,4098002351.0,1.6382718316161254e+21,2.68022085075406e+21,42.0,1,1.000000573694485,5.95575329371275e-14,22.13376488700714,22.13376546070146,52.58559849618789,3.7612001156935624,1.0,0.5,1.6360049651284494,-0.38525207298911357,-0.38525207298911357,565.45042180083
0x021690c899ae56dbcf851ba0305659d39b557622,1.6347893840061543e+21,7.453412573512816e+20,7.454020082305293e+20,7.71106387331875e+19,8.880408103394345e+19,57.0,2,1.000081507468758,0.455924943386148,48.06037385095206,48.06045535509927,48.845800931804916,4.060443010546419,1.0,0.3333333333333333,1.1516449933869273,0.30296651483054643,0.30296651483054643,627.1635675351092
0x021699aaf005dabd166bf803c65fc90529fcff4a,1.0000000023865864e+16,1000000000000000.0,1000010250300385.0,3666681497527833.0,4926139979761812.0,6.0,23,1.000010250300385,0.0999999997613413,34.538776394910684,34.53878664515854,36.84136149029132,1.9459101490553132,1.0,0.041666666666666664,1.3434872876422828,1.3424576099026058,1.3424576099026058,720.3756175654657
0x021a17e276d22dbda6b262c1c67ab256b9b06857,3.04e+20,1.0099e+20,1.012889101948451e+20,1.6211422328300287e+20,9.091081267035954e+19,5.0,103,1.0029597999291524,0.332203947368421,46.06155317593129,46.06450860427651,47.163559375299045,1.791759469228055,1.0,0.009615384615384616,0.5607824583760087,1.247700879932675,1.247700879932675,711.8787010487756
0x021ac46670e1c00e1151bb6dd05b4d1bb10aa4ca,16299723.0,12800000.0,12847756.0,2774798.8571428573,4081134.293789244,21.0,77,1.0037309375,0.7852894187220237,16.36495580701484,16.368679801540253,16.606658733118298,3.091042453358316,1.0,0.01282051282051282,1.4707856330854978,2.266120999995272,2.266120999995272,803.2012988403574
0x021b65231f1b70a5bc05e3f6099339494b72275c,1.6977e+22,4000000000.0,4000000000.0,8.488499750002e+21,9.80167523135484e+21,4.0,124,1.0,2.35612888024975e-13,22.109560198316302,22.109560198316302,51.18614643970346,1.6094379124341003,0.9999999999999998,0.008,1.1547005383787083,0.8327400485999435,0.8327400485999435,674.6688105993114
0x021d5abea6efbcd5dba2c8ae9237471448ea0856,2.4400000000130777e+20,6.9500000660103725e+19,0.0,2.612500005522661e+19,2.7334730620810617e+19,12.0,24,0.0,0.284836068277587,45.687858435961466,0.0,46.94369989919139,2.5649493574615367,0.0,0.04,1.0463054760967163,0.1141316038969417,0.1141316038969417,610.2305805678656
0x021d8505c6526352848beab51d87f89ea75446a4,8.131e+21,1.2e+21,1.2e+21,4.6655e+21,4.001614715753296e+21,4.0,132,1.0,0.1475833230844914,48.536608509668916,48.536608509668916,50.44997087010066,1.6094379124341003,1.0,0.007518796992481203,0.8577032934847918,0.9849303279069517,0.9849303279069517,688.3158423017959
0x021fe7301b7e40ef740ba6bc4957864967aaa2f1,3.210606300287004e+19,2097927407.0,1038185268.0,1.7836701670558986e+18,4.22519982959788e+18,18.0,78,0.4948623410590679,6.534365197042257e-11,21.46421574574993,20.76074009227581,44.91557656478756,2.9444389791664403,0.4948623410590677,0.012658227848101266,2.368823512124967,0.17592829484028652,0.17592829484028652,615.7719423700291
0x022064c9f712b52d7afff7263527eabebf59a71c,10000.0,2000000.0,2000000.0,1004875.0,1149071.3913852351,4.0,17,1.0,200.0,14.508658238524095,14.508658238524095,9.210440366976517,1.6094379124341003,0.9999999999995,0.05555555555555555,1.1434968442682838,2.6477462098872335,2.6477462098872335,837.4219557809816
0x0220848dbcb1403f3faae97e30dd2adef05cf91d,4e+21,400000000.0,400000000.0,2.0000000000002e+21,2.3094010767582723e+21,4.0,126,1.0,1e-13,19.806975107572256,19.806975107572256,49.74058131399485,1.6094379124341003,0.9999999999999974,0.007874015748031496,1.1547005383790208,0.8985463757034974,0.8985463757034974,680.5697198840276
0x0221049b11fc262500edcef74c4b84e9454b681f,1.1867671066898116e+21,5.0471303730446906e+20,1.395544555658408e+20,3.4052712024137576e+19,4.072735270429595e+19,60.0,21,0.2765025772093427,0.425283979021157,47.67052169869552,46.38498656146178,48.52551984595793,4.110873864173311,0.2765025772093426,0.045454545454545456,1.1960090777917245,0.21876537033779345,0.21876537033779345,619.6131793400784
0x022170e70f0332cd8bf0d1578694c5d29eb9d79d,1.898200716940162e+19,1.5e+19,1.5021508672766585e+19,5.666172443624273e+18,3.147609312396609e+18,12.0,77,1.0014339115177722,0.7902220174154984,44.15458187499503,44.15601475944339,44.3900232132958,2.5649493574615367,1.0,0.01282051282051282,0.5555089160652678,1.3693028321899283,1.3693028321899283,722.7828514655778
0x02238e3ff83f90c8299663119271d24a105158fa,1.1860780019949474e+19,8.93350000006e+18,8.954205315581611e+18,9.91152197305222e+17,2.383869577049399e+18,43.0,93,1.0023177159591954,0.7531966687717101,43.63633992929062,43.638654963489095,43.91976883426679,3.784189633918261,1.0,0.010638297872340425,2.4051498685375905,0.6608900690221766,0.6608900690221766,659.2588768634114
0x0224b2311d5968fa00a42103788b2f4ccd0651ad,2.2881053730291135e+21,5.500000000031971e+20,4.515615167594531e+20,3.782013424554485e+19,9.378245164615198e+19,146.0,6,0.8210209395578694,0.240373545067585,47.75644995212515,47.559243287212794,49.18201107997762,4.990432586778736,0.8210209395578694,0.14285714285714285,2.479696424060139,-0.025816938034210105,-0.025816938034210105,597.6812758609717
0x0225949faef9a120994a5501e30a161b418b6371,9.90000000210161e+19,18428963609.0,18432213700.0,4.5267075668463933e+18,1.2668937346954705e+19,22.0,2,1.0001763577740428,1.8615114752613967e-10,23.63718937318912,23.63736571541395,46.0416515242397,3.1354942159291497,1.0,0.3333333333333333,2.798709030762668,-0.22348167299826088,-0.22348167299826088,579.9565110678409
0x0225c9cc9a6413812b15ad1c706c3c8b90c0459f,1.000977383914704e+20,33987463557.0,33991276717.0,1.5060423840907753e+18,9.705305569949743e+18,68.0,20,1.0001121931324355,3.395427719263652e-10,24.2492575746867,24.24936976152595,46.052678766466954,4.23410650459726,1.0,0.047619047619047616,6.444244645750133,-1.1111430789184127,-1.1111430789184127,500.35915831427053
0x0228213c43f6c2634a1bdad2fcab7316256cdff6,2.7628233651094936e+22,2.0070229035053235e+22,5.003701715261671e+21,3.36583967819751e+20,1.645306231054367e+21,210.0,0,0.2493096469662883,0.7264390944608154,51.353524527429414,49.96446493444267,51.6731251611057,5.351858133476067,0.24930964696628832,1.0,4.888248961208601,-3.2828184200552215,-3.2828184200552215,305.6231846177346
0x02284b35e4d03658aa5f6e63320c1185ed916258,6.541691095292924e+17,600000000.0,0.0,2.8156011335441048e+19,8.880739385876632e+19,10.0,67,0.0,9.171940271403675e-10,20.21244021484709,0.0,41.022142290204464,2.3978952727983707,0.0,0.014705882352941176,3.1541184154511637,-0.4042437762159347,-0.4042437762159347,563.7474196301213
0x022860885b57964e4daa35e0838a9427a861ef65,4.000000000005e+21,3.0000000000035e+21,3.0052480641368384e+21,7.783390742381607e+20,1.3966119044425515e+21,18.0,58,1.0017493547111107,0.7499999999999375,49.45289924154424,49.45464706791654,49.7405813139961,2.9444389791664403,1.0,0.01694915254237288,1.7943489549327292,0.6269350705507277,0.6269350705507277,656.2141032897792
0x0228c4032162fc5485f00f2638822c15f32ca561,8.68752615228781e+22,6800000000.0,5332577865.0,2.2863291426206025e+21,6.410894236627914e+21,38.0,3,0.7842026272058824,7.827314566655158e-14,22.64018844927553,22.397100610359757,52.818760267090674,3.6635616461296463,0.7842026272058823,0.25,2.804011949600447,-0.5620980477171904,-0.5620980477171904,549.5924929333605
0x0229a3d4fab214ac8ae4fe6a5bb1b7279592ac9d,2545544627379560.0,498812.0,498812.0,1272772313939186.0,1469670875563805.2,4.0,22,1.0,1.9595492242989591e-10,13.119986554998516,13.119986554998516,35.47312102098902,1.6094379124341003,0.9999999999979953,0.043478260869565216,1.154700537926713,1.475880909727041,1.475880909727041,732.3397982663965
0x022a09f4cb866d4d70853c9f8d50ce33f1fa0db7,5.688819261233076e+19,338000000.0,323354818.0,9.870595627941816e+17,4.529997717947372e+18,58.0,1,0.9566710591715976,5.941478969165512e-12,19.638556456405873,19.59426078910132,45.487619482284835,4.07753744390572,0.9566710591715948,0.5,4.589386384266207,-1.2739875692423641,-1.2739875692423641,485.7567544541472
0x022a109627e1f304eb65977c61b99b0b894868e5,9.765635926344168e+20,467466118.0,467527866.0,6.510423950902345e+19,1.7907550248865572e+20,15.0,77,1.0001320908566895,4.786847692518876e-13,19.96283743133947,19.962969513472647,48.33057154511466,2.772588722239781,1.0,0.01282051282051282,2.750596640697045,0.319489266843909,0.319489266843909,628.6451767519751
0x022b36e7d24e441b4d5e8293b94552773fdef176,125346071167.0,105000000000.0,105054540056.0,92157272244.6,41101068001.7753,5.0,84,1.000519429104762,0.8376808225613015,25.377226187113457,25.377745481361615,25.554344318163622,1.791759469228055,1.0,0.011764705882352941,0.44598833060820803,2.269072809225172,2.269072809225172,803.4659900829489
0x022b3fa410364e1e28054b704b0da3b67aa6dc90,1.204740319481968e+22,8.817403194819682e+21,8.85428698305995e+21,8.889773503582609e+20,6.432588317002387e+20,47.0,73,1.0041830669898295,0.7318924296159622,50.53101435718684,50.53518869947417,50.84313608708303,3.871201010907891,1.0,0.013513513513513514,0.7235941741834065,1.0085794845284513,1.0085794845284513,690.4364822770967
0x022b755d4b5db88a2c32499fa667904fbe24c928,1.0507836288525442e+22,2.8171029098218143e+21,2.818398459222744e+21,3.1696463133799475e+20,8.58881871563835e+20,100.0,0,1.000459887140229,0.2680954320632204,49.38999597281006,49.39045575423461,50.706408244878126,4.61512051684126,1.0,1.0,2.7097088654284827,-1.7053059140321063,-1.7053059140321063,447.0800718696129
0x022ca32d31da3ef85922aafd9ad29c5b2418172c,1.7880719918560988e+22,7.845810592696844e+21,6.281143123636257e+21,7.793946575255214e+20,1.9444311852875435e+21,62.0,17,0.800572872544612,0.4387860571851216,50.41426665975111,50.19183894284706,51.23800998571138,4.143134726391533,0.800572872544612,0.05555555555555555,2.494796655985383,0.027689539244285494,0.027689539244285494,602.4792471573834
0x022ce4715b44ef6f0ead8561b29da676928d16f3,5e+18,3500000000.0,67467238.0,7.142857147953524e+17,1.679710859219281e+18,7.0,51,0.0192763537142857,7e-10,21.976028805727495,18.027152689875074,43.055969586326924,2.0794415416798357,0.01927635371428571,0.019230769230769232,2.3515952012291454,-0.16968749376151135,-0.16968749376151135,584.7802808433869
0x022cf8fcf32a0af972cb723d82e0120b43c79af0,2.3012000000000067e+17,77002205922738.0,0.0,4.603940044118469e+16,1.0283711436590018e+17,5.0,101,0.0,0.0003346176165597,31.974855185719136,0.0,39.97737730690578,1.791759469228055,0.0,0.00980392156862745,2.2336762290654617,0.01800778392434586,0.01800778392434586,601.6110759286521
0x022d41d3071853f439b0d861a93ff9834b822d36,9.218367106990357e+20,1100000000.0,0.0,7.681972589167796e+19,1.7979426586103103e+20,12.0,102,0.0,1.1932699004424134e-12,20.818576017659826,0.0,48.27289977840146,2.5649493574615367,0.0,0.009708737864077669,2.3404700260783997,-0.4004064163096183,-0.4004064163096183,564.0915189545577
0x022d9d334a2ff3ccd372fa345c87106e3428b0f4,3.78171213252793e+19,44280412.0,44281962.0,8.568856670059037e+18,2.231697045168221e+19,16.0,38,1.000035004191018,1.1709091133385725e-12,17.60605299277115,17.606087996348744,45.0792936190829,2.833213344056216,1.0,0.02564102564102564,2.604428024763361,0.4998402541469708,0.4998402541469708,644.8174030761957
0x022db3d2cb668693ea15009057076a7f5e973ab7,4747961190.0,3796874124.0,3810024177.0,4182732670.0,518384392.6892713,5.0,77,1.003463389243504,0.7996851642336192,22.057443966474587,22.060901371996643,22.280981139903055,1.791759469228055,1.0,0.01282051282051282,0.12393438299495033,2.543263684774421,2.543263684774421,828.0529189472045
0x0230b6df83cc33bcf9c7c29ace1ae5078fe36b74,4.132999325432022e+21,1.0925000725592002e+21,15244968992.0,5.6798906500264575e+19,2.873660739207217e+20,92.0,99,1.3954204100223443e-11,0.264335894234631,48.44275566727831,23.447515383471803,49.77329032518945,4.532599493153256,1.3954204100223443e-11,0.01,5.059359266351072,-1.5479897278525196,-1.5479897278525196,461.1867479982236
0x0230bc307520081725023ab397785a35a96f233c,3.057733250805762e+19,1550000000.0,1551446324.0,1.389878750766111e+18,4.067664787400077e+18,22.0,64,1.0009331122580645,5.0691145134767726e-11,21.161520768522728,21.16245344570158,44.86679064063665,3.1354942159291497,1.0,0.015384615384615385,2.926632834092867,0.401699583332133,0.401699583332133,636.0170457076977
0x0230d420819b2654845fb9c570ac53c969b6c386,1.1848176344676895e+22,39000000000.0,26722993945.0,2.0814011131132137e+20,7.29382612846268e+20,57.0,38,0.685204972948718,3.291645808219404e-12,24.386827483101698,24.008790228215094,50.82646091364908,4.060443010546419,0.685204972948718,0.02564102564102564,3.504286647350297,-0.39850323841904384,-0.39850323841904384,564.2621785336478
0x02349bc43d584a0f18fef86627d22eb4f362454b,1.2792602079385554e+18,174000000.0,23850089.0,3.9976881504424936e+16,1.787946550036191e+17,32.0,3,0.1370694770114942,1.3601611221878748e-10,18.974565862925928,16.98729854887641,41.69281362219161,3.4965075614664802,0.13706947701149347,0.25,4.472451283720788,-1.29644559012798,-1.29644559012798,483.7429246327116
0x023768fbb4dcef5ce609f8d262cebc33860e9c30,4.3e+21,3e+17,3e+17,2.150149975e+21,2.4824329235671207e+21,4.0,130,1.0,6.976744186046511e-05,40.242558869566885,40.242558869566885,49.812901975574476,1.6094379124341003,1.0,0.007633587786259542,1.1545394286122395,0.8958012564739005,0.8958012564739005,680.3235627094432
0x023876998090f4a06ad08b13fd942e44d3168d2e,1.463447419622918e+22,6.739108965763514e+21,0.0,5.6246271478934064e+20,5.188569697639571e+20,38.0,88,0.0,0.4604954626589836,50.26221466813457,0.0,51.03766694454484,3.6635616461296463,0.0,0.011235955056179775,0.9224735366828445,0.03393356826700477,0.03393356826700477,603.0391545470819
0x0238d0aa37457dc99a0e9a41d109b861f0aa0b96,3.829e+20,2.014e+20,2.014659252782046e+20,9.738882710651704e+19,8.7118464437802e+19,12.0,101,1.0003273350457031,0.5259858971010708,46.751824654177284,46.75215193566056,47.39430553237607,2.5649493574615367,1.0,0.00980392156862745,0.8945427009046731,1.1044170362363772,1.1044170362363772,699.0303169976979
0x023cf85b4b860caa294d518e7e1f50b45361f3db,1.823e+21,1.0227498056259132e+20,0.0,1.0133026213487333e+20,3.512305792414359e+20,19.0,64,0.0,0.0561025675055355,46.07419674765783,0.0,48.95477044857149,2.995732273553991,0.0,0.015384615384615385,3.466196295573957,-0.8891806828539051,-0.8891806828539051,520.262715030539
0x023dae0fc6722a75972b277d5ec54885177ad68b,1.825189791740576e+20,3.0001471519542784e+19,38605086.0,1.5180032192406897e+19,2.693938273033237e+19,14.0,70,1.2867730829420441e-12,0.1643745305573518,44.84777810500346,17.468894613316607,46.6533858369825,2.70805020110221,1.2867730829420441e-12,0.014084507042253521,1.774659130420523,-0.11099027394432036,-0.11099027394432036,590.0437104352138
0x023dc0303836189bf3f921476a51ce6898f180ad,1.2400000000095e+21,2048134554.0,2048254625.0,8.857142857307834e+19,3.314039399709314e+20,14.0,65,1.0000586245663232,1.6517214145034746e-12,21.44019524264907,21.440253865497013,48.56939833249957,2.70805020110221,1.0,0.015151515151515152,3.741657386698887,-0.08920063073425426,-0.08920063073425426,591.9976062623825
0x023f57cc43fb63b4d6d5a18f8f656d828c40e489,2.1057111313832097e+21,2.760412223928835e+21,2.965007880367988e+21,2.091633891677136e+20,2.9763974717018164e+20,51.0,53,1.0741177910551187,1.310916859766782,49.3696669779474,49.44116664311807,49.09894019259345,3.9512437185814275,1.0,0.018518518518518517,1.4230011683905397,0.8003275572416153,0.8003275572416153,671.762354949596
0x0240099b8b2b9a5b408e8de96131e93ed7fed9de,1.0015e+19,1.0003906207001297e+19,0.0,5.004726551750324e+18,5.768046718120858e+18,4.0,79,0.0,0.9988922822767144,43.749507311314595,0.0,43.750615643010605,1.6094379124341003,0.0,0.0125,1.1525198546768902,0.2706502947060369,0.2706502947060369,624.2657446087579
0x024053954b25e537a1eec0473d59e9d5e0b54200,1.299252962984616e+23,5.557970000261999e+22,5.55871568819653e+22,1.2793855879125282e+22,2.569590895204844e+22,29.0,25,1.0001341655198743,0.4277819761514608,52.37210497959684,52.37223913611733,53.22124659430149,3.4011973816621555,1.0,0.038461538461538464,2.0084569651886115,0.34198288486017486,0.34198288486017486,630.6621985983725
0x0246b0a279dd8466ecba9b3b0af5f51076763e09,5.116002224330301e+19,2564280082.0,0.0,3.6986991772334994e+20,1.2079430700333256e+21,26.0,2,0.0,5.012273196061152e-11,21.664943606778404,0.0,45.38149008538255,3.295836866004329,0.0,0.3333333333333333,3.265859190356826,-1.2702865743552803,-1.2702865743552803,486.08862581140306
0x0247542b512035f5d1373358e86683a04b1c1769,61442644746.0,36000000000.0,36000039605.0,19488536699.2,2868186657.169848,10.0,81,1.0000011001388889,0.5859122788223345,24.306784775430298,24.306785875568583,24.841369970871746,2.3978952727983707,1.0,0.012195121951219513,0.1471730125991238,2.4191470516885825,2.4191470516885825,816.9232749631022
0x0248d827e45291b75c60cd9c66cf4d5b8ed4223b,1.8e+22,2000000000.0,2000000000.0,9.000000000001e+21,1.0392304845412108e+22,4.0,134,1.0,1.1111111111111114e-13,21.416413018006356,21.416413018006356,51.24465871077113,1.6094379124341003,0.9999999999999996,0.007407407407407408,1.1547005383789948,0.8312469075438357,0.8312469075438357,674.5349193716866
0x02491d37984764d39b99e4077649dcd349221a62,5.376726769708291e+23,4.199051244553148e+23,1.4663222052498569e+23,1.1680685113504331e+23,2.153715838710907e+23,279.0,51,0.0974126584751476,0.959524053171711,54.39431574448044,53.342214503478296,54.641536920764615,5.634789603169249,0.3492032175487058,0.019230769230769232,1.8438266401180032,-0.19953168143869665,-0.19953168143869665,582.1041271677383
0x0249bea8bd7820ce8c8f122dc48ca1a2adda1ca6,2.057824078522239e+22,59122582622.0,568998890.0,1.3575747346960058e+21,4.692813523679596e+21,24.0,5,0.009624053361097,2.8730630202586124e-12,24.802878797053737,20.159389043055313,51.37852119785947,3.2188758248682006,0.009624053361097099,0.16666666666666666,3.4567625661731483,-1.2830485953345758,-1.2830485953345758,484.94424454286695
0x024b52ddd4a3562768ecd61b1c2cdf35d0613e0a,0.0,5554670744.0,11109357539.0,6740794070.25,2372235951.845401,4.0,77,2.0000028896402218,0.0,22.43790498645418,23.131053611743177,0.0,1.6094379124341003,1.0,0.01282051282051282,0.3519223294945457,3.4632808925562193,2.7880152518709047,850.0
0x024c33affbf5499b02d97ccc3358dcbc7640d1d0,23450866332.0,16901340015.0,16902788693.0,1.6046989925821143e+19,8.182391474940494e+19,26.0,65,1.0000857137953982,0.7207128204017431,23.550658746619657,23.550744456741832,23.878173274994246,3.295836866004329,1.0,0.015151515151515152,5.099019512546863,0.4919444820505572,0.4919444820505572,644.1093824811484
0x024d37ae44d299b9cef36d348232a66801c3a25a,7.07822951818895e+20,4.405453545820342e+20,4.407829331790922e+20,3.828729352694012e+20,3.1965000185166666e+20,6.0,59,1.0005392829468909,0.6223948424531351,47.5345450755626,47.5350842131487,48.0087256682619,1.9459101490553132,1.0,0.016666666666666666,0.8348722837427802,1.0867915273910964,1.0867915273910964,697.4498226384048
0x024e14fa72c351f132475f297f64521a7fae286a,6.780866709594212e+20,2.1000002856598963e+17,2.0000605350803843e+17,1.5188859141915615e+19,8.997461117550289e+19,45.0,4,0.9524096490548298,0.0003096949660857,39.88588406165667,39.83712402854086,47.965806786936724,3.828641396489095,0.9524096490548298,0.2,5.923724114815599,-1.3321836060944283,-1.3321836060944283,480.5382663647932
0x024e3c5dce2044ccf6b28179b88e9db503ee5c11,24711920.0,15635911.0,15639164.0,4247400.157894737,2541641.8056694786,19.0,113,1.000208046720143,0.6327274853592922,16.565080877841282,16.565288902909405,17.022796316747993,2.995732273553991,1.0,0.008771929824561403,0.5983994234554694,2.60137554947209,2.60137554947209,833.2638592479302
0x024fa9444a644ca26705a48486b05d74292412aa,4.350809809476951e+20,5.600000000035e+19,5.603040124197619e+19,2.1903712739672887e+19,3.6238222891334496e+19,30.0,32,1.00054287931475,0.1287116708213045,45.47188336463422,45.472426096643304,47.522063850753455,3.4339872044851463,1.0,0.030303030303030304,1.6544328955564855,0.7569222659034007,0.7569222659034007,667.8701655821446
0x024ff3388331e62d6f9503057d211d74650b1998,4.981844637590988e+20,482685674.0,7694912.0,5.535382930662101e+19,1.188421287782268e+20,9.0,0,0.0159418694493924,9.68889455841013e-13,19.994876223372458,15.856070019148317,47.65750209148776,2.302585092994046,0.01594186944939241,1.0,2.1469540638268323,-2.2208574023295444,-2.2208574023295444,400.85013171117953
0x025123f35f34993e0ac581f118271e6170e2aed4,1.6548e+22,1.564e+21,1.564e+21,9.056e+21,8.651016433537351e+21,4.0,132,1.0,0.0945129320763838,48.80153359499808,48.80153359499808,51.160552201474125,1.6094379124341003,1.0,0.007518796992481203,0.9552800832086298,0.9139814044830223,0.9139814044830223,681.9537920339841
0x025240adb2807492533b854de7764e85223c43e6,1.294e+20,20305166.0,0.0,2.588000000000406e+19,4.519814155471149e+19,5.0,124,0.0,1.5691782071097374e-13,16.826385943643942,0.0,46.30944005595962,1.791759469228055,0.0,0.008,1.7464506010318546,-0.07228149223350949,-0.07228149223350949,593.5147597924881
0x025297ca7459dd67dbfd8443d9b5f321e89fad83,3.172462436758454e+20,3.7424550522900594e+21,7.491335141764777e+21,1.39680919609715e+21,1.9329791481717187e+21,13.0,49,2.001716797421716,11.796688304098598,49.67402878003835,50.36803399109568,47.20620994015196,2.6390573296152584,1.0,0.02,1.3838533949895881,0.8988012362084375,0.8988012362084375,680.592573442129
0x0252e3524f4d28702b6b3ab7aa7c8eacaa9caf4d,7.480627409853589e+19,9.000000000010516e+22,105158899255.0,5.634352774880936e+21,1.5474871917199726e+22,16.0,33,1.1684322139430793e-12,1203.107641500175,52.854096623206395,25.378738369427328,45.761433433678334,2.833213344056216,1.1684322139430793e-12,0.029411764705882353,2.7465216566115243,-0.48622976613994273,-0.48622976613994273,556.3956662280825
0x02535f81854b731a185a765286f7196c6c2b63a4,5.000000000000332e+21,40000000000.0,40015872828.0,1.6621500883155806e+22,3.665838425119039e+22,12.0,96,1.0003968207,7.999999999999468e-12,24.41214529108535,24.412542033072825,49.963724865309125,2.5649493574615367,1.0,0.010309278350515464,2.205479788431135,0.46666481305532104,0.46666481305532104,641.8425330754096
0x0255c9d3850caca1152aeb20425c264787661692,3.4758568304459965e+21,2.401500000013789e+20,2.400195422811341e+20,2.998082845462747e+19,6.512808448379892e+19,167.0,0,0.9994567656870952,0.0690908779377327,46.927795402009394,46.927252020091274,49.60012797141086,5.123963979403259,0.9994567656870954,1.0,2.1723243766383162,-1.4423616309173222,-1.4423616309173222,470.6585092310146
0x02561edb032a795fa02e46d1ec922ef0fbca14a5,9.9996691648619e+18,2.005e+18,1793667849219873.0,1.3341625369690135e+18,3.3142411889693107e+18,9.0,78,0.0008945974310323,0.2005066334639771,42.14217573465135,35.123038996043384,43.749083682825784,2.302585092994046,0.0008945974310323557,0.012658227848101266,2.4841360007744586,-0.2572326344452157,-0.2572326344452157,576.9300336676203
0x0256b3d533b384fd24bfef8f61491ceea5426b5e,2.742031118840765e+22,9.666308494802769e+21,1.224328695426995e+21,5.108406636872754e+20,1.1466004185886362e+21,75.0,47,0.126659385647093,0.3525236613247972,50.62293344124509,48.55667964292966,51.66557097590197,4.330733340286331,0.126659385647093,0.020833333333333332,2.2445363106225975,-0.42508820719402224,-0.42508820719402224,561.8782817871952
0x0256ba1f18ca0f91a93bdb2f218d91dd20ee428a,5.555460344383866e+21,4.5439830841719207e+21,1.2439900315040764e+21,4.694221943878721e+20,1.1692918448074318e+21,36.0,7,0.2737664310057124,0.8179309728608773,49.86809091161345,48.572610933899455,50.069068242809124,3.6109179126442243,0.2737664310057124,0.125,2.490917256974165,-0.5233297538754049,-0.5233297538754049,553.0688787940028
0x0256d43f6af4a9c14096c4d188a8d25380cc1e95,5.800172544968935e+19,1.6e+19,0.0,1.480034508993787e+19,1.6961701283054113e+19,5.0,13,0.0,0.2758538625523888,44.2191203961326,0.0,45.50700443312932,1.791759469228055,0.0,0.07142857142857142,1.1460341755534915,0.07816344957417475,0.07816344957417475,607.0052855979255
0x0257272644deb3c685ec485700b7ff8f375d8879,1.0025002049631586e+21,2.001490954816264e+20,0.0,2.4052986008895694e+20,1.641975844878604e+20,5.0,12,0.0,0.1996499297364051,46.74559424011873,0.0,48.35678403752556,1.791759469228055,0.0,0.07692307692307693,0.6826494823849895,0.12204933153087516,0.12204933153087516,610.9405699346237
0x02577874b50993e03070e7c7eefa78eac31cadd5,5.017470116353925e+21,8.510000000189625e+21,8.512833681173523e+21,3.2591418405074285e+20,6.958095513943047e+20,83.0,0,1.0003329824892873,1.6960738784376932,50.49552889548252,50.49586182254545,49.967212798661954,4.430816798843313,1.0,1.0,2.1349471285544643,-1.4436927026823996,-1.4436927026823996,470.53915089447037
0x025792a600b4844383a838f9ca9d97394ad23369,2.2136462907293515e+21,1.4264629072965155e+20,1.4264663657036902e+20,1.2007207874985276e+20,4.326159791976465e+20,22.0,22,1.0000024244634451,0.0644395138134975,46.40689974861805,46.406902173078564,49.14892801411352,3.1354942159291497,1.0,0.043478260869565216,3.602969014127916,-0.11592086086865108,-0.11592086086865108,589.6015805148629
0x0257ffe501e6d7670c5510b6d8a558eddea79475,3.501e+21,1600000000.0,1602931899.0,3.890000000003559e+20,1.1299840706840464e+21,9.0,34,1.001832436875,4.570122822050843e-13,21.193269466817146,21.19510022682674,49.60733559484749,2.302585092994046,1.0,0.02857142857142857,2.9048433693650706,0.16952747303096535,0.16952747303096535,615.1979752378869
0x0258aa61198204d52dbed666326bed75b3a09126,3.333381157769402e+21,1.0000000001095e+20,1.0000006095394274e+20,1.308659710642334e+20,4.831955365084367e+20,27.0,10,1.0000006094299272,0.0299995695895356,46.051701859990416,46.05170246942016,49.5582741044288,3.332204510175204,1.0,0.09090909090909091,3.6922932109774216,-0.26282067106391044,-0.26282067106391044,576.4289496743638
0x0258fefede90decf71000c32412f33726b27d5c0,5.001395603537513e+18,1395603537513117.0,0.0,4.547992006431842e+17,1.5074725648289994e+18,11.0,132,0.0,0.000279042820873,34.872103359999436,0.0,43.05624866808749,2.4849066497880004,0.0,0.007518796992481203,3.3145893016019112,-0.5461014336734598,-0.5461014336734598,551.0269229112885
0x0259575795db48a8dbc036ca387762c95ceee9b5,4.93926498084628e+22,4.12010000000009e+22,4.134352536064343e+22,7.25839020276018e+21,9.814155081248712e+21,25.0,62,1.0034592694508029,0.8341524530425505,52.072749480780566,52.0762027807216,52.25408857669624,3.258096538021482,1.0,0.015873015873015872,1.3521118053858057,0.6905472477901172,0.6905472477901172,661.9182612912163
0x025acefa3cf20e71f44ccd3b81e2c1924602c48b,9.7166995342529e+22,4.711217934017733e+22,491403399101014.0,1.1317153326233508e+21,3.757130726064425e+21,130.0,55,1.0430496019995077e-08,0.4848578385500083,52.20681850518721,33.82828649316919,52.9307180525906,4.875197323201151,1.0430496019995077e-08,0.017857142857142856,3.3198549297333284,-1.0162666492939554,-1.0162666492939554,508.86680840072313
0x025b6d0137e847ba5df51e8af8508e4874d2ddbd,8.322000000003e+22,2.1400000000072e+22,30997360533.0,1.2165116279093492e+21,2.9085904317826125e+21,86.0,2,1.4484747912568089e-12,0.2571497236249013,51.41767787490613,24.15716789374208,52.775774656430116,4.465908118654584,1.4484747912568087e-12,0.3333333333333333,2.3909269464042904,-1.2584248418459898,-1.2584248418459898,487.1522774476165
0x02608d35121db289427f6fd4fa53e93b5cae0bdf,1.2007265347410584e+19,5.0000001416585306e+17,47183819.0,8.609766583428084e+17,2.484927278210074e+18,25.0,29,9.436763532640387e-11,0.0416414562099837,40.753384521664586,17.669561595177427,43.93204358609012,3.258096538021482,9.436763532640388e-11,0.03333333333333333,2.886172643742764,-0.4663620185940495,-0.4663620185940495,558.177224037493
0x02615eb2838102011972e092add331d9e723448f,5.9e+21,700000000.0,700000000.0,2.9500000000003497e+21,3.406366588218388e+21,4.0,132,1.0,1.1864406779661016e-13,20.36659089443625,20.36659089443625,50.12923930378663,1.6094379124341003,0.9999999999999987,0.007518796992481203,1.1547005383789777,0.8816155220988798,0.8816155220988798,679.0515158506001
0x0264ac5bc4626a76eb59a761b1075a36c7b2b860,4e+21,5.5e+20,5.5e+20,2.275e+21,1.991858428704209e+21,4.0,131,1.0,0.1375,47.75644995211934,47.75644995211934,49.74058131399485,1.6094379124341003,1.0,0.007575757575757576,0.8755421664633886,1.0099119788323978,1.0099119788323978,690.5559681739105
0x0266e5afc61b51f53d3aa70dc6f2438656909d94,3.03821349635e+20,1.4e+20,9.041346353001017e+19,4.462271767961853e+19,4.0287088645994406e+19,14.0,37,0.6458104537857868,0.4607971104341118,46.38817409650213,45.950924863055654,47.16297153688155,2.70805020110221,0.6458104537857869,0.02631578947368421,0.902838077574006,0.763569593454485,0.763569593454485,668.4662370936729
0x0267c58c62587e65e816d39570769fb34c9b4ab5,29957901.0,22000000.0,22044965.0,17330625.166666668,7268638.853392715,6.0,81,1.0020438636363636,0.734363866146697,16.906553056777135,16.908594834473146,17.215303687459038,1.9459101490553132,1.0,0.012195121951219513,0.4194100780260733,2.656971322354147,2.656971322354147,838.2491794569497
0x0267c774380db18ed0c9ca3e41ed086e53750480,1.271670107657327e+22,1.980000000013428e+22,1.0030098522560023e+22,8.027886716842937e+20,2.0729184396846747e+21,53.0,0,0.5065706324490911,1.557007582462552,51.33996889058223,50.6598773775882,50.897203127824085,3.9889840465642745,0.506570632449091,1.0,2.5821470989813307,-2.1031605095762793,-2.1031605095762793,411.4041121230794
0x02682dcf41d8edbb797dba7a1b8f761b52cc6e0b,3.534664037766557e+16,3.433224659721161e+20,2.133224659721161e+20,6.185336428717888e+19,8.307290672456986e+19,9.0,0,0.6213472379912408,9713.015503138196,47.285201813439045,46.8093366195252,38.10397974391545,2.302585092994046,0.6213472379912408,1.0,1.3430620578513854,-0.9289321804661853,-0.9289321804661853,516.6981644521036
0x0268f26c311fee1e2652b78e0f4b186239bb30e3,1.4455312885093831e+20,89285722.0,89467702.0,4.718359923628855e+18,6.986542200229629e+18,54.0,68,1.0020381758239016,6.17667169916955e-13,18.307352156245358,18.30938825778413,46.42017878757881,4.007333185232471,1.0,0.014492753623188406,1.480714128068537,0.9067964631523773,0.9067964631523773,681.3095122378875
0x0269ae21dbae267fb041ee16ba8500dd0fde2f2d,1.4072806225208853e+22,2.5e+21,2.5108900261276203e+21,7.22782629356801e+20,1.7929975209425657e+21,29.0,68,1.004356010451048,0.1776475821518602,49.270577684749114,49.274924235248456,50.998531251534935,3.4011973816621555,1.0,0.014492753623188406,2.480687067062114,0.30232766078987505,0.30232766078987505,627.1062809502761
0x026a45e4ee23f6777ef668cc21ce816e791926fa,2.3150122812983665e+19,6000000.0,6025337.0,2.31501228130017e+18,4.936602813170214e+18,10.0,4,1.0042228333333334,2.5917789069503e-13,15.607270193858982,15.611484135352532,44.58853175950748,2.3978952727983707,1.0,0.2,2.1324305071926837,0.3679444236996306,0.3679444236996306,632.9901918526107
0x026a55d367905cc892280e5ba04d64e9d745b86c,2.3929886170260197e+23,8.219848582636158e+22,8.125129507828825e+22,4.575060743112316e+21,6.194174787746114e+21,127.0,0,0.9884767859340596,0.3434971869131453,52.76342383416356,52.75183371338286,53.83200019099821,4.852030263919617,0.9884767859340597,1.0,1.3539000104143644,-1.3192892096289617,-1.3192892096289617,481.6945178556893
0x026a94e94cc11b082cd663b9d92fd07a6d708887,4.875385544976953e+17,765801448.0,768309865.0,1.1338105976812884e+16,7.434893238257662e+16,43.0,51,1.0032755448642088,1.5707505405167295e-09,20.45643348914462,20.459703681093433,40.72814576837056,3.784189633918261,1.0,0.019230769230769232,6.557438476463768,-0.8589885816502763,-0.8589885816502763,522.9700664078196
0x026ad6ecd5124809d5f3b393f6a94ac195ca55b9,3.9800000000000406e+20,2e+18,2e+18,6.7000000000001335e+19,1.5349136783545775e+20,6.0,6,1.0,0.0050251256281406,42.13967885445277,42.13967885445277,47.43298367917727,1.9459101490553132,1.0,0.14285714285714285,2.290915937842607,0.2879560363882581,0.2879560363882581,625.8175651747473
0x026c2da77a4584478550de459a6abb848519ffe4,7.51430853032193e+22,234239771860.0,146710589754.0,4.271352200326061e+20,1.193344348542672e+21,176.0,0,0.626326556711666,3.117249856254766e-12,26.17961109376482,25.711727705959014,52.67368105290738,5.176149732573829,0.626326556711666,1.0,2.7938327081798033,-2.160987603009409,-2.160987603009409,406.21870750369175
0x026d639c41b00c686ad758543cf569dfcf2e3d4a,4.447414611529328e+21,2.169243701158572e+18,2.1698022884955543e+18,2.69743717095588e+20,5.984734299152949e+20,33.0,43,1.000257503265624,0.0004877538728984,42.22091025588458,42.22116772600193,49.84660989404206,3.5263605246161616,1.0,0.022727272727272728,2.2186742155081087,0.44242100777386056,0.44242100777386056,639.6685704493373
0x026de7b3d021dd600438f69e49c0e34495bf0edc,2.843601802159608e+21,1348108280.0,1349130169.0,2.041162946503017e+20,6.067006008900458e+20,14.0,76,1.0007580170043908,4.740847607341376e-13,21.02196817336181,21.02272590321585,49.39935844170783,2.70805020110221,1.0,0.012987012987012988,2.972328112899873,0.1826991775931267,0.1826991775931267,616.379093181517
0x026e0a569b23b6afac6520a977fcb83192f370f1,9.966293455564694e+20,1.500000000000014e+21,1.5001427465473785e+21,3.328984495493505e+20,5.4094855927205554e+20,15.0,7,1.0000951643649096,1.5050730812692323,48.75975206098313,48.7598472208202,48.35091060497837,2.772588722239781,1.0,0.125,1.6249656915024553,0.5455734508449569,0.5455734508449569,648.9183376959052
0x027011c0fd7e86ab7fcab831b204fddfb6af2ed7,3.499056451254882e+21,1.1155000010005e+18,2.000000000005e+17,2.5002799651827735e+20,9.325304566872228e+20,14.0,103,0.179291797239909,0.0003188002298735,41.55583440968018,39.83709376146122,49.606780299669914,2.70805020110221,0.17929179723990907,0.009615384615384616,3.7297041518270686,-0.8522095797541753,-0.8522095797541753,523.5779452697845
0x02706710a0bd191361d1935d74e812a9c588cd05,2.067456987278344e+21,1588244425.0,1489177777.0,2.871468037895237e+19,5.973462366108856e+19,72.0,0,0.9376250617092518,7.682115926826646e-13,21.185895108581697,21.12148997774567,49.0806062963558,4.290459441148391,0.9376250617092512,1.0,2.080281684238198,-1.4373881744213142,-1.4373881744213142,471.1044833022957
0x02736d5c8dcea65539993d143a3de90cebca9c3c,5.064249820717191e+22,8.000000527214925e+17,8.000005688349435e+17,4.566899847129067e+20,1.3372257545093288e+21,111.0,50,1.0000006451417711,1.579701004181894e-05,41.22338818848048,41.22338883362204,52.27907806217913,4.718498871295094,1.0,0.0196078431372549,2.9280820672035572,0.056690022760735266,0.056690022760735266,605.0797451638165
0x02744561ef8292feec44b87d08e8961bb4e29bd8,1.0083612448135689e+22,5.0001562452466e+21,5.00765518738765e+21,8.3692950585878e+20,1.6872191920369057e+21,43.0,21,1.001499741562712,0.4958695379224987,49.96375611387014,49.96525473194363,50.665198529107435,3.784189633918261,1.0,0.045454545454545456,2.015963328124794,0.44123157343400177,0.44123157343400177,639.5619128610998
0x027747771ce20e60d24344e2a62a1377960cced0,1.3944147864216834e+22,7e+21,0.0,7.480466927126959e+20,6.477771668637917e+20,28.0,99,0.0,0.502002708818317,50.30019710193027,0.0,50.98934686518282,3.367295829986474,0.0,0.01,0.8659581990994579,0.060973065858689356,0.060973065858689356,605.463809278864
0x027937f64f35377f87e8a8318c0370d74b456cc8,3.064999196855193e+21,2e+20,0.0,8.162497992137983e+20,9.786157650788774e+20,4.0,85,0.0,0.0652528719110946,46.74484904044086,0.0,49.47433426022564,1.6094379124341003,0.0,0.011627906976744186,1.1989170055802378,-0.005637514183151586,-0.005637514183151586,599.4907819495816
0x027af3fec91de9714ad0540be7b03487f332238d,0.0,8.000000000037027e+21,8.037436132863168e+21,4.745981966476367e+21,9.679123384412806e+21,15.0,19,1.0046795166032458,0.0,50.433728494559425,50.43839709626258,0.0,2.772588722239781,1.0,0.05,2.039435348212886,2.7207949303625374,2.7207949303625374,843.9722966351528
0x027b6146248b3a7648e7c7e243bd01e1704bc3ca,2.7875496783819702e+19,30450000000.0,30490154660.0,3.105640802542252e+21,8.761555382130251e+21,8.0,73,1.0013187080459771,1.0923572137976984e-09,24.13935183113516,24.140669670449288,44.77427972535536,2.1972245773362196,1.0,0.013513513513513514,2.8211747395120885,0.45140958703059236,0.45140958703059236,640.4745839913024
0x027c04aae42b4143f5718ab191ef5668c268c09b,2.5297701676101167e+20,123000000.0,3223300.0,7.22791476460394e+18,2.1309881838205997e+19,35.0,3,0.0262056910569105,4.862101766193193e-13,18.627694921466773,14.985916547687271,46.97983031565203,3.58351893845611,0.026205691056910358,0.25,2.948275198617909,-1.030187535897548,-1.030187535897548,507.6185106666564
0x027cb2d88746942364a7f8af881f3b69e9d08662,3.630261213685977e+19,2.71726912616401e+19,0.0,1.586882584962497e+19,1.6479349946395398e+19,4.0,11,0.0,0.7485051257248339,44.74874414511763,0.0,45.03842137226776,1.6094379124341003,0.0,0.08333333333333333,1.038473173916951,0.1187853204381302,0.1187853204381302,610.6478832856288
0x027cedb5d69afdd68ce27cf58dd6d05a72edc4f6,9.91423101213727e+21,6.04000000052445e+21,459798670207.0,1.095505926594178e+20,7.190757838507227e+20,147.0,2,7.612560764355562e-11,0.6092252634753131,50.152690964908516,26.854054557161696,50.648258153809415,4.997212273764115,7.612560764355562e-11,0.3333333333333333,6.56386940859608,-2.8179320793148466,-2.8179320793148466,347.3099379309193
0x027e9fac2d42f779d2232b76e31a3b7cbd955d70,1e+19,3000000.0,3000000.0,2.5000000000015e+18,4.999999999999001e+18,4.0,123,1.0,3e-13,14.914123179965662,14.914123179965662,43.74911676688687,1.6094379124341003,0.9999999999996667,0.008064516129032258,1.9999999999984002,0.8344500591103243,0.8344500591103243,674.8221486952332
0x027ec37fe00524dbeeae9c6ba96164f84eca09bb,4.95e+21,8.99e+20,8.99e+20,2.924535e+21,2.3388863557043555e+21,4.0,114,1.0,0.1816161616161616,48.247814708364444,48.247814708364444,49.95367452945556,1.6094379124341003,1.0,0.008695652173913044,0.7997464060797205,1.0281334170688743,1.0281334170688743,692.1899000282336
0x027fcbfa8ac860652c516b16a2f02080917489d2,4.272300000007655e+22,3.400000000006585e+22,3.4053056456191468e+22,7.311621736019543e+21,1.3737079650312824e+22,21.0,55,1.0015604840036916,0.795824263277507,51.880647477493056,51.88220674520676,52.109024369782155,3.091042453358316,1.0,0.017857142857142856,1.8788006472817491,0.4842288089179964,0.4842288089179964,643.4175115132684
0x02803ab2f41603f75d57ab98871baf84b0c80e90,1.08365e+22,2500000000.0,2505959010.0,3.870178571430359e+20,1.747526381309556e+21,28.0,51,1.002383604,2.30701794859964e-13,21.639556569220566,21.641937336941748,50.73720701852128,3.367295829986474,1.0,0.019230769230769232,4.5153636946103415,-0.5025427360558653,-0.5025427360558653,554.9328683502024
0x028062ffc2a94ca94e464240142c956d10fa449d,0.0,133187272877.0,266528066349.0,143158834806.5,19840908782.516777,4.0,83,2.0011526671556807,0.0,25.61502204152364,26.30874538964126,0.0,1.6094379124341003,1.0,0.011904761904761904,0.13859367330933262,3.5497318472339154,2.7880152518709047,850.0
0x0281531ebed0d369e29f29bb4295be46113e422b,5.376726769708291e+23,4.199051244553148e+23,1.4663222052498569e+23,2.122665588756866e+22,5.370225788059175e+22,105.0,54,1.0076600330160903,0.9403673729378988,54.39431574448044,53.342214503478296,54.641536920764615,4.663439094112067,0.3492032175487058,0.01818181818181818,2.529944338149013,-0.46975710327292775,-0.46975710327292775,557.8727839086212
0x0281817134298991d74fb31dcb3efa1e936a4c25,3.664315315825818e+20,8.800000000056948e+19,2.000020791473919e+19,2.0563051576176247e+19,4.4255445456465306e+19,53.0,74,0.2272750899387473,0.2401540053622189,45.9238684883775,44.44227434312974,47.35034336080276,3.9889840465642745,0.22727508993874732,0.013333333333333334,2.152182777566846,-0.08836064780959774,-0.08836064780959774,592.072928245196
0x02820c1f9427f1c82e1901f1e7cadfb150560dac,3.417984964954829e+20,1.13e+20,8.302153670442272e+19,5.728099060637732e+19,4.587959006071323e+19,13.0,10,0.7347038646409091,0.330604145888902,46.173919492605165,45.86563172639727,47.28075304578021,2.6390573296152584,0.7347038646409091,0.09090909090909091,0.8009566450410736,0.7513965653951787,0.7513965653951787,667.3746713208981
0x028216b8e4ddc7b4272eea40afbaecca24f30b46,4.6374825996659904e+20,1.457582350824e+20,1.4589154310225986e+20,4.7968496052655096e+19,5.2199599645579895e+19,25.0,75,1.000914583109383,0.3143046511762612,46.42848099895026,46.429395164083346,47.585873535713844,3.258096538021482,1.0,0.013157894736842105,1.0882058838842958,1.0123071489678972,1.0123071489678972,690.7707451157812
0x0282887135e0d365f4e4875870f86bbdaf1e39c9,5.9e+21,700000000.0,700000000.0,2.95000000000035e+21,3.406366588218388e+21,4.0,134,1.0,1.1864406779661016e-13,20.36659089443625,20.36659089443625,50.12923930378663,1.6094379124341003,0.9999999999999987,0.007407407407407408,1.1547005383789777,0.8818336651297471,0.8818336651297471,679.0710769215929
0x0283de3def25719ec46cb4db3bb1693f5af5cf6a,7737990.0,1200000000.0,1200124639.0,402600210.5,491501413.0708605,6.0,73,1.0001038658333334,155.07903215176034,20.9055873945737,20.905691255013263,15.861652651150681,1.9459101490553132,1.0,0.013513513513513514,1.2208175759780415,2.3977491146746015,2.3977491146746015,815.0045037634748
0x028560d6943435b7e129c1872b67f36d65ce3b41,7.556623e+20,3.5e+20,3.501641904667207e+20,2.8701205541157552e+20,1.727673099464342e+20,7.0,52,1.000469115619202,0.4631698577525966,47.30446482837628,47.30493383399515,48.07412625715357,2.0794415416798357,1.0,0.018867924528301886,0.6019514047892021,1.171947132990541,1.171947132990541,705.0857981721351
0x028641d71b87eb53da604565ed4fca4f7585f663,3.7e+17,720000000.0,720879573.0,1.225000002401466e+17,1.897827703702233e+17,6.0,13,1.001221629166667,1.945945945945946e-09,20.394761771363264,20.39598265494648,40.45227940054895,1.9459101490553132,1.0,0.07142857142857142,1.5492471020259337,1.0387553988058056,1.0387553988058056,693.1423821589399
0x0287445f647c448c92129fbb2ef816f43b0c0bf6,1.9388071159081085e+21,7.000000000008e+20,3.002161006733632e+20,2.236988809456553e+20,2.6781384812281364e+20,18.0,79,0.4288801438186,0.3610467458352248,47.99761200893737,47.15103422480975,49.016359848121446,2.9444389791664403,0.42888014381860007,0.0125,1.1972069193670911,0.3963901396929762,0.3963901396929762,635.5409433837118
0x028a9d6c53b9388260474435e6781c8237adf1fe,9.5e+17,2949898907896442.0,0.0,2.382374747269741e+17,4.417692928993675e+17,4.0,23,0.0,0.0031051567451541,35.620547296165554,0.0,41.39523837950527,1.6094379124341003,0.0,0.041666666666666664,1.8543232688545148,0.04184811543637768,0.04184811543637768,603.7488587188797
0x028baf20c23e74a7cce3b3120bb95ab8d1e35278,1.521294842677957e+21,6.303563062682727e+20,4.862842505467238e+20,1.139126446449425e+20,2.0212970796510347e+20,35.0,72,0.7714434609618493,0.4143551194577426,47.892816898911704,47.63332500448719,48.773848795280536,3.58351893845611,0.7714434609618493,0.0136986301369863,1.774427313097042,0.4813237928558071,0.4813237928558071,643.1570162537982
0x028c68b65e6c87ede62b33c62824cd65c80e2b2d,5.800056776810115e+21,4.500000000001e+21,0.0,2.577139194213225e+20,4.5901714522444366e+20,40.0,1,0.0,0.7758544740446294,49.85836434965145,0.0,50.11215465948461,3.713572066704308,0.0,0.5,1.781111188154418,-1.2220203208866298,-1.2220203208866298,490.4167017847579
0x028d10812993bf789c9c8789316f03e1985f07f2,2.0000000000042e+22,12000000000.0,12033000667.0,1.538461538472373e+21,5.547001962249036e+21,13.0,20,1.0027500555833333,5.999999999987401e-13,23.208172486817745,23.21091876791644,51.35001922643105,2.6390573296152584,1.0,0.047619047619047616,3.605551275436482,-0.22487923330755027,-0.22487923330755027,579.8311906470238
0x028db8e94e0836bdaeba5b743e0d400a3f9e90df,3.3256083308606745e+23,6.082123259849573e+22,5.0857303554251e+22,1.8509973718283923e+22,2.2781647596999494e+22,24.0,111,0.8361767984871263,0.18288753980465,52.46222590125384,52.28331069444128,54.16110975288617,3.2188758248682006,0.8361767984871263,0.008928571428571428,1.2307768743342982,0.5197846162666713,0.5197846162666713,646.6058309795594
0x028e086f46912e677b909e30500c535aa10766b9,1.6600000040618394e+18,3656441445.0,3663970465.0,1.9530231644785133e+17,3.4327547374750566e+17,17.0,3,1.002059111328118,2.202675563887401e-09,22.01975622887278,22.021813223136288,41.95334927870817,2.8903717578961645,1.0,0.25,1.757662069713164,0.5382603719873128,0.5382603719873128,648.2625676988497
0x028edad1e233e1d094925ee54d71368bce668f36,6.207874458248044e+20,4.59852267500553e+21,5.1190884185008334e+20,8.818165197987815e+19,2.469583304614729e+20,65.0,0,0.111320282192469,7.407563902803703,49.88002204718037,47.68467823981919,47.87752041998133,4.189654742026425,0.11132028219246907,1.0,2.8005636650788244,-2.4051983085599975,-2.4051983085599975,384.3201259654323
0x028f328c1e4ca62717b830db377ee1582bc1ece2,6.888121683670656e+21,3950000000.0,3981329001.0,4.965373051400681e+20,1.0338999571242176e+21,30.0,8,1.0079313926582278,5.73450961147228e-13,22.096981416112605,22.10488152060435,50.28408538588248,3.4339872044851463,1.0,0.1111111111111111,2.082220099922935,0.30364205439932745,0.30364205439932745,627.2241437424295
0x028ff776949531aada1fe98372b0f596cf170563,3453214115.0,1942704703.0,1946000113.0,635196939.7058823,222577015.99596623,17.0,61,1.001696300006332,0.562578698656802,21.387347016378396,21.38904187929193,21.962571262119905,2.8903717578961645,1.0,0.016129032258064516,0.3504063103626201,2.46135159087131,2.46135159087131,820.7077918641689
0x029083b69bbba772dafec650c4e23f6490d93125,4.5e+21,4.2e+21,4.2e+21,2.175e+21,2.3279359343172895e+21,8.0,63,1.0,0.9333333333333332,49.789371478164284,49.789371478164284,49.85836434965123,2.1972245773362196,1.0,0.015625,1.0703153720999032,0.9115127848514399,0.9115127848514399,681.7324288133698
0x02924ba1974a33fe4563a1f2b762847a2233d496,8.2463558588338e+21,13000000000.0,13000130157.0,1.177768788686682e+21,2.992988881644804e+21,14.0,69,1.000010012076923,1.5764539176506578e-12,23.28821519448487,23.288225206511672,50.464058341556395,2.70805020110221,1.0,0.014285714285714285,2.541236370325499,0.3029442117821455,0.3029442117821455,627.1615676018022
0x0292c117e0fc26212b22c5843b9755e7b676c6c0,0.0,2.7044200269295573e+20,5.417508583518924e+20,1.6261547678660867e+20,1.480436787748034e+20,5.0,50,2.00320531928232,0.0,47.04658934140128,47.74133789871393,0.0,1.791759469228055,1.0,0.0196078431372549,0.910391075316115,3.228365405224361,2.7880152518709047,850.0
0x0293fafe77e87627af48a55ec2129f769a9cb270,2.016580435471844e+21,2694732672.0,2695014932.0,6.65507948584126e+19,2.0132236348242723e+20,55.0,72,1.000104745083968,1.3362882157336216e-12,21.71456484269533,21.714669582293876,49.055690176065234,4.02535169073515,1.0,0.0136986301369863,3.0250932976945255,0.17595229254890307,0.17595229254890307,615.7740942649581
0x02946828dba18fcb7cd09e9ebf891ceaa1bd7aa6,1.1500446169521971e+19,4.255677083867241e+16,4.255777774679626e+16,8.945046707775012e+17,1.9751168564759596e+18,13.0,2,1.0000236603507269,0.0037004452011135,38.289615363914066,38.28963902398489,43.88891750585917,2.6390573296152584,1.0,0.3333333333333333,2.208056504343564,0.1085447824686864,0.1085447824686864,609.7296055417686
0x0295cb6cd98aa3f2a8ae832a1b9c6f2b8a7160df,1.0393300000040611e+22,94000000000.0,40822660887.0,3.8543836336820185e+20,1.3235019441809114e+21,27.0,39,0.4342836264574468,9.044288147136397e-12,25.266560619227054,24.432503178092873,50.69544832065115,3.332204510175204,0.4342836264574468,0.025,3.4337576898555775,-0.5869787044574382,-0.5869787044574382,547.3614232956746
0x02961914072c1aaa8e0a3c8477874b311079b800,1.0835875020094112e+17,181136245.0,40569760.0,6772421924795352.0,2.067701339227781e+16,16.0,99,0.2239737276214376,1.6716346826084635e-09,19.01476004639468,17.518533544112774,39.22422387829345,2.833213344056216,0.2239737276214364,0.01,3.0531194928323404,-0.0737664498771178,-0.0737664498771178,593.3816023784178
0x02996c1eaf1ea3de391ed7c748ca6c0762cd5f04,3.583104294737935e+20,8.0748715e+20,1.7476442976011403e+20,2.7801848870276723e+19,9.076044978510918e+19,56.0,2,0.2164299825206061,2.253596556443688,48.140458815550325,46.609970625332274,47.3279314059961,4.04305126783455,0.2164299825206061,0.3333333333333333,3.264547268370422,-1.1651243024478997,-1.1651243024478997,495.5186161180128
0x0299cb22804ccda6eb64b5c891de04d9f526cccb,2.4737078441155957e+19,7e+18,7.000002773304426e+18,7.934277477065905e+18,1.053041187751082e+19,8.0,23,1.0000003961863466,0.2829760198501797,43.392441822948136,43.3924422191344,44.65483494338903,2.1972245773362196,1.0,0.041666666666666664,1.3272048914282444,0.99456068726128,0.99456068726128,689.1794048106058
0x029b56845268708b6b05a90f761ebfe15151c738,5.560975958222693e+20,1.039928758498886e+20,2.4561381144696584e+16,1.8053399660878471e+19,4.269340302649143e+19,42.0,23,0.0002361833052886,0.1870047211697082,46.090854069244486,37.73995173214172,47.7674754847939,3.7612001156935624,0.00023618330528862757,0.041666666666666664,2.3648400760222237,-0.44953054771429657,-0.44953054771429657,559.6865163375096
0x029bcb2e9d1e503e747dea7d0a55ebc055f9b03b,3.373520837985758e+18,6412936113.0,6424132913.0,4.216984076580574e+17,9.22714912346162e+17,16.0,7,1.0017459709254397,1.900962353867954e-09,22.58158305511123,22.58332750360099,42.66248863192241,2.833213344056216,1.0,0.125,2.1880920003244686,0.5800844390367007,0.5800844390367007,652.0129673403303
0x029ce20ee686f00a1200b116086f90a682e30092,5.000093958632723e+19,5.00000000013e+19,1300420174.0,5.882408211369705e+18,1.660543512504752e+19,17.0,69,2.6008403479323782e-11,0.9999812086525772,45.358554679346966,20.985953260730767,45.35857347087095,2.8903717578961645,2.6008403479323782e-11,0.014285714285714285,2.822897447503219,-0.4686456768128614,-0.4686456768128614,557.9724464639734
0x029d81af39e6969033906aa51ba0a2e5f055fd43,3.857715950933057e+20,531532151.0,533139804.0,2.865062404774489e+19,1.004310645521735e+20,27.0,4,1.003024563983525,1.3778415978798012e-12,20.09127424686115,20.094294246047376,47.40177714566457,3.332204510175204,1.0,0.2,3.5053709261204906,-0.3044816415548616,-0.3044816415548616,572.6931750399052
0x029de7a8c9511978c4795beccf60553d36318cfd,5.800153311935336e+20,37289039711.0,37366896487.0,7.314120260108745e+19,2.28540164829615e+20,20.0,0,1.0020879265490183,6.428974840073283e-11,24.34196527891497,24.34405102877461,47.80958621017624,3.044522437723423,1.0,1.0,3.1246432476107127,-1.7385915692334037,-1.7385915692334037,444.0953188759362
0x029f19fc5a2425a4f04c3e1f6855af0afbcc3c93,4.611381811320796e+20,759000000.0,760688132.0,4.139601079354151e+18,9.959514383470682e+18,160.0,0,1.0022241528326743,1.6459274704529542e-12,20.447512336677427,20.44973401974068,47.580229414127786,5.081404364984463,1.0,1.0,2.4059116307469264,-1.4429675197505407,-1.4429675197505407,470.6041786643532
0x02a0f1a59940dddb35a38327e93d7abb49e285b1,3.715372126633826e+21,2.549488782165381e+21,4.001108690491463e+20,7.381404104928251e+19,2.7848978193541916e+20,115.0,0,0.1569376856443025,0.6862001154310348,49.29017981436478,47.438273355218435,49.6667657947048,4.7535901911063645,0.15693768564430255,1.0,3.7728564643884397,-2.8315287247835585,-2.8315287247835585,346.0907151750123
0x02a16e93539e8043766befc1d941835ef18a77d9,1.6872270731855483e+21,11763935419.0,11263166256.0,1.3091606707553606e+20,3.58451316554523e+20,16.0,2,0.9574318333819476,6.972348657723496e-12,23.188304367993712,23.144803615245472,48.877373349150524,2.833213344056216,0.9574318333819475,0.3333333333333333,2.7380238695049055,-0.3659491940471146,-0.3659491940471146,567.1813273624085
0x02a16f8df2b11b3a0c9f47cc5d705830792e3e6f,2.540714340617937e+20,1.7516332837894548e+21,1.392093316088183e+21,1.0117449088336409e+19,2.9200153295096214e+19,323.2399999999998,9,0.7947401599246569,6.894255114738454,48.91483561057459,48.685095549959954,46.98414713783555,5.781483982320053,0.7947401599246569,0.1,2.8861181351294087,-0.026918837600843494,-0.026918837600843494,597.5824675902512
0x02a298c6b33b6505e15faacf4f52ffcf1c43d4b7,2.062721511365635e+21,1.00350824136556e+21,9.073236169509924e+20,3.2686246085658955e+20,3.667736377820676e+20,18.0,27,0.9041516347851009,0.4864972008272616,48.357789054716875,48.25703085965468,49.07831318578476,2.9444389791664403,0.9041516347851006,0.03571428571428571,1.1221038868179758,0.801560168784409,0.801560168784409,671.87288427432
0x02a5c129419ffe445e6c07357715994a513741f6,3.4884275266217297e+21,2.6891170283572068e+20,2.689552807448757e+20,5.097841152158383e+19,2.147660543407365e+20,79.0,0,1.0001620528548796,0.0770867964959962,47.040914757364995,47.041076797090724,49.60373802211629,4.382026634673881,1.0,1.0,4.212882432592203,-2.251818332491511,-2.251818332491511,398.073838787724
0x02a5f4b01a1e60c1c1e96b7e5ccff7b083af88b1,3.995388142e+19,4500000000.0,502400000.0,4.439320158389295e+18,9.83784216091928e+18,9.0,31,0.1116444444444444,1.1262985822817711e-10,22.227343233944907,20.03490717510871,45.134257498331856,2.302585092994046,0.11164444444444442,0.03125,2.21606953540578,-0.1513652956403595,-0.1513652956403595,586.4232479222117
0x02a73cd5c9135b68798838407a136b41ddea3c5e,4.949370168626207e+21,3.8804074329040056e+21,2.396520537969682e+21,1.5576204758045855e+20,2.2435313091330697e+20,87.0,0,0.6175950797455777,0.7840204512286636,49.71022710947755,49.22830486244105,49.95354728269866,4.477336814478207,0.6175950797455777,1.0,1.440358125732893,-1.508292092359263,-1.508292092359263,464.74646871466496
0x02a7c650e9a1a2d66deab637c07e1d627587c083,2.42715099e+23,5.6762825632622446e+22,0.0,3.36492050149014e+21,1.191108995338126e+22,89.0,1,0.0,0.233866067115266,52.39316858603875,0.0,53.84617527628055,4.499809670330265,0.0,0.5,3.5397834653468006,-2.089279830724391,-2.089279830724391,412.6488043938755
0x02a7d80d21a3ab1719dd16ab66d716e588d79595,1.3921632913158407e+21,3.732913158406226e+17,0.0,2.320894304386135e+20,4.943805523005314e+20,6.0,10,0.0,0.0002681375943247,40.46113551734237,0.0,48.68514581488703,1.9459101490553132,0.0,0.09090909090909091,2.130129542591525,-0.49465202676553766,-0.49465202676553766,555.6404349591247
0x02a8f422e4623cf409b2a1a64a603b16357ea9da,2.590914970222324e+20,3.71422962917354e+19,37673589.0,5.697286608177863e+18,1.5223096606371967e+19,52.0,27,1.0143042504451408e-12,0.1433559059969777,45.06128805590114,17.444469876428112,47.00371294356319,3.970291913552122,1.0143042504451408e-12,0.03571428571428571,2.6719906603471193,-0.5253356788806227,-0.5253356788806227,552.8890057938108
0x02a904869e43d0be61a71f2e6e7af45f9dd27988,6.498339726256602e+19,5.901484700304972e+19,2.602969500304972e+19,8.252132535257521e+18,9.978129666493575e+18,22.0,4,0.4410702784962669,0.908152689595462,45.52432073026096,44.705769675698484,45.620663484431745,3.1354942159291497,0.4410702784962669,0.2,1.2091577084907048,0.1893197076777157,0.1893197076777157,616.9727617414477
0x02aa6d3779d28383d69cd4221cd7dc2685011337,5.943608738834991e+20,7.010000000024184e+20,7.034766872526645e+20,7.1634707579034034e+19,1.6092322093787143e+20,28.0,16,1.0035330773897826,1.1794181461208055,47.99903956093086,48.00256641166459,47.834018340573145,3.367295829986474,1.0,0.058823529411764705,2.2464420722360883,0.45198694441606835,0.45198694441606835,640.526356118794
0x02ac4c9dca975e634793849092d2d5eac8d088c2,2.0859865818253e+20,2e+19,0.0,3.26569511690087e+19,3.750653429023122e+19,7.0,25,0.0,0.0958778938189497,44.44226394744681,0.0,46.78694378394854,2.0794415416798357,0.0,0.038461538461538464,1.1485007922547514,0.08369843790809421,0.08369843790809421,607.5016127063967
0x02ad56758fef56099cf57531d0c97bb1aa1f076e,6.404272191602898e+22,42237092276.0,35931151252.0,8.323865264839562e+20,2.830232704729957e+21,95.0,2,0.8507013460397896,6.595143212585514e-13,24.46656463583576,24.30487047911154,52.513837343473575,4.564348191467836,0.8507013460397896,0.3333333333333333,3.4001423793883427,-0.8887620715669783,-0.8887620715669783,520.3002522604443
0x02aee0ce756fa0157294ff3ff48c1dd02adccf04,1.062690317563231e+23,4.124140674980532e+22,4.126899656032054e+22,1.8317037273626163e+21,4.576940240471597e+21,116.0,0,1.0006689832546838,0.3880849017649154,52.07372972273693,52.07439848232207,53.020260867051434,4.762173934797756,1.0,1.0,2.4987339230136945,-1.7265207735101193,-1.7265207735101193,445.1777173882457
0x02aef62867532fbddf4521b3889a5af09b5333d8,3.916481502275795e+21,1.20000000000135e+21,1.2001233088462843e+21,7.309979661156298e+20,7.903761548892756e+20,14.0,41,1.0001027573707784,0.306397463974757,48.53660850967004,48.53671126176164,49.71948062766478,2.70805020110221,1.0,0.023809523809523808,1.081228938418487,0.8974521202408592,0.8974521202408592,680.4715970666095
0x02afca5527ecb2ffe3ed6ee9ae776c7d5da88923,2.938768277882944e+21,2.325000000000317e+21,317002346.0,3.920828836584505e+19,8.524020903168859e+19,141.0,17,1.3634509505374485e-13,0.791147780346677,49.19800699191442,19.574419735599637,49.43227749333914,4.955827057601261,1.3634509505374485e-13,0.05555555555555555,2.174035454859148,-0.47672415942080604,-0.47672415942080604,557.248042062059
0x02b05a37642df584a9586ffd1008b1898f470835,4.722353617376138e+21,7.155901338586755e+17,7.156043191125042e+17,1.4368428907258392e+20,2.9091031465644035e+20,35.0,38,1.0000198231545652,0.0001515325178583,41.111883959220854,41.11190378217894,49.90659427593813,3.58351893845611,1.0,0.02564102564102564,2.024649434772116,0.5109913467108946,0.5109913467108946,645.8173310244861
0x02b0f2fdd791d194a5d941579a696894d67c38b2,5.075773599140833e+20,99120917.0,99145204.0,2.4170350472173294e+19,7.178137754782775e+19,21.0,23,1.0002450239640135,1.952823841803701e-13,18.411851056743483,18.41209605069156,47.67618080652023,3.091042453358316,1.0,0.041666666666666664,2.9698112003161814,0.20568230720164865,0.20568230720164865,618.4400099484617
0x02b13fd8e0557ca41834df8fc2922eeadf4af6a7,3161817907657.0,700000000000.0,700000767826.0,497081973206.2778,134339011672.60455,18.0,75,1.0000010968942856,0.2213916235671903,27.274346171991244,27.274347268884927,28.78216826534665,2.9444389791664403,1.0,0.013157894736842105,0.2702552474516248,2.189693503722526,2.189693503722526,796.3479802885748
0x02b265d2ce756e835b1bff29e9a07e77d02488f3,1.9233063499085307e+18,13000000000.0,13002436094.0,3.512675508812142e+18,6.830382260703718e+18,5.0,50,1.000187391846154,6.759193615004837e-09,23.28821519448487,23.28840256877535,42.10057743613601,1.791759469228055,1.0,0.0196078431372549,1.9444956539733165,0.9086351870361808,0.9086351870361808,681.4743921714065
0x02b2b3835e863da7c7aec928586cee0b04a261da,5.9e+21,700000000.0,700000000.0,2.95000000000035e+21,3.406366588218388e+21,4.0,133,1.0,1.1864406779661016e-13,20.36659089443625,20.36659089443625,50.12923930378663,1.6094379124341003,0.9999999999999987,0.007462686567164179,1.1547005383789777,0.8817254075808466,0.8817254075808466,679.0613693751674
0x02b3f9bfdf978bbe7434467761a706d44311a065,1.5400758237233945e+20,200000000.0,0.0,1.9250947796579963e+19,2.88810930186871e+19,8.0,49,0.0,1.2986373587533249e-12,19.11382792951231,0.0,46.48353351127841,2.1972245773362196,0.0,0.02,1.5002426542249512,-0.0059721480175504126,-0.0059721480175504126,599.4607750492227
0x02b40f2f6b29db95866775e732352f6686885fa3,1.0154260223680717e+20,3.5322692016630112e+19,1.0656447753045449e+19,5.204122277924908e+18,1.3450427642293471e+19,49.0,1,0.3016884372241032,0.3478608115070183,45.01105726463553,43.81269680567497,46.067010110785155,3.912023005428146,0.3016884372241033,0.5,2.584571792124895,-1.0884970349384215,-1.0884970349384215,502.3898483263925
0x02b42cadcb1d54d586d7b19c4b40ccb858d61640,1.052885025194692e+22,1.7038049697125003e+21,1.703807450708129e+21,3.4095200008154336e+20,7.225298945359131e+20,54.0,33,1.000001456150013,0.1618225094803152,48.887150920337604,48.88715237648656,50.70840608521012,4.007333185232471,1.0,0.029411764705882353,2.119154292578164,0.42973944991709956,0.42973944991709956,638.53140437739
0x02b4d35435f702921a56b5c993c999b6b8eab1df,9814361117681988.0,344328199.0,414061038.0,6646040208452358.0,1.6396072010165114e+16,9.0,68,1.2025185250656742,3.5084117536661976e-08,19.657105830269828,19.84152395811986,36.822623128078526,2.302585092994046,1.0,0.014492753623188406,2.4670437577721507,0.9506509327990809,0.9506509327990809,685.2419798060487
0x02b537c80038f273820b51deda8d904b8f2748ef,1356694557.0,2.5e+17,2.5021196343115622e+17,6.252649576840553e+16,1.1577597994109363e+17,8.0,21,1.0008478537246248,184271396.0265413,40.060237312772934,40.06108480727262,21.028317106243836,2.1972245773362196,1.0,0.045454545454545456,1.8516307130007903,1.8505441657312454,1.8505441657312454,765.9361708844605
0x02b56b480fd9350fc83dbe2918a76c60232b4001,8.551757094155165e+17,6.596572036695958e+17,6.601093499056355e+17,7.974513001120886e+16,3.762284848373951e+16,38.0,88,1.0006854260569344,0.7713703703306177,41.03049670662289,41.03118189788267,41.290083350821874,3.6635616461296463,1.0,0.011235955056179775,0.47178866569596534,1.5462188146300415,1.5462188146300415,738.6470579840899
0x02b664da23a3b5480f710785fd5926ee1d055788,3.767586912167144e+17,3.087e+17,3.0891306275746714e+17,6.232771899219427e+16,5.4845781878307656e+16,22.0,49,1.000690193577801,0.8193573425023749,40.2711463264188,40.27183628192255,40.47038130107414,3.1354942159291497,1.0,0.02,0.8799581111764474,1.404252418426342,1.404252418426342,725.9168105694631
0x02b72485ecdaabd5f9af68d9a5d2b2ca54d5339b,1.2898380751015565e+22,1.1277906390430597e+22,2.2003781506533827e+17,3.263103992980478e+20,7.295584656107217e+20,95.0,0,1.951051972306157e-05,0.8743660625418134,50.77713257803315,39.93257581315286,50.911388733186804,4.564348191467836,1.951051972306157e-05,1.0,2.2357806161867133,-2.417870999217379,-2.417870999217379,383.18375502279025
0x02b936ff5f54ef91b7e9e6fcd8aaed1160ee01c2,1.9224591640641707e+22,3.434100000005477e+23,1.4663222052498569e+23,5.303746074985426e+21,1.520092677424811e+22,148.0,0,0.8189562111782525,17.863058233942535,54.19321202147505,53.342214503478296,51.31047722698212,5.003946305945459,0.4269887904392762,1.0,2.8660736316057287,-2.3055132115333388,-2.3055132115333388,393.2589733450587
0x02b9dee806bc6e1093e348336d35b0866908712b,1.0054000000053851e+22,6.000000000002501e+22,3.5083725723291183e+22,6.187751514348867e+21,1.1450411097992456e+22,17.0,63,0.5847287620546093,5.967774020260953,52.448631515097475,51.91202432121866,50.662257518150696,2.8903717578961645,0.5847287620546093,0.015625,1.8504962701620986,0.19529032216975264,0.19529032216975264,617.508151817786
0x02bcb5d5a59ec3350ec2bed6c7ffcd5d566d9574,1.5322972915118176e+17,340046883.0,0.0,1.0944980677944906e+16,2.1174120620976904e+16,14.0,72,0.0,2.2191965285306873e-09,19.644594060185607,0.0,39.570714687902665,2.70805020110221,0.0,0.0136986301369863,1.9345964368529778,0.14751066274131416,0.14751066274131416,613.2237091456069
0x02bd126623a52f35c2df74208e73c5c7ded740d3,7662664801.0,2048039356.0,1082454681.0,5.05719732926529e+19,2.022878931649756e+20,16.0,15,0.5285321680117167,0.2672750810831142,21.44014876122418,20.802497152761354,22.759625645579412,2.833213344056216,0.5285321680117164,0.0625,3.999999999888555,0.46583515893532274,0.46583515893532274,641.7681372852891
0x02bd653274feaa6e43618310400c5d1337758d1d,1.31142336e+20,5802671680000000.0,5803192359873030.0,2.1858990310673318e+19,2.832608555544616e+19,6.0,65,1.0000897310586818,4.424712764000178e-05,36.297094840886324,36.297184567919416,46.3228149415939,1.9459101490553132,1.0,0.015151515151515152,1.2958551677300065,0.9832816492699372,0.9832816492699372,688.1680038870891
0x02be55b9045cfa9195e851c35896b33da3693764,1.22481657925e+20,1.0050000000672e+20,6730812243.0,9.394347833319496e+18,2.80352742613234e+19,24.0,12,6.697325614477551e-11,0.8205310224348843,46.05668940145882,22.629961663365165,46.254492961442274,3.2188758248682006,6.697325614477552e-11,0.07692307692307693,2.984270410117136,-0.6959847384176362,-0.6959847384176362,537.58675957871
0x02bee0a17903cc1f2f48b4514ec23aae547fe4a3,1.742860753886032e+21,2320500000.0,2323890270.0,5.292507109965332e+19,1.924478898339737e+20,71.0,4,1.0014610084033613,1.331431667633811e-12,21.565048517076445,21.566508459244794,48.90981482745853,4.276666119016055,1.0,0.2,3.6362329957310977,-0.42480595418272715,-0.42480595418272715,561.9035916546244
0x02c36a54388cddeaaeeb79f351b7e00b882c41d8,1.9474653655145e+21,650000000.0,0.0,2.4343317068939372e+20,3.632809795067669e+20,8.0,48,0.0,3.337671680894191e-13,20.29248292239242,0.0,49.020815667404875,2.1972245773362196,0.0,0.02040816326530612,1.492323246162257,-0.11870014435566992,-0.11870014435566992,589.352359802277
0x02c3b69b7588c4d117ea0eb4d7ba809f9613f470,9.212015757632472e+20,1.2334831239194558e+21,1.2335411436795226e+21,2.338007660176677e+19,5.937829730283808e+19,216.0,8,1.0000470373359325,1.3389937190429495,48.56412892830894,48.56417596453865,48.27221055239287,5.37989735354046,1.0,0.1111111111111111,2.5396964395895534,0.2133396751698033,0.2133396751698033,619.1266526426919
0x02c3df430a4125a05feeb5fee31c0ee911f952e1,4.693238826555344e+20,4.500000000031406e+19,314117781.0,3.420370252900464e+19,7.52688139742079e+19,19.0,78,6.980395133284617e-12,0.0958826125482779,45.25319416367012,19.565278575450222,47.59782478535261,2.995732273553991,6.980395133284617e-12,0.012658227848101266,2.200604274065949,-0.32006200785770733,-0.32006200785770733,571.2960703507001
0x02ca089c541a1e8d8cec24e066d7ffe2085cc528,3.057475038155936e+20,256972868.0,256974447.0,1.911196872539649e+19,3.726426360258016e+19,16.0,81,1.000006144617571,8.404741323905913e-13,19.364481069193406,19.364487213792074,47.169291284291354,2.833213344056216,1.0,0.012195121951219513,1.9497867612697808,0.6911748997503644,0.6911748997503644,661.9745433759764
0x02ca884e10a36b822c996a3339bdd21417a4d092,3.700000000478669e+17,5.661467712212751e+18,0.0,2.233876930470844e+17,9.642271491947648e+17,27.0,49,0.0,15.301264085081966,43.18021484560387,0.0,40.45227940067833,3.332204510175204,0.0,0.02,4.3163843810837434,-0.8500019550842659,-0.8500019550842659,523.775904850348
0x02cb8ddf0e9fd20bedcdf13d765996870928864f,2.3395783261032583e+21,1.2369580789018492e+21,1.2375895669609278e+21,1.5888159058361588e+20,1.9634666185857532e+20,45.0,9,1.0005105169446318,0.5287098384784983,48.566942156383526,48.56745254305872,49.20425766348617,3.828641396489095,1.0,0.1,1.235804986199722,0.7102666769120614,0.7102666769120614,663.6865192614852
0x02ccbf14d05af1bba1c85c0e4ebe34450b4bc3a1,9.214616620538138e+16,31094.0,0.0,1.326827077567656e+16,2.0921175257457804e+16,8.0,102,0.0,3.374421452401576e-13,10.34480231353799,0.0,39.062152474312775,2.1972245773362196,0.0,0.009708737864077669,1.5767823562819185,0.3203841290812362,0.3203841290812362,628.7254198094014
0x02cee1b0ef2c8a7d31025b35b0cc271f59815035,2.833632089017838e+21,3.00010557885427e+20,1.056095270362065e+16,3.686650832780578e+19,1.6993720746384317e+20,85.0,1,3.520193681868303e-05,0.1058749154656183,47.15034934088119,36.895939887265286,49.395846265327144,4.454347296253507,3.520193681868303e-05,0.5,4.6095281373764285,-2.3119347034539657,-2.3119347034539657,392.6831527064668
0x02d1470908285f35efeb65b00162134ec721118d,6.03e+19,2.7449251255263805e+19,0.0,1.2535607322180545e+19,8.741411944115936e+18,7.0,82,0.0,0.4552114636030482,44.75887056480108,0.0,45.54586377762596,2.0794415416798357,0.0,0.012048192771084338,0.6973265610074474,0.37075598127766324,0.37075598127766324,633.2423066103697
0x02d14eafbf2724a0bc5e7c6fb21a799c7e1eb2b5,6.941904010013261e+20,9386000000.0,5791349796.0,7.952732008566587e+18,5.002348387804842e+19,150.0,1,0.617020008097166,1.3520786208598225e-11,22.96248505442518,22.479631226923086,47.989277949799565,5.017279836814924,0.6170200080971658,0.5,6.290100537043588,-2.3651080197185985,-2.3651080197185985,387.9150562413447
0x02d27262a78932e692eb9330646987559670bbda,2.077615237626755e+21,1.000000000023e+20,2301359100.0,5.445576795615594e+19,2.0888103376730263e+20,40.0,0,2.3013590999470687e-11,0.0481321075198357,46.051701859903915,21.556765698839154,49.08550766845915,3.713572066704308,2.3013590999470687e-11,1.0,3.835792636979784,-2.970031057376741,-2.970031057376741,333.67109328868736
0x02d5333d35b155ec5876f3a355b845ce37d2fd04,1.5690401482348582e+17,1.75e+20,0.0,3.5031380803339145e+19,7.824486630752058e+19,5.0,4,0.0,1115.331562400566,46.611317647816335,0.0,39.59441064274477,1.791759469228055,0.0,0.2,2.233565006951207,-0.33705570352797937,-0.33705570352797937,569.7722312158317
0x02d77fc7307cd7ec962eda62d25936156a7a6492,1.262688887990538e+21,1.4075136729196452e+21,6.573977175779165e+20,5.127820869856827e+19,4.890077316877595e+19,78.0,6,0.4670631129389016,1.114695540846632,48.69611174818961,47.93482086322449,48.587530438101176,4.3694478524670215,0.4670631129389016,0.14285714285714285,0.9536365331369561,0.29124332219385207,0.29124332219385207,626.1123388870261
0x02d7da92ffbe43fc603bb8b5c5ccc032dc616d51,1.0000000000187558e+19,38440469313.0,38444564836.0,1.818208817934788e+18,4.045259226883212e+18,11.0,77,1.0001065419614588,3.8440469312279024e-09,24.372376629975015,24.37248316626128,43.74911676690562,2.4849066497880004,1.0,0.01282051282051282,2.224859535923942,0.7359025211329624,0.7359025211329624,665.9853072024472
0x02d86f9846faff28378cbfb438e2f9a87b5e7682,7.645178451840356e+18,70700000000.0,70704819239.0,2.6365484198098685e+17,1.1298534869935972e+18,58.0,96,1.0000681646251768,9.247658566162182e-09,24.98171140986308,24.981779572165156,43.480606855295775,4.07753744390572,1.0,0.010309278350515464,4.285350796155965,-0.06468951547427985,-0.06468951547427985,594.1955388014335
0x02d9468f3794ad392949d3ef68750580046d7b79,1.5150000000020515e+21,1.5e+21,0.0,2.5133334383450957e+20,3.9796946017772e+20,12.0,48,0.0,0.9900990098996494,48.759752060983125,0.0,48.76970239183765,2.5649493574615367,0.0,0.02040816326530612,1.5834327992698134,-0.14346760774538062,-0.14346760774538062,587.1314403085446
0x02d9cd8f4b86421bfef64deaac6afe246eefaa0b,3.4175425736623043e+20,1030703093.0,221764582.0,8.543856434187074e+19,1.7037466145427315e+20,4.0,3,0.2151585490585114,3.01591880944874e-12,20.753507021845923,19.217126940238554,47.28062360696495,1.6094379124341003,0.21515854905851126,0.25,1.9941189645057966,-0.4967557404986539,-0.4967557404986539,555.4517931605847
0x02debfb86afb43492c458869bd7904a897f08237,7.513581490620264e+19,8.310000000044445e+20,6.51496617638764e+20,6.141929160997407e+18,4.32681938934574e+19,256.0,0,0.7839911162879416,11.059971879480388,48.16916146875362,47.92580387879231,45.76582901520512,5.54907608489522,0.7839911162879416,1.0,7.044723694994709,-3.3940932027311206,-3.345527590534549,300.0
0x02e07cc7e01b1ca69c0a6de55bfd9b99a8f0af3a,1.778305856130038e+20,29000000000.0,29165090015.0,4.428225360722924e+18,6.263925575070115e+18,49.0,13,1.005692759137931,1.6307655907465779e-10,24.090561666967368,24.096238283586473,46.627363004748766,3.912023005428146,1.0,0.07142857142857142,1.4145453460045914,0.8121567722818372,0.8121567722818372,672.8230907167192
0x02e14b3e880efd1cb8a504540d31d91ca311280c,4.7203567331655104e+22,1.0458548255711585e+22,3.1891839943234075e+21,5.957533379965509e+20,2.0376413192263767e+21,166.0,32,0.3049356293385884,0.2215626666990906,50.70170661179456,49.51405203579648,52.208756421671005,5.117993812416755,0.30493562933858837,0.030303030303030304,3.4202767979088917,-0.7759418480943199,-0.7759418480943199,530.4169375929342
0x02e2e0296a3caee924b900b69f7b3ebd16729ecc,9.215665409677988e+21,9.043100904883203e+16,9.04455749227946e+16,2.143374853361502e+20,6.37330917432006e+20,43.0,80,1.0001610716734863,9.812748730424217e-06,39.04336362394243,39.04352468264527,50.57519175079596,3.784189633918261,1.0,0.012345679012345678,2.9734925574612667,0.13016639044610664,0.13016639044610664,611.6684335068012
0x02e35b8e24f99002f568f5916de89874197f7a06,3.316262666987808e+22,2.96495e+22,2.967834332427508e+22,1.3963520902840842e+21,2.0287815510544425e+21,90.0,14,1.0009728098037094,0.8940636788258668,51.7437322147701,51.744704551701,51.85571049200369,4.51085950651685,1.0,0.06666666666666667,1.4529154682195464,0.5691383291788834,0.5691383291788834,651.0314203655253
0x02e4ac7c366cf7320bc78b816b162b26d605a4bd,6.1673049238341845e+19,2.5466623120842634e+21,5.122080457046383e+21,1.0305835818369287e+21,1.3172615743676183e+21,10.0,59,2.011291576720402,41.29295281383648,49.28907055746926,49.9878476486598,45.56837870610946,2.3978952727983707,1.0,0.016666666666666666,1.2781705410246398,1.021547759782353,1.021547759782353,691.5993585417465
0x02e51d6ce16201a28eaa7de9c8c4bfed25b4b081,5.541244697317576e+20,8.741419032683784e+21,7.74226805743705e+21,1.8035364376950545e+20,9.365721110799332e+20,112.0,77,0.8856992244038465,15.775190431340018,50.522359490082295,50.40098162822812,47.763921010010606,4.727387818712341,0.8856992244038465,0.01282051282051282,5.192975819645129,-0.7259313558700484,-0.7259313558700484,534.9014209380546
0x02e60b50d9788a17055afec468b5d17a38b6bd9d,1.4270983401841185e+21,2.503078272247588e+20,2170577603.0,2.9779006922704724e+19,8.54766405411918e+19,104.0,81,8.671632953175588e-12,0.1753963410765827,46.969223143215,21.498259146038503,48.709930202929414,4.653960350157523,8.671632953175588e-12,0.012195121951219513,2.8703657164611807,-0.6353803637338714,-0.6353803637338714,543.0212053684452
0x02e6277d21ba364845200b883a7a230f173122a8,7.893587001924022e+22,1.60147256146366e+22,1.473507936434462e+19,1.9431200367327044e+21,5.160820491910404e+21,102.0,26,0.0009200956493989,0.2028827402641294,51.127795602766305,44.13676267617891,52.72292270376839,4.634728988229636,0.0009200956493989223,0.037037037037037035,2.655945280965844,-0.7801174423978926,-0.7801174423978926,530.042508502607
0x02eb1a315972d427f890b81fe062aa7aae9bc6bb,1.0112000000025253e+20,1.8714e+19,1.871400000129974e+19,1.7119146571557485e+19,3.6211957949809615e+19,14.0,88,1.0000000000694529,0.1850672468349808,44.37580358074654,44.375803580816,46.06283960429387,2.70805020110221,1.0,0.011235955056179775,2.1152899064474266,0.6775549218782231,0.6775549218782231,660.753228383622
0x02eb1d753bea18fd83562467a321dcd88d9773f1,1.0255053103459708e+21,1.00000000000472e+21,1.0006924001567964e+21,1.3347148813496897e+20,3.352400908959257e+20,32.0,4,1.0006924001520732,0.9751290314307138,48.35428695287968,48.35497911343336,48.37947242969119,3.4965075614664802,1.0,0.2,2.511698158013526,0.04550783857203705,0.04550783857203705,604.0770292031056
0x02eb2ee0867dc3dfaa3862d0cc86984b6aada907,2.0434310440695976e+21,1.23500000000133e+21,5.4911400375196674e+20,1.2637909305506492e+20,1.700618366911977e+20,37.0,76,0.4446267236853242,0.6043756668890398,48.565357922955975,47.75483775095201,49.06891723229532,3.6375861597263857,0.44462672368532413,0.012987012987012988,1.3456484975493508,0.3481809545115965,0.3481809545115965,631.2179847721827
0x02ebc38f9ddaebc16f4a2f4e9c90cee0b9eac910,2.707117261944633e+21,17005000000.0,17018986485.0,1.4720151805182868e+20,4.950301676290354e+20,32.0,10,1.0008224925022051,6.2815897334955536e-12,23.556773255464375,23.55759540990493,49.35017128061275,3.4965075614664802,1.0,0.09090909090909091,3.3629420007390043,-0.12268266483873552,-0.12268266483873552,588.9952438055413
0x02ebdd4d10b91e3018c0706a39a02c5fe1c893ef,4.111e+21,8.99e+20,8.99e+20,2.5050000000000003e+21,1.8544490646370784e+21,4.0,104,1.0,0.2186815859888105,48.247814708364444,48.247814708364444,49.7679532607907,1.6094379124341003,1.0,0.009523809523809525,0.7402990277992328,1.0585256045987914,1.0585256045987914,694.9151933164596
0x02eca8cc78b7d30c1ac5e16988ed2c8a9da658d6,5.376726769708291e+23,4.199051244553148e+23,1.4663222052498569e+23,1.6512676317902625e+23,5.28016184770264e+23,167.0,3,0.2235730845183299,0.7428888961772806,54.39431574448044,53.342214503478296,54.641536920764615,5.123963979403259,0.3492032175487058,0.25,3.197641464078129,-1.1887146026679236,-1.1887146026679236,493.4032538462585
0x02eda208efc7d92efeaf7418833c3081a42dd3a1,3e+18,200000000.0,200001734.0,1.0000000000666668e+18,1.5491933384313267e+18,6.0,113,1.00000867,6.666666666666667e-11,19.11382792951231,19.113836599474684,42.545143962560935,1.9459101490553132,1.0,0.008771929824561403,1.549193338328047,1.0665661141594573,1.0665661141594573,695.6361926429488
0x02f0e7c42da6ae4eea04c1df5f83f8178d33cc0b,2.638973022004588e+21,6000000.0,6000664.0,2.6389730220119183e+20,5.0574883596493226e+20,10.0,82,1.0001106666666666,2.273611723185539e-15,15.607270193858982,15.607380854384102,49.32467678753396,2.3978952727983707,1.0,0.012048192771084338,1.91646080405686,0.6069362112671333,0.6069362112671333,654.4207885794082
0x02f11fe7a88805f3afbe76f28d0ee7b090d4e99b,3.0050396232268863e+23,4.899185502116049e+21,4.901763492948738e+21,2.700200578780265e+21,7.196178626821253e+21,130.0,65,1.0005262080465365,0.0163032309599138,49.94335592011684,49.94388198976447,54.05974789252931,4.875197323201151,1.0,0.015151515151515152,2.665053360618088,0.0890404416145173,0.0890404416145173,607.9806347192895
0x02f21b7c148d5fc587a285d2f538f29c36176e52,1.030591353423174e+22,21500000000.0,0.0,9.369012303866584e+20,1.692170084878538e+21,11.0,0,0.0,2.0861809027008037e-12,23.79131877212654,0.0,50.6870048128983,2.4849066497880004,0.0,1.0,1.806134979863545,-2.2372110548137836,-2.2372110548137836,399.38368579281956
0x02f4f3130d02314a16dc81e040a2aa32c8a2b16a,1.2940397178708787e+20,3.0000000000475e+21,46929073007.0,4.129458058037174e+20,1.312656220035453e+21,32.0,72,1.5643024335418987e-11,23.183214229185232,49.4528992415589,24.571903213904765,46.30947074936097,3.4965075614664802,1.5643024335418987e-11,0.0136986301369863,3.178761478108797,-0.6518427101493353,-0.6518427101493353,541.5450127728858
0x02f60da35d5759299b1c4e3b22c7152b318f5664,5.7000000005e+16,3500000160906785.0,0.0,1.5125000041476696e+16,2.3424968844573144e+16,4.0,23,0.0,0.0614035115894696,35.79153940937942,0.0,38.58182766283296,1.6094379124341003,0.0,0.041666666666666664,1.5487582664684805,0.29070330103185815,0.29070330103185815,626.0639147304288
0x02f70f05c3a430d0da5e1a5bf45e8dddfaf8b0a8,4.502655391616252e+20,731934473.0,351953274.0,3.4635810704844108e+19,1.2480142088221442e+20,13.0,8,0.4808535285371099,1.6255618281666193e-12,20.411201551525313,19.67900898327417,47.55636916965013,2.6390573296152584,0.4808535285371093,0.1111111111111111,3.603248151046163,-0.6390028698273171,-0.6390028698273171,542.6963721680279
0x02f7467aecaae0863706f954c7adfe47b5e5f538,9.23200014202056e+19,302139709.0,271245200.0,6.160564761392881e+18,1.932942585540061e+19,15.0,91,0.8977476045692491,3.2727437646450496e-12,19.526400084259443,19.418533770496538,45.97179249203612,2.772588722239781,0.8977476045692461,0.010869565217391304,3.137606145549276,0.18556086544146058,0.18556086544146058,616.6357031632232
0x02fa9380115eeefccd18f91ff806d3d8e3725b32,1.2211355526417971e+19,5.445328202643521e+20,5.448896499666309e+20,7.159636534116186e+19,1.309963531563747e+20,23.0,105,1.000655295124554,44.59233203769336,47.7464598904169,47.74711497092936,43.94889797357807,3.1780538303479458,1.0,0.009433962264150943,1.8296508842616186,0.8903091626563797,0.8903091626563797,679.8310819887165
0x02faf4316dcb9330751f3677436aa849aa93851b,4.6594301259655886e+22,4.530252522979323e+22,4.951782998000476e+22,7.583490464823618e+20,3.062117174870742e+21,248.0,0,1.0930478980769782,0.9722760939655692,52.16764972839732,52.25661975920883,52.19576519596313,5.517452896464707,1.0,1.0,4.037873046817318,-2.2999216373909412,-2.2999216373909412,393.76037455107235
0x02fafec4c577431e5229f01df088cb699a7cc691,2.2210280321329005e+19,1.001183605727e+18,1183609836513271.0,1.05647307286013e+18,2.5578848450700616e+18,22.0,66,0.0011822105653176,0.0450774862470124,41.447714579710784,34.70734534709367,44.547086933121086,3.1354942159291497,0.001182210565317641,0.014925373134328358,2.421154793983763,-0.2726138963343663,-0.2726138963343663,575.5507828404237
0x02fc557009ff92edbac5bc4c94a989b24008a21f,2.392821011034247e+20,2.143717454758222e+19,0.0,8.223041287903566e+19,6.289565930521025e+19,5.0,53,0.0,0.0895895449292985,44.51165821724985,0.0,46.924174869116385,1.791759469228055,0.0,0.018518518518518517,0.7648710143013919,0.26877073751678454,0.26877073751678454,624.0972031180323
0x02fc75ad4ae6105dc1feec29f49e56347a859c65,1.4542283354595726e+21,6.61110000000378e+20,6.61259468931105e+20,1.2287166143481188e+20,2.342103307706809e+20,40.0,34,1.000226087838222,0.4546122392749627,47.94045191442317,47.940677976707384,48.72876235917515,3.713572066704308,1.0,0.02857142857142857,1.90613790060077,0.6057000523589836,0.6057000523589836,654.3099411594176
0x02ffb9b4bbc29f9a59b20c541d369c5add62a5a3,1.7135000005792873e+21,2.828465605370968e+22,2.8261008675315686e+22,3.7702271716116745e+20,2.753546066647293e+21,250.0,51,0.9991639502934352,16.506948377092158,51.69660642157174,51.6957700221807,48.89282501554556,5.5254529391317835,0.9991639502934351,0.019230769230769232,7.3033956345665585,-1.5260466345648813,-1.5260466345648813,463.1544038242761
0x0300f68f3c30e4655650d99c845a95e39875b75f,6.158866494158227e+21,4.881207535345359e+22,4.345380342370084e+22,7.030338947950913e+21,8.865771515794839e+21,14.0,126,0.8902265086875959,7.9254965828131745,52.2422646808919,52.12598533639863,50.172179702799745,2.70805020110221,0.8902265086875959,0.007874015748031496,1.2610731262649701,0.738911680983221,0.738911680983221,666.2551411239126
0x0302f495deee51627014e73e3b5f937fbdfb2680,6214235399.0,2761882435.0,2761883554.0,2992039749.6666665,310519510.42180693,6.0,76,1.0000004051584477,0.4444444501481943,21.739178326219495,21.73917873137786,22.550108529401236,1.9459101490553132,1.0,0.012987012987012988,0.10378188005570474,2.5387294274091,2.5387294274091,827.6463282352778
0x030347c0ef50f625e3172ddeabb921067e85730c,9.975000000342148e+20,51990912000.0,52024657971.0,2.035714286172394e+19,5.2354881774701126e+19,49.0,35,1.0006490744190062,5.2121215035806193e-11,24.674334771042382,24.674983634903683,48.35178382269114,3.912023005428146,1.0,0.027777777777777776,2.571818753266217,0.360181652285068,0.360181652285068,632.2940975417515
0x03051aba8bbf9fc5d38ac4554bfae1e84b9dd8ca,7.525224044671349e+16,18000000000160.0,0.0,1.505404808934273e+16,3.3510976298303144e+16,5.0,72,0.0,0.0002391955361502,30.52139287383366,0.0,38.8596220714747,1.791759469228055,0.0,0.0136986301369863,2.2260441908662894,0.06410186686499607,0.06410186686499607,605.7443715244835
0x0305cf6d8af11679eee6aa68c528ed25f837aa4f,1.5553833358745846e+22,9.5e+21,8.927339556492491e+21,1.9057575352014744e+21,2.5909015474223265e+21,26.0,77,0.9397199533149988,0.6107819069990355,50.60557875148145,50.54340538137047,51.09859407936689,3.295836866004329,0.9397199533149989,0.01282051282051282,1.3595126869842964,0.6922612418572052,0.6922612418572052,662.071956596054
0x030745377d953913b2af2a64d961287ff800f7e0,5.843693270383147e+20,2.228794225745118e+17,2.2287989960708688e+17,1.4628654745810622e+19,5.3042356267956085e+19,40.0,8,1.0000021403168116,0.0003814016449222,39.945407314192735,39.945409454507256,47.81706486614673,3.713572066704308,1.0,0.1111111111111111,3.6259216715157243,-0.197077211183885,-0.197077211183885,582.324221601711
0x030888e8fe9f0cbe3ff04c0fda1c0954c6b68822,6128811527246236.0,153427988.0,279932774.0,8.090348712659548e+18,3.334175488867891e+19,17.0,68,1.8245222247195207,2.5033889085660533e-08,18.84874188788118,19.450060043021764,36.35177724796189,2.8903717578961645,1.0,0.014492753623188406,4.1211764873010575,0.3155770793427474,0.3155770793427474,628.2943675735077
0x0309146e7b8baefa23f193632ef74602768af954,1.067117633831294e+22,2.2219128852305567e+21,2.222096136442716e+21,7.250140982114642e+19,1.412943236252365e+20,323.2399999999998,26,1.0000824745260612,0.2082163029443322,49.15265543775703,49.15273790888226,50.7218332593764,5.781483982320053,1.0,0.037037037037037035,1.9488493254654657,0.481781325413954,0.481781325413954,643.1980435871758
0x030adc0b63a946d3c161f49c8f4d25a526b903b7,1.8010255193215473e+21,2.893560580220921e+21,9.600000000000088e+19,3.4218472139589065e+20,4.046752015382284e+20,14.0,31,0.0331771177200206,1.606618312277405,49.41677473134589,46.01087986536067,48.94264318849729,2.70805020110221,0.033177117720020695,0.03125,1.1826220641512495,0.01608763398171669,0.01608763398171669,601.4388944512286
0x030d9f55c7f7589034b829a87bf3bd84d6682a18,3e+20,2210000000000.0,2212940298469.0,1.8596026344268565e+21,1.2131811905196326e+22,43.0,71,1.0013304517959276,7.366666666666665e-09,28.424013631458664,28.42534319898783,47.15031414854902,3.784189633918261,1.0,0.013888888888888888,6.523873262276509,-1.1264667583284382,-1.1264667583284382,498.9850709569205
0x030de3de170036c537b1f7bf6f983220464abe1c,2.937884922964936e+22,1.8903014790599823e+20,19178616531.0,3.108848731855295e+20,4.7800400193816094e+20,112.0,8,1.0145797770066408e-10,0.0064342257393535,46.68843818896181,23.677061773038947,51.73456195435969,4.727387818712341,1.0145797770066408e-10,0.1111111111111111,1.537559537845054,-0.43735696131808105,-0.43735696131808105,560.7781321768298
0x030e691d39e2dda9ffb32de5f49fdbf9f590ef00,2554095529132912.0,4e+17,0.0,6.709234925485549e+16,1.029545758407534e+17,6.0,23,0.0,156.61121341682772,40.530240942018665,0.0,35.47647455555407,1.9459101490553132,0.0,0.041666666666666664,1.5345203586428682,0.43718817589334485,0.43718817589334485,639.1993379668663
0x031291aa04a24e90fa704ae1a51598944c55de4a,6.299714974396705e+22,313315857450.0,0.0,1.1886301838543463e+21,2.793116801000696e+21,53.0,0,0.0,4.973492590115235e-12,26.470477647894366,0.0,52.49737643608378,3.9889840465642745,0.0,1.0,2.349861915792441,-2.5350886117037885,-2.5350886117037885,372.67275207979264
0x03148e5d55d5a2382c644e78910d13cdb7218235,1.4304876535937717e+21,6.900000035e+16,6.904689986200957e+16,1.7538445840531092e+20,3.148731103642704e+20,11.0,0,1.0006797030691548,4.823529946354542e-05,38.772882904580406,38.773562376756054,48.712302355513,2.4849066497880004,1.0,1.0,1.7953307449660292,-1.2520059943122526,-1.2520059943122526,487.72786096178834
0x0314d69c14328bed45a45f96a75400f733164e13,8.650164506241765e+21,2.000000003462e+17,2.00038085209342e+17,1.0680238159640596e+20,6.799174672188623e+20,162.0,27,1.0001904243153803,2.3120947607630407e-05,39.83709376318972,39.837284169376694,50.51186529170054,5.093750200806762,1.0,0.03571428571428571,6.366126457630814,-1.2590625922176208,-1.2590625922176208,487.09508982972426
0x03158305104b385e1a566fa7153dfb13da15f410,1.4493454370165636e+21,18259987.0,18261108.0,1.3053555836635991e+20,2.972610486243736e+20,20.0,46,1.0000613910623266,1.2598781859476968e-14,16.720222775956728,16.72028416513134,48.725398984638325,3.044522437723423,1.0,0.02127659574468085,2.2772419434563833,0.47286931985974584,0.47286931985974584,642.3988964742011
0x03161e579198971cff2dd1769da7758e34b6976c,2.1309e+22,6969000000.0,6969000000.0,1.0654499750003486e+22,1.2302756597482582e+22,4.0,112,1.0,3.2704491060115444e-13,22.664737579546287,22.664737579546287,51.41341647155874,1.6094379124341003,0.9999999999999999,0.008849557522123894,1.1547005383784965,0.8207690901628284,0.8207690901628284,673.5953645813113
0x03169fa2a2113de2c90b4823cf8eb7541061d6f0,7.000139932746531e+18,5500000000.0,0.0,1.400027987649306e+18,1.6732470036452526e+18,5.0,51,0.0,7.856985792914077e-10,22.428013929366653,0.0,43.39246181314069,1.791759469228055,0.0,0.019230769230769232,1.1951525386679522,0.2567935731388076,0.2567935731388076,623.0232006080403
0x0317ecb39406e23837b8b1aad06bc43f10c1be08,1e+21,500000000.0,500000000.0,4.9999992500025006e+20,5.773501825868098e+20,4.0,110,1.0,5e-13,20.030118658386467,20.030118658386467,48.35428695287496,1.6094379124341003,0.999999999999998,0.009009009009009009,1.1547005383781228,0.9591951694986481,0.9591951694986481,686.0081487732356
0x03188444e0ec5e63d99350baedd479ebcab82f63,3.103403794756372e+21,3.606780277032616e+21,2.0008621832821413e+21,2.259408463059011e+19,6.657825495294839e+19,323.2399999999998,0,0.554750228624489,1.162201413533994,49.63710243723053,49.04786513218267,49.48678646031531,5.781483982320053,0.554750228624489,1.0,2.9467117629013457,-2.1409238102047623,-2.1409238102047623,408.0178448580871
0x0318b7bf3433dc91fdd0c749b88855f076efd5d5,2.6672521851407998e+22,2.430009733824293e+22,3.4086692311108456e+21,6.744467740537487e+20,2.186812518489316e+21,103.0,0,0.1402738920615911,0.9110536106641214,51.54476730890245,49.58060891319496,51.63792084420669,4.6443908991413725,0.1402738920615911,1.0,3.242379684530958,-2.7252634860839278,-2.7252634860839278,355.6196094513707
0x0318ccfbfae5e2c06b2f533a35acecea13b9909f,2.023333667260086e+21,3.500000000015502e+20,2.0021118226548487e+20,3.525464166364018e+19,6.878640099575782e+19,73.0,83,0.5720319493274232,0.1729818495411612,47.30446482838071,46.745904394686036,49.05903343431618,4.30406509320417,0.5720319493274232,0.011904761904761904,1.9511303405673406,0.2240325809584989,0.2240325809584989,620.0854945934029
0x031bc036ec5106ea4f2ca5921d5370a21171a123,1000000.0,200000.0,200148.0,600179.5,462002.09881305374,4.0,16,1.00074,0.2,12.206077645517674,12.206817368155429,13.815511557963774,1.6094379124341003,1.0,0.058823529411764705,0.7697732075358854,2.580804909375651,2.580804909375651,831.4192724660753
0x031c7807637ecec27d158bd4156c954e682a2f54,6.081350167731622e+21,411447520661.0,414574443754.0,6.658955235985627e+19,6.190020957464739e+20,93.0,111,1.0075998102697925,6.765726513236982e-11,26.742947317125076,26.75051839432222,50.15951369126092,4.543294782270004,1.0,0.008928571428571428,9.295784005294522,-2.353234447768024,-2.353234447768024,388.9797695303213
0x031d132adc8141130bd55be6583edded884497f4,8.68297633883732e+20,828489231.0,409230420.0,1.9738500733955e+19,6.997103566068482e+19,44.0,0,0.4939477843375854,9.54153505284039e-13,20.53511439776393,19.829788931898214,48.21306622595713,3.8066624897703196,0.49394778433758485,1.0,3.544901236613058,-2.374740781277516,-2.374740781277516,387.0512783248075
0x031d2da6a39dfe83c314df7c2e7a74bfad01773b,2.0000000000011208e+18,1.6040547526024632e+18,0.0,5.148649646578152e+17,5.015443850941758e+17,7.0,23,0.0,0.8020273763007821,41.9190663177935,0.0,42.13967885445333,2.0794415416798357,0.0,0.041666666666666664,0.974128013211207,0.3573836864838841,0.3573836864838841,632.043201570175
0x031f584479760bf6a0e6e3246cceadb6e4d66bc0,2.79599398656844e+21,1000000000.0,204480693.0,1.997184716221122e+20,3.762719859737758e+20,14.0,22,0.204480693,3.576545603473608e-13,20.72326583794641,19.135984123122647,49.38247462651761,2.70805020110221,0.2044806929999998,0.043478260869565216,1.8840119440014589,-0.1534543543498829,-0.1534543543498829,586.2359202520935
0x03205689ad8d8e3838e244f925cf888275ac01c6,2.1091144822915012e+21,1400000000.0,848854135.0,7.299893706962142e+19,1.6268067402257108e+20,54.0,0,0.6063243821428571,6.637856843498292e-13,21.05973807428191,20.55939792268357,49.10055513563495,4.007333185232471,0.6063243821428568,1.0,2.228534832875954,-1.7924341186800778,-1.7924341186800778,439.267211702553
0x0323965dc531ecc76511a24dafca4a502533917b,7200000000.0,100515187.0,101309742.0,2405470065.1666665,2954777991.620649,6.0,32,1.0079048253673348,0.0139604426388888,18.425819398423375,18.433693144258307,22.69734686310731,1.9459101490553132,1.0,0.030303030303030304,1.2283578309322762,2.0518626172172074,2.0518626172172074,783.988567543657
0x03247269bad6aa35ef79ff7f674d714c64d26611,2.3103343773806112e+17,1.000000000002441e+20,1.0095725172710947e+20,1.0499343666207986e+19,3.143298129915247e+19,29.0,12,1.0095725172686305,432.8377787185124,46.05170185988335,46.06122885091178,39.98133884706972,3.4011973816621555,1.0,0.07692307692307693,2.993804403252286,0.47609364687238903,0.47609364687238903,642.6880246180029
0x03270912905f63b1b2b99b9a520a86810aa07f89,1.3196492367818957e+18,1500000000.0,501075204.0,1.0622205301748846e+17,2.4693045655703885e+17,17.0,8,0.334050136,1.1366656822065148e-09,21.12873094572124,20.032266757564233,41.72389764546802,2.8903717578961645,0.3340501359999998,0.1111111111111111,2.32466281287544,0.0020531435250721423,0.0020531435250721423,600.180409763099
0x0327d880665d0a65bc578a82e9d83f21b993756c,9.739315694241152e+22,3.007635963615724e+22,25867092807.0,8.7311469346713e+20,2.425148792016636e+21,146.0,50,8.600473301929487e-13,0.3088138898089252,51.75802642189862,23.976237449867853,52.93304290379052,4.990432586778736,8.600473301929487e-13,0.0196078431372549,2.7775833005242343,-0.8046049894901144,-0.8046049894901144,527.8466893411907
0x03289bb5b77a418cfbadec78a7c206b1eb6444c5,3.54170186882916e+20,301130786.0,297424198.0,3.127705488640728e+19,6.494149849303876e+19,17.0,16,0.987691102430158,8.502431801227524e-13,19.523055236647398,19.510669957207327,47.316309225408006,2.8903717578961645,0.9876911024301547,0.058823529411764705,2.076330355556007,0.5320018559871019,0.5320018559871019,647.7013612495659
0x032bb3d64f289e35ec8642c9bf2bdad7d73529d0,1043000000000100.0,1000000000000200.0,100.0,291857142857200.0,484008411969362.4,7.0,120,9.999999999998e-14,0.9587727708534076,34.53877639491088,4.61512051684126,34.58087757092942,2.0794415416798357,9.999999999998e-14,0.008264462809917356,1.6583743924546615,0.494069308536506,0.494069308536506,644.2999174781802
0x032c56e52d2cd8be4256cba3c631931d1e3b07cb,1.67950220801336e+21,1200000000.0,1200673097.0,1.4515394035232984e+20,2.75520580721035e+20,37.0,0,1.0005609141666667,7.144974232689156e-13,20.9055873945737,20.90614815148635,48.872784397629246,3.6375861597263857,1.0,1.0,1.898126775286074,-1.300077897103024,-1.300077897103024,483.41721257891095
0x032f904c1f675add398dcb3733acf36b84b79c95,1.6562693861070913e+23,1.62740000000108e+23,1.3275952727428798e+23,5.525722823242608e+21,9.168696239684574e+21,108.0,0,0.8157768666228331,0.9825696312760654,53.44644078814414,53.24282637896631,53.46402485436632,4.6913478822291435,0.8157768666228331,1.0,1.6592754528183506,-1.5777240759433897,-1.5777240759433897,458.5204437316401
0x03310baf844bfe66aadd339c73f9229f35aa4c6d,5.376726769708291e+23,4.199051244553148e+23,1.4663222052498569e+23,4.447694667925863e+22,1.0215119623351068e+23,203.0,64,0.3153826340902092,0.4267466814654354,54.39431574448044,53.342214503478296,54.641536920764615,5.318119993844216,0.3492032175487058,0.015384615384615385,2.2967223215695207,-0.37172705066313105,-0.37172705066313105,566.663222048651
0x033185ecc07fe116859d5fc721802d724b85c4e7,3.513603413500699e+20,2.104363810700699e+20,2.104368057781229e+20,5.810479373492566e+19,3.277834826036236e+19,19.0,72,1.0000020182254172,0.5989189908613117,46.79571505363963,46.79571707186302,47.30834398428436,2.995732273553991,1.0,0.0136986301369863,0.5641246815176273,1.2318117011779808,1.2318117011779808,710.4539048845322
0x0333a10f65956afcbd633c517c2a6dd3ced00a40,90000000000.0,3.0580529570465614e+22,3.058204854905374e+22,1.5349570994861165e+22,2.505231931233916e+22,9.0,84,1.0000496714285023,339783661894.0624,51.774650470768954,51.774700140963866,25.22307550728779,2.302585092994046,1.0,0.011764705882352941,1.6321185341744306,1.8133914367785446,1.8133914367785446,762.6046541006026
0x0334eca378b5c3ca56c8cbef990eec2e3a30a7cf,3.0715413103824947e+18,9200000000.0,600000038.0,2.4839385382596805e+19,1.1979444538503892e+20,33.0,1,0.0652173954347826,2.995238894851242e-09,22.942469321110103,20.21244027818042,42.568711165003414,3.5263605246161616,0.0652173954347826,0.5,4.822762058717056,-2.028828052229121,-2.028828052229121,418.06956675368633
0x0335a3481a074ead996574587714af349a114013,997160000.0,500000000.0,500375937.0,5.838815428121768e+18,2.097108173085179e+19,13.0,7,1.000751874,0.5014240442857716,20.030118658386467,20.03087024986931,20.720421797497526,2.6390573296152584,1.0,0.125,3.59166717787443,1.0182098597313953,1.0182098597313953,691.3000462070654
0x0335f428955506d0c06d18b8fa5a8aabf7462e59,9.85900174516474e+19,1.30000000000305e+20,7.000000000007175e+19,7.863642739753549e+18,1.539558343515599e+19,44.0,2,0.5384615384608271,1.3185919159012456,46.31406612435075,45.69502691594321,46.0375016874921,3.8066624897703196,0.5384615384608271,0.3333333333333333,1.9578182713369934,-0.30099057767157333,-0.30099057767157333,573.0062217056159
0x0337cbd1a09ae0c4e7f802c0ce2cffe880ef49ba,3.651105392447678e+21,9.870816353937338e+20,9.870846987564047e+20,1.6840333234519576e+20,3.0772502989827965e+20,56.0,79,1.000003103454224,0.2703514495734675,48.34128442053792,48.341287523987326,49.64931692186633,4.04305126783455,1.0,0.0125,1.8273096239420021,0.6267070950359721,0.6267070950359721,656.1936605315989
0x0337dcbc6f5f2c2ca665fdd487f7d8f23c305b08,1.531106381573809e+22,5.335622000010485e+21,5.366953474474258e+21,4.959726362530352e+20,1.340473030680288e+21,74.0,91,1.00587213158348,0.3484814683174433,50.0286924194008,50.03454737721789,51.08286264515593,4.31748811353631,1.0,0.010869565217391304,2.7027156998161606,0.2174885452556949,0.2174885452556949,619.4986853497048
0x0338413ee756d4e561f073b1767e6bf5e18393e9,609989421.0,500000000.0,500067402.0,277512089.375,268384410.4251061,8.0,74,1.000134804,0.819686346658789,20.030118658386467,20.030253453300954,20.22895217399767,2.1972245773362196,1.0,0.013333333333333334,0.9671088961549321,2.3007172210757405,2.3007172210757405,806.3035713903597
0x03387d5015f88aea995e790f18ef7ff9dfa0943c,722516943.0,140000000000.0,140184474520.0,46938300252.0,71969928308.55052,6.0,103,1.0013176751428572,193.7670823589254,25.664908259562857,25.666225067333674,20.398251429578984,1.9459101490553132,1.0,0.009615384615384616,1.533287910345325,2.0756372024570053,2.0756372024570053,786.120454809771
0x0338e55ea1a26c84ffd70d7c79d8094ac36b6148,2.3286342193781804e+21,1.000000000002e+20,200119005.0,1.0601142832129185e+20,2.4456840406781087e+20,36.0,49,2.0011900499959977e-12,0.0429436272850543,46.05170185988291,19.114422777552154,49.199568876645934,3.6109179126442243,2.0011900499959977e-12,0.02,2.30700036723013,-0.44930498426956617,-0.44930498426956617,559.7067428033205
0x033a0f17fb49d292785f02b959227cf5cf50f21a,2.1156528123767315e+21,1.25e+21,1.2008401537951557e+21,2.136108505990235e+20,2.311098905161845e+20,27.0,75,0.9606721230361246,0.5908341825688052,48.57743050418917,48.53730839285616,49.10365037608217,3.332204510175204,0.9606721230361246,0.013157894736842105,1.0819201827439424,0.9109116990671705,0.9109116990671705,681.6785289401901
0x033a10f0fa3a846f441f7d7469a2352f910443ad,65384591.0,31222071.0,31225239.0,3126283.241935484,4424776.361519357,62.0,12,1.0001014666836163,0.477514205143533,17.256635838562325,17.256737300095295,17.995797192339978,4.143134726391533,1.0,0.07692307692307693,1.4153472411471457,2.099583583264904,2.099583583264904,788.2677471304976
0x033dc008e1ab5d7004e8fabfd834f841a89c7e10,3.0224282096904285e+23,6.080000000000009e+22,3330020.0,7.724315339767167e+21,2.3458337425657736e+22,47.0,13,5.4770065789473605e-17,0.2011627598136649,52.461876741847085,15.018489168243049,54.06551769012432,3.871201010907891,5.47700657894736e-17,0.07142857142857142,3.036947145967352,-1.0603760956658737,-1.0603760956658737,504.91147685288956
0x033df985bd88c096ceb0bae2545d35f18eecdfb4,7e+18,2000000.0,2000005.0,1.750000000001e+18,3.4999999999993334e+18,4.0,63,1.0000025,2.8571428571428574e-13,14.508658238524095,14.508660738519719,43.392441822948136,1.6094379124341003,1.0,0.015625,1.9999999999984763,0.8358197699399259,0.8358197699399259,674.9449718295353
0x033e036bda697d7a7615dcd04cf7f1883904fc6c,2.8006e+20,12500000000.0,0.0,5.60120000025e+19,1.1700970352774136e+20,5.0,29,0.0,4.463329286581447e-11,23.248994481334666,0.0,47.08153553982045,1.791759469228055,0.0,0.03333333333333333,2.089011346185082,-0.2928521785180056,-0.2928521785180056,573.7359988751036
0x033ea4c2e32eab510cb29d8c492dd4c1171cea50,2.204140010568707e+21,1090000000.0,1097807685.0,2.106316372128372e+20,3.478457335389723e+20,21.0,11,1.007163013761468,4.945239389392332e-13,20.809443534104894,20.816581015330833,49.14462436781434,3.091042453358316,1.0,0.08333333333333333,1.6514410567273148,0.5806693774819959,0.5806693774819959,652.0654192678994
0x033ffcf5d843a16da224f62b5cb1c4980310f796,6.515172e+21,1.4000000000231368e+22,1.4014666368445525e+22,3.672194517397384e+20,2.109152017358997e+21,136.0,70,1.0010475977295652,2.148830453015111,50.99334428250675,50.99439133188874,50.22842056371724,4.919980925828125,1.0,0.014084507042253521,5.743573787735593,-0.9567939827930595,-0.9567939827930595,514.1997729557835
0x03402343d6192caec409b0570cf59905969adc2a,3.625042033188392e+21,2.703098455334749e+20,9492971305.0,4.102640121305008e+19,1.6582191229838298e+20,104.0,14,3.511885142868168e-11,0.0745673686149578,47.046100550979034,22.97381749919324,49.64215283647669,4.653960350157523,3.511885142868168e-11,0.06666666666666667,4.041834218830696,-1.249221458516529,-1.249221458516529,487.9775526533601
0x0340af84322e83ae445c375c10a6ac90989b85f6,7.61092700107584e+20,6.50000000011915e+20,6.500010474713289e+20,2.557894184650927e+19,9.497761092867003e+19,128.0,93,1.0000016114760213,0.8540352573609422,47.923504036800836,47.92350564827556,48.081286837880626,4.859812404361672,1.0,0.010638297872340425,3.7131172782126454,-0.04689920918141422,-0.04689920918141422,595.7908106879242
0x0340c0b1ef5d48083ac0afb00322b38b21f0d8db,5.519811710418718e+22,3.7065e+22,3.712937404494708e+22,5.955620443218527e+21,1.0148653105981975e+22,31.0,37,1.0017367879386774,0.671490296128024,51.96696008098364,51.96869536245018,52.36521579514484,3.4657359027997265,1.0,0.02631578947368421,1.7040463210743928,0.5253944098103478,0.5253944098103478,647.1088659347718
0x03413203ef38895fb2661a62046949893ae9fd6b,2.483321192545157e+19,18000000000.0,18005916392.0,2.483843456040875e+18,6.381654843660554e+18,20.0,94,1.0003286884444444,7.248357584204316e-10,23.61363759489813,23.613966229336345,44.65871362169028,3.044522437723423,1.0,0.010526315789473684,2.5692661218805632,0.5624685125749194,0.5624685125749194,650.4333322415102
0x0341ab2d783648be716fa78a48eedf13f151335e,3.582700000003656e+20,349000000.0,250207916.0,1.3780384827885195e+19,4.048367035934423e+19,26.0,11,0.7169281260744985,9.741256594178801e-13,19.67058248303203,19.337802798182317,47.32781856598036,3.295836866004329,0.7169281260744965,0.08333333333333333,2.937775023337795,-0.09972358655768446,-0.09972358655768446,591.0540038695088
0x0344e6dc73a4128d7a889509a13c3dd25b4b688a,7.916894131933699e+20,3.893329887168737e+20,0.0,9.84185334925203e+19,1.1769625895228555e+20,12.0,113,0.0,0.4917749084788875,47.41096666346748,0.0,48.12070083373547,2.5649493574615367,0.0,0.008771929824561403,1.1958749513497915,0.06255307825983714,0.06255307825983714,605.6054903338365
0x03478c0564936f7a51138d28d1cdce99855c2b7f,2.052571910895412e+18,3500000000.0,0.0,4.105143828790823e+17,5.66231878625829e+17,5.0,72,0.0,1.7051777730277735e-09,21.976028805727495,0.0,42.16562527138256,1.791759469228055,0.0,0.0136986301369863,1.3793228745230433,0.2501810227184306,0.2501810227184306,622.4302475913819
0x03482e6aaf23d9367aea1e306ffba42bc7fbe9fd,1.0225e+20,35000000.0,35000000.0,5.11250000000175e+19,5.903406502461903e+19,4.0,141,1.0,3.422982885085575e-13,17.370858648025116,17.370858648025116,46.07395246881573,1.6094379124341003,0.9999999999999715,0.007042253521126761,1.154700538378461,1.066465076451248,1.066465076451248,695.6271325057746
0x03485453f0b0511dd6bd4173ad05093b1e0313de,1.4574007827633e+22,3.977988647647138e+21,293685736.0,6.183998825093477e+20,9.080861719026328e+20,30.0,45,7.382769585672559e-14,0.2729509064833,49.73506327951864,19.498020831829933,51.033526609218626,3.4339872044851463,7.382769585672558e-14,0.021739130434782608,1.4684449295459014,-0.20311171615046028,-0.20311171615046028,581.7831024122157
0x034961ef5fd3f25dbb91440ad3ce0a119e875847,5.309090745090729e+21,8.485279949003362e+20,1386000.0,2.216509245547884e+20,5.449599507428609e+20,44.0,3,1.6334169388987484e-15,0.159825483428582,48.19003475142335,14.141933180232447,50.02370753902032,3.8066624897703196,1.6334169388987484e-15,0.25,2.4586405485899787,-0.9972857425465287,-0.9972857425465287,510.5688424419479
0x034a4081df0c5a039d05113a7d0b334083a7b084,5.9471889818642985e+22,1.2676100972492695e+22,7001675046.0,4.554505153686208e+21,8.887234812273555e+21,16.0,112,5.523524198169237e-13,0.2131444117741664,50.89400536031507,22.66941524980443,52.43979071376879,2.833213344056216,5.523524198169237e-13,0.008849557522123894,1.9513063466577996,-0.4332654899874584,-0.4332654899874584,561.1450178886706
0x034aff341d97429136304f3021e8f27975de3da0,1.2310281562723887e+22,1.695262637074464e+22,1.356290882294206e+22,8.15657481070623e+20,9.144065063181248e+20,53.0,1,0.8000476460890886,1.3771111801437583,51.18470972282473,50.96162572734839,50.86472176549243,3.9889840465642745,0.8000476460890886,0.5,1.1210667805288623,-0.2810874647216579,-0.2810874647216579,574.7909507608646
0x034b054426cd05f70ea0d98d35083ac73322b939,1.348796520616125e+21,2025287526.0,1016301791.0,7.939979533060357e+19,2.0783484607508703e+20,17.0,24,0.5018061771245018,1.5015515647051469e-12,21.428977516067455,20.73943618136532,48.6534996815227,2.8903717578961645,0.5018061771245016,0.04,2.6175740782417347,-0.13966538345236068,-0.13966538345236068,587.4723889926727
0x034b2fd624f4895fc932ed31ed63d8be06b82c08,8.403798877013575e+22,4.0601400000090347e+23,1.4663222052498569e+23,4.6371921138632166e+21,1.4343663619999512e+22,156.0,0,0.3941547152881047,4.831315050999733,54.36067459464302,53.342214503478296,52.785555896748825,5.056245805348308,0.36115065126980694,1.0,3.093178645137023,-2.521221415968661,-2.521221415968661,373.91623530804856
0x034c69160676cd0f0ee35719a93343ea066e31a4,8.236531985168025e+19,78262588806.0,78604219637.0,6.863826257394582e+18,1.5043913773504078e+19,24.0,27,1.004365186945794,9.501886102904926e-10,25.08333553274967,25.087691219902418,45.857696146628854,3.2188758248682006,1.0,0.03571428571428571,2.191767857949037,0.6085711946545583,0.6085711946545583,654.5673989294438
0x034f5434e14148a554c38f72118239d3b4078888,4.0300000000019903e+20,2.1005000000005e+19,2.050501122830854e+19,4.025140730136265e+19,7.308002660932144e+19,21.0,80,0.9761966783291436,0.0521215880893166,44.491292178514406,44.46720098032551,47.445468235839996,3.091042453358316,0.9761966783291435,0.012345679012345678,1.8155893547316404,0.7103925137973249,0.7103925137973249,663.6978031619442
0x0350520a1e54dd49848db2ee24540713f2620c55,1.8618e+22,6.852e+21,6.852e+21,1.273499975e+22,6.793102978610014e+21,4.0,112,1.0,0.368030937802127,50.27882753333683,50.27882753333683,51.27841580756926,1.6094379124341003,1.0,0.008849557522123894,0.5334199538252848,1.0734413089482733,1.0734413089482733,696.2526972033645
0x0351b0b81fdd1db5dad0617d97c598cd3c37baaf,4.457532554329791e+21,1.4666026401877611e+20,1.3703298332990627e+17,3.057183327327038e+19,1.3415512539041274e+20,255.0,0,0.0009343565842235,0.0329016697536664,46.434650456766704,39.45899804599505,49.848882326874296,5.545177444479562,0.0009343565842235405,1.0,4.388193674590902,-3.223034358237063,-3.223034358237063,310.9840722555703
0x0351c5599f6d7a0306c02e5c5b3b76f789b395a0,5.376726769708291e+23,3.0523446593900906e+23,1.4663222052498569e+23,4.34199498107415e+22,9.189395695573488e+22,82.0,24,0.9986100911563128,0.1034573094158452,54.075367174936154,53.342214503478296,54.641536920764615,4.418840607796598,0.4803920817850408,0.04,2.1163994282877217,-0.23143722852293427,-0.23143722852293427,579.2431296419675
0x0351c94cae69947448969ca8b6fef20dfe14203b,1.471980727124631e+22,9.653400000016603e+22,9.660894208081546e+22,4.542523809675365e+21,1.6444392471733396e+22,49.0,89,1.000776328347,6.558102169498896,52.92418223077363,52.92495825793365,51.04348097310399,3.912023005428146,1.0,0.011111111111111112,3.620100446519973,-0.1452543698310218,-0.1452543698310218,586.9712198336327
0x03526fc1075e3c4f3dceac665a7141606eb11ae9,5.44e+20,2.6251591884293997e+20,0.0,2.01628979710735e+20,1.2729444320051198e+20,4.0,107,0.0,0.482566027284816,47.016843397296974,0.0,47.74548092074877,1.6094379124341003,0.0,0.009259259259259259,0.631330096413391,0.3026503335969962,0.3026503335969962,627.1352152951525
0x0354a4de7462a6987cb9390d5bd065c9b98d34cf,5.222744402101699e+20,150000000.0,150032641.0,5.8694022681348645e+19,1.0294019863567104e+20,17.0,80,1.0002176066666666,2.8720532434947053e-13,18.826145858727198,18.826363441719515,47.70472487114771,2.8903717578961645,1.0,0.012345679012345678,1.7538446665095018,0.7443548107507837,0.7443548107507837,666.7432311966618
0x035648071a7ebb842fc55a01e44ce01ab8b844ed,4.6944434348535296e+21,1.3074281062476774e+21,1.308685792626873e+21,7.345460012994335e+19,2.2336508767935296e+20,159.0,7,1.0009619545221535,0.2785054553093087,48.6223488826587,48.623310374799104,49.90066651428111,5.075173815233827,1.0,0.125,3.040859078726364,-0.08659604985364157,-0.08659604985364157,592.2311612437602
0x0356ece0b66df94ba8448075d0aa26453dd406cc,8.633580509047613e+20,4.321589051139524e+20,3.003353722422004e+20,3.3252276630438547e+19,8.539772797412386e+19,48.0,8,0.6949651359446302,0.5005558292542345,47.51532503041381,47.15143143162977,48.20736116990007,3.8918202981106265,0.6949651359446302,0.1111111111111111,2.568176877728495,-0.06691744664636136,-0.06691744664636136,593.9957583195604
0x03572f17c8e8ac3d5e5f767bff74dca89f310225,4179153726575108.0,6e+17,0.0,1.5104478843164378e+17,1.2748771558654874e+17,4.0,23,0.0,143.56973666333897,40.93570605012683,0.0,35.96888516319286,1.6094379124341003,0.0,0.041666666666666664,0.8440391549440587,0.6888675404803699,0.6888675404803699,661.7676405090521
0x0357c980e66e6ef343a35715138b7670b0ae74c5,2.3303657872025356e+21,83612633431.0,58289032575.0,4.298473061338831e+19,2.325500784049376e+20,55.0,0,0.6971318828643532,3.5879617650657305e-11,25.14946046322761,24.788679792125706,49.20031219834657,4.02535169073515,0.6971318828643532,1.0,5.410062482338926,-2.9785768827943073,-2.9785768827943073,332.90478185980714
0x0357ee511a77d1981d2d79e076f9608be771c85b,7.374550416975743e+22,86021665527.0,86112551138.0,9.577338203899344e+20,2.896481859472604e+21,77.0,23,1.001056543260854,1.1664665730535061e-12,25.177865026216395,25.178921011728228,52.654906985826656,4.356708826689592,1.0,0.041666666666666664,3.0243077959733347,-0.041740514082964635,-0.041740514082964635,596.2533952621333
0x0358c2ab1c477f338776d96c01a0a53f9dba4d0f,5.900000000000007e+20,310068912.0,310216824.0,4.916666666671847e+19,8.374944595019206e+19,12.0,68,1.0004770294417649,5.255405288135587e-13,19.552305130738482,19.552782046436334,47.82665421079259,2.5649493574615367,1.0,0.014492753623188406,1.7033785616970267,0.754647279196106,0.754647279196106,667.6661655904333
0x035abc4c74e4a03de41fc5cce6c13e10e6d569dc,399779683.0,6.5e+19,6.5e+19,2.600000000011993e+19,3.5601966237726314e+19,5.0,62,1.0,162589553106.42938,45.62091894378846,45.62091894378846,19.806424163331723,1.791759469228055,1.0,0.015873015873015872,1.3693063937523882,2.155297671509946,2.155297671509946,793.2636767786804
0x035b27ed461b13990c0b9ed0e01c08d0d44cd033,1.500000000150162e+20,5.993500000005999e+21,6.041022142824378e+21,8.123014761906985e+20,1.705641058315397e+21,15.0,9,1.0079289468287864,39.956666662706674,50.14496250154098,50.15286017944852,46.45716696808918,2.772588722239781,1.0,0.1,2.0997635832376296,0.4919991320400556,0.4919991320400556,644.1142829921575
0x035b32173c6beca69608dc1b5740bfec727c5d82,5.376726769708291e+23,4.199051244553148e+23,1.4663222052498569e+23,4.633577560353568e+22,5.035624012382519e+22,57.0,115,1.003421901254088,0.7447265754270355,54.39431574448044,53.342214503478296,54.641536920764615,4.060443010546419,0.3492032175487058,0.008620689655172414,1.0867680419270402,0.12167880291556785,0.12167880291556785,610.9073443187511
0x035bc96201666333294c5a04395bb3618a2b6a11,1.925305538403317e+21,1.2618277093376962e+21,1.2531185345882248e+21,8.783844685155225e+19,1.0472304246274816e+20,63.0,8,0.9930979683795004,0.6553908894814419,48.5868481857546,48.5799222249436,49.0093716292683,4.1588830833596715,0.9930979683795004,0.1111111111111111,1.1922232941997601,0.708488232900064,0.708488232900064,663.527044675307
0x035d5e9aef9c24c42764a90b1ef6207d22fda0e7,8.248944249591102e+22,6.03570000001296e+22,2.9956900581455467e+22,1.6610828507159858e+21,5.553450003397714e+21,137.0,1,0.4963285216526856,0.731693634650537,52.454563883752314,51.754046654285126,52.76695726828024,4.927253685157205,0.4963285216526856,0.5,3.3432709277589496,-1.5199430881291738,-1.5199430881291738,463.7017140209914
0x035daa8f8ad585b1059d5fe5476e2bf4237218de,3.4000000000004e+20,85000000.0,85048758.0,4.250000000003126e+19,8.310922245539191e+19,8.0,68,1.0005736235294118,2.499999999999706e-13,18.258161826219297,18.258735285282874,47.275477291503144,2.1972245773362196,1.0,0.014492753623188406,1.9555111165960184,0.6795878346058358,0.6795878346058358,660.9355213958199
0x035e72ef297547349d8ce3573ebb8e10dc639816,4.841147355077999e+22,3.62500000000144e+22,3.633851268647704e+22,3.683897641645148e+21,5.75801232133086e+21,46.0,69,1.0024417292817271,0.748789436495687,51.94472633417604,51.94716508728052,52.23402379533831,3.8501476017100584,1.0,0.014285714285714285,1.563021799584925,0.6108680256549688,0.6108680256549688,654.7733577174859
0x035f4a089e99bb14fa010a6ce80e9640e1dd01fc,2.9351792285901236e+20,4e+20,2.005261764884485e+20,1.1508415271704558e+20,1.3178521483001492e+20,10.0,60,0.5013154412211211,1.3627787908274855,47.4379962210008,46.74747646816986,47.12847037725568,2.3978952727983707,0.5013154412211213,0.01639344262295082,1.145120433340912,0.5596213075533263,0.5596213075533263,650.1780209471879
0x035fc3b0ec2487c1c9def561f578ec77a06b1b12,5.798991913297164e+20,1.2e+22,6.004395538424817e+21,1.0803954229950812e+21,2.5520819017182106e+21,27.0,26,0.5003662948687347,20.693251826207664,50.83919360266296,50.14677874362761,47.8093859542747,3.332204510175204,0.5003662948687347,0.037037037037037035,2.362173929470478,0.00448946963633657,0.00448946963633657,600.3988771962978
0x03604e6625fec18f298ecf393cfd70b2d8bfc0bf,1.625260359439518e+18,2.3451861959597265e+21,0.0,2.607568284799073e+20,4.57720296330993e+20,9.0,0,0.0,1442.9603123824909,49.20665175288323,0.0,41.932199698034026,2.302585092994046,0.0,1.0,1.7553530582469974,-1.8200087679630488,-1.8200087679630488,436.7945694637509
0x03607361b844e659f4e8846af200074e219513e2,5.655197140921795e+20,6.081546636798821e+19,221436674.0,2.609729918584955e+19,3.823016961158704e+19,24.0,19,3.6411243261723785e-12,0.1075390739748381,45.55437581156801,19.2156472149268,47.78427683018915,3.2188758248682006,3.6411243261723785e-12,0.05,1.4649090443932284,-0.10969330336492833,-0.10969330336492833,590.1600108894528
0x036161ee78969e00d3ea480f2139357fd77247ac,3.577493616187185e+21,1.636373626346695e+22,1.6365547071194612e+22,1.0133525497020656e+21,3.848431936151537e+21,52.0,53,1.000110659796669,4.574078396513553,51.14935463593781,51.14946528961214,49.628949400887784,3.970291913552122,1.0,0.018518518518518517,3.797722655637477,-0.16609650348324004,-0.16609650348324004,585.10228799387
0x03630da783ae465b0afb812f7bc6374d677b0829,1.5390360965144912e+17,503447000.0,506203249.0,6412650444295807.0,3.049015546340083e+16,24.0,18,1.0054747550387628,3.2711838347402894e-09,20.03698900341075,20.042448826441888,39.5751028900058,3.2188758248682006,1.0,0.05263157894736842,4.754688522048242,-0.15670178279558147,-0.15670178279558147,585.9447205831541
0x0365ad837b20583a235b652cfce03987561c9948,1.2676890730213212e+21,5.610181534669394e+20,74774020.0,3.671021122960289e+19,6.047678147555991e+19,53.0,1,1.332827102615431e-13,0.4425518570810491,47.77628493801308,18.12998106978341,48.59148256826996,3.9889840465642745,1.332827102615431e-13,0.5,1.6474103376117815,-1.0999964648185525,-1.0999964648185525,501.35868467488183
0x0366521285f902c5b10a6f1ace37a70d68e0e0bf,5.274677058618869e+20,1005147733.0,405875777.0,2.0287219456328757e+19,1.010468693415758e+20,26.0,0,0.4037971371517783,1.9056099962699704e-12,20.72840036665913,19.82155770523177,47.71461931625405,3.295836866004329,0.4037971371517779,1.0,4.980814130743454,-3.0023209897531737,-3.0023209897531737,330.7756276070499
0x036808e8efef543ac49c40a2b6d98f8f36798a91,8.79313358912644e+22,4.199051244553148e+23,1.151062588404226e+21,1.4828921873681602e+22,9.16978483071058e+22,144.0,34,0.0005865789338674,22.31663989987157,54.39431574448044,48.494972458550926,52.830843188818086,4.976733742420574,0.0027412444415803247,0.02857142857142857,6.183716462209658,-2.1667741158109792,-2.1667741158109792,405.69982598241825
0x0369a18568f22c77ec0780cb9b79402e64fe8b89,4.7923437059350574e+20,255000000.0,41000000.0,1.9170959025548296e+19,4.828620151060641e+19,25.0,2,0.1607843137254902,5.320987300727125e-13,19.35677410704427,17.529082649058825,47.61872144306666,3.258096538021482,0.16078431372548957,0.3333333333333333,2.5187160144809404,-0.9319361655469749,-0.9319361655469749,516.4287945566149
0x036a310b351f1d24dc5891a9f7ddc1e42ced51fd,8.666240566105978e+20,3699000000.0,1684455844.0,1.1890033805139149e+19,4.65885908868297e+19,120.0,0,0.4553814122735874,4.268286775314017e-12,22.03132835006707,21.244708407941356,48.21113694257632,4.795790545596741,0.45538141227358736,1.0,3.918289186586924,-2.5572054833293896,-2.5572054833293896,370.68951340246895
0x036da3aa7d31181bf0fb4f0bc128b04a7bdcc08d,4.83e+21,3.5e+17,3.5e+17,2.415175e+21,2.7883997275916767e+21,4.0,128,1.0,7.246376811594203e-05,40.396709549394146,40.396709549394146,49.92913342053944,1.6094379124341003,1.0,0.007751937984496124,1.1545332026009199,0.890300597425757,0.890300597425757,679.8303139372064
0x036dbbd11bf2958377e459cb75fec9bb9944785a,1.1977809375117013e+21,5.000000000038e+19,380424318.0,2.797985528742272e+19,6.806866329079921e+19,47.0,13,7.608486359942175e-12,0.0417438601955472,45.35855467932857,19.756797816665674,48.5347575790129,3.871201010907891,7.608486359942175e-12,0.07142857142857142,2.4327739579624232,-0.5697830701054051,-0.5697830701054051,548.9033704437783
0x036fcf32222c17667b562b427acb2bcd737a0db9,5.4e+21,700000000.0,700000000.0,2.70000000000035e+21,3.117691453623575e+21,4.0,127,1.0,1.2962962962962966e-13,20.36659089443625,20.36659089443625,50.04068590644519,1.6094379124341003,0.9999999999999987,0.0078125,1.1547005383789521,0.8850564343301841,0.8850564343301841,679.36006537505
0x0371229099726879e47c045aca027e0a27d3c5d1,8.099998999999999e+21,2000000000.0,500000000.0,1.1571427142860716e+21,1.2390953468440622e+21,7.0,12,0.25,2.469136107300754e-13,21.416413018006356,20.030118658386467,50.44615089109656,2.0794415416798357,0.2499999999999999,0.07692307692307693,1.0708232714480281,0.09608867651997492,0.09608867651997492,608.6126559340432
0x03733ca219c6418adba6f120daca918eb3f67738,3.834608300939317e+22,9.14830094626678e+21,5.007996589799525e+17,9.692833623534476e+20,1.6531700388495887e+21,49.0,57,5.47423682191301e-05,0.2385719799340608,50.56785512598747,40.75498253374577,52.00093933751594,3.912023005428146,5.474236821913011e-05,0.017241379310344827,1.7055590790660482,-0.33222557133464725,-0.33222557133464725,570.2053532750706
0x037343879ca2c1d0078038549ee042046f32243f,5.687596293519306e+22,1.4555056256681574e+22,7742323839.0,3.4014771043753515e+21,4.990043191167997e+21,21.0,99,5.319336251583257e-13,0.255908744319041,51.03222539517546,22.76996771721182,52.39515976073142,3.091042453358316,5.319336251583257e-13,0.01,1.4670224252720263,-0.24131064082085987,-0.24131064082085987,578.3577723691178
0x03740d9e1c042fc41e995e59da9ca953d3d68fd9,7.30230149269045e+21,14153022649.0,2430329263.0,1.9735949980297203e+20,9.273908719340568e+20,37.0,21,0.1717180367242412,1.938159176687935e-12,23.373194053064246,21.611292584708107,50.34247652431252,3.6375861597263857,0.1717180367242412,0.045454545454545456,4.698992816965435,-1.3471661846786696,-1.3471661846786696,479.1947658084164
0x03761263846e6a598e667e6a573ed86fabff8953,4.999e+21,1.12e+18,1.12e+18,2.50006e+21,2.885527363377448e+21,4.0,101,1.0,0.0002240448089617,41.559860359199824,41.559860359199824,49.963524845306395,1.6094379124341003,1.0,0.00980392156862745,1.1541832449531002,0.8848611854943166,0.8848611854943166,679.3425572459823
0x037949068f0cff6d57d7253398e60577ccd86dd3,8.220000000010001e+20,3.003619148076e+20,3.005872999842374e+20,1.8424450395627707e+20,1.8379528484862427e+20,11.0,29,1.0007503786782748,0.3654037893032051,47.15151980414613,47.15226990143109,48.15827206895022,2.4849066497880004,1.0,0.03333333333333333,0.9975618317072872,0.9828077230866795,0.9828077230866795,688.1255065234137
0x03796fa1bf321bf02cb48969723afe7e0cdb5e55,3.064397440548604e+21,1500000000.0,1501320351.0,7.526037351945779e+20,1.3280045024123043e+21,9.0,55,1.000880234,4.894926422244572e-13,21.12873094572124,21.129610792541897,49.47413790931409,2.302585092994046,1.0,0.017857142857142856,1.7645467864559063,0.6490674076645928,0.6490674076645928,658.1987287705807
0x037a28da412268621439c31fd0d54dbb511d47b4,4.1e+21,6.3e+20,6.3e+20,2.365e+21,2.003405434088001e+21,4.0,133,1.0,0.1536585365853658,47.8922514932784,47.8922514932784,49.76527392658522,1.6094379124341003,1.0,0.007462686567164179,0.8471058917919667,1.0202982306916628,1.0202982306916628,691.4873122061233
0x037a43f01b3c2a2acd60510c1b893e94cb64333d,2.799076291626617e+21,4253810000.0,4255785953.0,4.666583430947778e+20,7.305963455441514e+20,12.0,102,1.0004645136947818,1.5197192061985561e-12,22.17108088911629,22.171545294957873,49.38357641978087,2.5649493574615367,1.0,0.009708737864077669,1.5655915218379972,0.7480858543853007,0.7480858543853007,667.0777970506405
0x037bef2da33513cfb998e36894d073773d3285f8,4.468273309972723e+21,1.5687301474545786e+21,9.741378298302332e+20,5.61360818843285e+21,2.5159856603088546e+22,92.0,65,0.6209722120855963,0.3510819590989064,48.804553421683806,48.328084476589844,49.851289002751074,4.532599493153256,0.6209722120855962,0.015151515151515152,4.481940270596694,-0.7789622025710935,-0.7789622025710935,530.1460998397941
0x037bf6a1e7b137f824f46313317e033ffeceb613,1.0523493155485745e+23,3.808064650467401e+21,3.80884830849218e+21,6.563326710670953e+20,3.035192518416728e+21,172.0,26,1.0002057890547322,0.0361863175487724,49.69140804719867,49.69161381508174,53.010482247063045,5.153291594497779,1.0,0.037037037037037035,4.624472698398474,-0.6838111905596022,-0.6838111905596022,538.6783719622787
0x037d9c5bcc88932c6dfdde923043f1fa065a1c69,6.278594905884102e+20,128500000.0,0.0,6.976216562094876e+19,1.0597965002502696e+20,9.0,69,0.0,2.046636260599865e-13,18.67143947008165,0.0,47.88884807422599,2.302585092994046,0.0,0.014285714285714285,1.5191565382425931,-0.06602136546853853,-0.06602136546853853,594.0761106804171
0x037e2fd9f7f79e38cd027e6ad4212d2d697eae60,7.384903461799956e+20,3.522614767378548e+20,2.1770877710558757e+20,4.01580954116524e+19,3.562935272019679e+19,38.0,24,0.6180317505101518,0.4770021416799895,47.31090540536968,46.829689958755544,48.0511397035784,3.6635616461296463,0.6180317505101519,0.04,0.8872271544496221,0.6779245358421367,0.6779245358421367,660.7863719819265
0x037e908997841df68afb48eb1c9a6e441310abf5,5.365731778951737e+18,241766287.0,483620336.0,1.2739949729128276e+19,3.2890745692005605e+19,9.0,63,2.0003630034654085,4.505746782729271e-11,19.303482065415857,19.99681072917057,43.12656443936028,2.302585092994046,1.0,0.015625,2.581701371772692,0.6170349208397375,0.6170349208397375,655.326348450374
0x03807e5ca6505683c96cc30bc71c018b4b0f3f38,1.6000516782166966e+21,4.726996152796473e+20,255386305.0,6.477347792177671e+19,8.107084351426073e+19,32.0,17,5.402718697981474e-13,0.2954277175637755,47.60499179781321,19.35828788227088,48.82432288048453,3.4965075614664802,5.402718697981474e-13,0.05555555555555555,1.2516055354039417,-0.08309400698241363,-0.08309400698241363,592.5451924046512
0x03827daa642b7e409e4d08fb34836c22d0a3556b,1.5299285641738526e+21,5.440008000001861e+20,2.3684436283015653e+20,1.2848807633653197e+19,2.6501079282437992e+19,218.0,0,0.4353750267096583,0.3555726801492471,47.74548239133626,46.91393490238892,48.77950799710684,5.389071729816501,0.43537502670965833,1.0,2.0625321849342027,-1.8643747253529674,-1.8643747253529674,432.8162363549069
0x03842b4c71c18188191cad1cb9a8dab32d2eab7e,2.652500000000048e+20,1.1150000000415e+20,1.501954258460068e+18,1.3569446145127778e+19,5.068374306754572e+19,28.0,0,0.0134704417794095,0.4203581527017831,46.16055626483021,41.85329877301609,47.027204451386936,3.367295829986474,0.013470441779409557,1.0,3.7351371990775126,-2.8247311894411937,-2.8247311894411937,346.7002559468567
0x03846bf20ade32e9b95d925fe47bd2279c5a88b7,2.6156396837105654e+18,1.2807230956963584e+18,2.807230956963583e+17,4.641206527892536e+17,5.851478114023364e+17,9.0,0,0.2191910934062782,0.4896404897327124,41.69395651083074,40.17614515382632,42.40804036241671,2.302585092994046,0.21919109340627824,1.0,1.2607665870625204,-1.4499387434772875,-1.4499387434772875,469.97906310745145
0x0384f296396564cdd310bb398e1dc8a98fb3b137,1.2121463820460155e+22,9.637e+21,9.645877902846804e+21,7.255628106217811e+21,4.820930716773104e+21,6.0,80,1.0009212309688496,0.7950359909282112,50.61989680974411,50.62081761664014,50.84926470348883,1.9459101490553132,1.0,0.012345679012345678,0.6644401623398726,1.0340633407293276,1.0340633407293276,692.721641323118
0x03851f30cc29d86ee87a492f037b16642838a357,1.522156242514639e+20,1.0143501723419066e+20,3.002385976319444e+19,3.2779446325676984e+18,8.111332456122707e+18,98.0,26,0.2959910746983568,0.6663903113297854,46.06595004304989,44.84852406489111,46.471829770105934,4.59511985013459,0.29599107469835684,0.037037037037037035,2.4745178352109294,-0.1616040127255189,-0.1616040127255189,585.5051334585929
0x03867a6c590972095f2c82dedede42a62f46952a,7.520015261654339e+22,4.035355290461702e+21,10013244998.0,1.0564734387622372e+21,2.6950158901823474e+21,75.0,39,2.481378782598928e-12,0.053661530596069,49.74938130287954,23.02717455346422,52.674440213304,4.330733340286331,2.4813787825989276e-12,0.025,2.550954705818089,-0.7135011390682735,-0.7135011390682735,536.0160490439691
0x03886228bb749eeba43426d2d6b70eba472f4876,1.740980257175584e+21,3.8749975389084e+20,0.0,6.455109651202809e+19,9.497593443185284e+19,33.0,44,0.0,0.2225756164056025,47.40624688756561,0.0,48.908735273663105,3.5263605246161616,0.0,0.022222222222222223,1.4713295290678068,-0.10883849495420377,-0.10883849495420377,590.2366622862031
0x0388efdfbd5f519f6c63319b5710d5231dd64868,8.090025798822738e+21,3200000000.0,1200000000.0,8.090025798827138e+20,1.8446353423511965e+21,10.0,8,0.375,3.9554880040872863e-13,21.886416647064593,20.9055873945737,50.44491887291713,2.3978952727983707,0.3749999999999999,0.1111111111111111,2.28013530268176,-0.3392931894373764,-0.3392931894373764,569.5715939525422
0x03894d4ac41dd6c4c2f524ed4417c90fa46972c6,1.1000000000015988e+18,1e+17,0.0,2.400000000003198e+17,4.277849927239245e+17,5.0,23,0.0,0.0909090909089587,39.14394658089878,0.0,41.5418418536986,1.791759469228055,0.0,0.041666666666666664,1.7824374696806435,0.06372655674710151,0.06372655674710151,605.71071714721
0x038a122489ebd2bf9968e02d1203258b49e4832e,4.51e+19,1.6e+20,0.0,3.418333333333333e+19,5.657916283108709e+19,6.0,107,0.0,3.547671840354768,46.521705489126646,0.0,45.25541392040145,1.9459101490553132,0.0,0.009259259259259259,1.6551680984228307,0.009279480518747168,0.009279480518747168,600.8284015434845
0x038b15767ebe38fc2002b8c597ec9054021dcf7c,1.403933374953317e+22,7.04950000001315e+22,7.048834702943694e+22,3.334791495720052e+21,9.79068630097743e+21,51.0,10,0.9999056249280864,5.021249673081927,52.609828738194146,52.609734358668625,50.99614989660971,3.9512437185814275,0.9999056249280865,0.09090909090909091,2.935921575169848,-0.027956355198021476,-0.027956355198021476,597.4894325054544
0x038c266d54f2a143b8604343bcaf28caba4e8939,1.0902013234170436e+21,4.900000000003e+20,4.505570306884624e+20,1.164473423828711e+20,1.5855644196500213e+20,29.0,9,0.9195041442616052,0.4494582692896404,47.640937064998106,47.55701633713187,48.440649332443606,3.4011973816621555,0.9195041442616052,0.1,1.361614947326828,0.6232206478966638,0.6232206478966638,655.8810278532451
0x038ca2dcaf884d02dd1deae89bf23a7831fb1179,3.5554873031386884e+21,1.1000000000073e+21,1.1037589010848684e+21,1.2613174080977193e+20,3.452145089880788e+20,47.0,6,1.003417182797767,0.3093809388761562,48.44959713268592,48.453008490181524,49.622779082161976,3.871201010907891,1.0,0.14285714285714285,2.7369360540953833,0.01164484154975601,0.01164484154975601,601.0405054776187
0x038db6c62d0f072616e2b8db7d3d7cfc829f7f65,1.7470820288079093e+21,1.000851147176e+19,1.0010455305181385e+19,7.475907843553377e+19,3.462114277929779e+20,24.0,102,1.000194218034007,0.0057287015187198,43.74996755204252,43.75016175121864,48.912233937021824,3.2188758248682006,1.0,0.009708737864077669,4.631028565868731,-0.44702895873587345,-0.44702895873587345,559.910835947478
0x038e8cdb75c6677cfed6854e8b315066f9a909f0,2.330974423345472e+21,963758569.0,963981698.0,1.2958502401115968e+20,3.1969535357395553e+20,18.0,99,1.0002315196016691,4.134573761718029e-13,20.686351375149876,20.68658286795478,49.200573340472616,2.9444389791664403,1.0,0.01,2.4670702190588307,0.3980713004871602,0.3980713004871602,635.6916945010609
0x038f1867a56cad72bce4c0a462a3fd4e4a4b3dd1,5.0163466929543794e+20,779186061.0,779804399.0,6.011041567872068e+19,1.6613708525854464e+20,25.0,121,1.0007935691241787,1.5532938783804397e-12,20.473760422555614,20.474553676969283,47.66440377823818,3.258096538021482,1.0,0.00819672131147541,2.7638651868008597,0.353491093422192,0.353491093422192,631.6941494417495
0x0390969e6ddcc17e2ca8813d9f38e276b76c5113,1.7011233205066377e+20,7.0000000354489e+19,7.0002042743239066e+19,1.1826193186314904e+19,2.509220690333503e+19,33.0,15,1.000029176981996,0.4114928030828548,45.69502692100631,45.69505609756266,46.58299066949485,3.5263605246161616,1.0,0.0625,2.121748436544345,0.5510074691164726,0.5510074691164726,649.4056107330592
0x03917b0fc420092b18dcb24e719f44600211eb45,7.683551860166601e+20,200885345.0,202107483.0,5.488251328700183e+19,1.8663115467742527e+20,14.0,24,1.0060837588725051,2.6144854444392893e-13,19.118244885362714,19.124310212860898,48.09078378192128,2.70805020110221,1.0,0.04,3.400557727767658,0.019205199852211634,0.019205199852211634,601.7184492326703
0x03922322741e50ee5a589aedc9fc7ed74a3e1e32,8.942774545603724e+22,1.65000000000673e+22,1.6501530000067328e+22,3.653319262565713e+21,3.678029205289602e+21,58.0,40,1.000092727272729,0.1845064964561665,51.157647333785576,51.157740056759394,52.84771793876249,4.07753744390572,1.0,0.024390243902439025,1.0067636965039117,0.783993176441812,0.783993176441812,670.2976371395597
0x0392c0d81934b52f64aa50c2cfbbcf28cd6141b2,7.39036823292889e+22,2.846373026346463e+22,9.315250132939774e+18,7.875517526375883e+21,1.1854980112450836e+22,13.0,102,0.0003272673696214,0.3851463061967633,51.702917607343494,43.67818453029006,52.65704960813019,2.6390573296152584,0.0003272673696214937,0.009708737864077669,1.5052953755416507,-0.26751409227079226,-0.26751409227079226,576.00808660548
0x0392ea959f551f01d432e1fa26110ef69d55e4c1,1.5220547659583308e+21,5.075000000128e+19,4.205017199972683e+19,6.012033982106182e+19,2.7004455499431055e+20,52.0,3,0.8285748177077095,0.033343084057377,45.37344329183994,45.18539515066553,48.77434819455692,3.970291913552122,0.8285748177077095,0.25,4.491733676124473,-1.0088805870735258,-1.0088805870735258,509.5291228779532
0x03972ff1fbbc42f532dbfc16e0bfbeec5cb9007d,1.28e+19,2383695482775124.0,2384043946051385.0,3.6580670822078776e+18,5.447528418571787e+18,7.0,136,1.0001461861545566,0.0001862262095918,35.40742840221987,35.407574577690276,43.995976844818394,2.0794415416798357,1.0,0.0072992700729927005,1.4891822091146167,1.0274665128334883,1.0274665128334883,692.1300981585986
0x0398b107763c8e7fae5183241d383440ea3623da,2.174286000005e+20,1.0000000000015e+20,1.827900001500139e+17,2.44316453847068e+19,4.727674968407768e+19,13.0,43,0.0018279000014973,0.4599210959364133,46.051701859882414,39.747114348659885,46.828402194667476,2.6390573296152584,0.0018279000014973972,0.022727272727272728,1.9350620451322926,-0.19787861044674487,-0.19787861044674487,582.2523594486457
0x039a33aca90ecfc1b97f88de30264ebd84cc7c22,5.014295952052474e+21,2.434713347043044e+21,12249975473.0,3.941274761440778e+19,2.0310519145827572e+20,189.0,79,5.031383052907473e-12,0.4855543769901447,49.24411598052616,23.228789771812693,49.96657997600925,5.247024072160486,5.031383052907472e-12,0.0125,5.153286785416308,-1.5989260872276492,-1.5989260872276492,456.61924135872744
0x039b0cac8f2257a805ae79431fc6daf67bd235fa,508748849.0,308918646.0,309971933.0,56457406.03448276,52122267.26304257,29.0,67,1.003409593475947,0.6072124715509676,19.548588521881047,19.55199231586101,20.047465034276264,3.4011973816621555,1.0,0.014705882352941176,0.923213993062428,2.323679395633484,2.323679395633484,808.3626091000899
0x039b27c7e5771ee0108c87b4162999bea4dd1831,3.7084339342894207e+21,4337497350.0,1753889923.0,2.0602410746117613e+20,4.912867750370192e+20,18.0,12,0.4043552725167659,1.169630476599313e-12,22.19056337149874,21.285101971800525,49.6648966202389,2.9444389791664403,0.40435527251676584,0.07692307692307693,2.384608195085126,-0.25225731693086284,-0.25225731693086284,577.3761746179981
0x039e2604295ba89a83588107391aed3cce36b97f,6.515003446680704e+21,17005132233.0,592985834.0,3.2575017233491506e+20,1.1500080900572877e+21,20.0,15,0.0348709922319367,2.610149383982883e-12,23.55678103155881,20.200681069661524,50.22839469248934,3.044522437723423,0.03487099223193673,0.0625,3.530337625961175,-1.0335834585563115,-1.0335834585563115,507.31399539541593
0x039e8cb6cf84518696939ea80ff8e021b871fde9,9.404461740979492e+19,5.943035510864449e+19,3272067.0,1.4343770065686892e+18,3.670012551892287e+18,107.0,4,5.5057167234123743e-14,0.6319378689125775,45.53133679849575,15.000932758884911,45.99030099684627,4.68213122712422,5.5057167234123743e-14,0.2,2.558610835983544,-0.7561151215532997,-0.7561151215532997,532.1948170139713
0x039ec0b36450e9b2c5f59a3a6fe991469ac744f2,1.3468826655328756e+20,2.800000000003e+19,7e+18,1.8854251839257506e+19,2.3076499258035675e+19,9.0,13,0.2499999999997321,0.2078874479311246,44.778736184069096,43.392441822948136,46.34949464552161,2.302585092994046,0.24999999999973216,0.07142857142857142,1.2239413928897878,0.23187794203141823,0.23187794203141823,620.7889947891257
0x039eda3933ce405c2ff54a93a7afa07c08030164,3.615580027383186e+19,9.03958417765684e+19,0.0,1.8355692184303407e+19,3.271721051893952e+19,7.0,12,0.0,2.500175382426629,45.9507299421862,0.0,45.034369059801996,2.0794415416798357,0.0,0.07692307692307693,1.7824013494253923,-0.1636984222426203,-0.1636984222426203,585.3173259770113
0x039f620be875aa9c3d70fe9cf27a7c9192a8001c,243072367.0,185000000.0,185324390.0,69774729.75,38539972.087826416,12.0,2,1.0017534594594597,0.7610902147507371,19.035866388448003,19.037618312382676,19.308869767667606,2.5649493574615367,1.0,0.3333333333333333,0.552348568398803,1.880357633679712,1.880357633679712,768.6095698959241
0x03a151746661bea0942281ec949de76eb6b4f6f2,7.00000000019761e+18,71000000.0,101003007.0,2.258064516312009e+17,1.2572371141840284e+18,31.0,81,1.4225775633802815,1.014285714257081e-11,18.078190449090098,18.43066085654027,43.392441822976366,3.4657359027997265,1.0,0.012195121951219513,5.567764362363813,-0.5732985734701841,-0.5732985734701841,548.5881322689895
0x03a27a0bd8c8451480e04535690cf131423836e3,5.211826796902782e+21,5.000000000415e+19,4163373589.0,4.903487787847945e+20,8.321381383937694e+20,19.0,44,8.32674717730888e-11,0.0095935651648791,45.358554679403966,22.14959154170451,50.00521737998576,2.995732273553991,8.32674717730888e-11,0.022222222222222223,1.6970331616936285,-0.24813486951597968,-0.24813486951597968,577.7458379816433
0x03a3d0eb17509dc9fb2a892ac1eab68419deb19b,3.686022227050857e+20,450000000.0,450001907.0,1.9504250412848062e+19,6.385062180759457e+19,19.0,7,1.0000042377777778,1.2208282323897969e-12,19.92475814295086,19.92476238071965,47.3562497492381,2.995732273553991,1.0,0.125,3.273677298848366,-0.06359290151273192,-0.06359290151273192,594.2938731074534
0x03a493d043b71da48fd882161dae488abe112432,1.9500000000034797e+21,1.6165742861142325e+21,1.617727130609805e+21,2.3785028047633783e+20,3.734268777569878e+20,30.0,18,1.0007131404386886,0.8290124544160759,48.83459622491379,48.835309111188664,49.0221163254524,3.4339872044851463,1.0,0.05263157894736842,1.5700081454986452,0.6786669850356087,0.6786669850356087,660.852948032164
0x03a5bdbd5a37ee782e9203811d227342c3fcfb73,3.477835563074132e+18,1e+18,0.0,1.6889185610021706e+18,6.849088226365925e+17,4.0,23,0.0,0.2875351585386858,41.44653167389282,0.0,42.6929418095451,1.6094379124341003,0.0,0.041666666666666664,0.40553099388651476,0.5579346140769634,0.5579346140769634,650.0267737095252
0x03a673e4a53120a0f6f57e49b202f38553917136,1293861002.0,2.000000000004e+20,0.0,2.8571428571739742e+19,7.559289460170824e+19,7.0,61,0.0,154576109559.87372,46.74484904044286,0.0,20.980896610717682,2.0794415416798357,0.0,0.016129032258064516,2.6457513110309736,0.703625275982887,0.703625275982887,663.090979195181
0x03aaab0b6729ec7ff3d23d34ae2249c4f0e7c9eb,2.1843528935636136e+16,4.031154428961216e+20,5.799022366247327e+20,7.022202564641428e+19,1.3424358617702264e+20,14.0,37,1.438551280641876,18454.684867263728,47.44575465361733,47.8093912056823,37.62268111403656,2.70805020110221,1.0,0.02631578947368421,1.9117019900988497,1.1115949415953963,1.1115949415953963,699.6739658722385
0x03ae6e3226c9fe470b638eaa1301965c613b8b6b,1.1043295162160153e+23,4.968325207598054e+22,2.2772619622377825e+21,2.662187961636719e+21,1.516186069796302e+22,61.0,107,0.0458356059050878,0.4498951748226398,52.259954848824336,49.17726078043523,53.05869551701655,4.127134385045092,0.04583560590508786,0.009259259259259259,5.695263037941722,-1.9070362062536996,-1.9070362062536996,428.9907451016004
0x03af198dc04505a7210ae1e87d6d1d930f7a748b,5.166778753635769e+19,1e+23,1.0045723806259016e+23,2.324489307203855e+22,2.2538912588025867e+22,13.0,61,1.0045723806259017,1935.4418830036373,52.95945713886305,52.96401909791219,45.391366196160725,2.6390573296152584,1.0,0.016129032258064516,0.9696285768308432,1.153070679921014,1.153070679921014,703.3931305809899
0x03af63559532b015e76b2e70f6940304be09784f,1.8888e+22,3000000000.0,3000000000.0,9.4440000000015e+21,1.090499188445192e+22,4.0,133,1.0,1.588310038119441e-13,21.821878125947855,21.821878125947855,51.29281375265817,1.6094379124341003,0.9999999999999997,0.007462686567164179,1.1547005383788846,0.828954711455605,0.828954711455605,674.3293762001592
0x03b16ab6e23bdbeeab719d8e4c49d63674876253,2.49290983498383e+23,3.310640000015363e+23,1.4663222052498569e+23,1.9440576623133791e+21,1.039454255532779e+22,323.2399999999998,0,1.0003897359068326,1.328022359074546,54.15659866304061,53.342214503478296,53.87290777547558,5.781483982320053,0.442912006513258,1.0,5.34682831524583,-3.3919971139361857,-3.345527590534549,300.0
0x03b22fab64e1cc7c11bc828c5f093bd7d70c4348,3.587419384565666e+19,7.080000217622308e+18,0.0,5.369274257913872e+18,6.102651428099683e+18,8.0,57,0.0,0.1973563572768477,43.403805612336065,0.0,45.02654987651892,2.1972245773362196,0.0,0.017241379310344827,1.136587764930218,0.2098209209954836,0.2098209209954836,618.8111229650484
0x03b308b0091c8d1fec5406cff741352a2e66ae28,6.284e+21,3931054097.0,0.0,4.189333333335954e+20,6.206234729994186e+20,15.0,12,0.0,6.255655787714833e-13,22.092173445184088,0.0,50.19229367326833,2.772588722239781,0.0,0.07692307692307693,1.481437316197558,-0.27818692403526213,-0.27818692403526213,575.0510447095834
0x03b5a8ea2afbc9930f089836fdcd4863b4dd2b92,360019950.0,260975455.0,261064414.0,74767368.35,89540258.78312702,20.0,74,1.0003408711367128,0.7248916483655975,19.37993692255091,19.380277735602952,19.701670007323273,3.044522437723423,1.0,0.013333333333333334,1.197584731937751,2.233168371254175,2.233168371254175,800.246408612429
0x03b71fecdeb2185c5fdf464a836334291f552fbb,1.899e+22,1.2e+18,1.2e+18,9.4956e+21,1.0963188791587964e+22,4.0,133,1.0,6.31911532385466e-05,41.62885323068678,41.62885323068678,51.29819947769916,1.6094379124341003,1.0,0.007462686567164179,1.1545546138830578,0.8287683656440729,0.8287683656440729,674.312666412851
0x03b79d2f2b47661e29b11605b55e34e7ac5f011d,1.2902271402824006e+17,4.410265657946451e+20,8.820548732744199e+20,1.0406368303463426e+20,1.3071974025458e+20,17.0,74,2.0000039491614903,3418.208717095461,47.535636787422476,48.22878594256122,39.398764861510784,2.8903717578961645,1.0,0.013333333333333334,1.2561513915577458,1.316619538918682,1.316619538918682,718.0586957787771
0x03b90ee77fc31114c5b5cbd363059db6066cca7d,9.345250313704303e+22,9.20983718564655e+22,4.586002305682591e+18,2.1576753002080324e+21,4.325663179187975e+21,86.0,15,4.979460780077454e-05,0.9855099517388872,52.877144217982845,42.96954036109391,52.891740272260954,4.465908118654584,4.9794607800774545e-05,0.0625,2.004779485945321,-0.5800062650777492,-0.5800062650777492,547.986647861209
0x03baaf9745e06fa191a150be5688501cd210a274,4.899e+21,8.96e+20,8.96e+20,2.8975e+21,2.311133127566072e+21,4.0,109,1.0,0.1828944682588283,48.24447208686775,48.24447208686775,49.9433180555314,1.6094379124341003,1.0,0.00909090909090909,0.7976300699106373,1.0286688924487244,1.0286688924487244,692.2379165606823
0x03bc4c7bb35b0d8209c157b761da5beeb576cf2a,4.2792680185874224e+21,6.545495008089226e+21,8.19394656080404e+20,1.810482348440401e+19,5.724640061035866e+19,323.2399999999998,13,0.1251845208143552,1.5295828584837927,50.23306398086495,48.1550975172372,49.80806892414792,5.781483982320053,0.12518452081435524,0.07142857142857142,3.161941935510847,-0.805309846215392,-0.805309846215392,527.7834842395287
0x03bcc3e7b883f353380babdb76bd914630954a09,9.961990649687524e+20,9337703635.0,7952365993.0,5.140078490769349e+18,3.214850259270739e+19,214.0,0,0.8516404357911495,9.37333105737546e-12,22.95732619557451,22.796735330643962,48.350478775933645,5.3706380281276624,0.8516404357911492,1.0,6.2544769793769275,-3.137410579217946,-3.137410579217946,318.66202929777546
0x03bd0c6e69bfd5edc3739a7003a9d28c58e57f80,5.376726769708291e+23,4.199051244553148e+23,1.4663222052498569e+23,1.1764085359743591e+23,9.737808011249324e+22,34.0,7,0.8116376829710491,0.793619627352136,54.39431574448044,53.342214503478296,54.641536920764615,3.5553480614894135,0.3492032175487058,0.125,0.8277573405385056,-0.003449923530936437,-0.003449923530936437,599.68694506275
0x03bf7fd823908e56c8785e4c7ebfc46fc6a6e41b,3.41398442088241e+23,3.0100500000084847e+23,9.103032683404342e+22,4.330189492514105e+21,9.575376058273675e+21,175.0,0,0.3024213113861458,0.8816824065150477,54.06141382878437,52.86547966578496,54.18733719992155,5.170483995038151,0.3024213113861458,1.0,2.211306473960847,-2.2871812526471738,-2.2871812526471738,394.9028156799785
0x03c04b194242507de3d845887c6c36bdcf3121df,1.975712819691716e+21,2.50000007825e+17,3147205763.0,2.3806780960356254e+19,1.185932478753826e+20,83.0,0,1.258882265796985e-08,0.0001265366126763,40.06023734407293,21.869780837066635,49.03521620747449,4.430816798843313,1.258882265796985e-08,1.0,4.9814902767773415,-3.4224100671074327,-3.345527590534549,300.0
0x03c1f86a157ef2f7baaa6fa37351833d7833c4e9,1.555786036260979e+22,1.3998598703406622e+22,0.0,3.285128022558084e+21,4.398528729372667e+21,9.0,76,0.0,0.8997766001968663,50.9932441848668,0.0,51.09885295334029,2.302585092994046,0.0,0.012987012987012988,1.3389215577503104,-0.13753425753759888,-0.13753425753759888,587.6634888648404
0x03c383f45deeb131f370304336603fda77eb9620,1.0850084412631138e+21,1.000000000002e+21,1.0004240971779365e+21,2.1509140339563387e+20,4.169084003470764e+20,19.0,77,1.0004240971759355,0.9216518157571648,48.35428695287696,48.354710960149106,48.435874719803124,2.995732273553991,1.0,0.01282051282051282,1.938284811784064,0.637072209655379,0.637072209655379,657.1231091695477
0x03c48ba8fcd46b9b4419cd57063978769efb8de8,2.0391892052603507e+22,9.95894815841753e+21,4.972697012860344e+18,8.93028188972629e+20,1.938998130696119e+21,34.0,120,0.0004993194997864,0.4883778382470416,50.652758412310114,43.05049402533868,51.369424326319795,3.5553480614894135,0.0004993194997864617,0.008264462809917356,2.171261954145939,-0.47041849003389063,-0.47041849003389063,557.8134767956074
0x03c559e75e6f0340dd23559fb19758584a3774a0,6.472503599809588e+19,2.9e+19,2.9098060602408653e+19,8.528404672376114e+18,9.827909572544471e+18,22.0,75,1.003381400083057,0.4480491907467327,44.813827503879295,44.81720319988399,45.616679755700154,3.1354942159291497,1.0,0.013157894736842105,1.152373738124495,1.076150039903528,1.076150039903528,696.4955914104597
0x03c5c835b457a754d82a5aa92f684743edc9b4df,6.000000000012967e+19,3e+19,0.0,1.125000000003246e+19,2.2320714274266653e+19,8.0,45,0.0,0.4999999999989194,44.84772905555498,0.0,45.540876236117086,2.1972245773362196,0.0,0.021739130434782608,1.9840634910402,-0.1586263824170979,-0.1586263824170979,585.7721400992426
0x03c65122e67c382ac316312ec5ffc1efdd1df219,5.222e+21,1.111e+21,1.111e+21,3.1665000000000004e+21,2.373486956638552e+21,4.0,110,1.0,0.2127537342014553,48.45954746353245,48.45954746353245,50.0071674231519,1.6094379124341003,1.0,0.009009009009009009,0.7495616474462504,1.0450090957380314,1.0450090957380314,693.7031564783013
0x03c860ca0b89eb6669102657b218372e4fc0e460,3.2002450000022146e+21,2.42300000000099e+21,680000000.0,2.4448891304367715e+20,2.7744392162246777e+20,23.0,1,2.806438299627413e-13,0.757129532269971,49.239293394709755,20.337603357605015,49.51751432225058,3.1780538303479458,2.8064382996274126e-13,0.5,1.1347914233350258,-0.9385658433730651,-0.9385658433730651,515.8343057109286
0x03ce47abe931e23bf221eb5453c1e03a4f60d949,2.882540009309551e+21,1.9585909715642907e+21,1.9142800259091944e+21,7.993947861751793e+19,1.1256513223794786e+20,115.0,30,0.9773761105312836,0.6794670551800696,49.026512275531545,49.003628539232125,49.412958806012405,4.7535901911063645,0.9773761105312836,0.03225806451612903,1.4081294272199611,0.744914553272701,0.744914553272701,666.7934237843658
0x03d11a35efea67f3b98dcb9d3ddad6b15cdb43f6,1.4306526467150756e+22,16114318099.0,3885559690.0,1.859136719361496e+20,1.4159918654188285e+21,77.0,21,0.2411246734815992,1.12636132439276e-12,23.50297403670481,22.08053287499718,51.015002782327954,4.356708826689592,0.24112467348159922,0.045454545454545456,7.616394483914762,-2.473545159004328,-2.473545159004328,378.1914057933825
0x03d225884a6f01eb076ebb6a1081e1bfced8cb7d,2347310569.0,1367848469.0,1368263882.0,743116693.9,125258072.33383057,10.0,74,1.0003036981138005,0.5827300771634706,21.03650488246773,21.036808534474375,21.57653607143503,2.3978952727983707,1.0,0.013333333333333334,0.16855774249459424,2.5564991619462707,2.5564991619462707,829.2397554349501
0x03d59b1566576e7b64e7c43fcc3fff5ecd4c1b43,5.9e+21,700000000.0,700000000.0,2.95000000000035e+21,3.406366588218388e+21,4.0,132,1.0,1.1864406779661016e-13,20.36659089443625,20.36659089443625,50.12923930378663,1.6094379124341003,0.9999999999999987,0.007518796992481203,1.1547005383789777,0.8816155220988798,0.8816155220988798,679.0515158506001
0x03d813abfba88e76407d09ef92e05f164ac1a985,1.232264656619056e+21,2.0020000000423077e+21,2.0022367724835009e+21,2.5874364925240136e+19,1.8603985907834133e+20,204.0,93,1.0001182679526417,1.6246509946452263,49.048433633789124,49.04855189474866,48.56314061360035,5.3230099791384085,1.0,0.010638297872340425,7.190122718600976,-1.4485708316258707,-1.4485708316258707,470.1017249258507
0x03dda9a1e37e1be2585dfa97167ffe9e8078c836,2.4e+17,600000000.0,200000677.0,4.8000000160000136e+16,1.0733126283054712e+17,5.0,26,0.3333344616666667,2.5e-09,20.21244021484709,19.113831314506566,40.019415318252676,1.791759469228055,0.33333446166666614,0.037037037037037035,2.236067968182832,0.25894048093588845,0.25894048093588845,623.2157156550096
0x03dde38028cc5a59b8d85930ff8f5fabbd6e2dbe,8.018240846706907e+18,5.389414542127455e+18,2.7754848938735887e+18,1.4581950827099366e+18,9.775839639886572e+17,13.0,44,0.5149881999572395,0.6721442577196828,43.130968433642884,42.46735714235759,43.5282507259143,2.6390573296152584,0.5149881999572395,0.022222222222222223,0.6704068444476559,0.912057530058753,0.912057530058753,681.7812765791261
0x03df1de3f2b9c9113a431eabc78264a01a2c2d50,5.750000000052e+20,3.40000000004e+20,3.400003665478237e+20,1.307143287363543e+20,1.9482594775298792e+20,14.0,90,1.0000010780700697,0.591304347827696,47.2754772915148,47.275478369584285,47.800901714699215,2.70805020110221,1.0,0.01098901098901099,1.4904712408839604,0.8471672326194932,0.8471672326194932,675.9625084530041
0x03e08a0f18c2b5edb385f4dfe2f5a2b525bc0878,1.8852e+22,2009000000.0,2009000000.0,9.426000000001004e+21,1.0884207274761665e+22,4.0,133,1.0,1.0656694249946957e-13,21.42090292327697,21.42090292327697,51.290905961936446,1.6094379124341003,0.9999999999999996,0.007462686567164179,1.1547005383790054,0.8290412340193211,0.8290412340193211,674.3371347519891
0x03e494ce05a440729ab5fef38d46a84406e54501,1.05217080776495e+21,1.88317561842405e+20,1.8831759833693192e+20,1.867752051757464e+20,2.30971226743999e+20,9.0,40,1.0000001937924776,0.1789800291479615,46.68466137043485,46.68466156422731,48.40514241880632,2.302585092994046,1.0,0.024390243902439025,1.2366268131075873,0.8942547637458146,0.8942547637458146,680.1848873920449
0x03e4c2f13d937db549d35f606fc74a1034de362b,5.568136740972185e+21,4.092115224337797e+21,4.3517864398254087e+21,6.881786226800025e+20,7.467538511540427e+20,30.0,29,1.0634564769689818,0.7349164387840308,49.76334895900822,49.82487338949325,50.071347433969784,3.4339872044851463,1.0,0.03333333333333333,1.0851163150722822,0.8613002761220798,0.8613002761220798,677.2298304765304
0x03e94fea140cdef59f28a97e8a465cc2457c045f,4.3488981752268414e+21,5.907581010751741e+20,1.1007310513762672e+17,2.0582838291622733e+20,5.872028519764701e+20,24.0,38,0.0001863251725829,0.1358408675651183,47.827938303069665,39.239921132119775,49.824209472840145,3.2188758248682006,0.00018632517258298232,0.02564102564102564,2.8528759914295354,-0.705140866131703,-0.705140866131703,536.7657218241645
0x03e9a17304a1c1fe229965616b7dddcd96579a29,3.4015011207731472e+22,5.219526375906055e+21,19412910608.0,1.4531310216170748e+21,5.563737573718858e+21,27.0,16,3.719285852757114e-12,0.153447733532414,50.00669361806801,23.689204176981164,51.88108888616573,3.332204510175204,3.719285852757114e-12,0.058823529411764705,3.828792786714727,-1.2508587806919653,-1.2508587806919653,487.83073258221555
0x03ea93102dbd5cecf952b6715d591bf58b6a657b,15527733746.0,1.000000000001e+22,10000000357.0,1.428571428578722e+21,3.359421718940623e+21,7.0,65,1.000000035699e-12,644008981837.8059,50.65687204587,23.025850965740457,23.465893536027785,2.0794415416798357,1.000000035699e-12,0.015151515151515152,2.35159520324643,0.7095726904742866,0.7095726904742866,663.624288907743
0x03eb284b79b93e3e6813ea28c210d3a08a9eaff2,1999976502.0,1592529686.0,1593105683.0,731507626.0,349211757.939983,12.0,18,1.000361686821328,0.7962741984255574,21.18858958699508,21.18895120842327,21.416401268937342,2.5649493574615367,1.0,0.05263157894736842,0.4773863532353422,2.364244901855694,2.364244901855694,812.0001525224598
0x03eb2f2d7eeab4b9cbb59bd58cedbe2d30948562,6.493867119854316e+21,7.20000000005075e+20,3.750076094127795e+20,1.049016145931334e+20,1.874505370258285e+20,75.0,88,0.5208439019585226,0.1108738424603347,48.02578288590997,47.37347799142477,50.22514516435894,4.330733340286331,0.5208439019585226,0.011235955056179775,1.7869175584462218,0.19199596805364366,0.19199596805364366,617.2127442840956
0x03ecd5763053a58a82827a9b0bb2f5199e82fee8,1.4314881356328592e+16,12469433.0,0.0,2862976273759605.0,2628692944682977.0,5.0,13,0.0,8.710818266396093e-10,16.33879092769267,0.0,37.20007604535996,1.791759469228055,0.0,0.07142857142857142,0.9181679110567788,0.5453278640716331,0.5453278640716331,648.8963157212
0x03ed358b4ea92c6ff41ebf5f0f8f22847b993d2f,6.627225673604308e+21,3260000000.0,3262498929.0,4.802337444648772e+19,1.3413726254221674e+20,138.0,1,1.0007665426380368,4.919102141012506e-13,21.904993032631776,21.90575928162582,50.24547321906116,4.9344739331306915,1.0,0.5,2.7931661214620687,-0.7383312177399461,-0.7383312177399461,533.7895147846822
0x03ee8da73fb9ac917e03348e5a498699e4a846eb,1.533483677608918e+21,1.0000000000016008e+21,0.0,2.1351062921582117e+20,5.141821974420488e+20,19.0,31,0.0,0.6521099732609148,48.35428695287656,0.0,48.781829013509764,2.995732273553991,0.0,0.03125,2.4082276340551756,-0.4925624488482966,-0.4925624488482966,555.8278091870402
0x03ef433cfeb13c0ed1242557fbdbd716478fddc4,2.4069370402979057e+20,1.51e+20,1.5170701578868746e+20,3.922346495213999e+19,3.60292950291686e+19,20.0,52,1.004682223766142,0.6273533435727542,46.46381151070775,46.46848280696096,46.930056861421555,3.044522437723423,1.0,0.018867924528301886,0.918564820143532,1.098188032237095,1.098188032237095,698.4717569146218
0x03f2c10fa31be77d666ee1e326e3a1178c425974,1.6141841799557808e+21,927192409.0,929277613.0,4.98778557203235e+19,8.532359297429768e+19,65.0,76,1.0022489442102411,5.74403107472779e-13,20.64767166402016,20.6499180831381,48.83311663018729,4.189654742026425,1.0,0.012987012987012988,1.7106507836408706,0.709064858742048,0.709064858742048,663.5787512046719
0x03f4ac46922f745a7088e92df0a9b37f299e5614,1.5066277000496571e+23,99900000000.0,100491614526.0,1.750577754050764e+22,3.8120570553261344e+22,23.0,13,1.0059220673273273,6.630702461975668e-13,25.32743552261093,25.333340123422147,53.36933098090573,3.1780538303479458,1.0,0.07142857142857142,2.177599393403231,0.20358232237409352,0.20358232237409352,618.2517025240527
0x03f5c2747f164d5ff2e52161190b077c7219070a,4.000000000189077e+19,2.5e+20,2.500520626841008e+20,5.35400763149822e+19,1.3591604059713964e+20,20.0,76,1.000208250736403,6.249999999704567,46.96799259175507,46.968200820810296,45.13541112805403,3.044522437723423,1.0,0.012987012987012988,2.538585111413187,0.5482057240367663,0.5482057240367663,649.1543758703655
0x03f8420b1754b086ed30543f071fbd8282c5fa84,5.941084676317454e+20,5.000000000023387e+20,5.001521093658732e+20,3.322251202083244e+19,6.940445683128057e+19,48.0,2,1.0003042187270677,0.8415971615342482,47.66113977231969,47.661443944781624,47.83359358202577,3.8918202981106265,1.0,0.3333333333333333,2.0890791397038235,-0.02313997260065624,-0.02313997260065624,597.9213216267362
0x03f938f62fbe032d3197b4f74fa4c228de73088c,3.073235897501987e+22,5.30000000000287e+22,26995167781.0,1.0933698675017653e+21,2.580938091635444e+21,83.0,1,5.093427883204789e-13,1.7245666056129505,52.32457886642762,24.018923715896477,51.77960309063407,4.430816798843313,5.093427883204789e-13,0.5,2.360535229979051,-1.527582069162595,-1.527582069162595,463.0167200988272
0x03f9bb84628bd284686819a5ba7ab5c0193145e6,5.0000000000110246e+17,2.500000011032682e+17,0.0,1.8750000027609267e+17,2.3935677703482384e+17,4.0,23,0.0,0.500000002205434,40.06023731718601,0.0,40.75338449333508,1.6094379124341003,0.0,0.041666666666666664,1.2765694756393193,0.3002340407290302,0.3002340407290302,626.9185442599079
0x03fde9f49e46f4b0518a26bfc8bd29569dbc40c2,0.0,8.000003704778436e+20,1.6000017820068432e+21,3.4267808269602816e+20,2.797443684341725e+20,11.0,70,2.0000013013133424,0.0,48.13114386465795,48.82429169587435,0.0,2.4849066497880004,1.0,0.014084507042253521,0.8163474192258718,3.276502573911878,2.7880152518709047,850.0
0x03fe5965c7d96414e4b3d09642994c29552711b2,1.2488823157146795e+21,2.3181235528e+17,1.5745264246407107e+17,1.223514387141817e+20,2.272180650836585e+20,15.0,9,0.6792245489844068,0.0001856158521608,39.98470462586265,39.59790112519444,48.57653595677265,2.772588722239781,0.6792245489844068,0.1,1.857093528866872,0.20625594653478116,0.20625594653478116,618.4914486750394
0x03fe76bddaabd0288b14fb9b9929922ad7159ee7,3.662803399141692e+21,1.1886222377367395e+21,554592630.0,4.042854697399155e+20,7.033191716522479e+20,12.0,47,4.665844306059779e-13,0.3245116126121512,48.527081805834904,20.133744404003945,49.65251576314325,2.5649493574615367,4.665844306059779e-13,0.020833333333333332,1.7396597807601308,-0.2463350859329483,-0.2463350859329483,577.9072261052941
0x03fef33df5b760df1bb3d4d5aedf69402b48cdc5,5.6153533217349766e+17,5.00000004e+16,5.0000130434287016e+16,1.5288451625014496e+17,1.942183027484632e+17,8.0,23,1.0000026006857194,0.0890415928174426,38.45079940833883,38.45080200902117,40.869451091728386,2.1972245773362196,1.0,0.041666666666666664,1.2703595335363405,1.188794857997552,1.188794857997552,706.5965479935584
0x0400083c67fd63db5f1ae087efd9583430b663cf,6.262583563994712e+22,2.0000000003850027e+20,16938970225.0,6.221267959136813e+20,2.228714499284166e+21,101.0,1,8.469485110869613e-11,0.0031935701614961,46.74484904063336,23.552882734830238,52.49146485574301,4.624972813284271,8.469485110869613e-11,0.5,3.582412000130911,-2.0447574443320304,-2.0447574443320304,416.6411646243283
0x040020bead45659c621ee4c6e8a8f326ca469693,2.8909710403913767e+21,9e+20,9.007161114764859e+20,9.64368710465707e+20,7.57033634075423e+20,11.0,72,1.0007956794183177,0.3113140835468759,48.248926437217136,48.2497218002504,49.41587939869932,2.4849066497880004,1.0,0.0136986301369863,0.7850043514060518,1.048576150709078,1.048576150709078,694.0230173294414
0x04007f94d19462042fd84e93fcec9a5b05cf5db6,9.710858420477514e+20,450000000.0,78352616.0,1.94217168409656e+20,4.342827909612201e+20,5.0,44,0.1741169244444444,4.633987856841518e-13,19.92475814295086,18.176729927612445,48.32494654409301,1.791759469228055,0.17411692444444404,0.022222222222222223,2.2360679774982684,-0.23064106032316184,-0.23064106032316184,579.3145227211594
0x0402f615b6aa30ece82c93396db6432d4974b1fb,1.0206e+20,4.9e+19,4.9e+19,7.553e+19,3.0634205283201544e+19,4.0,141,1.0,0.4801097393689986,45.33835197200345,45.33835197200345,46.07209254952865,1.6094379124341003,1.0,0.007042253521126761,0.4055899018032774,1.3638272772227695,1.3638272772227695,722.2918537976204
0x0405c2898a3dee1ef160f0b5f97b0e1475f2024e,1.07557969368e+20,1.7e+20,0.0,3.095743281502283e+19,3.313322057496349e+19,9.0,62,0.0,1.5805430411052124,46.58233011094308,0.0,46.124561626052426,2.302585092994046,0.0,0.015873015873015872,1.0702832102694513,0.18901578268485578,0.18901578268485578,616.9455085290111
0x0405e13dc7a586cc2c371f531e90ae50cf49beec,1.1042556368036696e+23,8.248200000009414e+22,7.099730511322679e+22,4.192983436425296e+21,4.745658030193156e+21,88.0,68,0.860761197754004,0.7469466059402962,52.76686704059344,52.61692887304419,53.058628614989004,4.48863636973214,0.860761197754004,0.014492753623188406,1.1318093911286804,0.6200757346506395,0.6200757346506395,655.5990208093951
0x04063f483786be70695cccd10ae7ef4c7f6224e3,2.4410061104992858e+17,4.9110983000099e+20,1.0983436667179482e+17,1.89118413476158e+19,6.5572568038456975e+19,26.0,7,0.0002236452214193,2011.9156108975817,47.643199463029674,39.237749868381805,40.03635687558352,3.295836866004329,0.00022364522141935826,0.125,3.4672757048442375,-0.6996082177730851,-0.6996082177730851,537.2618391050617
0x040887454f6f08dc089d8c5671df51da5057a4bd,3.936807034939483e+20,1.1921084092303049e+20,9.10192882045323e+19,7.078896079048417e+18,1.5823933753014288e+19,123.0,2,0.7635151929118569,0.3028109832791512,46.227425371729474,45.95760311624125,47.422071857417926,4.820281565605037,0.7635151929118569,0.3333333333333333,2.235367432479871,-0.27332292112422657,-0.27332292112422657,575.4872039848678
0x0408c8e4e0d9c052840655dbe768c743d4bd1f2b,2.1002e+22,2356000000.0,2356000000.0,1.050100000000118e+22,1.2125510353519162e+22,4.0,135,1.0,1.1217979240072373e-13,21.580231103160198,21.580231103160198,51.39890462415876,1.6094379124341003,0.9999999999999996,0.007352941176470588,1.1547005383789926,0.8243581769164607,0.8243581769164607,673.9172010411221
0x0409b96fbf7988e5d186a350c018acc48cbf59b2,1.4009224117236673e+21,1.0098283144417828e+21,5.002116384678696e+19,4.472597035002822e+19,6.518255776022108e+19,61.0,89,0.0495343249257551,0.7208310081921739,48.36406728357772,45.35897786670029,48.69141783805649,4.127134385045092,0.0495343249257552,0.011111111111111112,1.4573760446134167,-0.02753264937499045,-0.02753264937499045,597.5274265667424
0x040c1749900642febd1cec7955633923ac1d8666,1.5736920156666756e+21,2380006736.0,1811355471.0,4.431494369194254e+19,1.3234330867560995e+20,53.0,19,0.7610715732865052,1.512371361299523e-12,21.590369155298056,21.317341281511776,48.80771141388105,3.9889840465642745,0.7610715732865049,0.05,2.9864261950912274,-0.08151978948393054,-0.08151978948393054,592.6863538257762
0x040cc4bff13c6baecc8f49d56b10012e2715fb0c,1.088621657308966e+22,9.902000000014058e+21,9.902006942731193e+21,1.3862523813959956e+21,2.626096398876629e+21,30.0,77,1.0000007011429142,0.9095905757094204,50.64702370981561,50.64702441095828,50.74178440733262,3.4339872044851463,1.0,0.01282051282051282,1.8943854915019696,0.5499151151734449,0.5499151151734449,649.3076584265209
0x040df4fd17862caf41045d1c7e7ca420322617d4,8.0107547091116e+22,4.199051244553148e+23,1.4663222052498569e+23,1.1396121321323295e+22,4.558256699474573e+22,172.0,0,0.6607275557214305,14.131296502110848,54.39431574448044,53.342214503478296,52.737657023373636,5.153291594497779,0.3492032175487058,1.0,3.9998316716281472,-2.8894957000175228,-2.8894957000175228,340.8927672356486
0x040e07a1623f39d6161be7337a8810328e79b97a,4.590000007981376e+16,80000000.0,40023672.0,5100000031085501.0,1.5299999988342938e+16,9.0,52,0.5002959,1.7429193869475172e-09,18.197537205138154,17.50498166201886,38.36524151371604,2.302585092994046,0.5002958999999938,0.018867924528301886,2.9999999794287127,0.21520618610366826,0.21520618610366826,619.294024264608
0x040fa9bbed1f3cbae34ec655f9c49e25532cab72,7.553082553567699e+19,2685529088.0,130546075.0,9.939532211873295e+17,6.906969596954873e+18,77.0,0,0.048610933161488,3.555540494829479e-11,21.711143599126007,18.687236795208424,45.77107253206282,4.356708826689592,0.04861093316148805,1.0,6.948988593954284,-4.011828117616417,-3.345527590534549,300.0
0x0415a37766ef8a945c1a38dd839c8b1f4feaecaa,3.871825610029903e+23,3.28461555650586e+23,1.6995003391243924e+22,1.1290036495603128e+21,4.069010577566241e+21,323.2399999999998,54,0.0517412254155035,0.8483376802914664,54.148706753968085,51.18720633556664,54.31318326853116,5.781483982320053,0.05174122541550352,0.01818181818181818,3.6040721207153807,-1.146269348036432,-1.146269348036432,497.20935590621656
0x0416c2fe328fff0fd6039554c75c3d3fb2db94c4,1.1405669142278023e+19,30077000000.0,15970840855.0,1.900944864720977e+18,4.656344925171647e+18,6.0,68,0.5309984657711873,2.637021960290951e-09,24.127026597044974,23.49403045001017,43.880642198866276,1.9459101490553132,0.5309984657711873,0.014492753623188406,2.4494897309160577,0.21947082102671492,0.21947082102671492,619.6764377029652
0x0417beec20510b679ec207a0ee12720ee924b772,2.0472924218329575e+21,4.0000000000175e+20,500000000.0,1.6315282812234718e+20,5.131656742523669e+20,15.0,61,1.2499999999945312e-12,0.1953800032355059,47.43799622100518,20.030118658386467,49.07080510320245,2.772588722239781,1.2499999999945312e-12,0.016129032258064516,3.1453066438269004,-0.7685587782759918,-0.7685587782759918,531.0789837389245
0x0418936e04d12847b8ff2a732c382fc8fb78e7d0,2.001e+22,2000000000.0,2000000000.0,1.0005000000001e+22,1.1552778886483257e+22,4.0,135,1.0,9.995002498750624e-14,21.416413018006356,21.416413018006356,51.3505191014706,1.6094379124341003,0.9999999999999996,0.007352941176470588,1.1547005383790208,0.8265525682741456,0.8265525682741456,674.1139739793304
0x041a89f3b7ad2eecbfd280a4ec567ed88bd67f49,2.54e+20,115000000.0,115428371.0,3.62857142857472e+19,6.919709600290541e+19,7.0,64,1.0037249652173914,4.52755905511811e-13,18.560442695023177,18.56416073970579,46.98386594091136,2.0794415416798357,1.0,0.015384615384615385,1.9070065827555058,0.7103150462654484,0.7103150462654484,663.6908565825158
0x041b26d91b8522a00d1c2a484c397a612c82fc3a,4.994592443625371e+21,90000000000.0,30102254527.0,1.3490046794356992e+20,4.950858664873794e+20,39.0,4,0.3344694947444444,1.8019488279742936e-11,25.22307550728779,24.12786590715874,49.96264276877881,3.6888794541139363,0.33446949474444443,0.2,3.670008518387633,-1.079185058049431,-1.079185058049431,503.2248612089203
0x041c2b12b643aff71468172aff2c409624d95921,4.8506562746544987e+20,2.5631333995967047e+20,1.9100345943878173e+20,8.517730157751456e+18,1.7338790705104e+19,130.0,28,0.7451951563224727,0.5284096119095288,46.99293235413184,46.69882321402036,47.63081587003789,4.875197323201151,0.7451951563224727,0.034482758620689655,2.0356116458238636,0.3654143213859356,0.3654143213859356,632.763315427633
0x041df04f972ae342ebf9d9723f7c497f4adbd798,5.055e+19,75000000.0,0.0,1.0210000002701685e+19,2.224456113153051e+19,5.0,40,0.0,1.483679525222552e-12,18.132998684833918,0.0,45.3694946193593,1.791759469228055,0.0,0.024390243902439025,2.1787033423745683,-0.233286811379025,-0.233286811379025,579.0772759751737
0x0421267a711db1c6b8f9fa72f3dda8d4df1f6bad,2e+21,1.09470829932453e+21,1.095793340475938e+21,6.984169399667446e+20,3.756469880691825e+20,6.0,74,1.0009911692019486,0.547354149662265,48.44477488734349,48.44576556566159,49.047434133434905,1.9459101490553132,1.0,0.013333333333333334,0.5378549209975764,1.1640803934747623,1.1640803934747623,704.3803809532702
0x0421fa1f9f228934332cc11de6f66497f43fb734,6.006286526184298e+20,79124726.0,79141380.0,8.443023014481033e+18,2.9933950502439887e+19,72.0,25,1.0002104778220653,1.3173651582397408e-13,18.186535988185696,18.186746443857754,47.84450853496152,4.290459441148391,1.0,0.038461538461538464,3.5454067164212075,-0.024094801926556726,-0.024094801926556726,597.8357012695074
0x04243edabb0bea3ed3ab4ffb424fe76f05899cbc,2.1750000014805578e+19,1.6156870671178072e+19,1.5406870656372494e+19,1.0662748268471228e+19,9.19778946672912e+18,5.0,23,0.9535801189432376,0.742844628054245,44.22887706164833,44.18134523033633,44.52614543210823,1.791759469228055,0.9535801189432377,0.041666666666666664,0.8626096420119138,1.143390667967604,1.143390667967604,702.5251156814172
0x0425cc2a2750fa8042700973e776774a6f639e96,3.200000000024e+20,2.20000000002e+20,2.20000088683931e+20,6.750027468497674e+19,9.685058835345203e+19,16.0,31,1.0000004030996863,0.6875000000010938,46.84015922025427,46.84015962335388,47.214852669694096,2.833213344056216,1.0,0.03125,1.4348176923050013,0.8561527796264174,0.8561527796264174,676.7682500905518
0x04261f3a4f4e244b80ed7e3d8b7ff28abd6c4dc9,2.645066650118143e+20,1.2991994117701215e+21,1.2990149790807218e+21,5.733795157840578e+19,1.553977222205531e+20,50.0,18,0.9998580412770136,4.911783269098691,48.61603519053699,48.61589322173691,47.02439812340608,3.9318256327243257,0.9998580412770135,0.05263157894736842,2.710207078257011,0.31666368602004935,0.31666368602004935,628.3918045178434
0x0426266cf573388100183343b6e26b8bf5e4fdbb,2.7221400001081453e+23,4.199051244553148e+23,1.1770807959813152e+23,7.044285386652938e+21,4.076419771622951e+22,193.0,1,0.1213954669042703,3.561995341791244,54.39431574448044,53.12249461047874,53.96087547457945,5.267858159063328,0.2803206551737563,0.5,5.786846426390802,-2.7363418449834227,-2.7363418449834227,354.62620359259097
0x0428305a45309c9f296a6cce4bc9550af727a324,2.39973598703201e+21,1.90000000000525e+21,1.900184554691324e+21,7.166517118113191e+20,9.852033152460552e+20,12.0,106,1.0000971340453018,0.791753763860985,48.99614083905012,48.99623796837821,49.22964567877449,2.5649493574615367,1.0,0.009345794392523364,1.374730987184805,0.8315190320521403,0.8315190320521403,674.5593210076436
0x04288d0b8bc6298a7cc26f367f42932d71c79d9a,1.991977175873093e+18,4.146226093965811e+20,0.0,3.077899380023168e+19,1.2494519161928987e+20,33.0,22,0.0,208.1462651372248,47.47390040544328,0.0,42.135659375094555,3.5263605246161616,0.0,0.043478260869565216,4.059430676331901,-0.8703565482401427,-0.8703565482401427,521.9506911812866
0x042a154ede61e25b4220cbc83e76c79f8c0d3926,4.110326719974894e+23,89973994093.0,89979443133.0,6.227767757541851e+21,2.0817664530257044e+22,66.0,72,1.000060562388665,2.1889742646431174e-13,25.222786511010167,25.222847071565003,54.37295965812289,4.204692619390966,1.0,0.0136986301369863,3.3427168996542576,-0.1912438191519129,-0.1912438191519129,582.8473068234205
0x042a1ccde458f357618d8687b4fb99fa10775599,1.2996323804390206e+22,5.041280000523544e+21,5.055644559408266e+21,1.752436442480782e+20,5.946996252656239e+20,206.0,2,1.0028493872356288,0.3879004614228356,49.97194697107158,49.97479230649836,50.91895348606781,5.332718793265369,1.0,0.3333333333333333,3.393558880935824,-0.6807390310692449,-0.6807390310692449,538.9538551150195
0x042a62b83529ba7bdbfd79c96804f9a36ae04c4c,1.013665653729819e+19,6.416144918943396e+19,4.445111600544883e+16,1.7288966707651996e+18,7.268458479549714e+18,43.0,31,0.0006928009975929,6.329646166203778,45.60793422431311,38.33316646353965,43.762689887633464,3.784189633918261,0.0006928009975929439,0.03125,4.204102305508366,-0.9769925458293551,-0.9769925458293551,512.3885506401657
0x042e091145d2e0f6273bb1e4a88f1f194dd97071,4.390994574220497e+16,50000000.0,0.0,2927329719480331.0,2888965911141264.5,15.0,2,0.0,1.138694187725708e-09,17.72753358339242,0.0,38.32091724382436,2.772588722239781,0.0,0.3333333333333333,0.9868946063425076,-0.04568715888485002,-0.04568715888485002,595.8994962682224
0x0430605323465e26dc21fbaaa9a1a4be6ae9d496,2.4613024722904186e+21,6115000000.0,2140092438.0,7.623475765631385e+18,4.532749328945413e+19,323.0,2,0.349974233524121,2.4844569364567184e-12,22.53401060624908,21.484114860841654,49.25497762298525,5.780743515792329,0.34997423352412094,0.3333333333333333,5.945777842411762,-2.197506445422642,-2.197506445422642,402.9440318646118
0x04371e418fcc889954ab64a59235eadeb033eee3,1.1472433969955e+21,600000000.0,0.0,1.912072328326833e+20,3.7788635250376606e+20,6.0,77,0.0,5.229927682053623e-13,20.21244021484709,0.0,48.49164897164499,1.9459101490553132,0.0,0.01282051282051282,1.9763182956286862,-0.27191086101260536,-0.27191086101260536,575.6138246152843
0x04379cffc95575cff92a5884863a26600c0f3ddb,2.05034e+20,5.000000000004726e+19,6.305172517456417e+18,2.177826437645864e+19,4.509912593938702e+19,12.0,12,0.1261034503490091,0.2438619936208007,45.35855467932191,43.28790200494274,46.76970749293757,2.5649493574615367,0.12610345034900913,0.07692307692307693,2.0708319616202853,-0.24445738231922182,-0.24445738231922182,578.0756013843269
0x04381813e17b6198435cdb83712d11d0eabd3217,3.153868615709245e+20,11000000000.0,11003330617.0,1.5018421981474937e+19,6.419983816197557e+19,21.0,78,1.0003027833636364,3.487780037890485e-11,23.12116110983569,23.121463847369668,47.20033169115247,3.091042453358316,1.0,0.012658227848101266,4.274739266293448,-0.23377637496783985,-0.23377637496783985,579.0333763920507
0x04386ac720b8204c01bd23497f4a63e2b209259a,200000003041058.0,22662222593450.0,0.0,31808889376358.285,47056312136068.25,7.0,23,0.0,0.1133111112443217,30.751720451160235,0.0,32.92933849768188,2.0794415416798357,0.0,0.041666666666666664,1.479344707050429,0.5746024397885676,0.5746024397885676,651.5213918082205
0x043abfff63616d247b9247765b89f6c5b5fd94eb,4.100733441742771e+19,1.7e+19,0.0,6.445259379715454e+18,5.702277369036301e+18,9.0,1,0.0,0.4145599864392836,44.27974501794904,0.0,45.16028261282848,2.302585092994046,0.0,0.5,0.8847242652456364,-0.6417187555388565,-0.6417187555388565,542.4528363878554
0x043b2116f729e188668810d8ae0f86eb1152ae4f,1.798881377191166e+21,1.786571031956249e+21,800000000.0,5.122074870211736e+20,8.705676386427559e+20,7.0,22,4.4778516257706294e-13,0.9931566664756192,48.934585110966786,20.500122286882203,48.941451967476546,2.0794415416798357,4.477851625770629e-13,0.043478260869565216,1.6996386439130056,-0.2425520791150424,-0.2425520791150424,578.2464515420943
0x043b2c863b8dab9f264ceee9d8d2cb8b9f7c66e1,5.36e+21,3700000000.0,0.0,7.657142857148141e+20,1.4031732744370148e+21,7.0,12,0.0,6.902985074626866e-13,22.03159865686686,0.0,50.03325092795767,2.0794415416798357,0.0,0.07692307692307693,1.8325024106440906,-0.41029102047706084,-0.41029102047706084,563.2051580972557
0x043bd112d6db10daa0f15a255697d0b88e3daf43,3.808368471576219e+19,9.286916546387792e+18,15738720.0,2.78650595659898e+18,5.432335019782246e+18,17.0,75,1.6947196544068957e-12,0.2438555149193348,43.67513826057846,16.571634539710377,45.086317641628554,2.8903717578961645,1.6947196544068957e-12,0.013157894736842105,1.9495149496872368,-0.10749554483479709,-0.10749554483479709,590.3570857648763
0x043be978300c684c8f691e086414155d5f9d6f2e,4e+21,6e+20,6e+20,2.3e+21,1.962990915244728e+21,4.0,130,1.0,0.15,47.84346132910897,47.84346132910897,49.74058131399485,1.6094379124341003,1.0,0.007633587786259542,0.8534743109759687,1.0185561562342407,1.0185561562342407,691.3310989088169
0x043be9f76411e021f3aca8b45db64b0c36075a0d,1.174933623757592e+22,4.333446337068316e+21,4.162694560100032e+21,1.4453033792889206e+20,2.837505483745645e+20,195.0,5,0.9605967713254752,0.3688247786465915,49.820650099113365,49.78044954825436,50.81808370145041,5.278114659230517,0.9605967713254753,0.16666666666666666,1.9632594266414007,0.18271120624317339,0.18271120624317339,616.3801718007907
0x043fdabff38a1e9897f2f5a860b8b88f9a0a9f24,3.4305e+21,4066000000.0,2616626536.0,2.157547169815524e+19,1.2616782560279604e+20,159.0,0,0.6435382528283325,1.185249963562163e-12,22.12592555239851,21.685151743776675,49.586992976023765,5.075173815233827,0.6435382528283323,1.0,5.847743556567698,-3.21757477020934,-3.21757477020934,311.473638154497
0x04426a58fdd02eb166b7c1a84ef390c4987ae1e0,5.281824308985622e+21,3.2000000000078e+21,3.4220491085654367e+20,1.1755873114833658e+20,3.035418298185513e+20,93.0,86,0.1069390346424092,0.6058512765303172,49.51743776268308,47.2819413860853,50.018558503982696,4.543294782270004,0.10693903464240924,0.011494252873563218,2.582044114065332,-0.48361794777831185,-0.48361794777831185,556.6298702005347
0x04448987b1f40dfd2ca70eeeb323ba710c5768f6,2.7668226568881213e+20,4264113275.0,0.0,1.2576466622412556e+19,4.1026210866259935e+19,22.0,2,0.0,1.5411588684169225e-11,22.173500089123134,0.0,47.0694014664337,3.1354942159291497,0.0,0.3333333333333333,3.262141275288483,-1.3453616983622816,-1.3453616983622816,479.35657563016434
0x04469b770821cec9cc3a1e8dc92e4635faf9bca6,3.8035e+19,1.952156488389472e+16,1.952156488389472e+16,4.759255391220974e+18,1.3431295502626144e+19,8.0,11,1.0,0.0005132526589692,37.51029614091464,37.51029614091464,45.085038462342084,2.1972245773362196,1.0,0.08333333333333333,2.8221422047242526,0.3001983823014759,0.3001983823014759,626.9153467384006
0x044a9157c17119eb476f564da8a9b03dfe5ac7f1,42987137.0,16410000000.0,7429229564.0,2653579633.4444447,3488854342.465784,9.0,13,0.4527257503960999,381.74210113132216,23.521156742109348,22.728687997836655,17.57641151263457,2.302585092994046,0.4527257503960999,0.07142857142857142,1.3147728067000275,1.6814574882284654,1.6814574882284654,750.7740247943458
0x044a9c43e95aa9fd28eea25131a62b602d304f1f,2.2638703023313094e+22,5.345480928934e+21,18061985943.0,1.0368586648987096e+21,1.841336667112979e+21,27.0,23,3.378926271204925e-12,0.2361213415551801,50.03053847065392,23.617075342566324,51.47394791761285,3.332204510175204,3.3789262712049247e-12,0.041666666666666664,1.775880097691867,-0.3841143683157442,-0.3841143683157442,565.5524407459047
0x044c9a9b81b28f344ee80db712af9ee6f1bc65d5,999129701.0,6e+20,6.002755920393111e+20,1.8428215219797583e+20,2.642731234252635e+20,9.0,75,1.0004593200655183,600522634248.0635,47.84346132910897,47.843920543719314,20.722395160017236,2.302585092994046,1.0,0.013157894736842105,1.4340679239590859,2.09337354704729,2.09337354704729,787.7108879045255
0x0450054af2245d1799292e4fc6c9da720822b417,193430036.0,77372908.0,0.0,45133824.0,49909747.163566574,6.0,1,0.0,0.4000046197582261,18.16414726437124,0.0,19.08042643916193,1.9459101490553132,0.0,0.5,1.1058169403852303,0.45332223354054185,0.45332223354054185,640.6460926295399
0x045038d82b5c27b5c992994cd4129aa80fd1a20c,2.000000258003953e+18,3.53857283372142e+21,175449919497.0,1.609351288369773e+20,4.523687800983181e+20,22.0,1,4.9582113394705556e-11,1769.2861886192948,49.61801044441611,25.890619480143954,42.139678983454736,3.1354942159291497,4.9582113394705556e-11,0.5,2.8108765523564143,-1.2691039348637172,-1.2691039348637172,486.1946740998184
0x0450d81146ae1eb15d886b0a35673dbb9e74be19,5.4e+21,7e+20,7e+20,3.05e+21,2.713546265191241e+21,4.0,128,1.0,0.1296296296296296,47.99761200893623,47.99761200893623,50.04068590644519,1.6094379124341003,1.0,0.007751937984496124,0.8896873000627019,0.9903431686565873,0.9903431686565873,688.8012163325628
0x0451864cdd0cb179893eb91057da7746b5b1973b,4.8095e+21,756988557.0,757761874.0,4.007916666667929e+20,9.11792526697995e+20,12.0,107,1.0010215702639742,1.5739443954673045e-13,20.444858696360146,20.44587974517497,49.92488008148549,2.5649493574615367,1.0,0.009259259259259259,2.2749787546257396,0.44290280352422723,0.44290280352422723,639.7117734837841
0x0452d528c990273208cd331b2c14de884354ea5b,2.0457e+22,2045000000.0,2045000000.0,1.0228500000001023e+22,1.1810854456810994e+22,4.0,132,1.0,9.99657818839517e-14,21.438663626930175,21.438663626930175,51.372612075081584,1.6094379124341003,0.9999999999999996,0.007518796992481203,1.1547005383790205,0.8252257940947071,0.8252257940947071,673.9950010109432
0x04537c1eeaa19e1b8692c81ff68e9d403d0396ab,1.1847850817182738e+22,3400000000.0,3400296215.0,3.82192213140044e+20,3.720835207203137e+20,62.0,86,1.0000871220588234,2.8697187806155e-13,21.947041268862645,21.947128387126536,50.826433438368774,4.143134726391533,1.0,0.011494252873563218,0.9735507630135148,0.9140984302510212,0.9140984302510212,681.9642858340688
0x04541945d4d64141a70d355c6775173323551724,6.024306977107242e+21,3.502991589906573e+20,2.9917786138713914e+17,2.771804649937592e+20,9.009931662774516e+20,23.0,11,0.0008540638871334,0.0581476276560634,47.305319203267395,40.23981464558337,50.15008940108933,3.1780538303479458,0.0008540638871334499,0.08333333333333333,3.250565173479082,-0.9901278504543254,-0.9901278504543254,511.2106967098424
0x04566e55bd811bf6e3e164a3ebe49cbc85369bcb,0.0,1.1e+21,1.1000004313882566e+21,4.400204840735942e+20,6.024763122800558e+20,5.0,6,1.0000003921711424,0.0,48.44959713267929,48.44959752485035,0.0,1.791759469228055,1.0,0.14285714285714285,1.369200603350299,2.8049221040951515,2.7880152518709047,850.0
0x045751c6c2dc89cb7d5976649eb63de2b2d77f5b,2.8901508475002426e+23,3.883900000010869e+23,1.4663222052498569e+23,2.938911823429163e+21,9.63512264252632e+21,323.2399999999998,0,1.0000981941267344,1.343839891045875,54.316296942310544,53.342214503478296,54.02076583599207,5.781483982320053,0.3775386094507463,1.0,3.2784660518613067,-2.6361630138852976,-2.6361630138852976,363.6093245260645
0x04581b79bf2fac9ed93b41b8023271ecb86b6857,33365355589.0,13500000000.0,0.0,6051644318.777778,4865891047.9109335,9.0,19,0.0,0.4046113030022891,23.32595552246487,0.0,24.230783940820494,2.302585092994046,0.0,0.05,0.8040609777432647,1.2207617640665498,1.2207617640665498,709.4630476316457
0x045896a702263b77d8ebabd6c51e826f0f3ebe39,20002370577.0,14029345908.0,14049620420.0,3783527715.888889,1137307459.9024274,18.0,53,1.0014451501968056,0.7013841611419717,23.364417109090173,23.365861216062285,23.71911663237641,2.9444389791664403,1.0,0.018518518518518517,0.30059445715867633,2.3967762092053784,2.3967762092053784,814.9172625031099
0x045a41a9d9cb0fc81cfe1e8f486e5c53a3b3ce8b,4.6244078786762736e+20,2.5016528309054018e+19,524610914.0,6.171611917358917e+18,2.34788378682027e+19,79.0,0,2.0970572236041723e-11,0.0540967167373111,44.666068412671464,20.07816743150923,47.58305019641709,4.382026634673881,2.0970572236041723e-11,1.0,3.804328299088879,-2.8894049196252842,-2.8894049196252842,340.90090759058114
0x045e2a9db6ca319f6b667813c6088067eb52851e,1.1999658811034506e+21,2032214470017.0,2032328110681.0,1.071400962967912e+19,2.5626253844361884e+19,224.0,38,1.0000559196215146,1.693560210352181e-09,28.34014718634387,28.34020310440194,48.53658007685092,5.41610040220442,1.0,0.02564102564102564,2.391845324963496,0.4274061443949468,0.4274061443949468,638.3221748879811
0x045ef516ff36cbb58ae3714a2bcd244d31695d91,8.898e+21,3e+17,3e+17,4.44915e+21,5.137089490168533e+21,4.0,134,1.0,3.371544167228591e-05,40.242558869566885,40.242558869566885,50.54011348525881,1.6094379124341003,1.0,0.007407407407407408,1.1546226785270295,0.8632305027011395,0.8632305027011395,677.4029155345075
0x045fbe9cadc98c9d8935e3788303ab70328960a0,4.8068436242456006e+20,6.613571488923679e+18,0.0,3.4806995279550013e+19,6.624554963627499e+19,14.0,21,0.0,0.0137586574598869,43.33565549786304,0.0,47.62174251742224,2.70805020110221,0.0,0.045454545454545456,1.9032251736821395,-0.2673621184535867,-0.2673621184535867,576.0217142268418
0x045fd671c4d7da33629475def9ababecc339c020,2.021937121925495e+20,502803728.0,502808334.0,8.791320333073529e+18,3.846329771315507e+19,23.0,22,1.0000091606321582,2.4867426516269656e-12,20.035710451120647,20.035719611710828,46.7557578830251,3.1780538303479458,1.0,0.043478260869565216,4.375144603530553,-0.3138162277644353,-0.3138162277644353,571.8561347603835
0x0464349e7012a83c965d672e9eca3896a1260624,6.03442422772161e+22,4.0700113357996376e+16,4.070024743833879e+16,1.7532110292210785e+20,7.885002217266022e+20,323.2399999999998,0,1.000003294348132,6.744655632765039e-07,38.24500727256411,38.24501056690682,52.454352490352875,5.781483982320053,1.0,1.0,4.497463275010991,-2.4940334151776034,-2.4940334151776034,376.3542064479416
0x0464e9d70f1b21ecdf741ed3dba1de6d877d1b48,9.967943924040254e+20,6.82e+20,5.3215e+20,3.047882658226695e+20,2.3348033128810457e+20,9.0,2,0.7802785923753666,0.6841932550956492,47.97156133173628,47.72345707837987,48.3510761963123,2.302585092994046,0.7802785923753666,0.3333333333333333,0.7660410766074145,0.2825758990789681,0.2825758990789681,625.3351236892731
0x0464fb56ddf5dfc14b13d3b9c064f8732cbe012a,2300000000.0,1800000000.0,1800107742.0,820018774.2,711519137.214612,10.0,90,1.0000598566666667,0.782608695652174,21.311052502404085,21.31111235727938,21.556174960316298,2.3978952727983707,1.0,0.01098901098901099,0.8676863988983182,2.2845707075853667,2.2845707075853667,804.8556998016413
0x0465130e29be525707f2e38726e1465d632efbbf,4.450808608237683e+20,107060070.0,107076720.0,7.418014347068123e+19,1.817035005494094e+20,6.0,128,1.000155520167323,2.405407183805886e-13,18.488900646108814,18.489056154182677,47.54478764926819,1.9459101490553132,1.0,0.007751937984496124,2.4494897427803632,0.4845440863124599,0.4845440863124599,643.4457827052059
0x0466e01f9edb0fe882be01b0693f4daf107fc151,2.6625137791678724e+21,4.000000000005e+21,0.0,7.402793087969859e+20,9.585107341274496e+20,9.0,11,0.0,1.502339642822483,49.7405813139961,0.0,49.33355765917143,2.302585092994046,0.0,0.08333333333333333,1.2947960624282577,-0.177728132117038,-0.177728132117038,584.0592699677532
0x0467661949ee9b85e78c5798731b2204e0ba2974,2.3496000000072283e+22,1.85000000000566e+22,1.851377448721252e+22,3.3607478128008804e+21,7.018329397132286e+21,25.0,102,1.0007445668732908,0.7873680626489482,51.2720576849623,51.272801974783185,51.51111714677435,3.258096538021482,1.0,0.009708737864077669,2.0883237267610215,0.44415554235616633,0.44415554235616633,639.8241076396333
0x046773a7aa676523f981676b67e9f01719ca9eb3,1.1286364995780709e+22,9.502790317101291e+22,1.3797014546604152e+22,2.594630975348301e+20,9.388457518715202e+20,323.2399999999998,0,0.1451890874807049,8.419708489539204,52.90845751893854,50.978739184431255,50.7778823124785,5.781483982320053,0.14518908748070494,1.0,3.6184172654667797,-2.8311047577725708,-2.8311047577725708,346.12873265724636
0x0468222405c1f78f80035c7a87254df9bb2a9381,3.266250569962536e+20,574543676955.0,0.0,8.165626439269931e+19,1.1039125146227407e+20,4.0,0,0.0,1.7590312336679976e-09,27.076841957378463,0.0,47.23534457223417,1.6094379124341003,0.0,1.0,1.3519018079419254,-1.900412197911615,-1.900412197911615,429.58472555983707
0x046a09854fd98fb21fbe7d6cbf58153b55a39669,2e+21,6.000000000007e+20,700000000.0,5.2000000000028e+20,5.761944116352015e+20,5.0,60,1.1666666666653057e-12,0.30000000000035,47.843461329110134,20.36659089443625,49.047434133434905,1.791759469228055,1.1666666666653055e-12,0.01639344262295082,1.1080661762209447,0.04044397161099761,0.04044397161099761,603.622947948579
0x046a5d95317dbc2ae8ed4a0c370b9183d161a14a,1.2457e+22,7.8e+17,7.8e+17,6.228889999999999e+21,7.1916019700852e+21,4.0,132,1.0,6.261539696556153e-05,41.198070314594325,41.198070314594325,50.87656966677891,1.6094379124341003,1.0,0.007518796992481203,1.1545559433679518,0.8477798047631276,0.8477798047631276,676.0174383177912
0x046ae0974283a9acf5cb4228a93d000c6d0ffd76,6.344303259104285e+20,5.888040300348719e+20,4.02131956323671e+20,7.847861232526285e+18,1.910465214639119e+19,281.0,0,0.6829640012821494,0.928083047086248,47.82462508577264,47.44331195821111,47.899259145577936,5.641907070938114,0.6829640012821494,1.0,2.434376906055621,-1.751325733663474,-1.751325733663474,442.9534355278463
0x046afddbc4e4fe503ddd2b952f7d849d1270ab3f,6.000040000035597e+20,1891148925.0,1891193604.0,1.975438419459499e+19,1.021382583113045e+20,35.0,74,1.0000236253207822,3.151893862355552e-12,21.360450378677708,21.360474003719407,47.84346799575935,3.58351893845611,1.0,0.013333333333333334,5.170409631865448,-0.6197049186519173,-0.6197049186519173,544.4268358525869
0x046b8f645b2a09f9527f191fbcb6491094668a45,7.837537825322184e+22,4.55400000001275e+22,4.559761497118667e+22,2.882804468418486e+21,5.735676756457182e+21,86.0,17,1.0012651508796446,0.5810498273194037,52.172878013513355,52.17414236476399,52.715796778013804,4.465908118654584,1.0,0.05555555555555555,1.9896169925127767,0.3389060705836832,0.3389060705836832,630.3862980470026
0x046b9d060f49400b6a6f1210ef191b019cce9030,1.5022505429465018e+21,6845000000.0,4847564591.0,6.112039047994352e+19,2.4132294118793744e+20,27.0,2,0.7081905903579255,4.556496938635997e-12,22.646784295832916,22.301742269798908,48.761251298529,3.332204510175204,0.7081905903579254,0.3333333333333333,3.9483213260413788,-1.063142268068007,-1.063142268068007,504.66343182242935
0x0470a2b7b6b48d5d8a8f42f8fbf10218ea416755,4.263450091693444e+21,3.101087766457218e+21,3.305234745926084e+16,1.4440359033363132e+20,3.704075872694973e+20,51.0,0,1.0658307648293653e-05,0.7273657952509219,49.48603989522327,38.03686898619772,49.804365666059056,3.9512437185814275,1.0658307648293651e-05,1.0,2.565085718531682,-2.498354706452851,-2.498354706452851,375.9667125863263
0x0470a46f57515cb7d112acde06f410c3111575b0,7.703781061602763e+22,8.814900000023182e+22,6.751955647565182e+22,2.607868832494832e+21,6.066895276011146e+21,118.0,4,0.7659707594581249,1.1442303369651126,52.83331551735763,52.56670423435631,52.69858330116593,4.77912349311153,0.7659707594581249,0.2,2.3263805297320945,-0.285436212389687,-0.285436212389687,574.4009948611715
0x04721424482164fbc54992e6642e228bddd154d9,9.987531623814812e+20,3.2625130010143864e+20,0.0,3.3125111562072995e+20,2.640055276243465e+20,4.0,86,0.0,0.3266585903202623,47.23419961750704,0.0,48.3530393373077,1.6094379124341003,0.0,0.011494252873563218,0.7969951350341198,0.2049765524412638,0.2049765524412638,618.3767243192283
0x0472fb73541e18716446b3c52d4221c8f78de7ae,2.5560721581303667e+20,263927684.0,264599490.0,1.7120098477595849e+19,5.276516780427643e+19,15.0,21,1.002545416948379,1.0325517734720341e-12,19.391185703132983,19.393727885984926,46.990173626878146,2.772588722239781,1.0,0.045454545454545456,3.0820598300487214,0.18483129641424648,0.18483129641424648,616.5702820884418
0x04737567bb285ac7c15244c9c9f8707d67d1e558,8.54e+18,5.5e+18,5.520372901942479e+18,3.123554615227589e+18,2.86529402260253e+18,9.0,79,1.0037041639895417,0.6440281030444965,43.151279766131246,43.154977086599835,43.591292681693304,2.302585092994046,1.0,0.0125,0.917318368193078,1.2625738868592806,1.2625738868592806,713.2123762214796
0x0474b7e51abbb836a44b68dc6382134bddce6538,3.966354498918173e+22,9.1550000000063e+22,6.109041837460723e+22,1.4990546182292088e+21,3.58508747392219e+21,147.0,4,0.6672902061667416,2.308164840662461,52.87117222399617,52.466641988008966,52.03471945646983,4.997212273764115,0.6672902061667416,0.2,2.3915656109696344,-0.3691565536226828,-0.3691565536226828,566.893720703111
0x0474f11e0367edde612e0119f62aad7695dd86d5,1.4292943502705067e+21,8.104350438056342e+20,8.1e+20,2.0951092352745895e+20,2.7128455827248323e+20,21.0,0,0.9994631971939524,0.5670175941381509,48.144102868495565,48.14356592155931,48.71146781400536,3.091042453358316,0.9994631971939524,1.0,1.2948468447609516,-1.0538340757951439,-1.0538340757951439,505.49810533521224
0x0475a4b2c54cdb975278a8ba5977ebf07df8f033,6.224232533390194e+20,2.351e+20,1.0001707140290573e+17,5.362823701205189e+19,9.284801743795388e+19,16.0,62,0.0004254235278728,0.3777172506631054,46.906542629438846,39.144117280357854,47.880152006822314,2.833213344056216,0.0004254235278728444,0.015873015873015872,1.7313270510288847,-0.1525542803713013,-0.1525542803713013,586.3166306507879
0x0476f3ee277eb20568ee2369b337f3ce55bc558a,5.376726769708291e+23,4.199051244553148e+23,381391939790.0,6.991814190103384e+21,1.8856472942515128e+22,323.2399999999998,7,1.9013081830510611e-13,0.6186384678241438,54.39431574448044,26.667093396672325,54.641536920764615,5.781483982320053,9.082812225374181e-13,0.125,2.6969356492919485,-1.0564824979451946,-1.0564824979451946,505.26061906994033
0x0477455e0e65928b993ba49bbbd5ce8d434fe1d2,5.0103992426157736e+20,5466588887.0,2710524798.0,1.253349810674386e+19,7.903761556295002e+19,40.0,2,0.4958347616821619,1.0910485616603409e-11,22.42192065520236,21.72040810585727,47.66321746094754,3.713572066704308,0.4958347616821619,0.3333333333333333,6.306109825829271,-2.1382968044073376,-2.1382968044073376,408.2534107008157
0x0479283a1751f32dc400615f5dd6799ebd304e6f,19754206436.0,19387698406.0,3387698406.0,2238400170.9473686,1345302898.432834,19.0,50,0.1747344287629104,0.9814465829752554,23.68790459915557,21.943416591769157,23.706632289767537,2.995732273553991,0.17473442876291048,0.0196078431372549,0.6010108987185497,1.5403825190656681,1.5403825190656681,738.123712400162
0x047a1f7235a03aa9016061b16b54da901044fe0e,1.5960000000298752e+20,1500000000.0,1502934047.0,4.9900000606562e+18,1.1349727371620956e+19,40.0,64,1.001956031333333,9.398496240425576e-12,21.12873094572124,21.13068506651496,46.51920235892725,3.713572066704308,1.0,0.015384615384615385,2.2744944356029593,0.5855543116896977,0.5855543116896977,652.5034554703469
0x047a96ef72d7ee6a3f193bdb92e998fb300265df,2.429374563955545e+22,1.5178909617435453e+23,1.4663222052498569e+23,4.418062175959451e+20,2.14200711414818e+21,323.2399999999998,2,1.0004503167820376,6.248072998970121,53.376778985048105,53.342214503478296,51.54450588900501,5.781483982320053,0.9660260468021673,0.3333333333333333,4.848295539623114,-1.3166914805681147,-1.3166914805681147,481.9274584285647
0x047be7607fbf63467e2ca66af84b1cffd69c7bf2,1.0529500000027314e+20,1e+16,1.0000000003433474e+16,1.7551359166712474e+19,4.098647060977206e+19,12.0,86,1.0000000003433474,9.497127119021852e-05,36.841361487904734,36.841361488248076,46.10329760852716,2.5649493574615367,1.0,0.011494252873563218,2.3352305778976996,0.5879327298042163,0.5879327298042163,652.7167302442575
0x047d5247698a111b34d7dde3282f07fd154cb759,2.58613e+22,2.56530385868362e+22,7500000000.0,3.679595613345979e+21,2.768017260824028e+21,14.0,77,2.923630264934232e-13,0.9919469859147144,51.59894898089991,22.73816885762201,51.60703459564346,2.70805020110221,2.923630264934232e-13,0.01282051282051282,0.752261267728542,0.0725555258197091,0.0725555258197091,606.502418308301
0x047ea31614fc085ce7b80412fbab65fd51a8bb7a,2.2576206772031396e+23,253609909428.0,253676621613.0,7.576240685793488e+20,1.88187782019189e+21,298.0,12,1.0002630503877017,1.1233504015483479e-12,26.259063133781563,26.259326149577575,53.773768599868745,5.700443573390687,1.0,0.07692307692307693,2.483920321750963,0.05291913201909353,0.05291913201909353,604.7416061858731
0x047f78ef663432cd15d28c0b7098bd6236442264,1.16031443215027e+21,3.594170471957765e+17,3.159956960019717e+17,3.5191085561951814e+19,2.0192300615114064e+20,33.0,3,0.8791895055268402,0.0003097583182945,40.42325980051083,40.29450498815792,48.50297798346102,3.5263605246161616,0.8791895055268402,0.25,5.737902168310983,-1.445988226748811,-1.445988226748811,470.3333093003109
0x047fdc2db6ee901f154f60b36626194d2c2a68f7,1.0300000001222548e+20,2.50050000001298e+21,2.7770366358695952e+17,5.539952561065938e+19,3.6459749329967415e+20,47.0,0,0.0001110592535834,24.27669902637073,49.27077766475697,40.1653309817434,46.08126066224115,3.871201010907891,0.00011105925358349048,1.0,6.581238544568372,-3.9231883903819935,-3.345527590534549,300.0
0x047fe25b45dd7f73258d858971cfe41e004e6132,2.325203201918893e+21,1.8110228933185603e+21,2683805534.0,5.3717222016129294e+19,9.797825327989793e+19,77.0,56,1.4819279998620737e-12,0.7788665058709704,48.94817877295451,21.71050160000325,49.19809438677003,4.356708826689592,1.4819279998620739e-12,0.017543859649122806,1.8239635186361403,-0.25273921033403396,-0.25273921033403396,577.3329628269413
0x04803b46c2a8951a2ce0793d58db51b29656dfbe,4.050762075355679e+21,3.077117909136016e+21,2.113557322397266e+21,1.6342461966905505e+20,4.452499048294826e+20,63.0,2,0.6868626373146371,0.7596392609323589,49.47828036799191,49.10265941555566,49.753191983046754,4.1588830833596715,0.6868626373146371,0.3333333333333333,2.724497115129539,-0.6414762005067283,-0.6414762005067283,542.4745865037506
0x04841cbcc7676ddfe8146e8ad3aa0a478e843792,5.4e+21,7e+20,7e+20,3.05e+21,2.713546265191241e+21,4.0,129,1.0,0.1296296296296296,47.99761200893623,47.99761200893623,50.04068590644519,1.6094379124341003,1.0,0.007692307692307693,0.8896873000627019,0.9904599473721277,0.9904599473721277,688.8116879792436
0x0484b2e7973130c0b31b482175c15a38d86e5840,4.253416716256276e+17,200000000.0,200037474.0,9.72156944451716e+19,1.9390009221864627e+20,13.0,61,1.00018737,4.70210217671862e-10,19.11382792951231,19.11401528195981,40.59166917409064,2.6390573296152584,1.0,0.016129032258064516,1.9945348672893903,0.9640227582906687,0.9640227582906687,686.4410427635171
0x0487fed00e5f5e81507b1cd6e851b741a4a020fd,1.045e+20,102355373459.0,102370061283.0,1.3062910877945188e+19,3.569466737622001e+19,16.0,39,1.0001434983186874,9.79477257980861e-10,25.351716648506073,25.35186013652986,46.09571874529769,2.833213344056216,1.0,0.025,2.732520164130127,0.40416626046194165,0.40416626046194165,636.2382347425267
0x0488eb591321625f9417cc3c21398c8d06ac9095,4.338024990545504e+20,393214678.0,197165752.0,3.33694230042533e+19,7.478270236086691e+19,13.0,58,0.5014201224706063,9.064370971974356e-13,19.789866277686947,19.099555318722466,47.519121033113976,2.6390573296152584,0.501420122470605,0.01694915254237288,2.2410547030236345,0.10599774422453137,0.10599774422453137,609.5012104575115
0x04895114da673f16d83a75e4cd3c64a68e2428c8,3.72054261962372e+21,2.450000000006573e+21,2.450314101810685e+21,1.964539779128323e+20,4.2260392575433376e+20,66.0,109,1.0001282048180042,0.658506097224699,49.25037497743428,49.25050317403475,49.668156476012925,4.204692619390966,1.0,0.00909090909090909,2.1511599319299375,0.5040118762201373,0.5040118762201373,645.191475973246
0x048a81418e95b13b47b63f4a784a1ff5542e72cc,5.4887079685370814e+19,4.33e+19,4.34758700738471e+19,1.63926364358444e+19,2.015182718827296e+19,12.0,13,1.0040616645230278,0.788892399599479,45.21468430890127,45.21873774713238,45.4518096520036,2.5649493574615367,1.0,0.07142857142857142,1.229321913356698,0.9389749993394992,0.9389749993394992,684.1949889285461
0x048aaa70a3e351c9e3b487ba78fa03efbf062067,3.10453082513801e+21,10547241333.0,8188166281.0,5.089747631856743e+19,2.196141555681618e+20,61.0,11,0.7763325046314269,3.3973704649980818e-12,23.079130177746432,22.825955812550973,49.487149553828054,4.127134385045092,0.7763325046314268,0.08333333333333333,4.314833886725468,-0.6911768365206388,-0.6911768365206388,538.0178882283815
0x048ab378049f7763e5c728fe551ae19115b2bb20,1.3902581215455937e+20,9.64789586963931e+19,4.287170569996705e+19,9.799287168209983e+18,9.91968595186093e+18,33.0,10,0.4443632713209396,0.6939643595761513,46.01585661386562,45.20474374144078,46.38119128873726,3.5263605246161616,0.4443632713209396,0.09090909090909091,1.0122864838619623,0.4495312537529025,0.4495312537529025,640.3061522497669
0x048ca2571ed3aec463d42cb6fb0f20f6fcb7988e,1003896362.0,400389710.0,0.0,476930961.75,51046801.20508994,4.0,85,0.0,0.3988357017275454,19.807948908271975,0.0,20.727154628784387,1.6094379124341003,0.0,0.011627906976744186,0.10703184590445565,1.7314160406246781,1.7314160406246781,755.2538506509368
0x048e1e942cecde524fb35ebd625749b0be00f563,3.2872911652653378e+22,1.668149399250844e+22,7.508628925864721e+21,3.887251360390532e+20,1.1163158845722486e+21,175.0,1,0.450117293405303,0.5074541059450685,51.16858691369079,50.370339835520966,51.8469359174815,5.170483995038151,0.45011729340530304,0.5,2.8717357872635696,-1.3322844252843598,-1.3322844252843598,480.52922582233884
0x048f06d1afb5e43f73f593aab1b2a4316ddb5d9f,2.54e+18,2609283355.0,2610407590.0,1.2703188875160474e+18,1.4668379927477414e+18,4.0,26,1.0004308596833096,1.0272769114173228e-09,21.682341444332845,21.68277221122261,42.37869575492327,1.6094379124341003,1.0,0.037037037037037035,1.1547006087707339,1.1753120252901106,1.1753120252901106,705.3875309246918
0x048f5cb4c12107c37e2d028aa56315659f36ce47,2.092888015209421e+20,204260052.0,39232251.0,1.4949200108662217e+19,2.81691120116698e+19,14.0,74,0.1920701116829246,9.75972199733587e-13,19.134904509587415,17.485009721585286,46.79024679747448,2.70805020110221,0.1920701116829237,0.013333333333333334,1.8843223588496478,0.011958668132642146,0.011958668132642146,601.0686465740489
0x049201b13cd2a316aab6edae90cc0f8ed6597ea9,1.985895231298344e+22,15113618512.0,6568920759.0,3.5480482549646026e+20,2.2862970395050385e+21,56.0,16,0.4346358718651241,7.610481295188458e-13,23.43886206258857,22.60561538806516,51.342941856474255,4.04305126783455,0.4346358718651241,0.058823529411764705,6.443816079180828,-1.8767840169460235,-1.8767840169460235,431.7034846302439
0x04936487d69f08a304bd6470c2f0cf6e6aa609d7,5.696124574766829e+17,217969.0,217992.0,1.4240311436927971e+17,2.848062287382688e+17,4.0,67,1.0001055195922357,3.8266192590937604e-13,12.292112717622558,12.292218231163943,40.88373262533931,1.6094379124341003,1.0,0.014705882352941176,1.9999999999979592,0.9513953074376709,0.9513953074376709,685.3087285125864
0x049403324eaf7b38e6fe3bf547c1f9e13391ce3f,9.998260844051251e+18,2.005e+18,1784532567506745.0,1.3340050418476396e+18,3.3137816359762053e+18,9.0,79,0.0008900411808013,0.2005348761422774,42.14217573465135,35.117932908906155,43.748942836166925,2.302585092994046,0.000890041180801369,0.0125,2.484084791303721,-0.25690011587152617,-0.25690011587152617,576.9598508907535
0x049569adb8a1e8a9349e9f1111c7b7993a4612eb,5.913309082281245e+21,1.3022930395208215e+21,1.3073960766724398e+21,1.2559376376269744e+20,5.948624153516765e+20,68.0,44,1.0039185014407326,0.2202308422238637,48.618413540093556,48.622324384204504,50.13149254000004,4.23410650459726,1.0,0.022222222222222223,4.736400897067123,-0.5686472673901104,-0.5686472673901104,549.0052188386559
0x04962bc8ed7ea4f608dedf636790035d058b1daf,1.660170544900058e+21,1.33000000000012e+21,7.702381928053279e+20,9.756884206705898e+19,1.262306235777585e+20,45.0,34,0.5791264607558334,0.8011225136392153,48.639465895108714,48.093231482210015,48.86120728785784,3.828641396489095,0.5791264607558334,0.02857142857142857,1.2937595743013974,0.4675602560747846,0.4675602560747846,641.9228282120638
0x04963f5707c9db2d613e8d402453f88a72f1c6d4,5.9e+21,700000000.0,700000000.0,2.9500000000003497e+21,3.406366588218388e+21,4.0,132,1.0,1.1864406779661016e-13,20.36659089443625,20.36659089443625,50.12923930378663,1.6094379124341003,0.9999999999999987,0.007518796992481203,1.1547005383789777,0.8816155220988798,0.8816155220988798,679.0515158506001
0x049675d578aff8a085ea67947751cc2df717b863,0.0,4.5030614796586624e+21,9.006293370634967e+21,1.414887048726969e+21,2.5395001717995413e+21,15.0,51,2.0000378434357184,0.0,49.85904444714553,50.55221054924432,0.0,2.772588722239781,1.0,0.019230769230769232,1.7948430400040993,2.87811701524167,2.7880152518709047,850.0
0x049940feda4277b7f01ef10fca0b975c541d8fca,1.397737814101869e+23,4.199051244553148e+23,1.4663222052498569e+23,1.8713924395283656e+22,7.028962237840553e+22,323.2399999999998,17,1.002305045759481,17.43863531065967,54.39431574448044,53.342214503478296,53.29431222152528,5.781483982320053,0.3492032175487058,0.05555555555555555,3.756006537897532,-0.9684012103382106,-0.9684012103382106,513.1589429960258
0x04997f327d508cc66bf2afbaec867a5b45fcb231,4.772366992666648e+20,700000000.0,0.0,7.953944987789414e+19,1.7584646662921932e+20,6.0,4,0.0,1.466777389659344e-12,20.36659089443625,0.0,47.61454426658002,1.9459101490553132,0.0,0.2,2.210808182595831,-0.691755806939953,-0.691755806939953,537.9659714587747
0x04998145f9615270181f46cacd96e3fb2275bb64,3.743e+21,1175394729.0,1176204032.0,4.67875000000294e+20,6.33571833225585e+20,8.0,66,1.000688537203743,3.140247739780924e-13,20.884869868552716,20.885558168822882,49.67417438179725,2.1972245773362196,1.0,0.014925373134328358,1.354147653166309,0.8086000456854193,0.8086000456854193,672.504156019711
0x0499f8afe7234321fd3da64116141431fc08ff35,6.507600588197092e+21,1.14e+22,1.1404377214722205e+22,2.558762451471537e+21,2.6489917740972187e+21,14.0,91,1.0003839662037022,1.7517977395042204,50.78790030827541,50.788284200782954,50.22725776791401,2.70805020110221,1.0,0.010869565217391304,1.0352628758381972,0.9180058588814255,0.9180058588814255,682.3146682805506
0x049a198dd6d7937a07520d6f0f6c3570d7b00d9a,2.06165031794754e+21,1.0106542586420292e+21,175397616.0,1.0972516344964076e+20,2.280219899350794e+20,28.0,76,1.735485844938445e-13,0.4902161389076778,48.36488485484238,18.982566051721125,49.07779374016418,3.367295829986474,1.735485844938445e-13,0.012987012987012988,2.0781193918178293,-0.3392187574466656,-0.3392187574466656,569.5782683324142
0x049b8457a23bef5354c65d1cbbfa3bb897782ec1,3.301581741280881e+22,3.2000000000402664e+21,3.100424143199199e+21,3.564665963093675e+20,1.2046897779872524e+21,165.0,17,0.968882544737558,0.0969232401557562,49.51743776269323,49.48582587539384,51.8512737150461,5.111987788356544,0.968882544737558,0.05555555555555555,3.379530622111182,-0.201197525853293,-0.201197525853293,581.9547494831652
0x049c43731aa8c4cbc14252e52af0e55c5a48df15,9.44735764560836e+20,29565000000.0,16047633432.0,4.972293497928677e+19,1.9488558476923988e+20,19.0,77,0.5427915924911213,3.129446466308323e-11,24.109857066253028,23.498827225993345,48.29743694806588,2.995732273553991,0.5427915924911213,0.01282051282051282,3.9194304368884088,-0.5503866725838656,-0.5503866725838656,550.642661895872
0x049ca02e4394a5ddea5ef9c3194d82e640187573,2.6075887828149306e+22,9.52403149267824e+21,9.526309062543103e+21,1.393851017186411e+21,3.134042308651393e+21,74.0,71,1.0002391392622565,0.3652428463968505,50.60810518815919,50.60834429883221,51.61529800220033,4.31748811353631,1.0,0.013888888888888888,2.2484772547482756,0.36768889428170465,0.36768889428170465,632.9672783125131
0x049eebc628e60f804daae62df6c3715b9273b2c2,1.9299915950953643e+22,8.77230213417317e+20,8.774238535974123e+20,7.043814390155348e+19,2.820889154030151e+20,323.2399999999998,74,1.000220740436357,0.0454525406041455,48.223301132863604,48.22352184894038,51.31438769390345,5.781483982320053,1.0,0.013333333333333334,4.004774966774696,-0.314547186574615,-0.314547186574615,571.7905890625823
0x049fa027e31206dd10b1ef184e7f564b41eef68f,7e+18,2.9899999004453e+18,0.0,1.99799998008906e+18,1.2267925940932895e+18,5.0,81,0.0,0.4271428429207571,42.54180502799953,0.0,43.392441822948136,1.791759469228055,0.0,0.012195121951219513,0.6140103134728788,0.5011940331026885,0.5011940331026885,644.938797585825
0x04a0457e163ceef461efc4d0c2a374bad426d1dc,1249987045.0,42411611.0,42411636.0,5.69068015462644e+19,1.712299335446867e+20,19.0,113,1.000000589461221,0.0339296404467935,17.56293275063174,17.562933340092773,20.946399025006922,2.995732273553991,1.0,0.008771929824561403,3.0089537435253546,1.4668245166328218,1.4668245166328218,731.5277037999842
0x04a38539567837666eb4ee6e027005d14410386d,1.1419031699393192e+22,7.10742181111332e+21,5504257875.0,3.308673484571339e+20,1.0083108871086012e+21,56.0,8,7.744380481813283e-13,0.6224189579481603,50.315426516458885,22.428787788950842,50.78956836361244,4.04305126783455,7.744380481813282e-13,0.1111111111111111,3.047477763552225,-0.9936969241188137,-0.9936969241188137,510.89065484074564
0x04a5f2cd0cdc04f4c483d3dffc71c218551500d1,3.012e+19,1.000000043938668e+19,0.0,1.003000010984667e+19,8.116049941805371e+18,4.0,53,0.0,0.3320053266728645,43.749116810825534,0.0,44.85172107682452,1.6094379124341003,0.0,0.018518518518518517,0.8091774529331928,0.3451785252512753,0.3451785252512753,630.9487543884378
0x04a610f9b627d61b1be63f6dbce3cf67ee38a005,1.995e+22,2e+21,2e+21,1.0975e+22,1.0363437331953784e+22,4.0,133,1.0,0.100250626566416,49.047434133434905,49.047434133434905,51.34751609621083,1.6094379124341003,1.0,0.007462686567164179,0.944276750064126,0.9099786346382301,0.9099786346382301,681.5948602597712
0x04a6b09c4708f4c94670cc52b15b3dddb6c7d04c,1.1063612142928066e+22,26500000000.0,7130097824.0,3.815038670001421e+20,1.0414682397171164e+21,29.0,44,0.269060295245283,2.3952394261162684e-12,24.000410569976324,22.687590791474847,50.75794849085,3.4011973816621555,0.269060295245283,0.022222222222222223,2.729902183971122,-0.452328052975951,-0.452328052975951,559.4356616629042
0x04a72dd82489175d80e1c165e1aba1771955a0f0,2.2304280697916984e+22,1.7e+22,1.7003111465240991e+22,3.74355265288e+21,4.998148375938048e+21,21.0,62,1.000183027367117,0.7621855297753514,51.18750029693118,51.18768330755083,51.459065572467004,3.091042453358316,1.0,0.015873015873015872,1.3351350546900576,0.7333403855196781,0.7333403855196781,665.7555583242681
0x04a74af2379f0263a60b5df186e0e66d32c88539,1.467018101015084e+20,2600000000.0,0.0,3.1518346373102813e+19,7.0832004929134e+19,11.0,6,0.0,1.772302603629065e-11,21.678777282358464,0.0,46.43493369776256,2.4849066497880004,0.0,0.14285714285714285,2.2473261791925974,-0.5408423021795047,-0.5408423021795047,551.4985137024504
0x04ac9be993d9bb591192402243a45e1e9f72b1f8,4.246635237709155e+21,3.355e+21,3.3568874172199354e+21,2.5344712470504617e+21,1.272663569963459e+21,6.0,68,1.0005625684709196,0.7900372441240923,49.5647387232986,49.565301133587205,49.80041391347007,1.9459101490553132,1.0,0.014492753623188406,0.5021416484580541,1.141832989288782,1.141832989288782,702.3854373103086
0x04ae8c108743167c7457073ba8c1571fd5d56325,5.025e+18,1e+18,1.0003242144850816e+18,1.4091700790144044e+18,2.0659678906161252e+18,5.0,10,1.0003242144850817,0.1990049751243781,41.44653167389282,41.44685583583175,43.06095712783796,1.791759469228055,1.0,0.09090909090909091,1.466088388749423,0.9152965957192629,0.9152965957192629,682.0717263500096
0x04b2c599c7edc44ffbcd800cf946d5f46db7836c,3.538424527607591e+21,2.1611053647095084e+20,2.167683782661219e+20,2.20627969019148e+20,4.778501452043687e+20,18.0,20,1.0030440061179502,0.0610753556518748,46.822321693602305,46.82536107611411,49.61796853225866,2.9444389791664403,1.0,0.047619047619047616,2.165863862722213,0.42500018840384696,0.42500018840384696,638.1064307692711
0x04b2f0087765e57f51ef3c91b2be23d0a02839a6,5.774226953762798e+21,9000000000.0,9028226462.0,3.613709291359103e+20,1.2818313198285866e+21,23.0,114,1.0031362735555556,1.558650200635968e-12,22.920490414393743,22.923621780101932,50.10769133950236,3.1780538303479458,1.0,0.008695652173913044,3.547134582445879,-0.0691279889663499,-0.0691279889663499,593.7975371108345
0x04b5171a7265fe54b02418c345cf4ecb7a6deb11,2.45e+21,5e+20,5e+20,1.475e+21,1.1258330249197702e+21,4.0,114,1.0,0.2040816326530612,47.66113977231501,47.66113977231501,49.2503749774316,1.6094379124341003,1.0,0.008695652173913044,0.763276627064251,1.0745023254561201,1.0745023254561201,696.3478394554544
0x04b5762ee57e2fa1cc1dd2e13d284d0284f2d41e,3.903274426541672e+22,2.7449564054679483e+22,1.9e+22,1.7575360675015033e+21,1.5615757402139986e+21,64.0,3,0.6921785702006792,0.7032445340769952,51.66663723927195,51.2987259320414,52.018687843289726,4.174387269895637,0.6921785702006792,0.25,0.8885028131649781,0.15231307762515295,0.15231307762515295,613.6543457701447
0x04b59920172985237d8c10f2ee2b3dbf7d56154c,2012166283.0,1710000000.0,333000000.0,877633256.6,759947662.1995802,5.0,86,0.1947368421052631,0.8498303616590319,21.259759208045775,19.62365305094772,21.42247773189216,1.791759469228055,0.19473684210526304,0.011494252873563218,0.8659057259790482,1.5725717247028306,1.5725717247028306,741.0101458294745
0x04b5c5d08ddef275535c5a95a62f803fc1cd3dba,1.5694961101783394e+21,5.3012340000184525e+22,4.008284069852843e+22,4.5459449333095655e+20,1.8881163090416427e+21,211.0,3,0.7561039693473051,33.776662239806896,52.324811669518496,52.04523528285179,48.805041571789054,5.356586274672012,0.7561039693473051,0.25,4.15340778812964,-0.9406086403598668,-0.9406086403598668,515.6511263688078
0x04b6c3d520b2521ed9bf523c03967f4a28a32b50,1.919561514160716e+20,7.400000000009e+19,10006057.0,7.598747183324825e+18,2.0943673206060024e+19,35.0,8,1.3521698648632205e-13,0.3855047074771385,45.75059676709821,16.118701267535574,46.70379864179707,3.58351893845611,1.3521698648632205e-13,0.1111111111111111,2.7562008184744133,-0.6928075077937688,-0.6928075077937688,537.8716645492998
0x04b8b16b405662a4d14e27d943036dbd31aab01a,5.096514092996512e+21,3000000000.0,3021455946.0,6.565325362070706e+20,1.6509399211120974e+21,14.0,33,1.007151982,5.886376345201353e-13,21.821878125947855,21.82900465381515,49.98284374772782,2.70805020110221,1.0,0.029411764705882353,2.514635345644759,0.305702204847522,0.305702204847522,627.4088791841832
0x04b98ee207121943d1e76080a5b4b93345663335,3.927793067391509e+19,2.400000000018525e+22,2.4030208641722044e+22,1.1998545559457935e+21,2.6465610086613443e+21,41.0,36,1.0012586933973566,611.030153279534,51.53234078323062,51.53359868513754,45.11719447457373,3.7376696182833684,1.0,0.02702702702702703,2.2057348497336617,0.6536248667196087,0.6536248667196087,658.6073999977431
0x04bdc271b7afd68bbd52c9366880849c15ba42b7,1.288405462733123e+21,3.0000000000968577e+19,175560267.0,5.273621850938072e+19,1.0442413395246958e+20,25.0,12,5.852008899811063e-12,0.0232845954699143,44.847729055587266,18.983492949326774,48.60769233127655,3.258096538021482,5.852008899811063e-12,0.07692307692307693,1.9801217626913201,-0.4042201772100854,-0.4042201772100854,563.7495357730342
0x04bdfb9f9704694ca365b8e27bbdb7e093475340,0.0,1.0011200648828912e+19,2.002248301848509e+19,1.474887392538499e+20,3.071323518218442e+20,5.0,70,2.000008162939704,0.0,43.750236204965084,44.44338746698656,0.0,1.791759469228055,1.0,0.014084507042253521,2.082412212455244,2.774076095886947,2.774076095886947,848.7500640350675
0x04be2a942c1060db1c7615670bb55950a52f8b15,9.928393819656573e+18,1e+18,1418003206566008.0,1.5615445461247342e+18,3.70819040382232e+18,7.0,82,0.001418003206566,0.1007212262289763,41.44653167389282,34.88802608434811,43.74193038858057,2.0794415416798357,0.001418003206566008,0.012048192771084338,2.3746939611968743,-0.21181589996612593,-0.21181589996612593,581.0025908511783
0x04bed630357309dc193bebce09a2ae1381166b33,1.0027733154140848e+21,302000000.0,302161587.0,1.2534666442683612e+20,1.8173626241067903e+20,8.0,30,1.0005350562913908,3.0116477508707165e-13,19.525937578650403,19.526472491848445,48.35705642974521,2.1972245773362196,1.0,0.03225806451612903,1.449869154809118,0.7964040813205107,0.7964040813205107,671.4105335289175
0x04bee613690e98a1959f236c38abaa5f2439b14a,1.0414160393149798e+17,1.2878257325902e+20,0.0,1.9644293804774867e+19,4.029045992019584e+19,13.0,12,0.0,1236.610234500808,46.304657177625096,0.0,39.18452794421204,2.6390573296152584,0.0,0.07692307692307693,2.051000678395605,-0.004986320925498522,-0.004986320925498522,599.5491750024894
0x04c0186b3414b05f8e6d35b8d51f01c25f10011c,1.366871094908786e+19,25000000000.0,0.0,1.9526729962982656e+18,2.4632358816701563e+18,7.0,22,0.0,1.828994708653803e-09,23.942141661854613,0.0,44.06164102238338,2.0794415416798357,0.0,0.043478260869565216,1.261468707940233,0.15264204575785084,0.15264204575785084,613.6838446222164
0x04c18cbf703c72591f1800b52d801a948f55e00c,1.0652284517537693e+22,9.000000614392901e+17,9.002512536309073e+17,3.658312857226258e+20,1.467631589679842e+21,66.0,22,1.000279102416077,8.448892441405872e-05,41.34117122650087,41.341450289975114,50.72006133071568,4.204692619390966,1.0,0.043478260869565216,4.011771674423176,-0.34940493623497143,-0.34940493623497143,568.6648650225302
0x04c2e657cb2b0d86d7129819808430d889ed2660,234016692839.0,29083296980.0,29122822922.0,1.1854135588931085e+22,5.3013305982480124e+22,20.0,87,1.0013590598764364,0.1242787282700763,24.093429859423093,24.094787996613505,26.178658286682833,3.044522437723423,1.0,0.011363636363636364,4.47213595498113,0.6438035862806888,0.6438035862806888,657.7267174330009
0x04c322117e21cd15163b9954eff247e9f32359a9,100000002031053.0,1000000000000.0,0.0,16833333671842.166,40745142691993.49,6.0,23,0.0,0.0099999997968947,27.63102111592955,0.0,32.23619132222718,1.9459101490553132,0.0,0.041666666666666664,2.42050347758208,0.2325477781479087,0.2325477781479087,620.8490595630313
0x04c3611d4504b454f1309e0f523db8d0f95feac2,4.83838298602268e+20,3.500000126262909e+17,3.5000011903856806e+17,4.859186534996348e+18,2.148551205863543e+19,101.0,14,1.000000304035067,0.0007233821994608,40.39670958546926,40.39670988950428,47.62828243099072,4.624972813284271,1.0,0.06666666666666667,4.421627345213983,-0.4172451100304446,-0.4172451100304446,562.581578976243
0x04c444bcd609e73fa141cdeb401f9b6ce83d7cbd,4.000000000012183e+19,9.00000000000131e+22,0.0,1.5006666666668871e+22,3.6739083427143183e+22,6.0,0,0.0,2249.9999999934744,52.85409662320537,0.0,45.13541112800981,1.9459101490553132,0.0,1.0,2.4481841466329044,-2.2402253642034764,-2.2402253642034764,399.1133901077761
0x04c55912af70c59cefbc350eb864071f24835fcf,2.529088269104313e+21,1.4012361700446922e+21,2.350302304343666e+17,3.3312823946400444e+19,1.2986629812356352e+20,118.0,90,0.000167730633464,0.5540479496751396,48.69164177850324,39.99849054092765,49.2821458227233,4.77912349311153,0.00016773063346407218,0.01098901098901099,3.898387549867143,-1.0667813479369794,-1.0667813479369794,504.33711243747337
0x04c66a0474f1c6dee2a36fc6254f60989ba2651a,1.7393300980772096e+19,787803451.0,787956510.0,1.0231353520453668e+18,4.21849512424436e+18,17.0,85,1.000194285769891,4.529349844925349e-11,20.48475919031428,20.484953457212885,44.3026168048763,2.8903717578961645,1.0,0.011627906976744186,4.123105624110336,-0.04016633059439753,-0.04016633059439753,596.3945536335603
0x04c873241fe90e09ceaa93cdab3cc5c55ab863cd,1.760670754325262e+20,146954579.0,47358311.0,6.776177407592526e+18,2.362963116663003e+19,26.0,8,0.3222649564393635,8.346511046372045e-13,18.805634117407145,17.673252906012944,46.61739670673893,3.295836866004329,0.32226495643936126,0.1111111111111111,3.48716241404094,-0.6917103522171759,-0.6917103522171759,537.9700474224012
0x04c89b6513400df610c062f09bc243a743f34fd9,1.1273527367669983e+22,1.4293697980940545e+22,1.5349221719690573e+21,3.3699936802464465e+20,1.0659704267969664e+21,85.0,1,0.1073845392574929,1.2678993463866286,51.01410569237023,48.782766630328425,50.776744219327206,4.454347296253507,0.10738453925749293,0.5,3.163122925260241,-1.7048816050985143,-1.7048816050985143,447.1181200123375
0x04c9481dd5aaf3a65d387b5e8c53e805c95cb70a,38619000000.0,10000000000.0,10003946637.0,5.870411745172863e+17,2.0335702470840177e+18,12.0,67,1.0003946637,0.2589399000491986,23.025850930040455,23.026245515881183,24.377010220317914,2.5649493574615367,1.0,0.014705882352941176,3.464101557707919,1.1189963849138567,1.1189963849138567,700.3376595856025
0x04c9ea8aaa2bf73bd0301a314d8d865b89843587,5.3e+21,9.99e+20,9.99e+20,3.1495e+21,2.4831835077845807e+21,4.0,113,1.0,0.1884905660377358,48.353286452541376,48.353286452541376,50.02199377343304,1.6094379124341003,1.0,0.008771929824561403,0.7884373734829594,1.029373494778537,1.029373494778537,692.3010988504867
0x04ca9d52ee6f8638fa959375b6963d080d4c844f,5.376726769708291e+23,4.199051244553148e+23,4000000000.0,5.455322835012028e+22,1.6140767798590566e+23,125.0,0,1.579684486860349e-15,0.590657766929632,54.39431574448044,22.109560198316302,54.641536920764615,4.836281906951478,9.525961382797245e-15,1.0,2.95871908716379,-2.8739505886595613,-2.8739505886595613,342.2867105839803
0x04cd5ffd4e9ef854e03b7e9fe865301b540048c2,5.9e+21,7e+20,7e+20,3.3e+21,3.002221399786054e+21,4.0,132,1.0,0.1186440677966101,47.99761200893623,47.99761200893623,50.12923930378663,1.6094379124341003,1.0,0.007518796992481203,0.9097640605412285,0.978816370395084,0.978816370395084,687.7675985350322
0x04cda19cb300c98a5ff01a9bafc907e8751268d8,3.627470844788362e+20,408500000000.0,408643912994.0,5.078463603219339e+18,1.6335333116140145e+19,99.0,0,1.0003522961909426,1.1261289683055555e-09,26.735757751248915,26.736109985398127,47.34023752835076,4.605170185988092,1.0,1.0,3.2165895814995804,-1.7537936392272842,-1.7537936392272842,442.7321363382962
0x04d0d0c4bf3ff7d5b54869b813a4026414b57f1d,4.6e+21,2.9e+17,2.9e+17,2.300145e+21,2.6556438066942134e+21,4.0,133,1.0,6.304347826086956e-05,40.2086573178912,40.2086573178912,49.88034325637001,1.6094379124341003,1.0,0.007462686567164179,1.1545549548807632,0.8930711718981731,0.8930711718981731,680.0787537050504
0x04d1cdf9fd1122f863126c50fc96cdfcb6400172,1.780000000025084e+19,6.242950301007752e+18,603838776314608.0,7.071633643663351e+17,1.304027423683459e+18,34.0,41,9.672330343830142e-05,0.3507275449954929,43.27798454918594,34.034328351600664,44.325730131204956,3.5553480614894135,9.672330343830142e-05,0.023809523809523808,1.8440257080511424,-0.05191245598422708,-0.05191245598422708,595.3412685860114
0x04d1e3032002bf14d508b9be1272bcd391991740,1.0600000000000002e+22,2e+21,2.0012857396104297e+21,1.8251607174513044e+21,2.077617160366626e+21,8.0,138,1.0006428698052148,0.1886792452830188,49.047434133434905,49.048076796687845,50.71514095399298,2.1972245773362196,1.0,0.007194244604316547,1.138320116415752,0.8621795960537816,0.8621795960537816,677.3086798422008
0x04d34271e0216a8e3bab7598557112f70a06dc48,1e+21,2.6e+20,2.6e+20,6.299999925e+20,4.272391905400692e+20,4.0,111,1.0,0.26,47.00721330490835,47.00721330490835,48.35428695287496,1.6094379124341003,1.0,0.008928571428571428,0.6781574533750001,1.1484645535311389,1.1484645535311389,702.980095312545
0x04d3878b491afb02abaec1dc7964e69cd01781be,9.0219e+22,7e+22,7.074e+22,4.598e+22,3.1112514668538127e+22,7.0,22,1.0105714285714285,0.7758897793147785,52.602782194924316,52.6132981366523,52.856527000776936,2.0794415416798357,1.0,0.043478260869565216,0.6766532115819515,0.8772134835552111,0.8772134835552111,678.6567813127929
0x04d636d093a0ec32e981c2c87b47ad8437f5c8c8,3e+21,2e+17,2e+17,1.5001e+21,1.7319353375150393e+21,4.0,133,1.0,6.666666666666667e-05,39.837093761458725,39.837093761458725,49.45289924154307,1.6094379124341003,1.0,0.007462686567164179,1.1545465885707882,0.9124600313019138,0.9124600313019138,681.817369207714
0x04d77f0bcc07515b0ba5d67bb812d6dcf1f1b2f6,5.180176093089567e+20,1.0611840085449e+20,7993463528657757.0,1.2642215297161077e+19,4.3262815338155336e+19,51.0,46,7.532589507844572e-05,0.2048548137119383,46.11108713382992,36.617400543698174,47.69654091037943,3.9512437185814275,7.53258950784457e-05,0.02127659574468085,3.4220913282397896,-0.8260860943690844,-0.8260860943690844,525.9204604084194
0x04d9d6934fa51db9f34afd7e65ca08a9d9dfd818,1.013646377854774e+19,1e+18,0.0,2.8841159446369347e+18,4.2430242360839895e+18,4.0,82,0.0,0.0986537338708145,41.44653167389282,0.0,43.76267087144381,1.6094379124341003,0.0,0.012048192771084338,1.4711697856578787,0.14453500081419798,0.14453500081419798,612.9568790113818
0x04d9f6ecd792e48a09fa5dc2138baed8e628a7e5,1.0522194033147938e+22,5.065978824042428e+21,4.899992757466594e+21,2.593920543529466e+19,1.2148241864010236e+20,323.2399999999998,4,0.9672351440183508,0.4814565106937905,49.97683432443039,49.94352067992241,50.707773696723294,5.781483982320053,0.9672351440183509,0.2,4.6833515754035036,-0.9510923249698665,-0.9510923249698665,514.7110454590219
0x04dc6792cdf6f04acf894780cfb486fd0987ae86,2.9991e+22,22518935573.0,22532769531.0,2.499250000003754e+21,5.847401413913198e+21,12.0,15,1.000614325573034,7.508564426994765e-13,23.837622373292668,23.838236510244965,51.75518428952811,2.5649493574615367,1.0,0.0625,2.3396624643010564,0.2299597231054044,0.2299597231054044,620.6169864676033
0x04ddf96a61c4c44731f04df4e963f61cfe3c9c6d,5.376726769708291e+23,4.199051244553148e+23,1.4663222052498569e+23,1.909660367146599e+22,4.391708332624798e+22,147.0,60,0.8771669581870154,0.892228774542526,54.39431574448044,53.342214503478296,54.641536920764615,4.997212273764115,0.3492032175487058,0.01639344262295082,2.29973266879223,-0.374897346144932,-0.374897346144932,566.378938958145
0x04e143012ddcd4da17c439992614f51d4f2d367d,200000001013882.0,18802021821780.0,0.0,54700505708915.5,52867553771484.15,4.0,23,0.0,0.0940101086323242,30.564985523693796,0.0,32.929338487546,1.6094379124341003,0.0,0.041666666666666664,0.9664911336069677,0.7781237892547693,0.7781237892547693,669.7713242017003
0x04e1a99f76658931ef68f1b6a948378834282954,4.211000000013069e+20,1051506648.0,1051520625.0,5.971940154083807e+19,1.3443279196331052e+20,28.0,72,1.0000132923553329,2.4970473711629933e-12,20.773489876434635,20.773503168701613,47.48940200906381,3.367295829986474,1.0,0.0136986301369863,2.251073997641805,0.5541495832529341,0.5541495832529341,649.6873667783755
0x04e2b5c5d91f7f630d36142043d8a1752af689c0,5.3e+21,8.88e+20,8.88e+20,3.094e+21,2.547269387664629e+21,4.0,117,1.0,0.1675471698113207,48.235503416884995,48.235503416884995,50.02199377343304,1.6094379124341003,1.0,0.00847457627118644,0.8232932733240559,1.0161235739661787,1.0161235739661787,691.1129671892202
0x04e40c8f0b5c7e71d2eaca55387405326d533f56,2.3619774466358745e+21,1.055441110106398e+21,0.0,1.5166402137244988e+20,5.014463004139957e+20,44.0,62,0.0,0.4468463962726,48.40824574626268,0.0,49.2137861221862,3.8066624897703196,0.0,0.015873015873015872,3.306297010169378,-0.8384294947451406,-0.8384294947451406,524.8136172051903
0x04e45ee310048f79d0eb1d7efedaa45c1973dcc1,2.0975079305325583e+20,105000000.0,0.0,3.495846550889347e+19,5.4245130125016056e+19,6.0,14,0.0,5.00594054837926e-13,18.46947091764561,0.0,46.79245180017819,1.9459101490553132,0.0,0.06666666666666667,1.551702265398807,-0.13179459008758548,-0.13179459008758548,588.1781697236227
0x04e492d349e82cafdc314cc0d966592b6ee9df11,1.0348091375065732e+23,1.7506995328436748e+22,1.6353095046902388e+22,2.39739481032751e+20,1.1658443038431956e+21,323.2399999999998,0,0.9340891877854064,0.1691809116666748,51.21688748698598,51.14870413180807,52.99367414036889,5.781483982320053,0.9340891877854065,1.0,4.862963325110096,-2.722288561021598,-2.722288561021598,355.88637351030405
0x04e51339af9f53915c2ad3a955b13c9ba5a67433,2.817086464503399e+23,2.125e+23,1.4663222052498569e+23,3.805752500560644e+22,4.183387274109046e+22,26.0,29,1.0026468533851536,0.7543254446663209,53.71322894123943,53.342214503478296,53.99516032111066,3.295836866004329,0.6900339789411091,0.03333333333333333,1.0992273600274245,0.4014553525946551,0.4014553525946551,635.9951453298794
0x04e55a3ae9d3083544409b1bb9809f983f67fbdf,1.995512586040292e+21,1.000000000001e+21,1.0011141799232466e+21,3.329845661775568e+20,5.4367230492873215e+20,18.0,72,1.0011141799222456,0.5011243762612925,48.35428695287596,48.355400512560415,49.045187905573094,2.9444389791664403,1.0,0.0136986301369863,1.6327252375980414,0.7289773926156808,0.7289773926156808,665.3643250421578
0x04e6e7c324cfb56173d2028e18bf3207b169a71a,2.069005073940596e+20,343451642.0,343484323.0,8.677452059540852e+18,2.0525306113749717e+19,28.0,107,1.0000951545894778,1.6599845323040565e-12,19.65455688242405,19.65465203248634,46.77876971100506,3.367295829986474,1.0,0.009259259259259259,2.365360934628519,0.5497185659804217,0.5497185659804217,649.2900336933218
0x04e8a3412d46f8625005d8e320c45b6f3c0242df,6.852435696467905e+18,1800000000.0,1801348089.0,4.03084453213054e+17,5.01827602204772e+17,17.0,83,1.0007489383333332,2.6268031977707017e-10,21.311052502404085,21.31180116042264,43.37113583909145,2.8903717578961645,1.0,0.011904761904761904,1.2449688848195948,1.143699018415908,1.143699018415908,702.552765728205
0x04e9601bd84b0934af81475670ae5d0ab5e4b9b9,6.083075799955353e+18,128900000000.0,5401260000.0,4.6793475143539085e+17,1.6530750872671268e+18,26.0,27,0.0419027152831652,2.1189938156112748e-08,25.582302746899312,22.409898096817127,43.25204213010318,3.295836866004329,0.04190271528316524,0.03571428571428571,3.5327042545917253,-0.6594051064037303,-0.6594051064037303,540.8668862729515
0x04e96cdcfbcce8c972c5f976117784933e0cc6af,4741925243568308.0,200000.0,0.0,790320873961384.6,1919529877261708.8,6.0,23,0.0,4.217696183027542e-11,12.206077645517674,0.0,36.09521961768233,1.9459101490553132,0.0,0.041666666666666664,2.428798150857771,0.05424057216445897,0.05424057216445897,604.8601008468912
0x04ea240f764d8784d76485863ee5accf9e336f9e,92515614.0,63360199.0,63372911.0,16409294.47368421,7242388.564137144,19.0,77,1.0002006306829938,0.6848595200373421,17.96434646203112,17.964547072587305,18.34288799904652,2.995732273553991,1.0,0.01282051282051282,0.44135892470888444,2.59589790353675,2.59589790353675,832.7726740810788
0x04eb9b28d200a20337a5383b02f8b19cd419f577,1.448085275875078e+20,4.700000000454658e+19,1225107479.0,3.3604510857194373e+18,9.77957494409411e+18,58.0,11,2.6066116571946558e-11,0.3245665209608907,45.29667927569962,20.92629441586979,46.42194404428928,4.07753744390572,2.606611657194656e-11,0.08333333333333333,2.9101970820683456,-0.6867373933594169,-0.6867373933594169,538.4159768700375
0x04ec042478e6aa2a0a655edc088f3cc39cf0a7dc,4.363088382373812e+19,11572812553.0,11578756396.0,3.356221840307117e+18,8.541714972276999e+18,13.0,31,1.000513604015686,2.652435967089811e-10,23.171924438843714,23.172437911009958,45.22229691807134,2.6390573296152584,1.0,0.03125,2.545038849844137,0.5059383000491268,0.5059383000491268,645.3642200353921
0x04ec1f418d38fb0f849d62eacf9727ad9f8e410c,2.211006659785183e+19,27957000000.0,1000000000.0,1.1055033313404412e+18,1.5640676973263631e+18,20.0,6,0.0357692170118396,1.2644466662400846e-09,24.05393345245381,20.72326583794641,44.542564680872154,3.044522437723423,0.03576921701183961,0.14285714285714285,1.4148014329634855,-0.09275589392449068,-0.09275589392449068,591.6788027902504
0x04eca8193ca0a4ea0b368ad36d79eba7654262b3,1.606182012298e+22,1e+22,1.0001231880305787e+22,2.8283261241795323e+21,1.7114922906807734e+21,22.0,75,1.0001231880305788,0.622594445924144,50.65687204586901,50.65699522631256,51.13073198766058,3.1354942159291497,1.0,0.013157894736842105,0.6051255108274542,1.0432460338340732,1.0432460338340732,693.5450612188254
0x04ecb5f063d5ffbaf3268af1a3ccaac296f74121,7.422829604514987e+22,5.9e+22,5.9633445156585285e+22,2.4332743765471166e+22,3.1347481129915167e+22,11.0,6,1.0107363585861913,0.7948451351235767,52.43182439678068,52.442503529900065,52.66143237867089,2.4849066497880004,1.0,0.14285714285714285,1.2882838627675892,0.44871979034279963,0.44871979034279963,640.2333876360642
0x04ee01137811d587ecbef9262a8db2248666f341,0.0,5007197704.0,10014396325.0,1.6717922316566898e+21,4.4231464887146486e+21,7.0,75,2.000000183136368,0.0,22.33414225523467,23.02728952726294,0.0,2.0794415416798357,1.0,0.013157894736842105,2.645751311053443,2.552334676358566,2.552334676358566,828.8663224726167
0x04ee10fd378f7cad5ac5751d7cd0f42b13ee3b76,3.290199646333077e+23,1.2699538746401016e+23,6.000000197764896e+21,1.0286924507546436e+21,4.1348057149519456e+21,323.2399999999998,6,0.0472458119745905,0.3859807948297191,53.19843771949297,50.14604645506383,54.150405384575215,5.781483982320053,0.04724581197459054,0.14285714285714285,4.019477067143511,-1.5519053201620447,-1.5519053201620447,460.8356335076963
0x04eefaeb6f90a5627dba307c15a65acf3e589573,19529580198.0,16501933963.0,18011749115.0,3.5100390268295813e+18,1.4656302035591651e+19,23.0,73,1.091493224696284,0.8449712587621285,23.526743420923793,23.61429011057454,23.69519608641708,3.1780538303479458,1.0,0.013513513513513514,4.175538198739019,0.8699260251052897,0.8699260251052897,678.0033087194744
0x04efc3225aa96a0fcb977bfbada6712f99310545,0.0,478594598.0,958803207.0,1.2536161350016995e+17,3.545761874426583e+17,8.0,50,2.003372397028184,0.0,19.98636444837696,20.681196406367885,0.0,2.1972245773362196,1.0,0.0196078431372549,2.828427120094283,2.4672099731672787,2.4672099731672787,821.233117984092
0x04f004eb2431e8f79fe0c671c807ecb2f5cc71ff,1.0790593295884516e+20,1.000000000003e+20,1.004633865330875e+20,1.843967467369404e+19,4.062091951218352e+19,29.0,0,1.004633865327861,0.9267331022330306,46.05170185988391,46.056325021910204,46.127791530362074,3.4011973816621555,1.0,1.0,2.202908686351888,-1.2965363216796673,-1.2965363216796673,483.7347886573528
0x04f14602b7d1fdaa374aef914bb161e5cbeba6e6,4.031753272715815e+22,3.510041559753226e+21,3.5085163563969224e+21,3.96559781298336e+20,6.781046868335508e+20,180.0,31,0.9995654742742104,0.0870599295722488,49.609914830668174,49.60948021050872,52.05107338248296,5.198497031265826,0.9995654742742103,0.03125,1.7099683800849328,0.5272409791232946,0.5272409791232946,647.2744493745904
0x04f1d25968cc1ad76e773d1b06acee6c502c93dd,7.443854495647752e+21,9.96985656690641e+20,2.198673981997229e+17,7.0451396889615565e+19,2.0139923805743448e+20,149.0,2,0.0002205321578341,0.1339340602739555,48.35126805728241,39.931801024089204,50.36167574493622,5.0106352940962555,0.00022053215783418892,0.3333333333333333,2.858697583711366,-1.334374088380401,-1.334374088380401,480.3418439563679
0x04f1fc616db817879898aa1635d574593f227b4e,8.157231377697231e+21,8.155196004572108e+20,4875575091.0,6.1884489504574505e+19,2.5084725528596264e+20,145.0,0,5.978489159876194e-12,0.0999750482359653,48.15035713056047,22.307503902028337,50.45319177232957,4.983606621708336,5.978489159876194e-12,1.0,4.05347539091229,-3.1184440335220494,-3.1184440335220494,320.36277557130313
0x04f273dde0c27ae188f81246bbda93f444cd9dd3,163335049.0,72920001.0,72920018.0,47251014.8,33726049.92362363,10.0,77,1.0000002331321964,0.4464442962269537,18.104873535202053,18.10487376833422,18.911314170549687,2.3978952727983707,1.0,0.01282051282051282,0.713763504686103,2.462017190314497,2.462017190314497,820.7674767319785
0x04f4d6f45d2132ab59a825b0ef294eef87a652bf,5.0900000000032106e+20,1.8303000226838597e+20,0.0,2.3067666742300963e+19,4.1885765601707336e+19,30.0,102,0.0,0.3595874307824567,46.656181760118216,0.0,47.678979690443974,3.4339872044851463,0.0,0.009708737864077669,1.8157781655869933,-0.1652515485964943,-0.1652515485964943,585.17805581675
0x04f5a06edf6a92e77d6aa12bdb2c5c7517553fa5,263888648.0,159504032.0,159548702.0,141146456.33333334,61980204.75325564,6.0,48,1.0002800556163998,0.604436883544911,18.887579765135964,18.887859781542353,19.39103778804375,1.9459101490553132,1.0,0.02040816326530612,0.43911980763358255,2.5343910509651026,2.5343910509651026,827.2573023320589
0x04f5c67be870758e6d5200a15f7722b471ebb821,4.051724842354697e+18,2.0251562688141105e+18,0.0,6.076881111168808e+17,6.049728520454947e+17,10.0,108,0.0,0.4998257156172461,42.152178541258635,0.0,42.8456743513483,2.3978952727983707,0.0,0.009174311926605505,0.9955318213048537,0.38050365377856726,0.38050365377856726,634.1163886887456
0x04f648bb839033bba7c6341529bd7dd6fd6d413e,4.810744494755503e+20,5.648800000027606e+22,4.39937279021958e+22,7.804243731577795e+20,2.598303954103655e+21,148.0,6,0.7788154634963319,117.42049502287472,52.388315179093894,52.138334028954965,47.62255371263575,5.003946305945459,0.7788154634963319,0.14285714285714285,3.3293475235663252,-0.32988878789728726,-0.32988878789728726,570.4148946320922
0x04fb136989106430e56f24c3d6a473488235480e,4.682920104392084e+22,159001219808.0,19103945381.0,9.88044257729277e+19,6.40946587648305e+20,323.2399999999998,0,0.1201496781223989,3.3953434238366285e-12,25.79217771089193,23.673160715170102,52.20079391515017,5.781483982320053,0.12014967812239892,1.0,6.487023052199385,-4.056336632148894,-3.345527590534549,300.0
0x04fc359e0a815db4ee2498873da41a0143a594aa,1.8037e+22,12000000.0,12000000.0,9.018500000000008e+21,1.0413666805373274e+22,4.0,110,1.0,6.652991073903644e-16,16.300417291085605,16.300417291085605,51.24671215656302,1.6094379124341003,0.9999999999999166,0.009009009009009009,1.15470053837925,0.8280172361592246,0.8280172361592246,674.2453119935078
0x04fc43e8f4da7fbae135cb0ae73b8913d8e044d8,1.227003793057412e+21,706000000.0,708526366.0,1.2649562744300413e+19,9.694456591279174e+19,97.0,30,1.003578422096317,5.753853443605173e-13,20.375125796873945,20.37869783164601,48.55886220992529,4.584967478670572,1.0,0.03225806451612903,7.6638669551224305,-1.6787176535445776,-1.6787176535445776,449.4642637867277
0x04fdac80b3ca0b9066bd275f176dc807e3908a8e,4.3238426424839504e+21,8217257180.0,8225791059.0,1.3501394757300548e+20,3.224919320178305e+20,66.0,42,1.0010385313265806,1.9004524122273267e-12,22.82950231405481,22.830540306480685,49.81843146033477,4.204692619390966,1.0,0.023255813953488372,2.3885823488232645,0.3752373570066862,0.3752373570066862,633.6441553810218
0x0501ce52054d546b62045da91647212e00d85f9e,4.654e+21,6.67e+20,6.67e+20,2.6605e+21,2.3018955232590375e+21,4.0,106,1.0,0.1433175762784701,47.949321719808445,47.949321719808445,49.89201401775506,1.6094379124341003,1.0,0.009345794392523364,0.8652116231005591,1.0036773486159518,1.0036773486159518,689.9969035831591
0x0505bad45bc350d3fdcd670800343626696d5ec6,2.8823907846321416e+20,240544532.0,2910958.0,8.438189150008227e+18,2.0781236724057862e+19,38.0,36,0.0121015346962865,8.34531297013909e-13,19.298415798767707,14.88399313812153,47.110321943211304,3.6635616461296463,0.012101534696286456,0.02702702702702703,2.4627602385563496,-0.41933964159317755,-0.41933964159317755,562.3937605507257
0x05069a643656f4d38df42b054c3c25ce75c53cfb,2.0931047479702572e+21,3.600000000017135e+20,1.500692797443031e+20,2.5167679386619023e+19,7.618120915920096e+19,129.0,15,0.4168591103988578,0.1719933034172397,47.33263570534774,46.45762872632431,49.09293544189505,4.867534450455582,0.4168591103988578,0.0625,3.0269461077013107,-0.44183237473369563,-0.44183237473369563,560.3768180518888
0x05070c5b87fb811ad523053e8d0ddc1de663676a,2.2522e+22,5e+21,5.751462909378812e+20,2.1613189454567603e+21,3.618780557316067e+21,13.0,0,0.1150292581875762,0.222005150519492,49.96372486530906,47.80115610135354,51.46877956214979,2.6390573296152584,0.11502925818757624,1.0,1.6743389794102301,-2.117831702038857,-2.117831702038857,410.08853382490076
0x050720de5b724af8082190ae387174f5fe472d4b,1043000000.0,543186436.0,544114707.0,7.596078374972175e+18,2.631358736632859e+19,12.0,55,1.0017089362665896,0.520792364333653,20.11296316519306,20.114670642886427,20.765367013923818,2.5649493574615367,1.0,0.017857142857142856,3.464101614989587,1.2766210732776333,1.2766210732776333,714.4719993672869
0x0508c3a6cb083b03d760a2cd7bd28a0a32a63e84,5.376726769708291e+23,4.199051244553148e+23,1.4663222052498569e+23,5.413098268654847e+21,1.2038446913875553e+22,288.0,94,0.6124849229285814,0.8900174306928738,54.39431574448044,53.342214503478296,54.641536920764615,5.666426688112432,0.3492032175487058,0.010526315789473684,2.2239476019834203,-0.33333266256018435,-0.33333266256018435,570.1060794638834
0x05097c27631f3c41237c7abef075c4b8e281eae7,1.5385757239979609e+21,1.1600303267990796e+22,1.1659095750775683e+22,1.9528149133948505e+20,1.111383847816466e+21,134.0,10,1.0050681849798804,7.539637527782916,50.805318194437845,50.81037357939859,48.785144086811876,4.90527477843843,1.0,0.09090909090909091,5.691188858673721,-1.0210013421533384,-1.0210013421533384,508.4422444676799
0x050bcc773c1dd7b78624291f1ca3facb690ef09c,3.980967954263737e+18,8.000000028652301e+17,8.000403791823406e+17,2.297765439249194e+17,3.9113968985422106e+17,30.0,31,1.0000504703962074,0.2009561523871112,41.22338812616015,41.22343859528277,42.8280566682086,3.4339872044851463,1.0,0.03125,1.7022611758928181,0.9489712091967959,0.9489712091967959,685.0913575629188
0x050cec6a33d5ee57eaaa8124bdb9bcb7e0d817db,5.000000000198145e+16,28179.0,28179.0,8333333334003210.0,2.041241452286498e+16,6.0,23,1.0,5.635799999776659e-13,10.246367785452671,10.246367785452671,38.45079940037846,1.9459101490553132,0.9999999999645126,0.041666666666666664,2.449489742546895,0.8305588393562718,0.8305588393562718,674.4732197124711
0x050d9f92aaad5c4fb676e3e4f233e18e6f167698,4.945443778827843e+19,3.398857068808526e+16,3.398857518789513e+16,6.308699037125414e+17,4.689715457667807e+18,79.0,0,1.0000001323918537,0.0006872703888293,38.064800706780886,38.06480083917273,45.34758347087277,4.382026634673881,1.0,1.0,7.433728301302349,-3.33695607854521,-3.33695607854521,300.76861476560384
0x050ee024a0ffd8b9bd383271835b27dd66c3fec3,3.102142172554634e+23,3.3793316054725185e+23,1.4663222052498569e+23,2.0800430745253183e+21,6.42835667081313e+21,323.2399999999998,3,0.7553724549559407,1.0893542002588543,54.1771350789427,53.342214503478296,54.091550035112135,5.781483982320053,0.4339089430807211,0.25,3.0904920910256295,-1.0457468774998275,-1.0457468774998275,506.22329128022136
0x050eff11eb0b016fd8cf4d4f564584626f09ee60,6e+20,350000000.0,350787104.0,1.5740781533699005e+20,2.7506642474551004e+20,8.0,11,1.0022488685714286,5.833333333333333e-13,19.673443715304877,19.675690058949737,47.84346132910897,2.1972245773362196,1.0,0.08333333333333333,1.7474762873535086,0.6015693015266207,0.6015693015266207,653.9395332212692
0x05119e9c19a50e66cc085b2dd2730897f470747f,7.196400000015404e+20,1245964848.0,20001124.0,8.995500000052083e+19,2.544311620063331e+20,8.0,71,0.0160527193300079,1.731372419539399e-12,20.943176045838293,16.811299079936294,48.025282760863384,2.1972245773362196,0.016052719330007924,0.013888888888888888,2.8284271247274746,-0.5766954011723269,-0.5766954011723269,548.28353584174
0x0511ff29c615e4b1065da22819195b7080a1ff28,8.540633300607882e+17,179736225.0,70993190.0,5.337895816123418e+16,2.1351583241936026e+17,16.0,89,0.3949854293423599,2.1044835748562958e-10,19.007000922978403,18.078094528998303,41.28878174292961,2.833213344056216,0.39498542934235764,0.011111111111111112,3.999999995774057,-0.392902732035554,-0.392902732035554,564.7643807013123
0x051464267416f04a0b38b081f7f6eb150a588dfb,5.613248668176829e+19,25500000000.0,16000000000.0,1.2128018074493394e+18,2.548879638606108e+18,48.0,1,0.6274509803921569,4.5428238632232807e-10,23.961944289150008,23.49585455924869,45.47424640405283,3.8918202981106265,0.6274509803921569,0.5,2.1016456464281603,-0.5795971516067375,-0.5795971516067375,548.0233334138884
0x05182e579fdfcf69e4390c3411d8fea1fb6467cf,3.500000000001083e+20,9.950000000675558e+19,0.0,4.994444444521824e+19,4.330159094016768e+19,9.0,45,0.0,0.2842857143049279,46.04668931812527,0.0,47.30446482837659,2.302585092994046,0.0,0.021739130434782608,0.8669951467307481,0.2046895132198028,0.2046895132198028,618.3509852682654
0x051886c7bef4b86906cb0994f14a4f6a1d120a7b,8.241553346152808e+20,5.104247653116361e+19,0.0,2.187994527866111e+20,2.8310254858286363e+20,4.0,0,0.0,0.061933077888758,45.37918983313083,0.0,48.16089069891859,1.6094379124341003,0.0,1.0,1.2938905695480214,-1.9193665382246394,-1.9193665382246394,427.88507375336576
0x051a3190c9342211eb311723b23b8c7cbd7b5a5d,9.246645716449216e+20,2.9649981229944544e+20,0.0,3.052910959860918e+20,2.2552504497209796e+20,4.0,97,0.0,0.3206566158060868,47.13857825927626,0.0,48.27596272039208,1.6094379124341003,0.0,0.01020408163265306,0.7387213316642954,0.23412423038504965,0.23412423038504965,620.9904213750714
0x051ae28151a68cceea5e234694b82c913a802fb9,3.60000000000064e+20,63934426.0,63939859.0,7.200000000005114e+19,1.6099689437995627e+20,5.0,76,1.0000849776926128,1.7759562777774625e-13,17.97336853795998,17.973453512040866,47.33263570534316,1.791759469228055,1.0,0.012987012987012988,2.2360679774978043,0.5686079055978663,0.5686079055978663,650.9838568321719
0x051b903060920fc5751479a85ad5340587267a53,4.643788066328788e+21,1.2198950172894586e+21,3.000247424485905e+20,1.7598685641295407e+20,3.650559845828896e+20,39.0,24,0.2459430837870208,0.2626939472399014,48.55305175651541,47.150396619976796,49.889817379650474,3.6888794541139363,0.2459430837870208,0.04,2.074336640949389,-0.20822244776328278,-0.20822244776328278,581.3248187645303
0x051ba1cf67593ea9e697a1039c549cc94660c4b2,1.54961e+22,7.136000003529102e+21,0.0,9.430041668137124e+20,2.2463068376412825e+21,24.0,106,0.0,0.4605029654899686,50.319439348647215,0.0,51.094875332237095,3.2188758248682006,0.0,0.009345794392523364,2.3820751982796207,-0.5441891601185398,-0.5441891601185398,551.1983981063315
0x051ca9ee1263a1d2a6d25d7c284a2ae9c3edbd7b,1.6518999372919582e+21,3.8194498548493065e+20,0.0,3.3897415379614813e+20,2.6831284957342024e+20,6.0,82,0.0,0.2312155699400728,47.39180825507279,0.0,48.85621305549275,1.9459101490553132,0.0,0.012048192771084338,0.791543681335592,0.18323503849924908,0.18323503849924908,616.4271442844341
0x0520e146a8eb11276ae1b4afdb9ab02bdb27b831,4.00806e+19,8755286190.0,17513315988.0,2.781901382007478e+19,6.406975722554401e+19,9.0,72,2.000313365884388,2.1844199413182439e-10,22.892923491013462,23.586227342184994,45.13742410061726,2.302585092994046,1.0,0.0136986301369863,2.3030923252681927,0.6401740189149343,0.6401740189149343,657.4012510422938
0x052370f3278cd2ad96be34bacc1748ebf8c99056,5.500000000122022e+18,8081762349.0,1691950609.0,1.1792452853040451e+17,7.558168237493984e+17,53.0,0,0.2093541650862022,1.469411336149218e-09,22.81287579832008,21.24914790739707,43.151279766153436,3.9889840465642745,0.20935416508620228,1.0,6.409326652974712,-3.5355745223926607,-3.345527590534549,300.0
0x0524849b35de1273b41918ce5c0f5b260a4bd033,6.6780683318086615e+19,178350000000.0,178406111193.0,2.3850416010383657e+18,7.076038784838823e+18,56.0,105,1.0003146128006728,2.670682465923441e-09,25.907013748756917,25.90732831207736,45.64794554073224,4.04305126783455,1.0,0.009433962264150943,2.966840822297673,0.36196992089965285,0.36196992089965285,632.4544531083942
0x0524c91701fcc461c90b3120769b5f295f706a16,2.286326672645712e+20,1.98e+21,1.981015184672197e+21,1.0222211341711788e+20,2.1090257294731408e+20,41.0,97,1.0005127195314127,8.660179770849483,49.037383797581406,49.03789638571707,46.87864831646392,3.7376696182833684,1.0,0.01020408163265306,2.0631795400934925,0.6632565091037658,0.6632565091037658,659.4710775569283
0x0524e7c0c1ae860b58089c747544db7393a0e5d9,5.630815234081506e+20,1.2608918732612736e+16,18832316.0,2.9636533280368534e+19,1.2207623635907309e+20,19.0,10,1.4935710507270191e-09,2.2392705511441797e-05,37.07318079439207,16.751084941390648,47.779956093340424,2.995732273553991,1.4935710507270193e-09,0.09090909090909091,4.119113231099041,-1.2429100221845963,-1.2429100221845963,488.54350451376996
0x0524f2b8765ee3a1a033311ddc9e2dcaad34b8c3,4.730838129304135e+20,100000000.0,100058246.0,6.784350160846706e+18,2.0455915269058187e+19,83.0,0,1.00058246,2.1137903531421214e-13,18.420680753952364,18.42126304438256,47.60580424104374,4.430816798843313,1.0,1.0,3.0151620691855965,-1.6859029770170724,-1.6859029770170724,448.81994972364663
0x05250b39a5c97c289c79ce2c83f3af8dd60aa438,1e+21,5e+20,5.001598751102957e+20,5.00043145851716e+20,1.5808258866280232e+20,6.0,107,1.0003197502205914,0.5,47.66113977231501,47.6614594714264,48.35428695287496,1.9459101490553132,1.0,0.009259259259259259,0.31613789724793173,1.291481161070443,1.291481161070443,715.8045160702827
0x05255995c8c766e4f71c48c0dd3c3e001d9a34d2,2.0038e+22,4600000000.0,4600000000.0,1.00189975000023e+22,1.156894180726844e+22,4.0,117,1.0,2.295638287254217e-13,22.24932214065885,22.24932214065885,51.35191742371203,1.6094379124341003,0.9999999999999998,0.00847457627118644,1.1547005383787932,0.8242925645601944,0.8242925645601944,673.9113175253672
0x05264ed450de7be1e0a4aeda3fb73d23e2abeb7e,6.52821540055747e+20,359849916.0,360049076.0,8.160269250710331e+19,1.8284813707718758e+20,8.0,76,1.00055345295676,5.512224917843107e-13,19.7011976052664,19.70175090512302,47.92783547340728,2.1972245773362196,1.0,0.012987012987012988,2.2407120581379236,0.5397713069473328,0.5397713069473328,648.3980545209625
0x05275affa4b235deacf99e490f3834273c15ea8b,1.947983511639601e+23,4.199051244553148e+23,1.4663222052498569e+23,7.465907199476841e+21,1.5840739670858255e+22,281.0,87,1.0001735156525615,3.077528069691307,54.39431574448044,53.342214503478296,53.626251879796854,5.641907070938114,0.3492032175487058,0.011363636363636364,2.1217434462577116,-0.24836820870115187,-0.24836820870115187,577.7249142585779
0x05279be7b95aadfd686d24fcf6740869c81b7532,6.242378148655997e+21,4.13119667335064e+21,4.138044002581207e+21,2.134248886867016e+20,4.239189391269456e+20,98.0,41,1.0016574687123316,0.6617985285367723,49.77285406929469,49.77451016592167,50.18564817621763,4.59511985013459,1.0,0.023809523809523808,1.9862675891996835,0.517153896634014,0.517153896634014,646.3699321140688
0x0528f588718437c2bd3d9e4e1965bd570a4c7d6c,5.200725883825394e+19,150000000.0,0.0,1.0401451767680788e+19,2.324718188869024e+19,5.0,12,0.0,2.8842127685773645e-12,18.826145858727198,0.0,45.39791497577539,1.791759469228055,0.0,0.07692307692307693,2.2349939612202485,-0.35979336616694846,-0.35979336616694846,567.7333256806861
0x05293c6f76202cf49be925f9a0d33683d98cc4e3,1.34e+20,3.721681192222308e+20,2.581681192222308e+20,5.879509526495858e+19,9.241768121398949e+19,13.0,10,0.6936868202514472,2.777374024046498,47.36587735946792,47.00014267149149,46.34437147384374,2.6390573296152584,0.6936868202514473,0.09090909090909091,1.5718603872910077,0.45137634325048553,0.45137634325048553,640.4716029932841
0x052afaf0299673d62d22fd60d585fb6f0284ec47,9.999e+21,9.990000000007788e+20,9.993591574436908e+20,1.4996698946805587e+21,3.070244810654947e+21,8.0,31,1.0003595169598716,0.0999099909991777,48.35328645254216,48.35364590489129,50.656772040868674,2.1972245773362196,1.0,0.03125,2.0472804192078105,0.4570037106247349,0.4570037106247349,640.9762138088211
0x052ca94ed9ccfe1f84844ec9b4705c13279f1fd9,1.2828124974542236e+21,7.505795975390784e+20,7.516407305541777e+20,1.356401429918536e+20,1.7782922951363287e+20,30.0,114,1.0014137514776291,0.5851046813377825,48.06737737868832,48.06879013176022,48.603341883989145,3.4339872044851463,1.0,0.008695652173913044,1.3110368773668508,0.886472967985887,0.886472967985887,679.4870871519666
0x052cd92257aa17b3f965c4b0d3f51f0d223c6950,8.468406150187071e+17,2e+16,0.0,2.167101537546768e+17,3.559577415368375e+17,4.0,23,0.0,0.0236171950722488,37.534508668464674,0.0,41.28028889596253,1.6094379124341003,0.0,0.041666666666666664,1.6425522079588097,0.131100780377154,0.131100780377154,611.7522210461208
0x052ddf34b4f7e8754425958ff14ac8b5ae4c4e5a,2.90000000000063e+21,1938541349.0,966762308.0,1.9333333333361128e+20,4.845272610148489e+20,15.0,7,0.4987060546831802,6.684625341377859e-13,21.38520164577373,20.689463220721283,49.4189976898676,2.772588722239781,0.49870605468318,0.125,2.506175488004236,-0.29940043832873336,-0.29940043832873336,573.1488108520575
0x052f348a45620f2c26926d2b58548c7eaeadf870,8.217026174050343e+22,7.364361221872164e+21,7.364361763524904e+21,1.5346047996678947e+21,3.2976719255400455e+21,166.0,0,1.0000000735505394,0.089623192939668,50.35093926744256,50.3509393409931,52.76308041016656,5.117993812416755,1.0,1.0,2.1488737206176456,-1.57601817725873,-1.57601817725873,458.6734131166546
0x052f3e2d4982fd668783f2a04c17a2235c003fae,4.752e+21,2.9e+17,2.9e+17,2.376145e+21,2.743401047611037e+21,4.0,128,1.0,6.102693602693603e-05,40.2086573178912,40.2086573178912,49.912852534935304,1.6094379124341003,1.0,0.007751937984496124,1.1545596113078271,0.8910284918367528,0.8910284918367528,679.8955848477281
0x052f97b6d5fbb925ec65f963bab19b444798b568,2.3025e+20,117856766.0,117866647.0,1.7711538461556597e+19,3.523829683883528e+19,13.0,82,1.0000838390559603,5.118643474484256e-13,18.58498060614765,18.5850644416886,46.88569734902824,2.6390573296152584,1.0,0.012048192771084338,1.9895672482275335,0.6885377300908591,0.6885377300908591,661.7380661310959
0x05315653e6e5bc09c383e71062a1387e1c5ce341,6.0000000001101e+18,2000000.0,2000001.0,1.333333333358247e+18,2.645751311050466e+18,9.0,40,1.0000005,3.333333333272167e-13,14.508658238524095,14.50865873852372,43.23829114313923,2.302585092994046,1.0,0.024390243902439025,1.984313483250772,0.8318702306561544,0.8318702306561544,674.5908132849735
0x05318780cf680ef49f9aa4edb40b628462029bd6,3.920224244060513e+18,1.9202284147408143e+18,1.920228928652776e+18,3.650283175269643e+17,2.8913300194420275e+17,32.0,128,1.000000267630641,0.4898261668704617,42.09897581886746,42.09897608649806,42.81268053117652,3.4965075614664802,1.0,0.007751937984496124,0.7920837591534108,1.356882422843774,1.356882422843774,721.6691028025447
0x0531f17900e2f7f4154becfeb0516007a09729ea,2253000.0,250000000.0,0.0,63063250.0,92009387.21447577,4.0,76,0.0,110.96316023080335,19.33697147982652,0.0,14.627773663266924,1.6094379124341003,0.0,0.012987012987012988,1.4590016723602781,1.4688578034465358,1.4688578034465358,731.7100303568008
0x05327ca0590e721d5af0549ec40415d05155a2a4,9.154799523461556e+21,9500000000.0,7011756372.0,4.261919809393096e+20,1.2050797743854293e+21,25.0,12,0.7380796181052631,1.0377070492536486e-12,22.97455763565817,22.670854059106308,50.56856523272361,3.258096538021482,0.738079618105263,0.07692307692307693,2.8275514985746164,-0.17155014309622935,-0.17155014309622935,584.6132554943484
0x0533abab4129b3a44ac45c8267d964cbfd5177f1,6.929314791826872e+20,605000000.0,305648573.0,3.095291134425125e+19,7.24530690379029e+19,40.0,16,0.505204252892562,8.731022015533161e-13,20.220739017648008,19.537946548961088,47.98746279255595,3.713572066704308,0.5052042528925612,0.058823529411764705,2.340751350724212,-0.033439200085822254,-0.033439200085822254,596.997781144117
0x053688942c0eace50fca3f5629aa12024c09c954,3.4829211834502527e+21,1000000000.0,0.0,1.45121715977178e+20,4.466832623094147e+20,24.0,0,0.0,2.871153113517716e-13,20.72326583794641,0.0,49.60215831507664,3.2188758248682006,0.0,1.0,3.0779904944044394,-2.6927353207712414,-2.6927353207712414,358.5364376828927
0x0538146cff9325928f6394661fd6d0cc5b792edb,7.495276677241989e+21,1.5626283714004902e+21,1.565152159918398e+21,2.8975957828884323e+20,6.144280499105397e+20,37.0,14,1.0016150919592264,0.2084817463970503,48.800656209824936,48.80226999892578,50.368559998657055,3.6375861597263857,1.0,0.06666666666666667,2.1204753732007946,0.3716687489424247,0.3716687489424247,633.3241552626931
0x05385d702678e30c71fe795f9193fc12e1bd37b1,7.69602117233071e+19,6.830000000028272e+20,6.50362065720232e+20,2.619041934990756e+19,1.2370323341363764e+20,54.0,114,0.952213859030073,8.874715709702022,47.97302653346775,47.924060905887096,45.78982023132896,4.007333185232471,0.952213859030073,0.008695652173913044,4.723224617404771,-0.38261837644148783,-0.38261837644148783,565.6865876088161
0x05390ba1f2c390fb4c69a252f9292e06552e76b0,5.37e+20,200226470.0,201038509.0,5.3700000000040124e+19,1.0894856074718978e+20,10.0,36,1.0040556026383525,3.7286121042830544e-13,19.114959638881956,19.11900703971174,47.73252976840169,2.3978952727983707,1.0,0.02702702702702703,2.028837257860491,0.605213804284827,0.605213804284827,654.2663388813121
0x05393e3a9e6bedfb8d42af2e4087c7944359619a,2.1729518026186084e+23,2.1866560082e+23,9.131202826431477e+19,1.504259863048594e+22,2.983295077817824e+22,29.0,1,0.0004175875305575,1.0063067232162612,53.74183057884028,45.960814197222724,53.73554365978028,3.4011973816621555,0.00041758753055758655,0.5,1.9832311897039898,-1.466186384570953,-1.466186384570953,468.5221233205906
0x0539b872df4e0bb8a7ff8566d61aa08530009e0b,2.016e+21,1.4e+21,1.4004031330689126e+21,6.320587806921869e+20,5.7213153850865215e+20,13.0,76,1.0002879521920804,0.6944444444444444,48.69075918949617,48.69104710023798,49.05540230308408,2.6390573296152584,1.0,0.012987012987012988,0.9051872325578538,1.018624706635251,1.018624706635251,691.3372458815412
0x053a19dbc9fd177b7d71de03d9ff7475e89f9d53,1.1214108748177272e+21,200571713.0,200635482.0,1.3894770503901217e+20,2.661707603177293e+20,13.0,10,1.000317936158824,1.7885657924674637e-13,19.11668241657063,19.117000302196878,48.46887455507214,2.6390573296152584,1.0,0.09090909090909091,1.9156182553932566,0.4916435773784283,0.4916435773784283,644.082400103439
0x053ab16a247321e312f3a8a2a0a8abda48707241,7.05102e+22,500000000000.0,400925032933.0,3.3799142858029846e+21,1.480958486365017e+22,21.0,54,0.801850065866,7.0911726246699055e-12,26.937873935370604,26.71704029648632,52.61004433307898,3.091042453358316,0.801850065866,0.01818181818181818,4.3816450984737845,-0.708983805353357,-0.708983805353357,536.4211221977795
0x053bb067126b2641a3696d0849b6957e99344530,7.720178848559966e+21,7.499632173051323e+21,0.0,1.69109011351348e+21,1.7939903618668935e+21,9.0,8,0.0,0.9714324396060098,50.36914092862139,0.0,50.39812448355521,2.302585092994046,0.0,0.1111111111111111,1.0608484713683435,-0.18756802303629286,-0.18756802303629286,583.176918585421
0x053bf9ab3b044137eff39be4857eab5e3a40a239,8.998432132984801e+18,550000000.0,550356235.0,1.499738765567527e+18,3.502635135921717e+18,12.0,97,1.0006477,6.11217589766456e-11,20.125428838008972,20.12607632834068,43.64358202860703,2.5649493574615367,1.0,0.01020408163265306,2.3354968320741247,0.7019073004817528,0.7019073004817528,662.9369268717683
0x053cd8b1c0b52ffe500807739e79cd5efe4eb00d,50000000.0,4000000.0,4000051.0,27000136.5,26558240.555259537,4.0,23,1.00001275,0.08,15.201805169084134,15.201817918999666,17.72753358339242,1.6094379124341003,1.0,0.041666666666666664,0.9836335662695096,2.3521170584562725,2.3521170584562725,810.9126384965423
0x053f4977dcda4506032c5ec230c31242fd123ee1,1.3105568980329997e+21,23718463156.0,14508240873.0,1.4963032026718233e+19,1.0960157504012336e+20,88.0,0,0.6116855370256098,1.8098003369101168e-11,23.889519617956672,23.397982661069054,48.62473911275538,4.48863636973214,0.6116855370256098,1.0,7.324823929028355,-3.7884927804821453,-3.345527590534549,300.0
0x0540003bbd356a49bc2e74a3f8f872dc318dc46b,1.1201339853440613e+20,1.0208440000022448e+23,4.030795724066752e+22,2.1349071211197277e+21,6.513287504178915e+21,91.0,76,0.3948493329106002,911.3588314961104,52.980086874992985,52.05083585247752,46.16515016780433,4.5217885770490405,0.39484933291060026,0.012987012987012988,3.0508528636893537,-0.24119141114245554,-0.24119141114245554,578.3684637957218
0x05404b6f8990a4108150366adb572a870b137edc,1.4418879482355029e+22,2.693500000013097e+21,2.6550457235883426e+21,6.491975660164715e+19,1.6679249743394855e+20,323.2399999999998,7,0.9857233055784046,0.18680369742387,49.34512841601828,49.330748829111094,51.022825375911886,5.781483982320053,0.9857233055784046,0.125,2.5692101474964044,0.03695551977229769,0.03695551977229769,603.3101355071268
0x0540a183be580660a4c7399311b080fe13b06a11,2.8319352722933485e+20,2.821088141492439e+21,0.0,5.94764346613761e+19,1.4049257879242888e+20,58.0,5,0.0,9.961697109015754,49.391409629175385,0.0,47.09266217962257,4.07753744390572,0.0,0.16666666666666666,2.36215535770278,-0.6628687598875803,-0.6628687598875803,540.5562975210565
0x054a164d91efa1cf07c2f682d2c9d618c9076f85,6603392698.0,2600000000.0,0.0,2950848174.5,701696349.0,4.0,0,0.0,0.3937369953459642,21.678777282358464,0.0,22.610849399205794,1.6094379124341003,0.0,1.0,0.23779479915766835,-0.34151303536124217,-0.34151303536124217,569.372538481749
0x054d68e679dcc51ae2f9bd66d0e260947225d128,6.578828764466853e+21,6.652279323391651e+20,8138377149.0,2.897622678727816e+20,1.304713793425837e+21,25.0,19,1.2233967867799431e-11,0.1011164686231311,47.946661411218706,22.819856629762686,50.23814368304728,3.258096538021482,1.2233967867799431e-11,0.05,4.502704244427932,-1.4265034650012762,-1.4265034650012762,472.08052444765644
0x054f16fa8ecc15dc47d22422d3d864eba43e87cf,1.5539000188984235e+21,8.752021689660124e+19,1.0924360199667357e+17,2.160149169082553e+19,3.980942623847238e+19,76.0,49,0.0012482099093257,0.0563229395921143,45.91840149081526,39.232356664212,48.795054864847444,4.343805421853684,0.0012482099093257153,0.02,1.8429017221704196,-0.2456733747475315,-0.2456733747475315,577.9665623097244
0x054f3f0b924c04cffbb7da01758916c2ec2b8ab9,1.8440447055542973e+22,9.81903025328835e+19,12054798655.0,7.226586045413641e+20,1.5857934467955672e+21,57.0,0,1.2276974756201512e-10,0.0053247246250122,46.03343913216596,23.21272864632476,51.26883341450253,4.060443010546419,1.2276974756201512e-10,1.0,2.194388106403289,-2.417673056523295,-2.417673056523295,383.2015047124139
0x054f52abacec7481b912135356da0e893af5a36b,1.4350263801338905e+21,6.900000000685829e+19,6.900914363569831e+19,3.025321452107063e+19,1.2240303680728883e+20,58.0,0,1.000132516359987,0.0480827397754322,45.680638178589476,45.68077068616995,48.71547018528614,4.07753744390572,1.0,1.0,4.0459514383847734,-2.145288334673071,-2.145288334673071,407.6264742393032
0x0550dec49ceb48508c847161bb2486fff347d6fc,3.116568490789403e+21,1.9154984615151757e+21,1.1244420867020928e+21,2.826598726878132e+20,4.5033345973519214e+20,30.0,70,0.5870232262220925,0.6146177974834092,49.00426483485658,48.47157394258942,49.49101950672983,3.4339872044851463,0.5870232262220924,0.014084507042253521,1.593199117557687,0.3555767128605433,0.3555767128605433,631.8811687094984
0x0550f5196ec5c453f8326c7b9bbc3ae60acaac7a,2.8228640858342464e+20,190493529.0,183707075.0,1.5682578254655492e+19,3.0350133228751983e+19,18.0,45,0.9643743594040928,6.748235947877848e-13,19.06512878869967,19.02885306876849,47.08945386269897,2.9444389791664403,0.9643743594040878,0.021739130434782608,1.935277014781821,0.6501076985050468,0.6501076985050468,658.2920125344592
0x0553aeaaa787ca5bbca6e172d3fde33957ff4b91,3.3106425029541337e+22,1.4323481958148122e+18,1.432348195880413e+18,4.9430776899246326e+20,1.6814551492959158e+21,67.0,2,1.0000000000457994,4.326496124352621e-05,41.80584686637622,41.805846866422016,51.85401432607495,4.219507705176107,1.0,0.3333333333333333,3.401636095510271,-0.7263514957159359,-0.7263514957159359,534.863746640968
0x0553d865f1b279d87fe296ad28af11b02a7274ef,5.01e+20,1.500000000002e+20,1.500641106882146e+20,7.92557197600818e+19,8.620586664832403e+19,12.0,73,1.0004274045867634,0.2994011976051896,46.45716696799041,46.45759428126585,47.663137774977685,2.5649493574615367,1.0,0.013513513513513514,1.087692685263364,1.0083102653241005,1.0083102653241005,690.4123411622146
0x05547ef01188a7ce563d44cb26391f1d24a51683,1.9854e+22,1560000000.0,1560000000.0,9.92700000000078e+21,1.146271224448993e+22,4.0,135,1.0,7.857358718646116e-14,21.16795165884888,21.16795165884888,51.34269245104249,1.6094379124341003,0.9999999999999993,0.007352941176470588,1.15470053837907,0.8269075243251299,0.8269075243251299,674.1458031901238
0x055622a2fda7d6f3b813adcc70a32203e2eabc58,9.269119154905868e+21,18500000000.0,18528234640.0,8.082487606687479e+20,2.4935575707221313e+21,22.0,55,1.0015261967567568,1.9958746554907e-12,23.641036569084743,23.64256160238677,50.580975306892185,3.1354942159291497,1.0,0.017857142857142856,3.085136274949501,0.07480574816680843,0.07480574816680843,606.7041976587848
0x0556ba62cf5325e058d1ab758f76e9c0bb201ed9,5.705093760836595e+21,500000000.0,500516776.0,5.092609481827503e+20,6.361383052274947e+20,17.0,39,1.001033552,8.764097856415947e-14,20.030118658386467,20.031151676637272,50.09564637090699,2.8903717578961645,1.0,0.025,1.2491401657588201,0.8114266940123128,0.8114266940123128,672.757623977747
0x0556d8577f44cd4aa6d0fd89b6670e6ca2fa7fd6,9.093277097634669e+19,6.164451593071833e+19,0.0,1.173671437746654e+19,6.246652574434186e+18,13.0,5,0.0,0.6779130919341854,45.567915944651375,0.0,45.95665212689718,2.6390573296152584,0.0,0.16666666666666666,0.5322317961854137,0.11484061135391062,0.11484061135391062,610.2941578691663
0x0557d5aeec6f2dbffdc2a4cdce59ae3286a2e896,1.9598762118473576e+22,3.383000000008056e+21,2.5531905786598654e+21,3.084911933482858e+20,7.274061277535928e+20,138.0,51,0.7547119653129724,0.1726129425704533,49.573049842675914,49.29163073725533,51.329753359896195,4.9344739331306915,0.7547119653129724,0.019230769230769232,2.3579477905301274,0.10809512685271694,0.10809512685271694,609.6892845404913
0x05580b7f012c40f0ed632cac5452baf95e1628bc,5000000.0,1000000.0,1000148.0,3000180.5,2309524.065044499,4.0,22,1.000148,0.2,13.815511557963774,13.815659546864877,15.424948670398354,1.6094379124341003,1.0,0.043478260869565216,0.7697950390130625,2.5378565360974172,2.5378565360974172,827.5680553294286
0x05587a5e2cc8e154373ad05db9738ab3e672fb79,2.942802912883008e+21,9.829636759131118e+19,1016963061.0,9.932501869725491e+19,1.782613148590836e+20,52.0,61,1.0345886485126776e-11,0.0334022938338783,46.03451874808762,20.740086632802587,49.43364945178428,3.970291913552122,1.0345886485126776e-11,0.016129032258064516,1.7947272217730805,-0.249049226841077,-0.249049226841077,577.6638467831265
0x055948f72297ed3b34a97dc35fa47b318cc7514b,1.44683261540345e+21,4.1152998496044e+20,0.0,3.0972710006064834e+20,4.08647851059713e+20,6.0,86,0.0,0.2844351036734713,47.466413558816825,0.0,48.72366371684872,1.9459101490553132,0.0,0.011494252873563218,1.3193803544465266,-0.01913598706627043,-0.01913598706627043,598.2803624128683
0x055a875cd844f04a2c2ee1bb72999d7e7b40761d,2.751171078639924e+22,5.713500000037681e+21,4.805344515873726e+21,1.9208325347536768e+20,3.780763467023572e+20,323.2399999999998,3,0.8410509347758877,0.2076751985508012,50.09711874848619,49.92401569218036,51.66889871367864,5.781483982320053,0.8410509347758877,0.25,1.9682941633995221,-0.1276298142084373,-0.1276298142084373,588.5516287166364
0x055be3a0cff9bfefc49a270e6a4cf4ecf70b8779,0.0,1.5121331125909834e+22,3.0242845259378268e+22,3.818759918186679e+21,6.816677982797653e+21,12.0,76,2.000012102609028,0.0,51.07039335717918,51.76354658902533,0.0,2.5649493574615367,1.0,0.012987012987012988,1.7850501547199966,2.894230875571357,2.7880152518709047,850.0
0x055c23e9781d408895ce4d6f3f3fb6e5ad55f730,1.5234103198194703e+21,1.043649027341765e+20,1.0446344269434597e+20,6.833536594899329e+19,1.266819176212302e+20,36.0,57,1.0009441867676574,0.0685074148286878,46.09442511211284,46.095368853416545,48.77523840601066,3.6109179126442243,1.0,0.017241379310344827,1.853826578111659,0.6465400711895805,0.6465400711895805,657.9721003607086
0x055c5967aaf0b69868783c0527e526b7edc3f0fd,5.4e+19,3.5e+19,4.702965593723227e+17,1.7894059311874464e+19,1.7394211577198254e+19,5.0,76,0.0134370445534949,0.6481481481481481,45.00187973538224,40.69213986802018,45.4355157204571,1.791759469228055,0.013437044553494934,0.012987012987012988,0.9720662748477361,0.2768711987844655,0.2768711987844655,624.8235783650465
0x055d4bc9855caba4d63b3276fddb0334060c5573,9.94e+20,434000000.0,434000000.0,4.96999985000217e+20,5.738861502537299e+20,4.0,111,1.0,4.3661971830985924e-13,19.888555094368826,19.888555094368826,48.3482688805494,1.6094379124341003,0.9999999999999977,0.008928571428571428,1.1547005383782443,0.9596256297725064,0.9596256297725064,686.0467485118703
0x055ec9b317dd215d37330ba8f41c70bddbf45678,1.426514537144236e+21,8.73e+20,8.739972974838608e+20,3.622549394438897e+19,1.032832069183598e+20,127.0,77,1.0011423797065988,0.6119811451397289,48.218467229732425,48.21960895741985,48.70952103527205,4.852030263919617,1.0,0.01282051282051282,2.851119354698475,0.26241152331155426,0.26241152331155426,623.5269669751141
0x055f10edf3684e20dca3c20c063c736da702bcfb,5.376726769708291e+23,4.199051244553148e+23,0.0,1.4467509337654692e+23,2.537770992377669e+23,56.0,0,0.0,0.7404715138481062,54.39431574448044,0.0,54.641536920764615,4.04305126783455,0.0,1.0,1.7541174041426704,-2.3959151956371874,-2.3959151956371874,385.15255059157926
0x0560f3ac84eecbcc480af7ebe93313da8f7ea414,2.340012209092092e+22,2.930000000005909e+22,2.330165997080792e+22,4.640533255441451e+20,9.98977417698126e+20,211.0,0,0.7952784972955949,1.252130219073826,51.731874468899996,51.50281155429124,51.507028192785725,5.356586274672012,0.7952784972955949,1.0,2.152721169548205,-1.70306086128264,-1.70306086128264,447.2813876578828
0x0563fcc76d4a53c1eeb2ba05655035c0ed04e152,1.3221001937616008e+20,30000000.0,0.0,2.203500322936501e+19,2.985505397627252e+19,6.0,18,0.0,2.2691169808125419e-13,17.216707972959764,0.0,46.33092338797075,1.9459101490553132,0.0,0.05263157894736842,1.354892198812392,-0.0052749125871984085,-0.0052749125871984085,599.5232967428908
0x05679df1e0f5719dabb8cbbfd46d9513c93907d0,6.520822301657994e+22,3e+21,0.0,2.13150696926839e+21,4.330735156678903e+21,32.0,0,0.0,0.0460064676081913,49.45289924154307,0.0,52.53187253374132,3.4965075614664802,0.0,1.0,2.0317715208622413,-2.41042176131964,-2.41042176131964,383.851734516702
0x0567d99a4420b8da0fd91c5ecba78955c04974f0,4.144549011126352e+20,280449674.0,280634727.0,8.578394181763165e+18,5.539542213769797e+19,103.0,2,1.0006598438763028,6.766711486511846e-13,19.451904855066104,19.4525644813388,47.47349583944286,4.6443908991413725,1.0,0.3333333333333333,6.457551490867984,-1.7403978782420664,-1.7403978782420664,443.9333456118227
0x05682a10a7ff570e61ffc585042f3730f726c456,5.102126069668028e+19,552822.0,0.0,5.669028966321308e+18,1.662738476158761e+19,9.0,40,0.0,1.0835130148714056e-14,13.222793156937659,0.0,45.37877409615382,2.302585092994046,0.0,0.024390243902439025,2.9330216621520093,-0.5330521280837784,-0.5330521280837784,552.1970652350209
0x056a2909f81c63a6b18798c335a3f593402489c5,8.34e+20,4.810938187626e+19,4.8187321986912485e+19,4.8857129207214645e+19,6.474139128318276e+19,22.0,71,1.0016200605290035,0.0576851101633812,45.32000888138737,45.321627631033934,48.17276507625157,3.1354942159291497,1.0,0.013888888888888888,1.3251165660716413,0.8902428619990527,0.8902428619990527,679.8251367524205
0x056a560537b780be6a4c35079cedb77822c58d82,6.023489982367227e+21,3.82105030252728e+20,6947545634.0,8.557178454313071e+19,3.111041898752738e+20,103.0,2,1.8182293044938e-11,0.0634358206573394,47.39222719301361,22.661654288109197,50.14995377550666,4.6443908991413725,1.8182293044937997e-11,0.3333333333333333,3.6355931050902424,-1.6332726305694956,-1.6332726305694956,453.5393576237657
0x056aedee9d9817627996c2e76fb08b3e180b8184,10000000.0,14040000.0,14131269.0,8037785.5,1541745.587207403,6.0,14,1.006500641025641,1.404,16.457421027787007,16.46390063031038,16.118095750958314,1.9459101490553132,1.0,0.06666666666666667,0.1918122332584281,2.6903763836214374,2.6903763836214374,841.2446396940554
0x056e5648032e696461424fefbefd5660acc56d9b,3.95e+21,5.66e+20,5.66e+20,2.258e+21,1.9537533109376936e+21,4.0,130,1.0,0.1432911392405063,47.78512575209601,47.78512575209601,49.72800253178799,1.6094379124341003,1.0,0.007633587786259542,0.8652583307961442,1.0144502492965959,1.0144502492965959,690.9629187438245
0x056eef32237b76e52da3b4268b0a77bd1c37404a,5e+19,25542019.0,12042019.0,1.0000000000007516e+19,1.7320508075683348e+19,5.0,22,0.471459166951524,5.1084038e-13,17.055835497062077,16.30391275785883,45.35855467932097,1.791759469228055,0.47145916695150564,0.043478260869565216,1.7320508075670331,0.32731782776867857,0.32731782776867857,629.3471704641336
0x0572826741f58b2ffabc6fe2b196ea77993442d8,132563758.0,5610000000.0,10000049.0,532028366.54545456,1112071123.7216687,11.0,4,0.0017825399286987,42.31925893350127,22.44781655665927,16.11810065094582,18.702574287650958,2.4849066497880004,0.0017825399286987519,0.2,2.090247801902975,0.6688987008137773,0.6688987008137773,659.9770176832533
0x057313f0809f338763ddfc005e43ca7d9fac0a10,5.1e+21,8e+20,8e+20,2.95e+21,2.4826061575153905e+21,4.0,108,1.0,0.1568627450980392,48.13114340156075,48.13114340156075,49.98352749260524,1.6094379124341003,1.0,0.009174311926605505,0.841561409327251,1.0092482117129802,1.0092482117129802,690.4964476121309
0x05738aa4019e4bd797c4670fe66641ceaf88b2fa,9.002413537115007e+20,2.0005500000035455e+20,5.50472542966723e+16,4.4016685908557726e+19,8.549571004983455e+19,25.0,18,0.0002751606023172,0.2222237394178472,46.74512400263706,38.54696838029912,48.24919457205633,3.258096538021482,0.0002751606023172365,0.05263157894736842,1.9423477321179345,-0.3251539903057546,-0.3251539903057546,570.8394679565563
0x0575d52465bf30e9c0bfc3fd7256e4743a2f11fd,7.899770204544911e+21,1.640519126804447e+21,3076298833.0,9.278379264758306e+19,2.543200574009505e+20,114.0,5,1.8751983946644357e-12,0.2076666895779602,48.84929968535704,21.84699303406609,50.421120623892584,4.74493212836325,1.8751983946644353e-12,0.16666666666666666,2.7409965700251564,-0.9641615163938451,-0.9641615163938451,513.5391199556257
0x057639a8a802d8f5ce025dd6dc149ba1d17d234f,4.541750000000024e+19,2.5e+19,2.500296818651842e+19,8.700725101127526e+18,1.5628760777985112e+19,11.0,71,1.0001187274607368,0.5504486156217289,44.66540749876102,44.66552621917421,45.262429167223594,2.4849066497880004,1.0,0.013888888888888888,1.7962595756484458,0.8352642005938229,0.8352642005938229,674.8951534540536
0x0577ba0a9145afa894becc8f2387711fd48a6e04,6.7200000000021e+21,4400000000.0,4401833718.0,1.816216216219732e+20,6.712152888334954e+20,37.0,9,1.000416754090909,6.547619047617001e-13,22.2048703780979,22.20528704537085,50.25937510741033,3.6375861597263857,1.0,0.1,3.6956794176772703,-0.3137643968717205,-0.3137643968717205,571.8607824805879
0x057bcaf22fe3994333bea7d27009ff27b95fb12f,8.564371826522442e+20,734506490.0,0.0,8.564371826529786e+19,2.0843026371803297e+20,10.0,1,0.0,8.5763031414091e-13,20.414709390843445,0.0,48.1993126470552,2.3978952727983707,0.0,0.5,2.433690035180166,-1.3942387426816052,-1.3942387426816052,474.9737295220763
0x057c1c29f1e071c8a4f92baf4255e8b76e5f8eed,7.092469593001555e+20,22757000000.0,22883182780.0,5.768902145467128e+19,1.7481832868628025e+20,33.0,11,1.0055447897350265,3.2086143904593266e-11,23.848138627367437,23.85366810134464,48.01073546036802,3.5263605246161616,1.0,0.08333333333333333,3.0303569774301415,0.08488333050378571,0.08488333050378571,607.6078630325744
0x057cbdf52f285319235983ef77ad96dfc9ce9620,2.7716148086949145e+22,7.000000000142001e+20,14094263081.0,9.961986582735196e+20,2.546426133280557e+21,54.0,7,2.0134661543877268e-11,0.0252560347786499,47.997612008956516,23.369033677917983,51.67630215963885,4.007333185232471,2.0134661543877268e-11,0.125,2.5561429059678593,-0.8661301491271926,-0.8661301491271926,522.3296759820532
0x057d1a2b6ee1c3f1e478adb3059fd1541900e26f,1.0724647898279396e+21,4.964647898279395e+20,4.965069641092444e+20,2.3290395526130618e+20,2.2056271366914893e+20,11.0,76,1.0000849491890846,0.462919430583441,47.65404423810189,47.65412918368299,48.42424649415882,2.4849066497880004,1.0,0.012987012987012988,0.947011455523325,1.0306514616719833,1.0306514616719833,692.4156952280543
0x057e26424db996ccf850a5e4d52d0c2457587d7a,2.5770709827644088e+22,8250000000.0,500000000.0,1.2271766584596588e+21,2.4521415171532e+21,21.0,8,0.0606060606060606,3.201308794044266e-13,22.833479037414214,20.030118658386467,51.603525521888024,3.091042453358316,0.0606060606060606,0.1111111111111111,1.9981976516984168,-0.5601924397597493,-0.5601924397597493,549.763370418612
0x05808c037e9f759096cf77a7f1f50a9f01dd5c56,2.405825190808768e+21,1.252543834895356e+21,1.0010517304385653e+21,5.550477315145288e+19,2.0806161535502487e+20,102.0,1,0.7992149276932877,0.5206296116943923,48.579463504159875,48.355338130632546,49.2321799122637,4.634728988229636,0.7992149276932877,0.5,3.7485355500381625,-1.2504777603864068,-1.2504777603864068,487.86489899687047
0x05810cd51a819eb4cdfa4bdba27a90feec167926,1.3383239365380363e+21,5.050716608579149e+20,1680028842.0,4.210236811573274e+19,1.2646026507742934e+20,44.0,36,3.3263177727023974e-12,0.37739118838779,47.67123199578989,21.242076798666584,48.6457049903142,3.8066624897703196,3.3263177727023974e-12,0.02702702702702703,3.003637817469319,-0.71440193952399,-0.71440193952399,535.9352735014526
0x0582a627a632dbf689786b1e537d22062706baa1,4.488389118168434e+20,1.20000000000337e+20,1.2002171897673248e+20,6.9893458506951385e+19,1.449561178030838e+20,18.0,73,1.0001809914699618,0.2673564988262539,46.23402341667768,46.23420439177066,47.553195726252106,2.9444389791664403,1.0,0.013513513513513514,2.073958291657107,0.6219057066225951,0.6219057066225951,655.7631159515399
0x058476edacb23e9507cff379e7dd8cf4dee4d2db,2.404972237422752e+22,161081980356.0,161119183698.0,9.270830522243558e+21,3.4922931014704684e+22,24.0,52,1.000230959055245,6.697872759172506e-12,25.805179267099188,25.805410199487493,51.534410405668936,3.2188758248682006,1.0,0.018867924528301886,3.766968982003704,-0.24099335875960914,-0.24099335875960914,578.3862233212301
0x05861850bdb054b967c9405c4d8baef2e047473a,1.57973769459004e+22,2.000000000016393e+21,2.0031800451730972e+21,5.152725264978896e+20,1.7042015123706906e+21,94.0,24,1.0015900225783392,0.1266032966653629,49.047434133443105,49.04902289327389,51.114130863043435,4.553876891600541,1.0,0.04,3.3073789591568112,-0.08093317250806228,-0.08093317250806228,592.7389562686086
0x0588fc09cfb90f057eb8bd46344ab483b7c42dd1,5.421720433609163e+21,1.9000000000038e+21,1.900004664231717e+21,7.322048478013555e+20,1.695226685190935e+21,20.0,86,1.0000024548567985,0.350442267038656,48.99614083904935,48.99614329390314,50.04470014113356,3.044522437723423,1.0,0.011494252873563218,2.315235538635554,0.41711618760530744,0.41711618760530744,637.3994657165094
0x058ae85d9747b3003366b375b4643d51c9100d0c,1.1979719743067062e+20,1.0593724584642865e+20,1.0617968351895442e+20,3.0944807785863946e+18,3.10409676040575e+18,146.0,50,1.0022885026941064,0.8843048762283188,46.10937857237496,46.11166446043507,46.232331965566566,4.990432586778736,1.0,0.0196078431372549,1.003107462126085,1.0948323805852822,1.0948323805852822,698.1708527788037
0x058aebff10cdc3057570cfc360ab9754da0d1241,1.6764044804922118e+21,8e+20,8.003931034804443e+20,1.8535443563512077e+20,1.946516749686133e+20,22.0,75,1.0004913793505554,0.4772118002005761,48.13114340156075,48.13163466022401,48.870938262627,3.1354942159291497,1.0,0.013157894736842105,1.0501592492331535,0.9691250641269644,0.9691250641269644,686.8985708646596
0x058b0479324ccba9a002ab761bf74ed6ff361525,626992857264.0,500300000000.0,500666282114.0,132660285094.41176,214019567993.82117,17.0,70,1.000732124953028,0.7979357247914308,26.93847375544257,26.93920561252286,27.164200985592593,2.8903717578961645,1.0,0.014084507042253521,1.6132904270596704,1.7282857831893264,1.7282857831893264,754.9731578060869
0x058b0a724821bb506ebd683915829ff9db65542b,4.756e+21,2.8e+17,2.8e+17,2.37814e+21,2.745716222190487e+21,4.0,131,1.0,5.887300252312868e-05,40.17356599807994,40.17356599807994,49.91369393170349,1.6094379124341003,1.0,0.007575757575757576,1.1545645850078157,0.8913333868718067,0.8913333868718067,679.9229250446726
0x058b10cbe1872ad139b00326686ee8ccef274c58,5.376726769708291e+23,4.199051244553148e+23,1.5050130389162533e+21,6.272052545504023e+22,1.485168551976912e+23,323.2399999999998,82,8.857443992843379e-05,1.1077216020182807,54.39431574448044,48.76308851477,54.641536920764615,5.781483982320053,0.0035841740223306394,0.012048192771084338,2.3679147156404503,-0.7015162415895438,-0.7015162415895438,537.0907449876786
0x058b6e3812f85da4468cf55d98361436bc8e34f6,9.700000000005362e+19,53682241.0,53689384.0,1.0777777777801626e+19,3.2333333333324382e+19,9.0,65,1.0001330607639871,5.534251649481477e-13,17.798592815776388,17.798725867686098,46.02124265239676,2.302585092994046,1.0,0.015151515151515152,2.9999999999925313,0.32068400576312656,0.32068400576312656,628.7523100063524
0x058b7ae6b79a769d365eb52883369b6fda899ec5,1.1800000000723729e+20,4842354574.0,4842627651.0,3.575757576489689e+18,1.4469861572730909e+19,33.0,91,1.0000563934333653,4.103690316697462e-11,22.30066692181875,22.300723313662054,46.21721629841982,3.5263605246161616,1.0,0.010869565217391304,4.046656201714863,-0.09517429790253998,-0.09517429790253998,591.4619424499703
0x058e6cf8872e54f8196b0dfb354344906a0798a6,1.75e+20,50000000.0,50080408.0,4.375000000002502e+19,5.055937104036284e+19,4.0,72,1.00160816,2.8571428571428574e-13,17.72753358339242,17.729140451655674,46.611317647816335,1.6094379124341003,1.0,0.0136986301369863,1.1556427666362041,1.0286847437883846,1.0286847437883846,692.2393379637828
0x05924fea07959afc5ab178eb9de5403850299214,2.637e+21,1.350387394478841e+21,5.5807163936044456e+20,3.030306022559524e+20,3.1131928865089126e+20,15.0,112,0.4132678086615454,0.5120922997644449,48.65467846303369,47.77101901398398,49.323928860246106,2.772588722239781,0.41326780866154544,0.008849557522123894,1.0273526380940823,0.4430790836831894,0.4430790836831894,639.7275806754709
0x05928b30cdadf923980ad00655f89349d08751fd,6.776285784707632e+21,4.0000000046e+18,4600364557.0,4.035126933830204e+20,7.414833274915498e+20,55.0,52,1.1500911379273952e-09,0.0005902938765698,42.832826036162714,22.249401389040337,50.267716085354756,4.02535169073515,1.1500911379273952e-09,0.018867924528301886,1.837571257734196,-0.30924206905039947,-0.30924206905039947,572.2663034601644
0x05941c397545b80cc196fe139b989ab1be63197c,6.365974127472055e+21,9.361072840096416e+21,9.361181162143984e+21,2.419559826599372e+21,3.438942136429032e+21,13.0,79,1.0000115715420037,1.4704855302033284,50.59084685646455,50.5908584279396,50.20525421755319,2.6390573296152584,1.0,0.0125,1.4213089912566348,0.762611815018258,0.762611815018258,668.3803522872145
0x0596fa0d5905a2ff0d1d48e5a3ccaa965e04456b,8.604278981435331e+19,2.595679673076282e+19,504654685.0,8.635888817896978e+18,2.481895582839596e+19,28.0,11,1.944210182152045e-11,0.3016731185351781,44.70296516561765,20.039384963249546,45.90137640238725,3.367295829986474,1.9442101821520452e-11,0.08333333333333333,2.8739318386037187,-0.6487369527117752,-0.6487369527117752,541.8235086821095
0x05976ae3ab8e6b3b01039f616670d3dd18b440a8,4.842173918080907e+21,7.6700000338191e+18,33825589711.0,5.750922432784834e+19,3.6204835126886446e+20,85.0,16,4.4101159793812056e-09,0.0015839992870101,43.483848293681255,24.24448344505676,49.931650729391144,4.454347296253507,4.4101159793812056e-09,0.058823529411764705,6.2954831246705885,-2.141331385107122,-2.141331385107122,407.98129727016646
0x05986ff3f0e4c621ba6484762f2d734201c33b54,1.988493099948949e+20,64213390.0,64300090.0,2.786816550768193e+19,4.360587778230928e+19,17.0,17,1.001350185685571,3.2292488217157285e-13,17.97772232946439,17.979071604447903,46.739078975562606,2.8903717578961645,1.0,0.05555555555555555,1.5647200663527425,0.7785800925227927,0.7785800925227927,669.8122413035876
0x0598b27a62dfed32267c65f71d212636828a5599,1.497616843915618e+23,9.256375351800488e+22,9.265879914733026e+22,9.578674515485389e+21,2.6013429555751635e+22,35.0,27,1.001026812609829,0.6180736674675136,52.882184587207014,52.88321087300537,53.36333221281371,3.58351893845611,1.0,0.03571428571428571,2.715765058484549,0.060230263204612444,0.060230263204612444,605.3972015335137
0x059949cb13386014e50039c5750b5f160b0d2778,1.505631812863514e+22,1.1987000000104056e+22,1.1720539051317577e+22,1.1773485589866535e+20,5.080826929390881e+20,323.2399999999998,27,0.9777708393439422,0.796144176663374,50.8381096821086,50.815629730105854,51.066084665186246,5.781483982320053,0.9777708393439422,0.03571428571428571,4.315482352791054,-0.4902321154385993,-0.4902321154385993,556.036772164599
0x059b254553bb97ca61a99c2bbdbefb594aa94365,1.0000000000001516e+19,1.2404026468111803e+18,2.404026468111803e+17,1.640115041946268e+18,3.702017115725208e+18,7.0,23,0.1938101691649933,0.1240402646810992,41.661967715971514,40.021091607540995,43.74911676688702,2.0794415416798357,0.1938101691649933,0.041666666666666664,2.2571691747501763,-0.05201661223673015,-0.05201661223673015,595.3319288063199
0x059e51c98c0a5b89624e8c1937a001dbeaceda8c,5.000000000007423e+21,2.5000000284720177e+21,5938603961.0,1.2500000047488004e+21,2.0916500697343425e+21,6.0,111,2.3754415573465544e-12,0.5000000056936612,49.27057769613792,22.504739919466353,49.963724865310546,1.9459101490553132,2.3754415573465544e-12,0.008928571428571428,1.6733200494304636,-0.21080874787923606,-0.21080874787923606,581.0929030348577
0x059ecc2543ebee56fd21209a229969286840ce3a,0.0,3.128777062717553e+16,6.257477062717553e+16,4.063983750589348e+19,1.0660059131227398e+20,7.0,69,1.999975369700043,0.0,37.98200370132116,38.67513856665529,0.0,2.0794415416798357,1.0,0.014285714285714285,2.6230565340428598,2.559132197239732,2.559132197239732,829.4758619477132
0x05a03c1a64d75016a870f5abde6c85539cd38ec8,3.067910187434533e+21,7454047662.0,4313990441.0,6.015510171488884e+19,2.206005888607174e+20,51.0,2,0.5787446816301294,2.429682489575508e-12,22.732023032267982,22.18512916933373,49.475283561973164,3.9512437185814275,0.5787446816301293,0.3333333333333333,3.6671966727988607,-1.0993463706085653,-1.0993463706085653,501.4169791752513
0x05a082d4a4ae72304cb0518eaf460fa474f00620,2.1390563982319822e+20,1.3000000270960733e+17,1.3000954106007798e+17,2.583522067483278e+18,1.9577536903475868e+19,83.0,63,1.0000733719251682,0.0006077446242981,39.4063108662094,39.40638423544298,46.812066656268456,4.430816798843313,1.0,0.015625,7.577847756704941,-1.5327867856836037,-1.5327867856836037,462.55000874454043
0x05a08ee67f851cf618de3922d2c9da56fd7838b8,974748126.0,720000000.0,16480504.0,427807157.5,486048577.8601719,4.0,64,0.0228895888888888,0.7386523562293056,20.394761771363264,16.61768872517999,20.697689664306797,1.6094379124341003,0.022889588888888857,0.015384615384615385,1.1361394248299148,1.3374060260233096,1.3374060260233096,719.9226377453194
0x05a09bd0798c0320678f760890731fbeac9b0b62,4.662960130674795e+20,2.0052646405198964e+20,0.0,3.3341123855973458e+19,6.1384515563912176e+19,20.0,77,0.0,0.4300411293093572,46.74747790221373,0.0,47.59135232752575,3.044522437723423,0.0,0.01282051282051282,1.841105171771659,-0.17742228283456038,-0.17742228283456038,584.0866957328753
0x05a120746daac8c26b234a7387ec17ba6df9079f,6.686983675422999e+19,128849524.0,0.0,1.114497279239314e+19,1.9809625877891903e+19,6.0,63,0.0,1.9268706229023263e-12,18.674155808598734,0.0,45.64927966871496,1.9459101490553132,0.0,0.015625,1.777449460568689,-0.06957600666047159,-0.06957600666047159,593.7573629834014
0x05a28038dbc46d2f7c9e819d0ef6380499bf54d5,0.0,1600780000.0,3201560000.0,2.9943881477915646e+20,7.913272632694496e+20,7.0,77,2.0,0.0,21.193756848027324,21.88690402827492,0.0,2.0794415416798357,1.0,0.01282051282051282,2.6427010267625897,2.55420587605001,2.55420587605001,829.0341145394103
0x05a404de8ddc44db9c9d579fda11e088a66fd1d9,5e+19,2.000000004e+19,2.000278352625548e+19,2.0000772915794792e+19,2.1794778095287337e+19,7.0,28,1.0001391743124954,0.4000000008,44.44226394944681,44.44240311407546,45.35855467932097,2.0794415416798357,1.0,0.034482758620689655,1.0896967925712413,1.0709672055704393,1.0709672055704393,696.030842250563
0x05a4a3c1fe0916ec75df97a03cb0d8b8408ec402,2.8993992190017864e+20,144520642.0,144705045.0,2.899399219007232e+19,5.211154232243864e+19,10.0,51,1.001275963055852,4.98450303265778e-13,18.788932913445,18.790208063142966,47.116205409550076,2.3978952727983707,1.0,0.019230769230769232,1.7973220790299407,0.7403082423725049,0.7403082423725049,666.3803719707237
0x05a5512222dbf0a2227187ea096bc39b6b9b4991,2.079850894973068e+20,8.113554925808e+19,0.0,2.224004913502976e+19,1.930977243864233e+19,13.0,79,0.0,0.390102720604549,45.842652877542555,0.0,46.78399806591554,2.6390573296152584,0.0,0.0125,0.868243245390496,0.24589226437578812,0.24589226437578812,622.0456709854853
0x05a5787e3bd8478b9ba08a0ef2036296bc0edf87,1.1e+19,3.5e+18,3e+18,2.9166666666666665e+18,3.690212279350155e+18,6.0,8,0.8571428571428571,0.3181818181818182,42.69929464238819,42.545143962560935,43.84442694669119,1.9459101490553132,0.8571428571428571,0.1111111111111111,1.265215638634339,0.7925786404433839,0.7925786404433839,671.0675029939592
0x05a726aff20ab6b723a147fcb19d3fa6433d627d,1.1555031553947608e+23,1.1383235830869998e+23,877353091446.0,1.9971752092006228e+21,6.735278926392784e+21,115.0,1,7.707413818720346e-12,0.9851323882348968,53.08901377781088,27.5001753611162,53.10399302035299,4.7535901911063645,7.707413818720346e-12,0.5,3.3724026291557094,-1.9891966240124053,-1.9891966240124053,421.6233506073661
0x05a9015530f7e4261797b1506af6fb4d8981f918,1.3219545531936617e+21,9.95e+20,9.961616819617044e+20,3.566118353965666e+20,3.489608307272772e+20,13.0,78,1.001167519559502,0.7526733786696495,48.34927441105142,48.35044124958998,48.63339831640164,2.6390573296152584,1.0,0.012658227848101266,0.9785452867519632,1.0092959274398094,1.0092959274398094,690.5007263219125
0x05ab8ff4726dfb3d965dcf606e570b734d66254d,1.44954156e+19,10000000.0,10001930.0,9.37248244868242e+17,1.740226297891309e+18,19.0,65,1.000193,6.89873286558269e-13,16.118095750958314,16.118288732316916,44.120364107811255,2.995732273553991,1.0,0.015151515151515152,1.8567399911599187,0.8605855856962701,0.8605855856962701,677.1657435785834
0x05ac24636011b12ffbe518100e26e25072498f0f,8.471305661037821e+20,3.039064040642421e+20,0.0,9.592527893544016e+19,1.0332558829371847e+20,12.0,86,0.0,0.3587480091315823,47.16325144652622,0.0,48.18838650790893,2.5649493574615367,0.0,0.011494252873563218,1.0771466024431253,0.10126832381891605,0.10126832381891605,609.0771193098792
0x05acb1438730ca2e4ae69689c82a00731752a400,0.0,1.7397762559731896e+23,1.4663222052498569e+23,3.7730813711094194e+22,6.01222111856247e+22,14.0,58,2.0000227537603714,0.0,53.51321365530012,53.342214503478296,0.0,2.70805020110221,0.8428222883347899,0.01694915254237288,1.5934512212215195,2.822403847847494,2.7880152518709047,850.0
0x05ae01015bd81d82e90c0263c5a90a948bef4bb9,378422735.0,345500000.0,345829766.0,53641862.62962963,34867735.01272237,27.0,62,1.0009544602026048,0.9130001134841964,19.660503204066355,19.66145720905869,19.75152247790359,3.332204510175204,1.0,0.015873015873015872,0.6500097741472194,2.443234008956005,2.443234008956005,819.0831728944399
0x05aeaabd4b221dc741b0213dedc1c2fe3613e2c0,1.6633999292304187e+22,7.828235593802665e+21,7.842402765884371e+21,1.616343243054782e+20,3.975854784053413e+20,237.0,6,1.0018097529017806,0.470616564076953,50.41202409825159,50.41383221552368,51.16573570377632,5.472270673671475,1.0,0.14285714285714285,2.4597837131049656,0.05165374299383906,0.05165374299383906,604.6281376764371
0x05b024e370ae7d3e3678a52d5fb68ce9c4ab30f5,1.5025925089514582e+19,3.000000000003e+20,200164100.0,1.1676320111218977e+19,5.7682662684638e+19,27.0,0,6.672136666659995e-13,19.965492854057057,47.150314148550024,19.1146480930821,44.15630872243635,3.332204510175204,6.672136666659994e-13,1.0,4.9401405695630665,-3.1847314824060873,-3.1847314824060873,314.4187236875924
0x05b0b833b8fb2f90cc00594f73fc560e6542bbf3,636770992.0,540000000.0,543921407.0,295087962.0,266227834.40763727,8.0,16,1.0072618648148148,0.848028579794351,20.107079699374445,20.1143153237951,20.27192064026349,2.1972245773362196,1.0,0.058823529411764705,0.9021982211786611,2.2354406781041214,2.2354406781041214,800.4501682990542
0x05b26f4df5372eefabb23039b69e2eabc8684666,2.6240476191752653e+21,7.0000000000065e+20,7.00922833750579e+20,1.642045993430849e+20,2.1176218367887992e+20,34.0,12,1.0013183339284688,0.2667634515796855,47.99761200893715,47.99892947462645,49.31900497134369,3.5553480614894135,1.0,0.07692307692307693,1.289623947965242,0.7288984203870207,0.7288984203870207,665.3572435352899
0x05b2ad74e7387fa6a6feacc6465f7c5ccb4f9803,5.376726769708291e+23,4.153979930690268e+23,1.4663222052498569e+23,6.1901660803772455e+22,2.857347805524982e+22,33.0,94,1.000454036559186,0.6857139155866602,54.38352403298375,53.342214503478296,54.641536920764615,3.5263605246161616,0.35299212555564696,0.010526315789473684,0.46159469203625103,0.3694185935971211,0.3694185935971211,633.1223819203174
0x05b43571094e8613c2e993b4a8534ef974e84d75,1.0176653967158432e+21,30000000000.0,30021018263.0,4.625751804254068e+19,7.27221761221203e+19,22.0,18,1.0007006087666668,2.947923757338555e-11,24.1244632186419,24.125163582096793,48.3717981300543,3.1354942159291497,1.0,0.05263157894736842,1.57211582461561,0.707323951873857,0.707323951873857,663.4226426060842
0x05b4600b2e54b7bf090f39c2c6e7c70d0a571838,1.900915603664611e+21,1.897268186190389e+17,1.8974855131062182e+17,2.569425060983056e+19,9.324649427187565e+19,74.0,1,1.0001145472829889,9.98081231240782e-05,39.7843616357077,39.78447617643065,48.99662261963803,4.31748811353631,1.0,0.5,3.6290801272172444,-1.0134180472005505,-1.0134180472005505,509.1222449716623
0x05b56b2b0e2f395f2f814c09c845ecf656b80b1d,7.827665533072005e+21,6.662464588152974e+21,5.152892201504559e+21,1.6563543113071818e+20,1.802956261576441e+20,147.0,27,0.7734213267965885,0.8511432380451055,50.250776427253804,49.993845102441696,50.41195127449954,4.997212273764115,0.7734213267965885,0.03571428571428571,1.0885088107468759,0.6378808011869933,0.6378808011869933,657.1956162594653
0x05b62442eebb2308ab39cf2dbb115fc47b633c52,7.67011575011159e+22,5.915680853816255e+22,4.93597634631802e+22,1.6384607656069232e+21,1.884532395758707e+21,150.0,64,0.8343885460172823,0.77126356974863,52.43447864298388,52.25342254038566,52.694203752413515,5.017279836814924,0.8343885460172823,0.015384615384615385,1.1501846338448227,0.6040570251875709,0.6040570251875709,654.1626095164347
0x05b68b3510021ebd6e2f1f49a1d4574437853602,11515790279.0,7085727365.0,7106862691.0,1383950995.75,703030693.4483372,28.0,13,1.002982802598982,0.6153053497267498,22.681348367628342,22.684326730497595,23.166984998346077,3.367295829986474,1.0,0.07142857142857142,0.507988140914878,2.2358963438584496,2.2358963438584496,800.4910282345465
0x05b95e058f04185f3aa8c47f025c2ce00a50ad6e,2.657421199860464e+19,4.905370520493258e+18,4.90537051849326e+18,5.751531236614024e+17,1.0019409145987016e+18,65.0,0,0.999999999592284,0.1845913820793945,43.036862303403424,43.03686230299571,44.726472945700195,4.189654742026425,0.999999999592284,1.0,1.7420420291215404,-1.0500925924203839,-1.0500925924203839,505.833607329572
0x05baba43f8be0876b72184b680d653e31adb1b65,1.90800000000299e+21,2764972998.0,0.0,1.4676923076967344e+20,3.122536772789364e+20,13.0,80,0.0,1.4491472735826349e-12,21.74029670659274,0.0,49.000342525902624,2.6390573296152584,0.0,0.012345679012345678,2.1275145726488107,-0.35405223240533396,-0.35405223240533396,568.248138024876
0x05baf63fe8b7f6bb8e00655b052a709b388d53d3,3.920000000026883e+20,2.00000000000704e+20,0.0,5.381818181849021e+19,9.219741664671046e+19,11.0,14,0.0,0.51020408163095,46.74484904044438,0.0,47.41779351369014,2.4849066497880004,0.0,0.06666666666666667,1.713127674168925,-0.22421545957726138,-0.22421545957726138,579.890711801606
0x05bbf0c12882fdecd53fd734731ad578af79621c,3.1728884260521345e+20,25219000000.0,6529413088.0,7.211110059931418e+18,9.612439953833812e+18,44.0,10,0.2589084851897379,7.948278229051605e-11,23.950863515666136,22.59958289702233,47.20634420831255,3.8066624897703196,0.2589084851897379,0.09090909090909091,1.3330041940762214,0.11952773624332932,0.11952773624332932,610.7144563419115
0x05bc47b7ca092a9219a5a9bcaa9728de55e4ae3a,2.7686564565272995e+22,6.6000000000007e+22,3.5065470265329986e+22,5.8923955928793e+21,1.1054693489403431e+22,29.0,65,0.531295004020095,2.3838277170288653,52.54394169490149,51.91150384601959,51.675234214656676,3.4011973816621555,0.531295004020095,0.015151515151515152,1.8760949286505033,0.09248950179997163,0.09248950179997163,608.2899148777135
0x05bdac85005e75c04d5cae59434a9e4182aefd90,3.0883917154176244e+20,5.2054151471705725e+20,0.0,4.815074217709044e+19,6.9709230290204205e+19,18.0,102,0.0,1.6854776294031977,47.70140131806995,0.0,47.17935233484623,2.9444389791664403,0.0,0.009708737864077669,1.4477290928107656,0.00346464555263751,0.00346464555263751,600.3069803496437
0x05bdf051fd2bdd05d366ee1ae4c02733c6823cc6,6.799805687760971e+21,7.1000000000115e+21,1.102029307740975e+21,4.446603149958603e+20,8.586014672468666e+20,39.0,11,0.1552153954562239,1.0441474839186728,50.31438173692385,48.4514402582983,50.27118098931947,3.6888794541139363,0.15521539545622395,0.08333333333333333,1.9309154387993002,-0.33433687329784106,-0.33433687329784106,570.0160310334896
0x05be4b528e49d3315f2e98343b70197805809327,16664371500.0,1.2780754630692122e+22,0.0,1.8258220901028984e+21,3.589980896254913e+21,7.0,0,0.0,766950894649.2295,50.90222744786608,0.0,23.53653883428356,2.0794415416798357,0.0,1.0,1.9662271125510324,-1.069408004400087,-1.069408004400087,504.1015779198499
0x05be5be4e9a8f3d2592e36386c9340d1ae330d68,5.471140830239391e+18,49860000000.0,49861607382.0,7.816012693688905e+17,1.986795703970365e+18,14.0,75,1.0000322379061373,9.113272998644118e-09,24.63248491506188,24.632517152448386,43.14601882986774,2.70805020110221,1.0,0.013157894736842105,2.5419555748350016,0.6367569117982965,0.6367569117982965,657.0948361427096
0x05c001fc9f8bb3f2de12f4901532aec7cad3d446,2.690090265156965e+20,165013652.0,165031849.0,2.23257105259555e+19,5.029540178014329e+19,13.0,75,1.0001102757243383,6.134130669788939e-13,18.921538773896184,18.921649043539933,47.04127660875211,2.6390573296152584,1.0,0.013157894736842105,2.252801841252519,0.5748463551314571,0.5748463551314571,651.5432639043379
0x05c0498541807d238450690d4d8a0149e0a84e4f,2790396059666.0,2141152230666.0,2141375448728.0,321508918282.8696,192880287589.84497,46.0,121,1.0001042513740046,0.7673291478637939,28.39236522560861,28.392469471548818,28.657204658556793,3.8501476017100584,1.0,0.00819672131147541,0.5999220445267563,2.0742514232281617,2.0742514232281617,785.9961908084512
0x05c0a11695e17c3d70a76d597d596c0f652ff9ea,1.002e+16,5636.0,0.0,2505000000001409.0,4996668890369922.0,4.0,23,0.0,5.624750499001996e-13,8.637107288081575,0.0,36.8433594905674,1.6094379124341003,0.0,0.041666666666666664,1.99467819974735,0.19258737640560666,0.19258737640560666,617.2657763736948
0x05c18ffc1c74cb67cb26bb5222aaf3355b74bbc3,5.376726769708291e+23,6.65620000000982e+22,1.8072150017964732e+22,3.2229901379382165e+21,5.008132660239652e+21,323.2399999999998,0,0.2715085186433411,0.0648330805467359,52.552420797014875,51.24865903313307,54.641536920764615,5.781483982320053,0.2715085186433411,1.0,1.5538777488917206,-2.074439956692326,-2.074439956692326,413.97950851176415
0x05c27519d3c87146fc0c9c75c3762e95402416d2,9.900006446457722e+20,4.5e+20,4.528848572279764e+20,2.2188508819380932e+20,1.965828311405004e+20,13.0,78,1.0064107938399476,0.4545451585650356,47.55577925665719,47.56216958876239,48.34423726817859,2.6390573296152584,1.0,0.012658227848101266,0.885966843201251,1.0591489522919102,1.0591489522919102,694.9710894339279
0x05c2879f011db90cbe5387c8415fc8fe5e81efda,1.2768046739029764e+21,902400000.0,907481095.0,3.648923694378472e+19,1.0016226922514476e+20,35.0,1,1.0056306460549644,7.067643300846599e-13,20.620568439816225,20.62618329303232,48.59864756121996,3.58351893845611,1.0,0.5,2.7449811948508174,-0.6445222448744232,-0.6445222448744232,542.201445116256
0x05c49ea0823e51503cd782a88cbf36d8db54d562,1.7873917564461915e+20,4.050599421073304e+19,0.0,2.4361687850581148e+19,2.4220293250452963e+19,9.0,48,0.0,0.2266206838240638,45.14798164225691,0.0,46.63245929779906,2.302585092994046,0.0,0.02040816326530612,0.9941960261129932,0.18729447074979685,0.18729447074979685,616.7911570247325
0x05c6df5d4cc1158629ffef15d67e34eee73a77b2,5.376726769708291e+23,4.199051244553148e+23,1.4663222052498569e+23,2.270859930317422e+23,2.883448756377183e+23,32.0,54,1.0001707934998054,0.2324996962852487,54.39431574448044,53.342214503478296,54.641536920764615,3.4965075614664802,0.3492032175487058,0.01818181818181818,1.269760727150676,0.030335480238259594,0.030335480238259594,602.716510935281
0x05c8f94d48672c9304d0774e164bbfb03beb78ae,3000160000.0,2000000000.0,0.0,1500080000.0,577257893.1465554,4.0,53,0.0,0.6666311130073063,21.416413018006356,0.0,21.821931457858998,1.6094379124341003,0.0,0.018518518518518517,0.3848180718005407,1.5580340639233228,1.5580340639233228,739.7065414308145
0x05c985db49d9e29aa66b465f18c7c6dd244e9774,2.006000000001822e+21,5.00000000000703e+20,703554160.0,1.9276923076961924e+20,3.3637111297027775e+20,13.0,33,1.4071083199980216e-12,0.2492522432703135,47.66113977231642,20.371655419472855,49.05042964241561,2.6390573296152584,1.4071083199980216e-12,0.029411764705882353,1.7449419268175572,-0.23792513039015953,-0.23792513039015953,578.6613539670177
0x05cbeb96622ec258fb0525a9bdd16182f9264df1,2.717015067270617e+21,4.52850000012235e+20,1.3500239528896215e+18,2.911256964447865e+19,1.4840196372333147e+20,109.0,64,0.0029811724695884,0.1666718765999139,47.5620926187408,41.74665400906696,49.35382082885794,4.700480365792417,0.002981172469588488,0.015384615384615385,5.097521982278081,-1.551998202014043,-1.551998202014043,460.82730471308093
0x05cbed339b897c1d53ddbf9881087308f02e41c8,4.159548569260765e+21,1.460593939690588e+20,9.107675986327798e+19,2.3220130124992584e+20,6.994810530148788e+20,19.0,51,0.6235597546199025,0.0351142417348949,46.430545020884466,45.95823433983192,49.779693504255114,2.995732273553991,0.6235597546199025,0.019230769230769232,3.0123907542705997,-0.19821991146141701,-0.19821991146141701,582.2217546965647
0x05cf60b657103efcd42f75a5e10a29a92e181f4b,4.0629919919981946e+20,2.477714261302325e+20,2.5003368477333887e+20,6.910865568120082e+19,3.93223899862453e+19,19.0,11,1.0091304258866285,0.6098250417874381,46.95903832623022,46.96812732177193,47.4536215059267,2.995732273553991,1.0,0.08333333333333333,0.5689937041698514,1.0869196689815988,1.0869196689815988,697.4613132037416
0x05d19dcc556638641022b35d3f5c7e25c9b1b7c2,6.862143270284772e+20,1.341961376799687e+21,1.3419617610390957e+21,4.507057297927538e+20,3.377295861582264e+20,9.0,151,1.000000286326727,1.9556009309960047,48.648419210682185,48.648419497008874,47.97772168289326,2.302585092994046,1.0,0.006578947368421052,0.7493350180250054,1.1418979035808565,1.1418979035808565,702.3912582300541
0x05d264cf6873f6d53dc1eb914f9a63b9106c10d9,2.4226361296894684e+21,3500000000.0,0.0,3.4609087567042406e+20,7.440681048139955e+20,7.0,24,0.0,1.4447072579771305e-12,21.976028805727495,0.0,49.239143209965185,2.0794415416798357,0.0,0.04,2.1499211829050293,-0.42793188177539154,-0.42793188177539154,561.6232870704484
0x05d2d40448ec264b542a3b2c308789796bce9e1e,9.550491413126014e+21,6122768559.0,6123027643.0,9.328778901874662e+20,1.3183285082317416e+21,20.0,73,1.0000423148445845,6.410946090779144e-13,22.535280210263043,22.535322524212372,50.61087956291557,3.044522437723423,1.0,0.013513513513513514,1.4131844286360107,0.7454551173221236,0.7454551173221236,666.8418966221403
0x05d2f53c5bd50defe43628e01197b47dcfa1764c,5.376726769708291e+23,2.000200000139519e+22,2.0002592579912115e+18,1.1223653116863152e+21,3.722505963046624e+21,323.2399999999998,70,0.0001000029625963,0.0243288393796287,51.350119221499035,42.13980847504726,54.641536920764615,5.781483982320053,0.00010000296259632479,0.014084507042253521,3.316661629049892,-1.0851114870928724,-1.0851114870928724,502.69343327931375
0x05d45037ed91c3a6ed96935ec53e993c9cffb610,0.0,1.5044873805864465e+21,3.009257829237449e+21,9.550670665960292e+20,7.198811750127855e+20,7.0,66,2.0001881491783906,0.0,48.762739182148714,49.45598043287312,0.0,2.0794415416798357,1.0,0.014925373134328358,0.7537493440942595,3.2996973250361825,2.7880152518709047,850.0
0x05d5b5d8f81b61ae473cf223aac694f13517a939,1.4000000001655882e+20,600000000.0,600337666.0,8.23529411966628e+18,3.395498750456628e+19,17.0,51,1.0005627766666667,4.285714285207383e-12,20.21244021484709,20.213002833213416,46.3881740966204,2.8903717578961645,1.0,0.019230769230769232,4.123105624543528,-0.14964029114658772,-0.14964029114658772,586.5779305413686
0x05d8da465be1352d4e4a67d6c3c226f427021b4e,8.70372079312099e+19,65510648.0,0.0,1.740744158625508e+19,2.384274665142273e+19,5.0,88,0.0,7.526740523636342e-13,17.99772326754343,0.0,45.912867378489736,1.791759469228055,0.0,0.011235955056179775,1.3696870119184525,0.08888199360877509,0.08888199360877509,607.9664265519386
0x05d959ff10fd30616b1b23cb012f2f71cd6c42d8,2.417395171554879e+19,91999905.0,3003671.0,9.297673736797268e+17,3.7839583804824873e+18,26.0,20,0.0326486315393477,3.805745377609291e-12,18.33729811327366,14.915346098155078,44.6318073519569,3.295836866004329,0.03264863153934743,0.047619047619047616,4.069790452537359,-0.9666811449142422,-0.9666811449142422,513.3131827245954
0x05d9c7318e4cdd6ab6b04b135b628a290f9a47dd,1e+19,20085461.0,13085461.0,2.500000000008293e+18,4.999999999994472e+18,4.0,55,0.6514892040566059,2.0085461e-12,16.81550682775145,16.387012400927212,43.74911676688687,1.6094379124341003,0.6514892040565735,0.017857142857142856,1.9999999999911546,0.5046236836729887,0.5046236836729887,645.2463372675606
0x05da09fd7515bd600b89b89c0039d09bd91bf0c2,3.3300919339361176e+22,20648273155.0,20696567885.0,1.4603520374717326e+21,4.609739957670663e+21,44.0,8,1.0023389234362343,6.200511446719748e-13,23.750897528449958,23.753233720862266,51.85987195726889,3.8066624897703196,1.0,0.1111111111111111,3.156595012289899,-0.1941794457675512,-0.1941794457675512,582.5840666896045
0x05da0c89d3f38528bd5ff5a4d271e50e664401db,4.102234916831918e+21,1.1118889159497064e+21,0.0,8.692980225736766e+20,1.0107845134481015e+21,6.0,102,0.0,0.2710446716221699,48.46034724798476,0.0,49.765818879737594,1.9459101490553132,0.0,0.009708737864077669,1.162759476267454,-0.0007497393243081873,-0.0007497393243081873,599.9290728756314
0x05db7e001f6650745dcff8044d3e5ade3af4c03a,1.4997744744088296e+20,1.0000000000005e+19,0.0,2.666290790681466e+19,3.38459400208881e+19,6.0,24,0.0,0.0666766915335502,43.74911676688737,0.0,46.45701660629121,1.9459101490553132,0.0,0.04,1.2694016773855923,0.04767004648933821,0.04767004648933821,604.2709162248598
0x05dbde7fe248c7f51d9e87063c4d5c4ec3322a1c,5.42e+19,5.545823931183652e+19,0.0,3.916365689708447e+18,2.095846897841048e+18,28.0,57,0.0,1.0232147474508584,45.46216196658474,0.0,45.43921258233842,3.367295829986474,0.0,0.017241379310344827,0.535150970030348,0.4297805543636131,0.4297805543636131,638.5350902480463
0x05dcb24761e5f9d3e8138f811e4e06db7104478f,8.498485586559317e+22,3.1912440218140272e+22,4.018202865727643e+21,4.798041643800858e+20,1.6300583915382343e+21,267.0,6,0.1259133691519942,0.3755073759095506,51.81728286213537,49.74512170722354,52.79676002720464,5.5909869805108565,0.12591336915199422,0.14285714285714285,3.397341066525119,-1.1735042424137994,-1.1735042424137994,494.7671797785811
0x05de2c64e8b7d2b85c1e45843c3e97db0d3dd0ff,2.6487969079041973e+20,1950000000.0,1959171406.0,5.405707975521826e+18,2.8134890292720493e+19,49.0,6,1.0047032851282052,7.361832816178025e-12,21.391095210034887,21.395787469273603,47.02580739977391,3.912023005428146,1.0,0.14285714285714285,5.204663370666923,-0.8498721930317423,-0.8498721930317423,523.7875407238915
0x05dfa941764538a29be71d32a462ae96facffb02,1.0000000000060024e+20,500000000.0,502511209.0,2.857144524377376e+19,4.879503212013518e+19,7.0,60,1.005022418,4.999999999969988e-12,20.030118658386467,20.035128506106386,46.05170185988692,2.0794415416798357,1.0,0.01639344262295082,1.7078251276339795,0.8296584771851857,0.8296584771851857,674.3924834713098
0x05e09b56ec91620f9bab354c573712e446f8eb11,8.414386946083258e+21,2.000000000185485e+20,2.0007375628395e+20,4.308032209010242e+19,1.550265079269895e+20,205.0,1,1.0003687813269737,0.0237688142107185,46.7448490405336,46.745217753877455,50.484229925348494,5.327876168789581,1.0,0.5,3.5985457026702776,-1.0687670429994296,-1.0687670429994296,504.15905347344415
0x05e0a46a3a96478f8c6915f57e8089b3397e7cea,1.068877700603778e+22,4.333705782505271e+18,8155728623.0,8.541534857652071e+20,2.418695675276674e+21,25.0,15,1.881929469214049e-09,0.0004054444937954,42.91295468880168,22.82198641593193,50.72348126594502,3.258096538021482,1.8819294692140492e-09,0.0625,2.8316874140130057,-0.8098662748902911,-0.8098662748902911,527.3749054074271
0x05e1e0e85756cde16309083dd223948b4f34b813,2.100000000008892e+18,5045717773.0,0.0,4.2000000101092186e+17,9.391485499847892e+17,5.0,118,0.0,2.4027227490374453e-09,22.341805754962973,0.0,42.188469018626435,1.791759469228055,0.0,0.008403361344537815,2.236067970772141,-0.08047646959108364,-0.08047646959108364,592.7799092073575
0x05e1f287dde4f9514ed22000a62a45b0da9dc409,5.275742758612716e+22,2.50000000029469e+20,27470953720.0,2.869942504349831e+20,7.117321806283474e+20,197.0,53,1.0988381486704731e-10,0.0047386692541318,46.96799259187294,24.03639505508943,52.31999152263866,5.288267030694535,1.0988381486704732e-10,0.018518518518518517,2.4799527500972927,-0.6565564123496231,-0.6565564123496231,541.122331090085
0x05e2461c8c10138aee241268f28de6003d3dbadb,4.697457199569651e+21,3.80286199358521e+21,3.806570827067721e+21,1.9108006035048792e+20,2.87415189777961e+20,89.0,103,1.0009752742773117,0.8095575610425152,49.690040892334125,49.69101569134047,49.90130829381795,4.499809670330265,1.0,0.009615384615384616,1.5041610791349485,0.7491665015550337,0.7491665015550337,667.174699600867
0x05e5a3e89794434042d4b8e51853fe28353f3343,1.4454199884685348e+20,233642213.0,159272459.0,2.4498643872418145e+18,7.731502766142925e+18,59.0,6,0.6816938469933085,1.616431313140694e-12,19.269301503208588,18.88612687857864,46.42010178867413,4.0943445622221,0.6816938469933056,0.14285714285714285,3.155890100042417,-0.2930902427874575,-0.2930902427874575,573.7146514497146
0x05e5ab383f3c2d423cfd118b83420261ab0990bc,5.274970163094579e+20,2.5826235918841155e+20,1018099368.0,1.6055459760748431e+19,6.451575620560454e+19,49.0,12,3.9421128622822674e-12,0.4895996587721002,47.00050763820499,20.741203362295284,47.71467488294166,3.912023005428146,3.9421128622822674e-12,0.07692307692307693,4.0183063684871465,-1.1725551572240556,-1.1725551572240556,494.85228505423845
0x05e843051a31c0abd1fd35b5b08ead0345c3b7e1,1.9598509670251668e+21,1.468807503644248e+21,1.4697960814176554e+21,2.402063909021296e+20,1.7728431176363786e+20,29.0,73,1.0006730478779249,0.7494485694867566,48.738737802436255,48.739410623919035,49.02715538599435,3.4011973816621555,1.0,0.013513513513513514,0.7380499373801886,1.0852016189114646,1.0852016189114646,697.3072541936633
0x05e9e2624a9c70efbcf9d51fc169d304d3d5df8a,5.551925837556466e+21,3.5000000000088405e+21,1000000000.0,1.0982470219005116e+20,2.3346345855393183e+20,103.0,3,2.8571428571356397e-13,0.6304118791236003,49.607049921372855,20.72326583794641,50.068431818201425,4.6443908991413725,2.85714285713564e-13,0.25,2.1257827601473878,-0.8672224551020584,-0.8672224551020584,522.2317279768607
0x05ea34e37b28962b9f17fce9cff68637ebb80e58,1.51487e+21,2.7717518927684115e+17,2.772136710791511e+17,3.8857035611804e+19,9.85000990135037e+19,39.0,2,1.0001388356671113,0.0001829696206782,40.16342615344734,40.16356497947768,48.769616579573665,3.6888794541139363,1.0,0.3333333333333333,2.5349360151287845,-0.24252501217359715,-0.24252501217359715,578.2488786577399
0x05ebdbd59a1cde6b913a4d7345e6a8de1ec9ee30,1.7880000000010815e+19,10815940.0,10827508.0,2.2350000000067612e+18,3.887941063628817e+18,8.0,74,1.0010695325602768,6.049183445186499e-13,16.196531622368347,16.197600583287382,44.330214443638795,2.1972245773362196,1.0,0.013333333333333334,1.7395709456899575,0.9011265808538292,0.9011265808538292,680.8010890729522
0x05ebf7b089a859af295b4f4d96673edcb5ef6621,6.403965959387827e+20,1.4600000000100248e+23,1.4641450265720645e+23,1.1713877417019231e+21,8.827713888380649e+21,303.0,0,1.0028390592890488,227.98372278505835,53.33789357459016,53.34072861136203,47.9086193394778,5.717027701406222,1.0,1.0,7.5361159879945125,-3.4937364032915332,-3.345527590534549,300.0
0x05ec08e0f92b0077e64ae43785b91ac248889629,0.0,18401991075.0,33484556067.0,4.068178214650543e+19,1.1112236622536388e+20,10.0,76,1.819615928000878,0.0,23.635724706359174,24.234350156582792,0.0,2.3978952727983707,1.0,0.012987012987012988,2.731501924502324,2.518639964383254,2.518639964383254,825.8448890103286
0x05ed5e22bbf41969b11b3690700c8583b3844e25,1.0431585919726748e+21,6.672e+20,6.694619081789506e+20,3.804711571669026e+19,9.811954441355112e+19,90.0,41,1.0033901501483071,0.6395959398065112,47.949621524937356,47.953005941481514,48.396540170999685,4.51085950651685,1.0,0.023809523809523808,2.5788957340203496,0.3631147611019342,0.3631147611019342,632.5571119024115
0x05ed735c93879d84d082425572fe5ff827a0db56,1.531603239932192e+21,8.812203730008675e+20,7.506739151019158e+20,3.797240230930554e+19,7.590985515377015e+19,122.0,7,0.8518571949779205,0.5753581280226865,48.227839408164364,48.0675030304349,48.780602008884294,4.812184355372417,0.8518571949779205,0.125,1.9990796088023022,0.2455736082954435,0.2455736082954435,622.0170968239131
0x05ed9694f8f17d71d6385b891ba4c799394d9e44,0.0,3.554157482840501e+21,7.108396887138015e+21,1.4815434227394795e+21,2.1209287822579485e+21,13.0,75,2.000023049473021,0.0,49.62240499306084,50.31556369829089,0.0,2.6390573296152584,1.0,0.013157894736842105,1.4315670737049337,3.0341728202724836,2.7880152518709047,850.0
0x05ee3c534b3c640889148539568847b034424be8,2.3919348570770097e+21,1.1037152247524904e+21,1.0429257909340256e+21,7.78933644302882e+19,1.5625468485891437e+20,71.0,75,0.9449228999879956,0.461431974824453,48.45296891886164,48.39631697673053,49.22638955492904,4.276666119016055,0.9449228999879956,0.013157894736842105,2.006007649069476,0.5245911332427825,0.5245911332427825,647.0368354421979
0x05efc12df01a04a1e92d817d4bf5447178cb5f2f,1.4264871379612564e+22,8.500000000038796e+21,27788171624.0,2.260502042244026e+20,6.324520447640608e+20,103.0,0,3.269196661632137e-12,0.5958693754636334,50.49435311637579,24.047876285985122,51.012086920998726,4.6443908991413725,3.2691966616321372e-12,1.0,2.797838855903968,-2.645503057784988,-2.645503057784988,362.7717948508311
0x05f0397c6dd5eb63b5ad51f9e7e87d0823e7632a,1.7505811598431187e+21,9.54e+20,9.540137045702864e+20,2.8469456058335868e+20,2.2607105447537197e+20,19.0,48,1.0000143653776588,0.5449618800224574,48.30719534534111,48.30720971061559,48.91423477701918,2.995732273553991,1.0,0.02040816326530612,0.7940828023272973,1.054584341865651,1.054584341865651,694.5617769372277
0x05f0b984052bafd32557c5edc33dd380c2e32762,1316827257638078.0,1050000000000000.0,1051155166131783.0,789206075520023.5,525078214251705.94,6.0,29,1.0011001582207455,0.797371100810389,34.587566559080116,34.5886661125703,34.81400164554452,1.9459101490553132,1.0,0.03333333333333333,0.6653245971348124,1.7198455176308092,1.7198455176308092,754.2163120194903
0x05f1d03682e1f5c7da8028a2c0bdc73eded4f033,4.236966706522424e+16,6769667065224241.0,0.0,7.071620031542345e+17,1.9803374784104236e+18,8.0,77,0.0,0.159776262928924,36.45122830266758,0.0,38.28520910172324,2.1972245773362196,0.0,0.01282051282051282,2.8004014208587296,-0.13605606186440963,-0.13605606186440963,587.7960399272758
0x05f5471afc2822d6a8a72bffeb8d809518e87e7c,2.15067444207206e+22,2.110823168596818e+22,7.269502977608541e+18,9.689247848760889e+20,2.526782540284356e+21,44.0,1,0.0003443918508077,0.9814703366089906,51.40395004457418,43.43021959688502,51.422653532803906,3.8066624897703196,0.00034439185080771057,0.5,2.6078211433176355,-1.6092198341919446,-1.6092198341919446,455.6961923190729
0x05f54eaf83bb7cb628a6424beb527eed605ac610,2.9311211561681457e+21,1.00000000000115e+21,1.0001634289818065e+21,1.7614752145748004e+20,3.476619967734557e+20,28.0,46,1.0001634289806562,0.3411663819821252,48.35428695287611,48.354450368503706,49.429671949869544,3.367295829986474,1.0,0.02127659574468085,1.9736979203387612,0.5613876982215203,0.5613876982215203,650.3364146997823
0x05f590fb73b66c9a681101e8bbd868975fb2b3c5,1.875192698883732e+21,1.0000000000077188e+20,776533127.0,6.813021382570075e+19,1.696889275447653e+20,29.0,0,7.765331269940062e-12,0.0533278526843134,46.05170185988863,20.47034986287542,48.98299837975457,3.4011973816621555,7.76533126994006e-12,1.0,2.4906560249302134,-2.4315766111551294,-2.4315766111551294,381.9547611509863
0x05f78c7f3e79c3a6c453d188b013e3812e52cabb,1.503e+18,100000000000000.0,0.0,3.0062e+17,6.704739159728736e+17,5.0,20,0.0,6.65335994677312e-05,32.23619130191665,0.0,41.85399478466366,1.791759469228055,0.0,0.047619047619047616,2.230303758808042,-0.13981902007291078,-0.13981902007291078,587.4586122663216
0x05f7ecf97b445a44b25ed19cd81f6e254c6ea7ff,2.696294252232644e+21,1.950000000005e+20,500036882.0,1.606274584577924e+20,4.490753402643976e+20,18.0,52,2.5642917025575277e-12,0.0723214833985689,46.71953123245913,20.030192419665887,49.346165283972454,2.9444389791664403,2.5642917025575273e-12,0.018867924528301886,2.7957569930822244,-0.6476951164625443,-0.6476951164625443,541.9169310241066
0x05fc1b756b87591676b0970442fc6281db12e812,7.335932839426959e+21,4.526407661840245e+21,3.2379876576946726e+17,2.7269256809671773e+20,4.246502476577514e+20,60.0,1,7.153548464033494e-05,0.6170186888180157,49.86421556713935,40.31889862444056,50.34707153285632,4.110873864173311,7.153548464033494e-05,0.5,1.5572490685083056,-1.143772883156702,-1.143772883156702,497.43321603389984
0x05fc68f4b7714389a17128653f82d50bee98e542,9.949719524026165e+21,9.653721436042188e+21,3.258531401211526e+21,2.959383577402862e+20,8.499816978372464e+20,128.0,10,0.3375414779471254,0.9702506098519448,50.621630434926104,49.535563556326366,50.65183131510807,4.859812404361672,0.3375414779471254,0.09090909090909091,2.8721579193974764,-0.5774418326392394,-0.5774418326392394,548.2166026976583
0x05fe433fa225928e856966bf00f1270281e6f663,4.907241365946504e+20,5.575444580987767e+19,31891048.0,5.03419432150147e+18,2.064898634115384e+19,121.0,0,5.719911217259389e-13,0.1136166771758613,45.46748882652221,17.277835932769474,47.64241380386672,4.804021044733257,5.719911217259389e-13,1.0,4.101745984051564,-3.0101247371029016,-3.0101247371029016,330.07585894925614
0x0600de154559da51a7b68388cedc72bdda941ddb,2.235893441993638e+22,5500000000.0,4700413122.0,1.0163152009066737e+21,3.119135583763888e+21,22.0,82,0.8546205676363636,2.459866779293344e-13,22.428013929366653,22.270916240310214,51.46151294438838,3.1354942159291497,0.8546205676363635,0.012048192771084338,3.069063201043583,-0.07695947542360507,-0.07695947542360507,593.0952810636915
0x060107c887eba77cccf5ddbcd9631e2371ab6f22,1.2274437204822204e+20,6.58e+19,6.580000000124685e+19,2.6934920855894757e+19,3.985117416197126e+19,14.0,89,1.000000000018949,0.5360734582124014,45.633151512224096,45.633151512243046,46.25663559062204,2.70805020110221,1.0,0.011111111111111112,1.4795355952660894,0.9213037399233679,0.9213037399233679,682.6103920766783
0x060557d6362d3f7e40381571fc85525c61c064c8,1.7629297062041057e+18,42013742505.0,56026541638.0,1.646806135194385e+18,4.354978169849249e+18,17.0,25,1.3335289430912365,2.3831774095782243e-08,24.461262604234516,24.749091373238308,42.01350870482001,2.8903717578961645,1.0,0.038461538461538464,2.644499602459398,0.5978709662810311,0.5978709662810311,653.6079003563268
0x06056feef38a0c5ec0a1c7c8f3d4d4c06023b298,4.990076200285461e+19,225000000.0,59976840.0,2.93533894136468e+18,1.2076390639599628e+19,17.0,30,0.2665637333333333,4.508949181720485e-12,19.23161096461314,17.9094690623423,45.35656794713199,2.8903717578961645,0.2665637333333321,0.03225806451612903,4.114138394520514,-0.7785644664360611,-0.7785644664360611,530.1817651770859
0x0607aa9076c72dab964a04dbf73ef9ba58206997,5.808091309291822e+22,5.8000000000070905e+22,5.800854131720977e+22,4.551378134331351e+21,6.374410231562466e+21,51.0,90,1.0001472640886009,0.9986068901375936,52.4147299634226,52.41487721666891,52.416124044564725,3.9512437185814275,1.0,0.01098901098901099,1.400545075233337,0.6735430013489415,0.6735430013489415,660.3934760597531
0x06089bceee94a485c61b311cb61934d5cf8a684e,1e+17,6.6893516662026056e+16,0.0,4.172337916550651e+16,5.003792260362222e+16,4.0,21,0.0,0.6689351666202605,38.74187844646718,0.0,39.14394658089878,1.6094379124341003,0.0,0.045454545454545456,1.1992778054992608,0.3964800440387568,0.3964800440387568,635.5490051828139
0x0608dd91be17e1ecbab078a14a075bc8e9ae6b95,1.2493990264307876e+19,1.126e+19,1.1377806697309315e+19,8.229798538917975e+17,1.827727143576988e+18,58.0,76,1.0104624065105965,0.901233293911468,43.86778829660437,43.87819635091448,43.971779423734496,4.07753744390572,1.0,0.012987012987012988,2.2208649882908205,0.727063403114547,0.727063403114547,665.1926959767593
0x060ad357c1f777fb031e7404ac26ee88b5a704b5,3.988e+22,1.63818058456996e+22,1.6381812706657943e+22,7.264361855235754e+21,1.3320998435610117e+22,10.0,82,1.0000004188157523,0.4107774785782246,51.150458272213335,51.150458691029,52.040161897968595,2.3978952727983707,1.0,0.012048192771084338,1.833746542514133,0.5166073198951373,0.5166073198951373,646.3209201133204
0x060c5656a5cc445369c20042e57716e08789652a,4.468669040542942e+21,3392366515.0,30618011.0,3.311980104966953e+20,1.1515846822340862e+21,15.0,69,0.0090255610249118,7.59144721665901e-13,21.944793602104795,17.237099021200404,49.85137756336945,2.772588722239781,0.009025561024911836,0.014285714285714285,3.4770277771507834,-0.9239450994958592,-0.9239450994958592,517.1453602415771
0x060c7f117b1bc0f056b6c198d91dd5cc3b482b12,49298405.0,10124293142.0,10125843536.0,3391456804.1666665,4610904893.612228,6.0,17,1.0001531360242395,205.36755990381437,23.038203634464935,23.038356758765033,17.713402305833007,1.9459101490553132,1.0,0.05555555555555555,1.3595646826305954,2.1763733364563893,2.1763733364563893,795.1535495680906
0x060cafc9f21db4171257ead799edb2fbffa56899,1.0084651688660688e+21,700000000.0,700660080.0,3.784023630425549e+20,5.7805061212929366e+20,9.0,72,1.0009429714285714,6.941241220924755e-13,20.36659089443625,20.367533421545215,48.36271649312602,2.302585092994046,1.0,0.0136986301369863,1.527608357097618,0.8016436860465318,0.8016436860465318,671.8803733382016
0x060cf7710b40686fd903894b9f65d10589d73f28,2.393105602945137e+22,1.2500000000008e+22,1.2500207012394494e+22,7.286326946046258e+21,5.223734061343309e+21,10.0,71,1.0000165609909195,0.522333823656781,50.880015597183856,50.88003215803764,51.529463983761005,2.3978952727983707,1.0,0.013888888888888888,0.716922819964569,0.9793653237631376,0.9793653237631376,687.8168236501389
0x060d0cc814854f60cc6ca2566a047526a85f1d9a,4.5e+19,2.242499884275613e+19,0.0,1.6856249710689032e+19,9.462170127733449e+18,4.0,18,0.0,0.4983333076168028,44.556708030232606,0.0,45.25319416366314,1.6094379124341003,0.0,0.05263157894736842,0.5613449189550873,0.35851464448816267,0.35851464448816267,632.144615535698
0x061122cffab0f594d3689865e935b2961f0a309a,3.763995339273392e+22,3.00000000004429e+21,3.000238998731427e+21,7.185197963199067e+20,3.390389160752496e+21,111.0,0,1.0000796662290443,0.0797025429001571,49.45289924155783,49.452978904613694,51.982353029353696,4.718498871295094,1.0,1.0,4.718574461159304,-2.5603731816215474,-2.5603731816215474,370.4054632041657
0x0611afbf50787361164004b2596719e5116b7315,6.801272117587468e+21,5.301758244524972e+21,5.304917763100271e+21,7.471317709641613e+20,1.324656825916681e+21,31.0,62,1.0005959378812797,0.779524499661631,50.02232546266807,50.02292122304889,50.27139662367627,3.4657359027997265,1.0,0.015873015873015872,1.772989554717012,0.6134451827558413,0.6134451827558413,655.0044535852248
0x0613036cbb45c3eeaabdea389df101d6022f3684,1.5642e+22,5e+21,5e+21,1.032099975e+22,6.144161276040875e+21,4.0,124,1.0,0.3196522183863956,49.96372486530906,49.96372486530906,51.10424655705438,1.6094379124341003,1.0,0.008,0.5953067943869367,1.0584447899328675,1.0584447899328675,694.9079465966763
0x0614d8ff2f527455e8fd8b4ed88abf3eab918f76,1.3742784940806324e+20,8.44e+19,8.476982479085193e+19,2.019353635049512e+19,2.6125685673035837e+19,22.0,9,1.0043818103181508,0.6141404407005734,45.882099075494736,45.88647131363418,46.36963072170193,3.1354942159291497,1.0,0.1,1.2937647581670493,0.8158225135913648,0.8158225135913648,673.1518008557111
0x0614e07756390441cb246c886917487840e74f7d,6.99e+18,2.695000152459669e+18,0.0,1.2106250190574587e+18,9.244474629626834e+17,8.0,8,0.0,0.3855508086494519,42.437929934825085,0.0,43.39101223013854,2.1972245773362196,0.0,0.1111111111111111,0.7636117281653563,0.24817588446464517,0.24817588446464517,622.2504451398595
0x0615774010b017e7ec09d228ef37d06564a1d825,2.400085696847564e+19,25000000000.0,25005436255.0,6.000410611116859e+18,6.425851705158039e+18,8.0,76,1.0002174502,1.0416294731824243e-09,23.942141661854613,23.942359088415735,44.624621210623104,2.1972245773362196,1.0,0.012987012987012988,1.0709019968155131,1.1538080896535357,1.1538080896535357,703.4592547384807
0x06189341e523a52ae10c4bd4a7774371fac1b249,9.664407909841848e+18,1.250000029531002e+18,0.0,2.4255456883688187e+18,2.6265862384051707e+18,7.0,95,0.0,0.1293405701820648,41.66967524883184,0.0,43.71498152340826,2.0794415416798357,0.0,0.010416666666666666,1.082884668386334,0.3039804381019106,0.3039804381019106,627.2544868966559
0x0618e615c8c9b5efc8c8eadc68be7182bdc455e2,1.7252421812065972e+21,1200000000.0,200108365.0,1.1437871765801687e+20,1.3796742374612237e+20,22.0,52,0.1667569708333333,6.955545216038863e-13,20.9055873945737,19.114369607775437,48.89965438840622,3.1354942159291497,0.1667569708333332,0.018867924528301886,1.2062333497970648,0.15198392474757366,0.15198392474757366,613.6248303518423
0x06192f889f17bf2aff238d08d8c26cbcfcc7b45a,9.858813982222252e+22,3.1927930730165526e+23,1.1238688504679364e+23,3.563572594156634e+21,1.0767346682266456e+22,183.0,79,0.3520017817522087,3.238516396367662,54.12035324404924,53.07623420244843,52.94523792146996,5.214935757608986,0.3520017817522087,0.0125,3.021503392388359,-0.5742752875993692,-0.5742752875993692,548.5005494828487
