nodes,edges,density,avg_clustering,avg_path_length,max_centrality,avg_centrality,modularity,window_idx,start_date,end_date,avg_abs_corr
5,4,0.4,0.6,1.0,0.5,0.4,0.37246151224510293,0,2017-12-12,2018-02-20,0.3631807461216891
5,4,0.4,0.6,1.0,0.5,0.4,0.37290168137033136,1,2017-12-13,2018-02-21,0.39074571655116885
5,4,0.4,0.6,1.0,0.5,0.4,0.38449383264650594,2,2017-12-14,2018-02-22,0.38114345144365325
5,4,0.4,0.6,1.0,0.5,0.4,0.3801502369217914,3,2017-12-15,2018-02-23,0.3859192095442014
5,4,0.4,0.6,1.0,0.5,0.4,0.38429253731611335,4,2017-12-17,2018-02-25,0.3946315987005557
5,4,0.4,0.6,1.0,0.5,0.4,0.3838574492469087,5,2017-12-18,2018-02-26,0.39710867182665827
5,4,0.4,0.6,1.0,0.5,0.4,0.383398267214795,6,2017-12-19,2018-02-27,0.3904890992116644
5,4,0.4,0.6,1.0,0.5,0.4,0.385274185186676,7,2017-12-20,2018-02-28,0.39629672231863783
5,4,0.4,0.6,1.0,0.5,0.4,0.38578086719795707,8,2017-12-21,2018-03-01,0.4001617571504731
5,4,0.4,0.6,1.0,0.5,0.4,0.38361448400646214,9,2017-12-22,2018-03-02,0.4029916447840474
5,4,0.4,0.6,1.0,0.5,0.4,0.3794713434921049,10,2017-12-24,2018-03-04,0.40331802417756607
5,4,0.4,0.6,1.0,0.5,0.4,0.37954314726288924,11,2017-12-25,2018-03-05,0.40267207582349646
5,4,0.4,0.6,1.0,0.5,0.4,0.3810498975232879,12,2017-12-26,2018-03-06,0.39551130887917363
5,4,0.4,0.6,1.0,0.5,0.4,0.38656226468902005,13,2017-12-27,2018-03-07,0.3939364018118846
5,4,0.4,0.6,1.0,0.5,0.4,0.38490187779263346,14,2017-12-28,2018-03-08,0.4106938177408409
5,4,0.4,0.6,1.0,0.5,0.4,0.38692769854980213,15,2017-12-29,2018-03-09,0.4107562535690879
5,4,0.4,0.6,1.0,0.5,0.4,0.38580073028761774,16,2018-01-01,2018-03-11,0.41111776553421364
5,4,0.4,0.6,1.0,0.5,0.4,0.38887899514333213,17,2018-01-02,2018-03-12,0.4121068522455584
5,4,0.4,0.6,1.0,0.5,0.4,0.38763815491549825,18,2018-01-03,2018-03-13,0.39528276579494454
5,4,0.4,0.6,1.0,0.5,0.4,0.39117894235330575,19,2018-01-04,2018-03-14,0.40283503954523725
5,4,0.4,0.6,1.0,0.5,0.4,0.39178116517846856,20,2018-01-05,2018-03-15,0.3961999750816522
5,4,0.4,0.6,1.0,0.5,0.4,0.3970964379029784,21,2018-01-07,2018-03-16,0.39371735592479934
5,4,0.4,0.6,1.0,0.5,0.4,0.4078537192537359,22,2018-01-08,2018-03-18,0.39908346374364073
5,4,0.4,0.6,1.0,0.5,0.4,0.4120376590004708,23,2018-01-09,2018-03-19,0.4032980924167129
5,4,0.4,0.6,1.0,0.5,0.4,0.42289408534760553,24,2018-01-10,2018-03-20,0.41005527129207603
5,4,0.4,0.6,1.0,0.5,0.4,0.4177146503464964,25,2018-01-11,2018-03-21,0.4180887729396637
5,4,0.4,0.6,1.0,0.5,0.4,0.417807436117396,26,2018-01-12,2018-03-22,0.43566450167785753
5,4,0.4,0.6,1.0,0.5,0.4,0.4200369329273008,27,2018-01-14,2018-03-23,0.41835704970504145
5,4,0.4,0.6,1.0,0.5,0.4,0.4229117499769944,28,2018-01-15,2018-03-25,0.42159091678651056
5,4,0.4,0.6,1.0,0.5,0.4,0.4231223556261889,29,2018-01-16,2018-03-26,0.4154498528905804
5,4,0.4,0.6,1.0,0.5,0.4,0.4178843601201083,30,2018-01-17,2018-03-27,0.43532617348107366
5,4,0.4,0.6,1.0,0.5,0.4,0.4131401185738958,31,2018-01-18,2018-03-28,0.4345632452519066
5,4,0.4,0.6,1.0,0.5,0.4,0.4184231187079095,32,2018-01-19,2018-03-29,0.42841228360217565
5,4,0.4,0.6,1.0,0.5,0.4,0.4179234722000501,33,2018-01-21,2018-03-30,0.42958604352541635
5,4,0.4,0.6,1.0,0.5,0.4,0.41842328466965134,34,2018-01-22,2018-04-01,0.4265498223390264
5,4,0.4,0.6,1.0,0.5,0.4,0.41775606382328623,35,2018-01-23,2018-04-02,0.4308185271055245
5,4,0.4,0.6,1.0,0.5,0.4,0.4186599268855046,36,2018-01-24,2018-04-03,0.43182305186567643
5,4,0.4,0.6,1.0,0.5,0.4,0.4213826617649158,37,2018-01-25,2018-04-04,0.40397771163321694
5,4,0.4,0.6,1.0,0.5,0.4,0.4194575292129752,38,2018-01-26,2018-04-05,0.40269056350368243
5,4,0.4,0.6,1.0,0.5,0.4,0.4180930463564788,39,2018-01-28,2018-04-06,0.4038488077452862
5,4,0.4,0.6,1.0,0.5,0.4,0.4208962023678605,40,2018-01-29,2018-04-08,0.4084354695550279
5,4,0.4,0.6,1.0,0.5,0.4,0.41950805512368294,41,2018-01-30,2018-04-09,0.403697983143806
5,4,0.4,0.6,1.0,0.5,0.4,0.41729289309548256,42,2018-01-31,2018-04-10,0.42289226962848814
5,4,0.4,0.6,1.0,0.5,0.4,0.41576769854734863,43,2018-02-01,2018-04-11,0.42675160976440685
5,4,0.4,0.6,1.0,0.5,0.4,0.4174416657050021,44,2018-02-02,2018-04-12,0.43883670951746645
5,4,0.4,0.6,1.0,0.5,0.4,0.4219833221542225,45,2018-02-04,2018-04-13,0.4123324827634369
5,4,0.4,0.6,1.0,0.5,0.4,0.42205199224709716,46,2018-02-05,2018-04-15,0.4115939975154368
5,4,0.4,0.6,1.0,0.5,0.4,0.41921583358552345,47,2018-02-06,2018-04-16,0.36297702998718995
5,4,0.4,0.6,1.0,0.5,0.4,0.4175084525787575,48,2018-02-07,2018-04-17,0.35969484694552084
5,4,0.4,0.6,1.0,0.5,0.4,0.4269300252244783,49,2018-02-08,2018-04-18,0.33812227629259844
5,4,0.4,0.6,1.0,0.5,0.4,0.41932578134354936,50,2018-02-09,2018-04-19,0.32638595061342224
5,4,0.4,0.6,1.0,0.5,0.4,0.4113424263463821,51,2018-02-11,2018-04-20,0.3339849976989555
5,4,0.4,0.6,1.0,0.5,0.4,0.4108115545368235,52,2018-02-12,2018-04-22,0.33304396305594464
5,4,0.4,0.6,1.0,0.5,0.4,0.4083150473828878,53,2018-02-13,2018-04-23,0.3263103058321529
5,4,0.4,0.6,1.0,0.5,0.4,0.4095443843963442,54,2018-02-14,2018-04-24,0.3370657651114754
5,4,0.4,0.6,1.0,0.5,0.4,0.4142554605867605,55,2018-02-15,2018-04-25,0.32534352623043594
5,4,0.4,0.6,1.0,0.5,0.4,0.416597221402731,56,2018-02-16,2018-04-26,0.32555525388050943
5,4,0.4,0.6,1.0,0.5,0.4,0.4285705872419181,57,2018-02-18,2018-04-27,0.31495223455886256
5,4,0.4,0.6,1.0,0.5,0.4,0.43063131031864144,58,2018-02-19,2018-04-29,0.3161782686027798
5,4,0.4,0.6,1.0,0.5,0.4,0.431764255512235,59,2018-02-20,2018-04-30,0.3169470207614672
5,4,0.4,0.6,1.0,0.5,0.4,0.42830698269017176,60,2018-02-21,2018-05-01,0.3247082519206949
5,4,0.4,0.6,1.0,0.5,0.4,0.4317634134379724,61,2018-02-22,2018-05-02,0.32888869748190724
5,4,0.4,0.6,1.0,0.5,0.4,0.43322781244057046,62,2018-02-23,2018-05-03,0.3095427035056905
5,4,0.4,0.6,1.0,0.5,0.4,0.43346028976605294,63,2018-02-25,2018-05-04,0.30919237430803415
5,4,0.4,0.6,1.0,0.5,0.4,0.43471765665571277,64,2018-02-26,2018-05-06,0.30982250121175126
5,4,0.4,0.6,1.0,0.5,0.4,0.43677046245075124,65,2018-02-27,2018-05-07,0.3113428806813621
5,4,0.4,0.6,1.0,0.5,0.4,0.43939933022112926,66,2018-02-28,2018-05-08,0.3044920889498322
5,4,0.4,0.6,1.0,0.5,0.4,0.43899658206653763,67,2018-03-01,2018-05-09,0.30278724563391346
5,3,0.3,0.0,1.3333333333333333,0.5,0.3,0.4788070538160303,68,2018-03-02,2018-05-10,0.3129503603146254
5,3,0.3,0.0,1.3333333333333333,0.5,0.3,0.478589148473043,69,2018-03-04,2018-05-11,0.31757360020346836
5,3,0.3,0.0,1.3333333333333333,0.5,0.3,0.4788301042622525,70,2018-03-05,2018-05-13,0.31605640656014355
5,3,0.3,0.0,1.3333333333333333,0.5,0.3,0.4791845656419558,71,2018-03-06,2018-05-14,0.31543373702484656
5,3,0.3,0.0,1.3333333333333333,0.5,0.3,0.4785265796670069,72,2018-03-07,2018-05-15,0.31246583888853413
5,3,0.3,0.0,1.3333333333333333,0.5,0.3,0.47877310694147357,73,2018-03-08,2018-05-16,0.3124592432994842
5,3,0.3,0.0,1.3333333333333333,0.5,0.3,0.4797337321952042,74,2018-03-09,2018-05-17,0.30857571574629444
5,3,0.3,0.0,1.3333333333333333,0.5,0.3,0.4792408685169931,75,2018-03-11,2018-05-18,0.3071962288937423
5,3,0.3,0.0,1.3333333333333333,0.5,0.3,0.4802077922834085,76,2018-03-12,2018-05-20,0.30691193814279094
5,3,0.3,0.0,1.3333333333333333,0.5,0.3,0.48162576673953295,77,2018-03-13,2018-05-21,0.30345099576289236
5,3,0.3,0.0,1.3333333333333333,0.5,0.3,0.4816959804178382,78,2018-03-14,2018-05-22,0.30470200778577705
5,3,0.3,0.0,1.3333333333333333,0.5,0.3,0.4811409846530126,79,2018-03-15,2018-05-23,0.3106652477358839
5,3,0.3,0.0,1.3333333333333333,0.5,0.3,0.4814687780372957,80,2018-03-16,2018-05-24,0.31077868494717664
5,3,0.3,0.0,1.3333333333333333,0.5,0.3,0.4794497501334042,81,2018-03-18,2018-05-25,0.3172462023661723
5,3,0.3,0.0,1.3333333333333333,0.5,0.3,0.48079290645350925,82,2018-03-19,2018-05-27,0.3201631136152456
5,3,0.3,0.0,1.3333333333333333,0.5,0.3,0.48119254307650605,83,2018-03-20,2018-05-28,0.31785814120512607
5,4,0.4,0.6,1.0,0.5,0.4,0.4403548304586884,84,2018-03-21,2018-05-29,0.3128623932276046
5,3,0.3,0.0,1.3333333333333333,0.5,0.3,0.48238120427571457,85,2018-03-22,2018-05-30,0.30314835054890776
5,3,0.3,0.0,1.3333333333333333,0.5,0.3,0.48140513695162834,86,2018-03-23,2018-05-31,0.30925509462591383
5,3,0.3,0.0,1.3333333333333333,0.5,0.3,0.48305834721716906,87,2018-03-25,2018-06-01,0.3064001927453612
5,3,0.3,0.0,1.3333333333333333,0.5,0.3,0.4830574727849354,88,2018-03-26,2018-06-03,0.307192688233576
5,3,0.3,0.0,1.3333333333333333,0.5,0.3,0.4866556873672718,89,2018-03-27,2018-06-04,0.30657634052758653
5,3,0.3,0.0,1.3333333333333333,0.5,0.3,0.48751628228518484,90,2018-03-28,2018-06-05,0.30709223317541423
5,3,0.3,0.0,1.3333333333333333,0.5,0.3,0.4884116537258092,91,2018-03-29,2018-06-06,0.30392994879592605
5,3,0.3,0.0,1.3333333333333333,0.5,0.3,0.4886931956206123,92,2018-03-30,2018-06-07,0.2899132739553421
5,3,0.3,0.0,1.3333333333333333,0.5,0.3,0.488765641299831,93,2018-04-01,2018-06-08,0.289899817090347
5,3,0.3,0.0,1.3333333333333333,0.5,0.3,0.4890641247743035,94,2018-04-02,2018-06-10,0.2882207578402501
5,3,0.3,0.0,1.3333333333333333,0.5,0.3,0.4891096946294706,95,2018-04-03,2018-06-11,0.2866988478894176
5,3,0.3,0.0,1.3333333333333333,0.5,0.3,0.4886679641965597,96,2018-04-04,2018-06-12,0.28291049614494496
5,3,0.3,0.0,1.3333333333333333,0.5,0.3,0.4894499432902685,97,2018-04-05,2018-06-13,0.2765012682045541
5,3,0.3,0.0,1.3333333333333333,0.5,0.3,0.48449406054891503,98,2018-04-06,2018-06-14,0.30816746960942315
5,3,0.3,0.0,1.3333333333333333,0.5,0.3,0.4855849233473776,99,2018-04-08,2018-06-15,0.3049355569993758
5,3,0.3,0.0,1.3333333333333333,0.5,0.3,0.485414044074272,100,2018-04-09,2018-06-17,0.30683242034298197
5,3,0.3,0.0,1.3333333333333333,0.5,0.3,0.4881875007570703,101,2018-04-10,2018-06-18,0.30059871099618857
5,3,0.3,0.0,1.3333333333333333,0.5,0.3,0.48868108974912056,102,2018-04-11,2018-06-19,0.3046433853749754
5,3,0.3,0.0,1.3333333333333333,0.5,0.3,0.4887755414449977,103,2018-04-12,2018-06-20,0.30526028816511086
5,3,0.3,0.0,1.3333333333333333,0.5,0.3,0.4871394820620814,104,2018-04-13,2018-06-21,0.3114085620512422
5,3,0.3,0.0,1.3333333333333333,0.5,0.3,0.4869079942699212,105,2018-04-15,2018-06-22,0.3390582034133363
5,3,0.3,0.0,1.3333333333333333,0.5,0.3,0.486374018301005,106,2018-04-16,2018-06-24,0.34566720036186
5,3,0.3,0.0,1.3333333333333333,0.5,0.3,0.4876897216480027,107,2018-04-17,2018-06-25,0.33327193889380063
5,3,0.3,0.0,1.3333333333333333,0.5,0.3,0.4873156520745239,108,2018-04-18,2018-06-26,0.32862518288761644
5,3,0.3,0.0,1.3333333333333333,0.5,0.3,0.48465955992386867,109,2018-04-19,2018-06-27,0.34245555734675615
5,3,0.3,0.0,1.3333333333333333,0.5,0.3,0.4845985239339343,110,2018-04-20,2018-06-28,0.333255240578395
5,3,0.3,0.0,1.3333333333333333,0.5,0.3,0.48102535239935756,111,2018-04-22,2018-06-29,0.33537263651206806
5,3,0.3,0.0,1.3333333333333333,0.5,0.3,0.4811764466627657,112,2018-04-23,2018-07-01,0.33359476130242144
5,3,0.3,0.0,1.3333333333333333,0.5,0.3,0.48200517775419377,113,2018-04-24,2018-07-02,0.3340783702744063
5,3,0.3,0.0,1.3333333333333333,0.5,0.3,0.48199703924270565,114,2018-04-25,2018-07-03,0.3440458143735765
5,3,0.3,0.0,1.3333333333333333,0.5,0.3,0.4821583762960734,115,2018-04-26,2018-07-04,0.3637946367876606
5,3,0.3,0.0,1.3333333333333333,0.5,0.3,0.4817154713280226,116,2018-04-27,2018-07-05,0.3588012114480085
5,3,0.3,0.0,1.3333333333333333,0.5,0.3,0.47723307496361755,117,2018-04-29,2018-07-06,0.3725155404865132
5,3,0.3,0.0,1.3333333333333333,0.5,0.3,0.47707128779031227,118,2018-04-30,2018-07-08,0.3702399563935229
5,3,0.3,0.0,1.3333333333333333,0.5,0.3,0.47721990042006324,119,2018-05-01,2018-07-09,0.37115380296104417
5,3,0.3,0.0,1.3333333333333333,0.5,0.3,0.47938932729625344,120,2018-05-02,2018-07-10,0.35991291298777756
5,3,0.3,0.0,1.3333333333333333,0.5,0.3,0.47860091699668206,121,2018-05-03,2018-07-11,0.36583588516464893
5,3,0.3,0.0,1.3333333333333333,0.5,0.3,0.47944565201070355,122,2018-05-04,2018-07-12,0.3828337486278316
5,3,0.3,0.0,1.3333333333333333,0.5,0.3,0.47926866259853496,123,2018-05-06,2018-07-13,0.3827497249365658
5,3,0.3,0.0,1.3333333333333333,0.5,0.3,0.4793675049723102,124,2018-05-07,2018-07-15,0.3828271839218312
5,3,0.3,0.0,1.3333333333333333,0.5,0.3,0.47897103218974985,125,2018-05-08,2018-07-16,0.3763359504305842
5,3,0.3,0.0,1.3333333333333333,0.5,0.3,0.4776752354079773,126,2018-05-09,2018-07-17,0.40134810103257645
5,3,0.3,0.0,1.3333333333333333,0.5,0.3,0.47694453867285636,127,2018-05-10,2018-07-18,0.3997990731568725
5,3,0.3,0.0,1.3333333333333333,0.5,0.3,0.4774069251867159,128,2018-05-11,2018-07-19,0.3971087829391241
5,4,0.4,0.6,1.0,0.5,0.4,0.43529758298655563,129,2018-05-13,2018-07-20,0.40301974893213155
5,4,0.4,0.6,1.0,0.5,0.4,0.4353213966034574,130,2018-05-14,2018-07-22,0.4066301474218301
5,4,0.4,0.6,1.0,0.5,0.4,0.43105454128548315,131,2018-05-15,2018-07-23,0.4102318773774153
5,4,0.4,0.6,1.0,0.5,0.4,0.4341374789956922,132,2018-05-16,2018-07-24,0.39834656032668836
5,4,0.4,0.6,1.0,0.5,0.4,0.43191829501429874,133,2018-05-17,2018-07-25,0.4046422861508644
5,4,0.4,0.6,1.0,0.5,0.4,0.42701256630890017,134,2018-05-18,2018-07-26,0.4014356527562824
5,4,0.4,0.6,1.0,0.5,0.4,0.42638449622441116,135,2018-05-20,2018-07-27,0.39771227472989623
5,4,0.4,0.6,1.0,0.5,0.4,0.4260038986962764,136,2018-05-21,2018-07-29,0.4005271438629692
5,4,0.4,0.6,1.0,0.5,0.4,0.4217134679462305,137,2018-05-22,2018-07-30,0.40609169789223587
5,4,0.4,0.6,1.0,0.5,0.4,0.421616982632729,138,2018-05-23,2018-07-31,0.4039378826481834
5,4,0.4,0.6,1.0,0.5,0.4,0.42082204875216667,139,2018-05-24,2018-08-01,0.4244651684059666
5,4,0.4,0.6,1.0,0.5,0.4,0.4191285496241045,140,2018-05-25,2018-08-02,0.42333173341485075
5,4,0.4,0.6,1.0,0.5,0.4,0.42034404218808985,141,2018-05-27,2018-08-03,0.42663864411079133
5,4,0.4,0.6,1.0,0.5,0.4,0.4188767600986279,142,2018-05-28,2018-08-05,0.4236169033247493
5,4,0.4,0.6,1.0,0.5,0.4,0.4196939643088633,143,2018-05-29,2018-08-06,0.433671205873223
5,4,0.4,0.6,1.0,0.5,0.4,0.4221029514280811,144,2018-05-30,2018-08-07,0.4170040020255885
5,4,0.4,0.6,1.0,0.5,0.4,0.4256155683804717,145,2018-05-31,2018-08-08,0.40712237857753975
5,4,0.4,0.6,1.0,0.5,0.4,0.4237320961310973,146,2018-06-01,2018-08-09,0.4205696389696775
5,4,0.4,0.6,1.0,0.5,0.4,0.4189245050899641,147,2018-06-03,2018-08-10,0.40090869339331886
5,4,0.4,0.6,1.0,0.5,0.4,0.4137697650903389,148,2018-06-04,2018-08-12,0.40365020094099846
5,4,0.4,0.6,1.0,0.5,0.4,0.40209485784644805,149,2018-06-05,2018-08-13,0.4009685633845
5,4,0.4,0.6,1.0,0.5,0.4,0.3966563913978935,150,2018-06-06,2018-08-14,0.4117013961272245
5,4,0.4,0.6,1.0,0.5,0.4,0.39736101553130987,151,2018-06-07,2018-08-15,0.41418658570372885
5,4,0.4,0.6,1.0,0.5,0.4,0.39439453032845995,152,2018-06-08,2018-08-16,0.4129891970780962
5,4,0.4,0.6,1.0,0.5,0.4,0.3930376092659682,153,2018-06-10,2018-08-17,0.39882363804895
5,4,0.4,0.6,1.0,0.5,0.4,0.38755946806964103,154,2018-06-11,2018-08-19,0.39301957139635196
5,4,0.4,0.6,1.0,0.5,0.4,0.3855612350470416,155,2018-06-12,2018-08-20,0.40787683474313124
5,4,0.4,0.6,1.0,0.5,0.4,0.3835297355857594,156,2018-06-13,2018-08-21,0.39662023709687083
5,4,0.4,0.6,1.0,0.5,0.4,0.38346275282662245,157,2018-06-14,2018-08-22,0.3929768475937882
5,4,0.4,0.6,1.0,0.5,0.4,0.38481886266556437,158,2018-06-15,2018-08-23,0.3475349167734345
5,4,0.4,0.6,1.0,0.5,0.4,0.3814006916693471,159,2018-06-17,2018-08-24,0.34058447787279167
5,4,0.4,0.6,1.0,0.5,0.4,0.38085802332059404,160,2018-06-18,2018-08-26,0.34055301324871506
5,4,0.4,0.6,1.0,0.5,0.4,0.37775579114042057,161,2018-06-19,2018-08-27,0.3351482288210749
5,4,0.4,0.6,1.0,0.5,0.4,0.3796727784129046,162,2018-06-20,2018-08-28,0.33139744274784205
5,4,0.4,0.6,1.0,0.5,0.4,0.393246088502176,163,2018-06-21,2018-08-29,0.31661844612032786
5,4,0.4,0.6,1.0,0.5,0.4,0.39239239476314897,164,2018-06-22,2018-08-30,0.3145062016439124
5,4,0.4,0.6,1.0,0.5,0.4,0.3830946002180505,165,2018-06-24,2018-08-31,0.3065550894074761
5,4,0.4,0.6,1.0,0.5,0.4,0.38499398317117317,166,2018-06-25,2018-09-02,0.307777189580683
5,4,0.4,0.6,1.0,0.5,0.4,0.3847359303329444,167,2018-06-26,2018-09-03,0.3059852581931927
5,4,0.4,0.6,1.0,0.5,0.4,0.3836017476408591,168,2018-06-27,2018-09-04,0.3044477000893101
5,4,0.4,0.6,1.0,0.5,0.4,0.3937339712522619,169,2018-06-28,2018-09-05,0.32046194044987125
5,4,0.4,0.6,1.0,0.5,0.4,0.390395490763126,170,2018-06-29,2018-09-06,0.32244236535014115
5,4,0.4,0.6,1.0,0.5,0.4,0.39726415368937096,171,2018-07-01,2018-09-07,0.3155146962321777
5,4,0.4,0.6,1.0,0.5,0.4,0.3934621961558159,172,2018-07-02,2018-09-09,0.3176007781038137
5,4,0.4,0.6,1.0,0.5,0.4,0.3956037846745474,173,2018-07-03,2018-09-10,0.3017432987278702
5,4,0.4,0.6,1.0,0.5,0.4,0.39514171098950646,174,2018-07-04,2018-09-11,0.2997479432412743
5,4,0.4,0.6,1.0,0.5,0.4,0.39455892641226864,175,2018-07-05,2018-09-12,0.30153405662067406
5,4,0.4,0.6,1.0,0.5,0.4,0.38816701445539514,176,2018-07-06,2018-09-13,0.303068972972699
5,4,0.4,0.6,1.0,0.5,0.4,0.388965000984353,177,2018-07-08,2018-09-14,0.2973781937149245
5,4,0.4,0.6,1.0,0.5,0.4,0.3881100794149078,178,2018-07-09,2018-09-16,0.2960208018773611
5,4,0.4,0.6,1.0,0.5,0.4,0.38746356749483574,179,2018-07-10,2018-09-17,0.30243667632398574
5,4,0.4,0.6,1.0,0.5,0.4,0.38595457028125957,180,2018-07-11,2018-09-18,0.3008713438735153
5,4,0.4,0.6,1.0,0.5,0.4,0.389569770235795,181,2018-07-12,2018-09-19,0.2974862683858289
5,4,0.4,0.6,1.0,0.5,0.4,0.38432332649293843,182,2018-07-13,2018-09-20,0.3042443085868428
5,3,0.3,0.0,1.3333333333333333,0.5,0.3,0.44122325963234443,183,2018-07-15,2018-09-21,0.30672636101966777
5,3,0.3,0.0,1.3333333333333333,0.5,0.3,0.4403298024969935,184,2018-07-16,2018-09-23,0.3064353850316714
5,3,0.3,0.0,1.3333333333333333,0.5,0.3,0.4385206355766878,185,2018-07-17,2018-09-24,0.3101809743865027
5,3,0.3,0.0,1.3333333333333333,0.5,0.3,0.4418046554065822,186,2018-07-18,2018-09-25,0.3054134492385146
5,3,0.3,0.0,1.3333333333333333,0.5,0.3,0.4424853193621473,187,2018-07-19,2018-09-26,0.3068776778965856
5,3,0.3,0.0,1.3333333333333333,0.5,0.3,0.44112275020963815,188,2018-07-20,2018-09-27,0.3090819476406281
5,3,0.3,0.0,1.3333333333333333,0.5,0.3,0.4436877788580553,189,2018-07-22,2018-09-28,0.300071088863732
5,3,0.3,0.0,1.3333333333333333,0.5,0.3,0.44182657520552543,190,2018-07-23,2018-09-30,0.2982304121463276
5,3,0.3,0.0,1.3333333333333333,0.5,0.3,0.44653628073284946,191,2018-07-24,2018-10-01,0.2992503398116206
5,3,0.3,0.0,1.3333333333333333,0.5,0.3,0.44469202379702544,192,2018-07-25,2018-10-02,0.3010467253998176
5,3,0.3,0.0,1.3333333333333333,0.5,0.3,0.445491705957609,193,2018-07-26,2018-10-03,0.30377894184817655
5,3,0.3,0.0,1.3333333333333333,0.5,0.3,0.4496514651873116,194,2018-07-27,2018-10-04,0.2915341976937425
5,3,0.3,0.0,1.3333333333333333,0.5,0.3,0.4521354019041284,195,2018-07-29,2018-10-05,0.28242601365809006
5,3,0.3,0.0,1.3333333333333333,0.5,0.3,0.45214533046336186,196,2018-07-30,2018-10-07,0.28276272334795116
5,3,0.3,0.0,1.3333333333333333,0.5,0.3,0.45307717064078257,197,2018-07-31,2018-10-08,0.2822750067363921
5,3,0.3,0.0,1.3333333333333333,0.5,0.3,0.4538762983050509,198,2018-08-01,2018-10-09,0.28641701108847034
5,3,0.3,0.0,1.3333333333333333,0.5,0.3,0.45580775362017806,199,2018-08-02,2018-10-10,0.28306342296824105
5,3,0.3,0.0,1.3333333333333333,0.5,0.3,0.46000843741040937,200,2018-08-03,2018-10-11,0.28458112236838273
5,3,0.3,0.0,1.3333333333333333,0.5,0.3,0.4597412472416785,201,2018-08-05,2018-10-12,0.2896068813384506
5,3,0.3,0.0,1.3333333333333333,0.5,0.3,0.4625934272837009,202,2018-08-06,2018-10-14,0.2927012567568266
5,3,0.3,0.0,1.3333333333333333,0.5,0.3,0.4627902390771095,203,2018-08-07,2018-10-15,0.2914818466395178
5,3,0.3,0.0,1.3333333333333333,0.5,0.3,0.4624752484444216,204,2018-08-08,2018-10-16,0.2922663946141128
5,3,0.3,0.0,1.3333333333333333,0.5,0.3,0.46276469733890757,205,2018-08-09,2018-10-17,0.30559783056430845
5,3,0.3,0.0,1.3333333333333333,0.5,0.3,0.4644453497338624,206,2018-08-10,2018-10-18,0.3029159874640508
5,3,0.3,0.0,1.3333333333333333,0.5,0.3,0.4677729342769117,207,2018-08-12,2018-10-19,0.3061097378339316
5,3,0.3,0.0,1.3333333333333333,0.5,0.3,0.47207739966642626,208,2018-08-13,2018-10-21,0.3099306149737686
5,3,0.3,0.0,1.3333333333333333,0.5,0.3,0.4724193393034577,209,2018-08-14,2018-10-22,0.31225162645395976
5,3,0.3,0.0,1.3333333333333333,0.5,0.3,0.4729219799525625,210,2018-08-15,2018-10-23,0.3129268586622639
5,3,0.3,0.0,1.3333333333333333,0.5,0.3,0.4718580609180414,211,2018-08-16,2018-10-24,0.31443687087268424
5,3,0.3,0.0,1.3333333333333333,0.5,0.3,0.47265931589654364,212,2018-08-17,2018-10-25,0.31193742654843726
5,3,0.3,0.0,1.3333333333333333,0.5,0.3,0.47339613843498174,213,2018-08-19,2018-10-26,0.32021045675892557
5,3,0.3,0.0,1.3333333333333333,0.5,0.3,0.47345908442024454,214,2018-08-20,2018-10-28,0.31998446804576747
5,3,0.3,0.0,1.3333333333333333,0.5,0.3,0.47305765158173224,215,2018-08-21,2018-10-29,0.3028935083455619
5,3,0.3,0.0,1.3333333333333333,0.5,0.3,0.4762012405805385,216,2018-08-22,2018-10-30,0.31242430450041764
5,3,0.3,0.0,1.3333333333333333,0.5,0.3,0.477112456112994,217,2018-08-23,2018-10-31,0.30933267762918865
5,3,0.3,0.0,1.3333333333333333,0.5,0.3,0.47311735550003564,218,2018-08-24,2018-11-01,0.31442566325937715
5,3,0.3,0.0,1.3333333333333333,0.5,0.3,0.47427058670022376,219,2018-08-26,2018-11-02,0.3146658091961877
5,3,0.3,0.0,1.3333333333333333,0.5,0.3,0.475275232876102,220,2018-08-27,2018-11-04,0.3143582812720781
5,3,0.3,0.0,1.3333333333333333,0.5,0.3,0.474182623588794,221,2018-08-28,2018-11-05,0.3195145652007151
5,3,0.3,0.0,1.3333333333333333,0.5,0.3,0.47322564429975245,222,2018-08-29,2018-11-06,0.31976477925578023
5,3,0.3,0.0,1.3333333333333333,0.5,0.3,0.47097915588613626,223,2018-08-30,2018-11-07,0.3257231735748978
5,3,0.3,0.0,1.3333333333333333,0.5,0.3,0.4717607536055887,224,2018-08-31,2018-11-08,0.3200657380884566
5,3,0.3,0.0,1.3333333333333333,0.5,0.3,0.47292943892570105,225,2018-09-02,2018-11-09,0.3179765659128047
5,3,0.3,0.0,1.3333333333333333,0.5,0.3,0.47319540087527445,226,2018-09-03,2018-11-11,0.31798061954857026
5,3,0.3,0.0,1.3333333333333333,0.5,0.3,0.4707051851461087,227,2018-09-04,2018-11-12,0.32306976625220396
5,3,0.3,0.0,1.3333333333333333,0.5,0.3,0.46898622679148305,228,2018-09-05,2018-11-13,0.3324387124389827
5,3,0.3,0.0,1.3333333333333333,0.5,0.3,0.45849918688964164,229,2018-09-06,2018-11-14,0.2952791020381402
5,3,0.3,0.0,1.3333333333333333,0.5,0.3,0.4675485148719144,230,2018-09-07,2018-11-15,0.28060847387455695
5,3,0.3,0.0,1.3333333333333333,0.5,0.3,0.46757675990758574,231,2018-09-09,2018-11-16,0.28972615473012364
5,3,0.3,0.0,1.3333333333333333,0.5,0.3,0.46687943150702216,232,2018-09-10,2018-11-18,0.2858053462312341
5,3,0.3,0.0,1.3333333333333333,0.5,0.3,0.47110984047712456,233,2018-09-11,2018-11-19,0.31349282856648697
5,3,0.3,0.0,1.3333333333333333,0.5,0.3,0.47229054641520984,234,2018-09-12,2018-11-20,0.31208792162493565
5,3,0.3,0.0,1.3333333333333333,0.5,0.3,0.4732120110406173,235,2018-09-13,2018-11-21,0.3142323124772478
5,3,0.3,0.0,1.3333333333333333,0.5,0.3,0.4764261957122893,236,2018-09-14,2018-11-22,0.3392400218619406
5,3,0.3,0.0,1.3333333333333333,0.5,0.3,0.476159733444357,237,2018-09-16,2018-11-23,0.33710343496955564
5,3,0.3,0.0,1.3333333333333333,0.5,0.3,0.47454350159409786,238,2018-09-17,2018-11-25,0.3361313756245375
5,3,0.3,0.0,1.3333333333333333,0.5,0.3,0.4753654402844566,239,2018-09-18,2018-11-26,0.3291327011208972
5,3,0.3,0.0,1.3333333333333333,0.5,0.3,0.4746582888483005,240,2018-09-19,2018-11-27,0.33020800240833464
5,3,0.3,0.0,1.3333333333333333,0.5,0.3,0.4733546247998719,241,2018-09-20,2018-11-28,0.32637818525601897
5,3,0.3,0.0,1.3333333333333333,0.5,0.3,0.474088198041126,242,2018-09-21,2018-11-29,0.33033307758071084
5,3,0.3,0.0,1.3333333333333333,0.5,0.3,0.4724773483506044,243,2018-09-23,2018-11-30,0.3289256392168424
5,3,0.3,0.0,1.3333333333333333,0.5,0.3,0.47255484917900664,244,2018-09-24,2018-12-02,0.33406437326827815
5,3,0.3,0.0,1.3333333333333333,0.5,0.3,0.473699746876303,245,2018-09-25,2018-12-03,0.3375244178580489
5,3,0.3,0.0,1.3333333333333333,0.5,0.3,0.4735671917599461,246,2018-09-26,2018-12-04,0.33861452875787523
5,3,0.3,0.0,1.3333333333333333,0.5,0.3,0.47686476528722377,247,2018-09-27,2018-12-05,0.33884580620383703
5,3,0.3,0.0,1.3333333333333333,0.5,0.3,0.4795489847700515,248,2018-09-28,2018-12-06,0.34518507772974527
5,3,0.3,0.0,1.3333333333333333,0.5,0.3,0.47887600690462273,249,2018-09-30,2018-12-07,0.3417552287200749
5,3,0.3,0.0,1.3333333333333333,0.5,0.3,0.47963699765547574,250,2018-10-01,2018-12-09,0.33958017210956004
5,3,0.3,0.0,1.3333333333333333,0.5,0.3,0.4797758792579344,251,2018-10-02,2018-12-10,0.3412128298717071
5,3,0.3,0.0,1.3333333333333333,0.5,0.3,0.48066401930457403,252,2018-10-03,2018-12-11,0.3386296706965007
5,3,0.3,0.0,1.3333333333333333,0.5,0.3,0.4819252737529576,253,2018-10-04,2018-12-12,0.3480352855512884
5,3,0.3,0.0,1.3333333333333333,0.5,0.3,0.4812041801441512,254,2018-10-05,2018-12-13,0.3462302176325984
5,3,0.3,0.0,1.3333333333333333,0.5,0.3,0.47893109857631716,255,2018-10-07,2018-12-14,0.3601715267819526
5,3,0.3,0.0,1.3333333333333333,0.5,0.3,0.4790029328447236,256,2018-10-08,2018-12-16,0.3595606289762091
5,3,0.3,0.0,1.3333333333333333,0.5,0.3,0.48002676001480515,257,2018-10-09,2018-12-17,0.3702184733891524
5,3,0.3,0.0,1.3333333333333333,0.5,0.3,0.4799516001113313,258,2018-10-10,2018-12-18,0.37563603455329087
5,3,0.3,0.0,1.3333333333333333,0.5,0.3,0.480479490956797,259,2018-10-11,2018-12-19,0.3747021327463663
5,3,0.3,0.0,1.3333333333333333,0.5,0.3,0.48495599241625087,260,2018-10-12,2018-12-20,0.41634444198204895
5,3,0.3,0.0,1.3333333333333333,0.5,0.3,0.48410161815497954,261,2018-10-14,2018-12-21,0.4312525526716895
5,3,0.3,0.0,1.3333333333333333,0.5,0.3,0.4797254800882901,262,2018-10-15,2018-12-23,0.4283876304518768
5,3,0.3,0.0,1.3333333333333333,0.5,0.3,0.48010779141921966,263,2018-10-16,2018-12-24,0.42277714916708237
5,3,0.3,0.0,1.3333333333333333,0.5,0.3,0.4803229718653518,264,2018-10-17,2018-12-25,0.4174423411855215
5,3,0.3,0.0,1.3333333333333333,0.5,0.3,0.4828624757678417,265,2018-10-18,2018-12-26,0.41306177145564427
5,3,0.3,0.0,1.3333333333333333,0.5,0.3,0.4872795223677382,266,2018-10-19,2018-12-27,0.39757438357808106
5,3,0.3,0.0,1.3333333333333333,0.5,0.3,0.4881648056007437,267,2018-10-21,2018-12-28,0.3994644902697307
5,3,0.3,0.0,1.3333333333333333,0.5,0.3,0.4878599467853212,268,2018-10-22,2018-12-30,0.3990100354470115
5,3,0.3,0.0,1.3333333333333333,0.5,0.3,0.48890347269833634,269,2018-10-23,2018-12-31,0.3938019976704979
5,3,0.3,0.0,1.3333333333333333,0.5,0.3,0.4890791845246821,270,2018-10-24,2019-01-01,0.3931890826111314
5,3,0.3,0.0,1.3333333333333333,0.5,0.3,0.48063574107436724,271,2018-10-25,2019-01-02,0.37335046996168764
5,4,0.4,0.6,1.0,0.5,0.4,0.43586697082940656,272,2018-10-26,2019-01-03,0.36995845135866495
5,4,0.4,0.6,1.0,0.5,0.4,0.43767123621059284,273,2018-10-28,2019-01-04,0.3713405878275504
5,4,0.4,0.6,1.0,0.5,0.4,0.4363265426837455,274,2018-10-29,2019-01-06,0.37151623730975725
5,4,0.4,0.6,1.0,0.5,0.4,0.43615610470563726,275,2018-10-30,2019-01-07,0.36742908413516034
5,4,0.4,0.6,1.0,0.5,0.4,0.43389758109250565,276,2018-10-31,2019-01-08,0.37097397405852905
5,4,0.4,0.6,1.0,0.5,0.4,0.43321157075653893,277,2018-11-01,2019-01-09,0.3727887419284042
5,3,0.3,0.0,1.3333333333333333,0.5,0.3,0.4832981573959712,278,2018-11-02,2019-01-10,0.36636388583827517
5,3,0.3,0.0,1.3333333333333333,0.5,0.3,0.48640207671238395,279,2018-11-04,2019-01-11,0.36290571468817323
5,3,0.3,0.0,1.3333333333333333,0.5,0.3,0.4863741570022826,280,2018-11-05,2019-01-13,0.36211905103304187
5,3,0.3,0.0,1.3333333333333333,0.5,0.3,0.4865827495707684,281,2018-11-06,2019-01-14,0.36204131506448656
5,3,0.3,0.0,1.3333333333333333,0.5,0.3,0.48811191400384946,282,2018-11-07,2019-01-15,0.35689452396066385
5,3,0.3,0.0,1.3333333333333333,0.5,0.3,0.48791783521408616,283,2018-11-08,2019-01-16,0.3551558084394372
5,3,0.3,0.0,1.3333333333333333,0.5,0.3,0.4889107756707548,284,2018-11-09,2019-01-17,0.35390350131807413
5,3,0.3,0.0,1.3333333333333333,0.5,0.3,0.4891224328536962,285,2018-11-11,2019-01-18,0.3535760793033652
5,3,0.3,0.0,1.3333333333333333,0.5,0.3,0.4891667302629782,286,2018-11-12,2019-01-20,0.3540676905235215
5,3,0.3,0.0,1.3333333333333333,0.5,0.3,0.4907591169053773,287,2018-11-13,2019-01-21,0.3536798307496705
5,2,0.2,0.0,1.0,0.25,0.2,0.4848044423516907,288,2018-11-14,2019-01-22,0.3477662735516284
5,2,0.2,0.0,1.0,0.25,0.2,0.48500761696036815,289,2018-11-15,2019-01-23,0.3483857520275214
5,4,0.4,0.6,1.0,0.5,0.4,0.4521644323780186,290,2018-11-16,2019-01-24,0.36263671098031114
5,4,0.4,0.6,1.0,0.5,0.4,0.45014502061260775,291,2018-11-18,2019-01-25,0.37033658686359383
5,4,0.4,0.6,1.0,0.5,0.4,0.449925013208047,292,2018-11-19,2019-01-27,0.37077335915733595
5,4,0.4,0.6,1.0,0.5,0.4,0.4475112320617724,293,2018-11-20,2019-01-28,0.38610786059877344
5,3,0.3,0.0,1.3333333333333333,0.5,0.3,0.49015937475997884,294,2018-11-21,2019-01-29,0.3567544311772658
5,3,0.3,0.0,1.3333333333333333,0.5,0.3,0.48901047628555916,295,2018-11-22,2019-01-30,0.36028782637858325
5,4,0.4,0.6,1.0,0.5,0.4,0.4484592836863174,296,2018-11-23,2019-01-31,0.3691873335123599
5,4,0.4,0.6,1.0,0.5,0.4,0.450340860434997,297,2018-11-25,2019-02-01,0.3657591321963246
5,4,0.4,0.6,1.0,0.5,0.4,0.45123682726308756,298,2018-11-26,2019-02-03,0.3692543338129582
5,4,0.4,0.6,1.0,0.5,0.4,0.450001569736725,299,2018-11-27,2019-02-04,0.36906178482306146
5,3,0.3,0.0,1.3333333333333333,0.5,0.3,0.49037332045780174,300,2018-11-28,2019-02-05,0.36851744531173986
5,2,0.2,0.0,1.0,0.25,0.2,0.4876040034633402,301,2018-11-29,2019-02-06,0.33852532379171296
5,2,0.2,0.0,1.0,0.25,0.2,0.4877717984712604,302,2018-11-30,2019-02-07,0.34047611080708406
5,2,0.2,0.0,1.0,0.25,0.2,0.48655971772648515,303,2018-12-02,2019-02-08,0.3289768325976883
5,2,0.2,0.0,1.0,0.25,0.2,0.48664819149190386,304,2018-12-03,2019-02-10,0.3256899297251349
5,2,0.2,0.0,1.0,0.25,0.2,0.48802127573471715,305,2018-12-04,2019-02-11,0.3312664360960058
5,3,0.3,0.0,1.3333333333333333,0.5,0.3,0.4912069761884511,306,2018-12-05,2019-02-12,0.33302586926305117
5,4,0.4,0.6,1.0,0.5,0.4,0.45163865509199813,307,2018-12-06,2019-02-13,0.33027732437576457
5,4,0.4,0.6,1.0,0.5,0.4,0.45060097187768594,308,2018-12-07,2019-02-14,0.33699724873745873
5,4,0.4,0.6,1.0,0.5,0.4,0.4521574081027496,309,2018-12-09,2019-02-15,0.3378895763032193
5,4,0.4,0.6,1.0,0.5,0.4,0.4524932372103325,310,2018-12-10,2019-02-17,0.3410500009569599
5,4,0.4,0.6,1.0,0.5,0.4,0.44917249590750985,311,2018-12-11,2019-02-18,0.3389412607715586
5,4,0.4,0.6,1.0,0.5,0.4,0.4459847872027668,312,2018-12-12,2019-02-19,0.3372079434795473
5,4,0.4,0.6,1.0,0.5,0.4,0.44564396513946614,313,2018-12-13,2019-02-20,0.3343337918802082
5,4,0.4,0.6,1.0,0.5,0.4,0.44699588450272215,314,2018-12-14,2019-02-21,0.3376697087493078
5,4,0.4,0.6,1.0,0.5,0.4,0.4495989636826033,315,2018-12-16,2019-02-22,0.3230003295714968
5,4,0.4,0.6,1.0,0.5,0.4,0.45053894393807326,316,2018-12-17,2019-02-24,0.31570206510169824
5,4,0.4,0.6,1.0,0.5,0.4,0.44981986100700233,317,2018-12-18,2019-02-25,0.3122786201115352
5,4,0.4,0.6,1.0,0.5,0.4,0.4499614048931281,318,2018-12-19,2019-02-26,0.303717236215003
5,4,0.4,0.6,1.0,0.5,0.4,0.4503199796931819,319,2018-12-20,2019-02-27,0.30310952768702293
5,4,0.4,0.6,1.0,0.5,0.4,0.4481288775426624,320,2018-12-21,2019-02-28,0.2927496941669149
5,4,0.4,0.6,1.0,0.5,0.4,0.4516774167536705,321,2018-12-23,2019-03-01,0.2783646943193727
5,4,0.4,0.6,1.0,0.5,0.4,0.45626452165361087,322,2018-12-24,2019-03-03,0.28405980340745773
5,4,0.4,0.6,1.0,0.5,0.4,0.4554790075333438,323,2018-12-25,2019-03-04,0.28612680274190416
5,4,0.4,0.6,1.0,0.5,0.4,0.4553967783182881,324,2018-12-26,2019-03-05,0.287734385981669
5,4,0.4,0.6,1.0,0.5,0.4,0.45499732341898536,325,2018-12-27,2019-03-06,0.2875230193153888
5,4,0.4,0.6,1.0,0.5,0.4,0.44962852016024973,326,2018-12-28,2019-03-07,0.2930841460976308
5,4,0.4,0.6,1.0,0.5,0.4,0.4510614038554042,327,2018-12-30,2019-03-08,0.28940215974038713
5,4,0.4,0.6,1.0,0.5,0.4,0.4529769834546634,328,2018-12-31,2019-03-10,0.28996792670018934
5,4,0.4,0.6,1.0,0.5,0.4,0.4547041395515392,329,2019-01-01,2019-03-11,0.28783150660778023
5,4,0.4,0.6,1.0,0.5,0.4,0.46083342325533116,330,2019-01-02,2019-03-12,0.2801289568708729
5,1,0.1,0.0,1.0,0.25,0.1,0.0,331,2019-01-03,2019-03-13,0.2553978270044731
5,1,0.1,0.0,1.0,0.25,0.1,0.0,332,2019-01-04,2019-03-14,0.2622601710569107
5,1,0.1,0.0,1.0,0.25,0.1,0.0,333,2019-01-06,2019-03-15,0.25714522824279146
5,1,0.1,0.0,1.0,0.25,0.1,0.0,334,2019-01-07,2019-03-17,0.25825879605193863
5,1,0.1,0.0,1.0,0.25,0.1,0.0,335,2019-01-08,2019-03-18,0.26042094005461297
5,1,0.1,0.0,1.0,0.25,0.1,0.0,336,2019-01-09,2019-03-19,0.26108786491413727
5,2,0.2,0.0,1.0,0.25,0.2,0.4607931113761803,337,2019-01-10,2019-03-20,0.2570016216283619
5,2,0.2,0.0,1.0,0.25,0.2,0.46781920824543666,338,2019-01-11,2019-03-21,0.25168031936326657
5,2,0.2,0.0,1.0,0.25,0.2,0.4733134953560765,339,2019-01-13,2019-03-22,0.2490207763542421
5,2,0.2,0.0,1.0,0.25,0.2,0.47392369515653093,340,2019-01-14,2019-03-24,0.24785291976293808
5,2,0.2,0.0,1.0,0.25,0.2,0.47539358217355665,341,2019-01-15,2019-03-25,0.23859870835705516
5,2,0.2,0.0,1.0,0.25,0.2,0.4754597499248332,342,2019-01-16,2019-03-26,0.23124156279119537
5,2,0.2,0.0,1.0,0.25,0.2,0.4754235343471742,343,2019-01-17,2019-03-27,0.22304563606716327
5,2,0.2,0.0,1.0,0.25,0.2,0.4754820402395747,344,2019-01-18,2019-03-28,0.224253030138322
5,2,0.2,0.0,1.0,0.25,0.2,0.47429327428317125,345,2019-01-20,2019-03-29,0.21568307355160296
5,2,0.2,0.0,1.0,0.25,0.2,0.47393533283192935,346,2019-01-21,2019-03-31,0.21657349228520723
5,2,0.2,0.0,1.0,0.25,0.2,0.4741039780056468,347,2019-01-22,2019-04-01,0.2154052987495508
5,2,0.2,0.0,1.0,0.25,0.2,0.4768725080129688,348,2019-01-23,2019-04-02,0.24313981402703302
5,2,0.2,0.0,1.0,0.25,0.2,0.4794852670046066,349,2019-01-24,2019-04-03,0.2449864511135381
5,2,0.2,0.0,1.0,0.25,0.2,0.4757031402545949,350,2019-01-25,2019-04-04,0.25293349714067703
5,2,0.2,0.0,1.0,0.25,0.2,0.4645524026828667,351,2019-01-27,2019-04-05,0.24465076480182213
5,2,0.2,0.0,1.0,0.25,0.2,0.46406660822569235,352,2019-01-28,2019-04-07,0.24704601775855353
5,2,0.2,0.0,1.0,0.25,0.2,0.4670004578194005,353,2019-01-29,2019-04-08,0.25250134231706034
5,2,0.2,0.0,1.0,0.25,0.2,0.4673750034691523,354,2019-01-30,2019-04-09,0.2516577615065164
5,1,0.1,0.0,1.0,0.25,0.1,0.0,355,2019-01-31,2019-04-10,0.2514534351626991
5,2,0.2,0.0,1.0,0.25,0.2,0.46308069108493505,356,2019-02-01,2019-04-11,0.24778058886197285
5,2,0.2,0.0,1.0,0.25,0.2,0.46797232184545634,357,2019-02-03,2019-04-12,0.24889138931248866
5,2,0.2,0.0,1.0,0.25,0.2,0.4677803842700062,358,2019-02-04,2019-04-14,0.24997591061893698
5,2,0.2,0.0,1.0,0.25,0.2,0.466761884629087,359,2019-02-05,2019-04-15,0.24741913148988898
5,2,0.2,0.0,1.0,0.25,0.2,0.4705425580723026,360,2019-02-06,2019-04-16,0.2462053729937413
5,2,0.2,0.0,1.0,0.25,0.2,0.4709079877037532,361,2019-02-07,2019-04-17,0.2607094002161304
5,2,0.2,0.0,1.0,0.25,0.2,0.4727667155561151,362,2019-02-08,2019-04-18,0.2660633630988415
5,2,0.2,0.0,1.0,0.25,0.2,0.4735967370776555,363,2019-02-10,2019-04-19,0.26550271486422955
5,2,0.2,0.0,1.0,0.25,0.2,0.4730322916343719,364,2019-02-11,2019-04-21,0.26803392040243657
5,2,0.2,0.0,1.0,0.25,0.2,0.4686833687738575,365,2019-02-12,2019-04-22,0.2650708943599055
5,2,0.2,0.0,1.0,0.25,0.2,0.4672456077028838,366,2019-02-13,2019-04-23,0.26429655749813014
5,2,0.2,0.0,1.0,0.25,0.2,0.4779486302394999,367,2019-02-14,2019-04-24,0.25895688615314993
5,2,0.2,0.0,1.0,0.25,0.2,0.4759638923896359,368,2019-02-15,2019-04-25,0.26408571843379114
5,2,0.2,0.0,1.0,0.25,0.2,0.47738077738565476,369,2019-02-17,2019-04-26,0.2643104735067194
5,2,0.2,0.0,1.0,0.25,0.2,0.47452285800438576,370,2019-02-18,2019-04-28,0.26737068696040356
5,2,0.2,0.0,1.0,0.25,0.2,0.4768007051607389,371,2019-02-19,2019-04-29,0.2629655583643796
5,2,0.2,0.0,1.0,0.25,0.2,0.47388150960697256,372,2019-02-20,2019-04-30,0.26412277285243513
5,2,0.2,0.0,1.0,0.25,0.2,0.4738213887762329,373,2019-02-21,2019-05-01,0.26289280565248674
5,2,0.2,0.0,1.0,0.25,0.2,0.47756311656955597,374,2019-02-22,2019-05-02,0.2700565721120977
5,2,0.2,0.0,1.0,0.25,0.2,0.47939415978380506,375,2019-02-24,2019-05-03,0.282007931251572
5,2,0.2,0.0,1.0,0.25,0.2,0.4799670561160446,376,2019-02-25,2019-05-05,0.27671943344431205
5,2,0.2,0.0,1.0,0.25,0.2,0.4830472216041679,377,2019-02-26,2019-05-06,0.2648719533694358
5,2,0.2,0.0,1.0,0.25,0.2,0.48220660896331324,378,2019-02-27,2019-05-07,0.26454189790896065
5,2,0.2,0.0,1.0,0.25,0.2,0.4820297505207702,379,2019-02-28,2019-05-08,0.27021911178766417
5,2,0.2,0.0,1.0,0.25,0.2,0.4835618405168248,380,2019-03-01,2019-05-09,0.27126072806194734
5,2,0.2,0.0,1.0,0.25,0.2,0.48405469773725807,381,2019-03-03,2019-05-10,0.27035100839257364
5,2,0.2,0.0,1.0,0.25,0.2,0.4815398029860445,382,2019-03-04,2019-05-12,0.27496865344706045
5,2,0.2,0.0,1.0,0.25,0.2,0.4839309021329816,383,2019-03-05,2019-05-13,0.2666649264311545
5,2,0.2,0.0,1.0,0.25,0.2,0.48682118895664367,384,2019-03-06,2019-05-14,0.26358301537839834
5,2,0.2,0.0,1.0,0.25,0.2,0.49368504710754624,385,2019-03-07,2019-05-15,0.2632517240102475
5,2,0.2,0.0,1.0,0.25,0.2,0.49980406702220864,386,2019-03-08,2019-05-16,0.2573803925521231
5,2,0.2,0.0,1.0,0.25,0.2,0.49864532933357236,387,2019-03-10,2019-05-17,0.2717759467396771
5,2,0.2,0.0,1.0,0.25,0.2,0.497603085996307,388,2019-03-11,2019-05-19,0.26159443468651394
5,2,0.2,0.0,1.0,0.25,0.2,0.49704029070507716,389,2019-03-12,2019-05-20,0.26777236786553493
5,2,0.2,0.0,1.0,0.25,0.2,0.49722054507313207,390,2019-03-13,2019-05-21,0.2785169006124231
5,2,0.2,0.0,1.0,0.25,0.2,0.4966088204298042,391,2019-03-14,2019-05-22,0.2882242135419302
5,2,0.2,0.0,1.0,0.25,0.2,0.4969356359182109,392,2019-03-15,2019-05-23,0.28756739946425774
5,2,0.2,0.0,1.0,0.25,0.2,0.4969805960002564,393,2019-03-17,2019-05-24,0.29095890414253206
5,2,0.2,0.0,1.0,0.25,0.2,0.49701829818535187,394,2019-03-18,2019-05-26,0.2964106965943515
5,2,0.2,0.0,1.0,0.25,0.2,0.4975523052265156,395,2019-03-19,2019-05-27,0.2952512677943795
5,2,0.2,0.0,1.0,0.25,0.2,0.49753284842881773,396,2019-03-20,2019-05-28,0.29679956665972335
5,2,0.2,0.0,1.0,0.25,0.2,0.49587507195305514,397,2019-03-21,2019-05-29,0.3142009397034244
5,2,0.2,0.0,1.0,0.25,0.2,0.4952036421857419,398,2019-03-22,2019-05-30,0.30506443158964935
5,3,0.3,0.0,1.3333333333333333,0.5,0.3,0.47569941113668646,399,2019-03-24,2019-05-31,0.3316502401828505
5,3,0.3,0.0,1.3333333333333333,0.5,0.3,0.47562980063885935,400,2019-03-25,2019-06-02,0.33238752421422135
5,3,0.3,0.0,1.3333333333333333,0.5,0.3,0.47662642107483666,401,2019-03-26,2019-06-03,0.30911696221417656
5,3,0.3,0.0,1.3333333333333333,0.5,0.3,0.4719828412957829,402,2019-03-27,2019-06-04,0.3107256075890825
5,3,0.3,0.0,1.3333333333333333,0.5,0.3,0.4725903971339799,403,2019-03-28,2019-06-05,0.3088607364327359
5,3,0.3,0.0,1.3333333333333333,0.5,0.3,0.47453605382627007,404,2019-03-29,2019-06-06,0.30574969597608376
5,3,0.3,0.0,1.3333333333333333,0.5,0.3,0.47259421760559783,405,2019-03-31,2019-06-07,0.3084352206634229
5,3,0.3,0.0,1.3333333333333333,0.5,0.3,0.473054083165808,406,2019-04-01,2019-06-09,0.31079326922178757
5,3,0.3,0.0,1.3333333333333333,0.5,0.3,0.47170742511116914,407,2019-04-02,2019-06-10,0.31600489845390667
5,4,0.4,0.6,1.0,0.5,0.4,0.4093674705432179,408,2019-04-03,2019-06-11,0.3134916107003186
5,4,0.4,0.6,1.0,0.5,0.4,0.41325083983202776,409,2019-04-04,2019-06-12,0.306090651986321
5,4,0.4,0.6,1.0,0.5,0.4,0.41054283023320265,410,2019-04-05,2019-06-13,0.3040695869080908
5,4,0.4,0.6,1.0,0.5,0.4,0.4034284289122787,411,2019-04-07,2019-06-14,0.3064034722704303
5,4,0.4,0.6,1.0,0.5,0.4,0.40296770716599983,412,2019-04-08,2019-06-16,0.3080899289206153
5,4,0.4,0.6,1.0,0.5,0.4,0.40581456187952725,413,2019-04-09,2019-06-17,0.3003246356505431
5,4,0.4,0.6,1.0,0.5,0.4,0.4107815716565681,414,2019-04-10,2019-06-18,0.2903200130081069
5,4,0.4,0.6,1.0,0.5,0.4,0.41181892784340457,415,2019-04-11,2019-06-19,0.2899062308767851
5,4,0.4,0.6,1.0,0.5,0.4,0.4051625611889148,416,2019-04-12,2019-06-20,0.2918083375160989
5,4,0.4,0.6,1.0,0.5,0.4,0.40769126211904316,417,2019-04-14,2019-06-21,0.2991965123098021
5,4,0.4,0.6,1.0,0.5,0.4,0.4064708688776871,418,2019-04-15,2019-06-23,0.3032074351468418
5,4,0.4,0.6,1.0,0.5,0.4,0.4061673764917205,419,2019-04-16,2019-06-24,0.30413587784786966
5,4,0.4,0.6,1.0,0.5,0.4,0.4043630282367934,420,2019-04-17,2019-06-25,0.30135443108600657
5,4,0.4,0.6,1.0,0.5,0.4,0.4055710775497866,421,2019-04-18,2019-06-26,0.3073812017990825
5,4,0.4,0.6,1.0,0.5,0.4,0.4187418181392642,422,2019-04-19,2019-06-27,0.3080454181784274
5,4,0.4,0.6,1.0,0.5,0.4,0.41839313907916503,423,2019-04-21,2019-06-28,0.30891094055562085
5,4,0.4,0.6,1.0,0.5,0.4,0.4181445913544386,424,2019-04-22,2019-06-30,0.3072615436660227
5,4,0.4,0.6,1.0,0.5,0.4,0.41233352903484927,425,2019-04-23,2019-07-01,0.3162711257001523
5,4,0.4,0.6,1.0,0.5,0.4,0.4186304504454835,426,2019-04-24,2019-07-02,0.31246248916613517
5,4,0.4,0.6,1.0,0.5,0.4,0.4231861919329418,427,2019-04-25,2019-07-03,0.3025002465506175
5,4,0.4,0.6,1.0,0.5,0.4,0.4229847806322816,428,2019-04-26,2019-07-04,0.2989184480010614
5,4,0.4,0.6,1.0,0.5,0.4,0.41675938086040404,429,2019-04-28,2019-07-05,0.308099194924461
5,4,0.4,0.6,1.0,0.5,0.4,0.4168836157980861,430,2019-04-29,2019-07-07,0.30834391831243557
5,4,0.4,0.6,1.0,0.5,0.4,0.4163604308341602,431,2019-04-30,2019-07-08,0.30774724160913686
5,4,0.4,0.6,1.0,0.5,0.4,0.41069763706763196,432,2019-05-01,2019-07-09,0.30709223532527685
5,4,0.4,0.6,1.0,0.5,0.4,0.4052276665438057,433,2019-05-02,2019-07-10,0.3028352765312656
5,4,0.4,0.6,1.0,0.5,0.4,0.40838223940828694,434,2019-05-03,2019-07-11,0.30161024951937765
5,4,0.4,0.6,1.0,0.5,0.4,0.4041479954300261,435,2019-05-05,2019-07-12,0.3061769648678948
5,4,0.4,0.6,1.0,0.5,0.4,0.41114256545770345,436,2019-05-06,2019-07-14,0.31085437994650356
5,4,0.4,0.6,1.0,0.5,0.4,0.4124383488279644,437,2019-05-07,2019-07-15,0.31043886926126385
5,4,0.4,0.6,1.0,0.5,0.4,0.41365279505492497,438,2019-05-08,2019-07-16,0.33722887705352783
5,4,0.4,0.6,1.0,0.5,0.4,0.4128501674993524,439,2019-05-09,2019-07-17,0.3420717959697246
5,4,0.4,0.6,1.0,0.5,0.4,0.4099690187778787,440,2019-05-10,2019-07-18,0.35930325272931285
5,4,0.4,0.6,1.0,0.5,0.4,0.40838190669408436,441,2019-05-12,2019-07-19,0.362956122839873
5,4,0.4,0.6,1.0,0.5,0.4,0.4062861760967446,442,2019-05-13,2019-07-21,0.3645058487215756
5,4,0.4,0.6,1.0,0.5,0.4,0.4064507282464313,443,2019-05-14,2019-07-22,0.3815961846707055
5,4,0.4,0.6,1.0,0.5,0.4,0.40802545518143485,444,2019-05-15,2019-07-23,0.3992002279989892
5,4,0.4,0.6,1.0,0.5,0.4,0.4150110292642081,445,2019-05-16,2019-07-24,0.40752702617643866
5,4,0.4,0.6,1.0,0.5,0.4,0.4224083404713357,446,2019-05-17,2019-07-25,0.40975257429246675
5,4,0.4,0.6,1.0,0.5,0.4,0.4203246324817249,447,2019-05-19,2019-07-26,0.3919489600866129
5,4,0.4,0.6,1.0,0.5,0.4,0.4181664691368339,448,2019-05-20,2019-07-28,0.37961330059514153
5,4,0.4,0.6,1.0,0.5,0.4,0.4306936968329713,449,2019-05-21,2019-07-29,0.3626353108849964
5,4,0.4,0.6,1.0,0.5,0.4,0.4316500481266837,450,2019-05-22,2019-07-30,0.36161322411656177
5,4,0.4,0.6,1.0,0.5,0.4,0.4350886760356176,451,2019-05-23,2019-07-31,0.3430494754878085
5,4,0.4,0.6,1.0,0.5,0.4,0.4373971470828824,452,2019-05-24,2019-08-01,0.3362833400785866
5,4,0.4,0.6,1.0,0.5,0.4,0.43925010821035754,453,2019-05-26,2019-08-02,0.3296299850963981
5,4,0.4,0.6,1.0,0.5,0.4,0.43960511803103247,454,2019-05-27,2019-08-04,0.3251896453135054
5,3,0.3,0.0,1.3333333333333333,0.5,0.3,0.4937841013956291,455,2019-05-28,2019-08-05,0.3205558985638122
5,2,0.2,0.0,1.0,0.25,0.2,0.48113615462302506,456,2019-05-29,2019-08-06,0.31982481559079573
5,2,0.2,0.0,1.0,0.25,0.2,0.48130652863460455,457,2019-05-30,2019-08-07,0.31789388084862624
5,2,0.2,0.0,1.0,0.25,0.2,0.47905073532827125,458,2019-05-31,2019-08-08,0.31161592260468896
5,2,0.2,0.0,1.0,0.25,0.2,0.4800082905862899,459,2019-06-02,2019-08-09,0.3052458303939356
5,2,0.2,0.0,1.0,0.25,0.2,0.4815569543442981,460,2019-06-03,2019-08-11,0.3032849249760336
5,2,0.2,0.0,1.0,0.25,0.2,0.4760508975187543,461,2019-06-04,2019-08-12,0.30686979819893917
5,2,0.2,0.0,1.0,0.25,0.2,0.47206773141723246,462,2019-06-05,2019-08-13,0.304218141623258
5,2,0.2,0.0,1.0,0.25,0.2,0.46857206134201024,463,2019-06-06,2019-08-14,0.31576558284377143
5,2,0.2,0.0,1.0,0.25,0.2,0.46950933254833155,464,2019-06-07,2019-08-15,0.3128735029214672
5,2,0.2,0.0,1.0,0.25,0.2,0.4671996077652336,465,2019-06-09,2019-08-16,0.3064244012272434
5,2,0.2,0.0,1.0,0.25,0.2,0.46934307706588574,466,2019-06-10,2019-08-18,0.3064266817494976
5,2,0.2,0.0,1.0,0.25,0.2,0.46915319260976185,467,2019-06-11,2019-08-19,0.3080226223785979
5,2,0.2,0.0,1.0,0.25,0.2,0.4708058479216626,468,2019-06-12,2019-08-20,0.3070722730407784
5,2,0.2,0.0,1.0,0.25,0.2,0.4681361593851615,469,2019-06-13,2019-08-21,0.3137127037859647
5,1,0.1,0.0,1.0,0.25,0.1,0.0,470,2019-06-14,2019-08-22,0.30135716061293283
5,1,0.1,0.0,1.0,0.25,0.1,0.0,471,2019-06-16,2019-08-23,0.3015912681947916
5,1,0.1,0.0,1.0,0.25,0.1,0.0,472,2019-06-17,2019-08-25,0.29966673438265945
5,1,0.1,0.0,1.0,0.25,0.1,0.0,473,2019-06-18,2019-08-26,0.29226433550610065
5,1,0.1,0.0,1.0,0.25,0.1,0.0,474,2019-06-19,2019-08-27,0.29309817677049865
5,1,0.1,0.0,1.0,0.25,0.1,0.0,475,2019-06-20,2019-08-28,0.29290380547510175
5,1,0.1,0.0,1.0,0.25,0.1,1.1102230246251565e-16,476,2019-06-21,2019-08-29,0.28307764085632925
5,1,0.1,0.0,1.0,0.25,0.1,0.0,477,2019-06-23,2019-08-30,0.2674612424094078
5,1,0.1,0.0,1.0,0.25,0.1,0.0,478,2019-06-24,2019-09-01,0.25864327818399296
5,1,0.1,0.0,1.0,0.25,0.1,0.0,479,2019-06-25,2019-09-02,0.246379809150789
5,1,0.1,0.0,1.0,0.25,0.1,1.1102230246251565e-16,480,2019-06-26,2019-09-03,0.2554987448577266
5,1,0.1,0.0,1.0,0.25,0.1,0.0,481,2019-06-27,2019-09-04,0.2552868754469527
5,1,0.1,0.0,1.0,0.25,0.1,0.0,482,2019-06-28,2019-09-05,0.26489823158710885
5,1,0.1,0.0,1.0,0.25,0.1,0.0,483,2019-06-30,2019-09-06,0.2574237652518938
5,1,0.1,0.0,1.0,0.25,0.1,0.0,484,2019-07-01,2019-09-08,0.2622514000042614
5,1,0.1,0.0,1.0,0.25,0.1,0.0,485,2019-07-02,2019-09-09,0.25942674358797235
5,1,0.1,0.0,1.0,0.25,0.1,0.0,486,2019-07-03,2019-09-10,0.26117708380786275
5,1,0.1,0.0,1.0,0.25,0.1,0.0,487,2019-07-04,2019-09-11,0.2567544124634077
5,1,0.1,0.0,1.0,0.25,0.1,0.0,488,2019-07-05,2019-09-12,0.25747752734063034
5,1,0.1,0.0,1.0,0.25,0.1,0.0,489,2019-07-07,2019-09-13,0.25107040332653263
5,1,0.1,0.0,1.0,0.25,0.1,0.0,490,2019-07-08,2019-09-15,0.25009989989760906
5,1,0.1,0.0,1.0,0.25,0.1,0.0,491,2019-07-09,2019-09-16,0.24833533236014663
5,1,0.1,0.0,1.0,0.25,0.1,0.0,492,2019-07-10,2019-09-17,0.25583544366109356
5,1,0.1,0.0,1.0,0.25,0.1,1.1102230246251565e-16,493,2019-07-11,2019-09-18,0.26646510471454543
5,1,0.1,0.0,1.0,0.25,0.1,0.0,494,2019-07-12,2019-09-19,0.2673075473959854
5,1,0.1,0.0,1.0,0.25,0.1,0.0,495,2019-07-14,2019-09-20,0.2585741198290872
5,1,0.1,0.0,1.0,0.25,0.1,0.0,496,2019-07-15,2019-09-22,0.272853117896214
5,1,0.1,0.0,1.0,0.25,0.1,0.0,497,2019-07-16,2019-09-23,0.2798677562970478
5,1,0.1,0.0,1.0,0.25,0.1,1.1102230246251565e-16,498,2019-07-17,2019-09-24,0.20282676006671094
5,1,0.1,0.0,1.0,0.25,0.1,0.0,499,2019-07-18,2019-09-25,0.20914560414201983
5,1,0.1,0.0,1.0,0.25,0.1,0.0,500,2019-07-19,2019-09-26,0.20636450536250642
5,1,0.1,0.0,1.0,0.25,0.1,1.1102230246251565e-16,501,2019-07-21,2019-09-27,0.20100011612127267
5,1,0.1,0.0,1.0,0.25,0.1,0.0,502,2019-07-22,2019-09-29,0.20098676129866205
5,1,0.1,0.0,1.0,0.25,0.1,0.0,503,2019-07-23,2019-09-30,0.19698945362372064
5,1,0.1,0.0,1.0,0.25,0.1,0.0,504,2019-07-24,2019-10-01,0.18831954769956954
5,1,0.1,0.0,1.0,0.25,0.1,0.0,505,2019-07-25,2019-10-02,0.19136409955765382
5,1,0.1,0.0,1.0,0.25,0.1,0.0,506,2019-07-26,2019-10-03,0.19483129665483348
5,1,0.1,0.0,1.0,0.25,0.1,0.0,507,2019-07-28,2019-10-04,0.1908664918501958
5,1,0.1,0.0,1.0,0.25,0.1,0.0,508,2019-07-29,2019-10-06,0.1910487737435546
5,1,0.1,0.0,1.0,0.25,0.1,0.0,509,2019-07-30,2019-10-07,0.20721640893201654
5,1,0.1,0.0,1.0,0.25,0.1,0.0,510,2019-07-31,2019-10-08,0.20712138951032508
5,1,0.1,0.0,1.0,0.25,0.1,0.0,511,2019-08-01,2019-10-09,0.21698536995121986
5,1,0.1,0.0,1.0,0.25,0.1,0.0,512,2019-08-02,2019-10-10,0.22191990339834217
5,1,0.1,0.0,1.0,0.25,0.1,0.0,513,2019-08-04,2019-10-11,0.23459459896786733
5,1,0.1,0.0,1.0,0.25,0.1,1.1102230246251565e-16,514,2019-08-05,2019-10-13,0.23302262236902838
5,2,0.2,0.0,1.0,0.25,0.2,0.4776344048124814,515,2019-08-06,2019-10-14,0.22781970138640534
5,2,0.2,0.0,1.0,0.25,0.2,0.4780608912694503,516,2019-08-07,2019-10-15,0.22544562124050405
5,2,0.2,0.0,1.0,0.25,0.2,0.47752713028448324,517,2019-08-08,2019-10-16,0.22950323332193076
5,2,0.2,0.0,1.0,0.25,0.2,0.47691342738101683,518,2019-08-09,2019-10-17,0.23177121404358894
5,2,0.2,0.0,1.0,0.25,0.2,0.4843741614101499,519,2019-08-11,2019-10-18,0.25147215860390115
5,2,0.2,0.0,1.0,0.25,0.2,0.48378070993605815,520,2019-08-12,2019-10-20,0.25842842445018016
5,2,0.2,0.0,1.0,0.25,0.2,0.4829993240042963,521,2019-08-13,2019-10-21,0.259986862910794
5,2,0.2,0.0,1.0,0.25,0.2,0.4825114562273568,522,2019-08-14,2019-10-22,0.26489284484512277
5,2,0.2,0.0,1.0,0.25,0.2,0.48469169492158704,523,2019-08-15,2019-10-23,0.28919136874780055
5,2,0.2,0.0,1.0,0.25,0.2,0.4869993725622125,524,2019-08-16,2019-10-24,0.2929110335597543
5,2,0.2,0.0,1.0,0.25,0.2,0.4858887075678947,525,2019-08-18,2019-10-25,0.29996528441442594
5,2,0.2,0.0,1.0,0.25,0.2,0.4892962376154294,526,2019-08-19,2019-10-27,0.294150670826816
5,2,0.2,0.0,1.0,0.25,0.2,0.48983688678533277,527,2019-08-20,2019-10-28,0.28665292653275243
5,2,0.2,0.0,1.0,0.25,0.2,0.48942498880349833,528,2019-08-21,2019-10-29,0.2807277286228978
5,2,0.2,0.0,1.0,0.25,0.2,0.4893873727245681,529,2019-08-22,2019-10-30,0.2942051322583884
5,2,0.2,0.0,1.0,0.25,0.2,0.49147266999896744,530,2019-08-23,2019-10-31,0.30144794080523674
5,2,0.2,0.0,1.0,0.25,0.2,0.49206900018055166,531,2019-08-25,2019-11-01,0.3070206725368763
5,2,0.2,0.0,1.0,0.25,0.2,0.49257734887962723,532,2019-08-26,2019-11-03,0.31365925712816084
5,2,0.2,0.0,1.0,0.25,0.2,0.49256405842052486,533,2019-08-27,2019-11-04,0.3402788167515317
5,3,0.3,0.0,1.3333333333333333,0.5,0.3,0.4848319515917835,534,2019-08-28,2019-11-05,0.34015682005600106
5,3,0.3,0.0,1.3333333333333333,0.5,0.3,0.48418565558206783,535,2019-08-29,2019-11-06,0.35210705622805694
5,2,0.2,0.0,1.0,0.25,0.2,0.4933783493867287,536,2019-08-30,2019-11-07,0.35282550947212177
5,2,0.2,0.0,1.0,0.25,0.2,0.4946939006275233,537,2019-09-01,2019-11-08,0.3447808700268842
5,2,0.2,0.0,1.0,0.25,0.2,0.49461093513666776,538,2019-09-02,2019-11-10,0.3436466898927391
5,2,0.2,0.0,1.0,0.25,0.2,0.4943156413142893,539,2019-09-03,2019-11-11,0.32885725559470325
5,2,0.2,0.0,1.0,0.25,0.2,0.4938816015614771,540,2019-09-04,2019-11-12,0.3373787885016504
5,2,0.2,0.0,1.0,0.25,0.2,0.4907896646536535,541,2019-09-05,2019-11-13,0.3268931310005855
5,2,0.2,0.0,1.0,0.25,0.2,0.49145927467690365,542,2019-09-06,2019-11-14,0.3171244255509098
5,2,0.2,0.0,1.0,0.25,0.2,0.49106755675420655,543,2019-09-08,2019-11-15,0.32580354199999595
5,2,0.2,0.0,1.0,0.25,0.2,0.4899010992112005,544,2019-09-09,2019-11-17,0.32763201597903086
5,2,0.2,0.0,1.0,0.25,0.2,0.48922271202233725,545,2019-09-10,2019-11-18,0.3254775248310482
5,2,0.2,0.0,1.0,0.25,0.2,0.48882893508397984,546,2019-09-11,2019-11-19,0.32440913931262705
5,2,0.2,0.0,1.0,0.25,0.2,0.4884730940381422,547,2019-09-12,2019-11-20,0.3270473972621292
5,2,0.2,0.0,1.0,0.25,0.2,0.49003569577130845,548,2019-09-13,2019-11-21,0.3263115340184566
5,2,0.2,0.0,1.0,0.25,0.2,0.4927414610674883,549,2019-09-15,2019-11-22,0.31599478007467635
5,2,0.2,0.0,1.0,0.25,0.2,0.49230310415562306,550,2019-09-16,2019-11-24,0.32164665801563264
5,2,0.2,0.0,1.0,0.25,0.2,0.49006099296910327,551,2019-09-17,2019-11-25,0.3144709771206103
5,3,0.3,0.0,1.3333333333333333,0.5,0.3,0.490246442768608,552,2019-09-18,2019-11-26,0.3276134191345975
5,2,0.2,0.0,1.0,0.25,0.2,0.48424148895500485,553,2019-09-19,2019-11-27,0.32099103975452337
5,3,0.3,0.0,1.3333333333333333,0.5,0.3,0.49217111030879757,554,2019-09-20,2019-11-28,0.327405847373947
5,3,0.3,0.0,1.3333333333333333,0.5,0.3,0.49321065679003145,555,2019-09-22,2019-11-29,0.3285366711022004
5,3,0.3,0.0,1.3333333333333333,0.5,0.3,0.4929356028738655,556,2019-09-23,2019-12-01,0.32834986244067227
5,3,0.3,0.0,1.3333333333333333,0.5,0.3,0.4911396090891255,557,2019-09-24,2019-12-02,0.33760213260176053
5,3,0.3,0.0,1.3333333333333333,0.5,0.3,0.4896787247880575,558,2019-09-25,2019-12-03,0.31525337546312476
5,3,0.3,0.0,1.3333333333333333,0.5,0.3,0.49543195650073196,559,2019-09-26,2019-12-04,0.3017170858433576
5,1,0.1,0.0,1.0,0.25,0.1,0.0,560,2019-09-27,2019-12-05,0.30522131055977036
5,2,0.2,0.0,1.0,0.25,0.2,0.4706635373649368,561,2019-09-29,2019-12-06,0.30590488089797685
5,2,0.2,0.0,1.0,0.25,0.2,0.470489673516393,562,2019-09-30,2019-12-08,0.30637012193175706
5,2,0.2,0.0,1.0,0.25,0.2,0.47115893485097715,563,2019-10-01,2019-12-09,0.29528928637368074
5,3,0.3,0.0,1.3333333333333333,0.5,0.3,0.4955068756081394,564,2019-10-02,2019-12-10,0.3027766256003549
5,3,0.3,0.0,1.3333333333333333,0.5,0.3,0.49317827233087075,565,2019-10-03,2019-12-11,0.31299729131473847
5,3,0.3,0.0,1.3333333333333333,0.5,0.3,0.48891709788668913,566,2019-10-04,2019-12-12,0.312467465226411
5,4,0.4,0.6,1.0,0.5,0.4,0.44239785808813903,567,2019-10-06,2019-12-13,0.33060750139772777
5,4,0.4,0.6,1.0,0.5,0.4,0.4418874055522641,568,2019-10-07,2019-12-15,0.3324409841699677
5,3,0.3,0.0,1.3333333333333333,0.5,0.3,0.4843080579839128,569,2019-10-08,2019-12-16,0.3078734213091459
5,3,0.3,0.0,1.3333333333333333,0.5,0.3,0.4878767131718521,570,2019-10-09,2019-12-17,0.28665924587052916
5,3,0.3,0.0,1.3333333333333333,0.5,0.3,0.48833181622880034,571,2019-10-10,2019-12-18,0.307887957724796
5,3,0.3,0.0,1.3333333333333333,0.5,0.3,0.48967734274721786,572,2019-10-11,2019-12-19,0.2984280367064647
5,3,0.3,0.0,1.3333333333333333,0.5,0.3,0.49120499772850745,573,2019-10-13,2019-12-20,0.29544330435252114
5,3,0.3,0.0,1.3333333333333333,0.5,0.3,0.49140267957251027,574,2019-10-14,2019-12-22,0.2966782004476378
5,3,0.3,0.0,1.3333333333333333,0.5,0.3,0.4921845450581903,575,2019-10-15,2019-12-23,0.2960278409296679
5,3,0.3,0.0,1.3333333333333333,0.5,0.3,0.490628534835768,576,2019-10-16,2019-12-24,0.30603718179419315
5,3,0.3,0.0,1.3333333333333333,0.5,0.3,0.49035907480489316,577,2019-10-17,2019-12-25,0.3058376392499386
5,3,0.3,0.0,1.3333333333333333,0.5,0.3,0.4925569209671101,578,2019-10-18,2019-12-26,0.3094018883052606
5,3,0.3,0.0,1.3333333333333333,0.5,0.3,0.4930889075416012,579,2019-10-20,2019-12-27,0.30326463842348067
5,3,0.3,0.0,1.3333333333333333,0.5,0.3,0.49292113773726814,580,2019-10-21,2019-12-29,0.301823256796389
5,3,0.3,0.0,1.3333333333333333,0.5,0.3,0.491846940762275,581,2019-10-22,2019-12-30,0.30428243774789293
5,3,0.3,0.0,1.3333333333333333,0.5,0.3,0.49331623992027784,582,2019-10-23,2019-12-31,0.2983956866373669
5,3,0.3,0.0,1.3333333333333333,0.5,0.3,0.49293071313484,583,2019-10-24,2020-01-01,0.30485892989894975
5,3,0.3,0.0,1.3333333333333333,0.5,0.3,0.4917347055512754,584,2019-10-25,2020-01-02,0.3033371665011807
5,3,0.3,0.0,1.3333333333333333,0.5,0.3,0.4880491122783026,585,2019-10-27,2020-01-03,0.30819348480887654
5,3,0.3,0.0,1.3333333333333333,0.5,0.3,0.4935627053068632,586,2019-10-28,2020-01-05,0.31946041607537135
5,3,0.3,0.0,1.3333333333333333,0.5,0.3,0.49475233686356634,587,2019-10-29,2020-01-06,0.3176042300417272
5,3,0.3,0.0,1.3333333333333333,0.5,0.3,0.49127092171643805,588,2019-10-30,2020-01-07,0.3309269424811914
5,3,0.3,0.0,1.3333333333333333,0.5,0.3,0.49404602088044186,589,2019-10-31,2020-01-08,0.31622251479952834
5,3,0.3,0.0,1.3333333333333333,0.5,0.3,0.494104368670645,590,2019-11-01,2020-01-09,0.31538610397539196
5,3,0.3,0.0,1.3333333333333333,0.5,0.3,0.49471493350605733,591,2019-11-03,2020-01-10,0.3042185392342313
5,3,0.3,0.0,1.3333333333333333,0.5,0.3,0.49489346834089065,592,2019-11-04,2020-01-12,0.303395656293967
5,3,0.3,0.0,1.3333333333333333,0.5,0.3,0.4964389958596791,593,2019-11-05,2020-01-13,0.29586740523814326
5,3,0.3,0.0,1.3333333333333333,0.5,0.3,0.49590622556092373,594,2019-11-06,2020-01-14,0.30450576926912964
5,3,0.3,0.0,1.3333333333333333,0.5,0.3,0.49585756200813946,595,2019-11-07,2020-01-15,0.3040934826489567
5,3,0.3,0.0,1.3333333333333333,0.5,0.3,0.4955852974146735,596,2019-11-08,2020-01-16,0.30316514168683417
5,3,0.3,0.0,1.3333333333333333,0.5,0.3,0.4957560048725471,597,2019-11-10,2020-01-17,0.3152525461227281
5,3,0.3,0.0,1.3333333333333333,0.5,0.3,0.49566259247852906,598,2019-11-11,2020-01-19,0.3156097753390351
5,3,0.3,0.0,1.3333333333333333,0.5,0.3,0.49556440117900646,599,2019-11-12,2020-01-20,0.3199560650445898
5,3,0.3,0.0,1.3333333333333333,0.5,0.3,0.4957064175496422,600,2019-11-13,2020-01-21,0.31913647197644873
5,3,0.3,0.0,1.3333333333333333,0.5,0.3,0.4959044445479247,601,2019-11-14,2020-01-22,0.3159848415609522
5,3,0.3,0.0,1.3333333333333333,0.5,0.3,0.49525556287171685,602,2019-11-15,2020-01-23,0.3215673359670936
5,3,0.3,0.0,1.3333333333333333,0.5,0.3,0.4947847285926177,603,2019-11-17,2020-01-24,0.3206924620672905
5,3,0.3,0.0,1.3333333333333333,0.5,0.3,0.4950349958155049,604,2019-11-18,2020-01-26,0.32094633891831403
5,3,0.3,0.0,1.3333333333333333,0.5,0.3,0.4949545099811028,605,2019-11-19,2020-01-27,0.3246100394361128
5,3,0.3,0.0,1.3333333333333333,0.5,0.3,0.4948789536968299,606,2019-11-20,2020-01-28,0.3192409992494729
5,3,0.3,0.0,1.3333333333333333,0.5,0.3,0.49456940945546096,607,2019-11-21,2020-01-29,0.32057081604674786
5,3,0.3,0.0,1.3333333333333333,0.5,0.3,0.4954922115332966,608,2019-11-22,2020-01-30,0.3247354724926336
5,2,0.2,0.0,1.0,0.25,0.2,0.47013900439481104,609,2019-11-24,2020-01-31,0.3196993453117223
5,2,0.2,0.0,1.0,0.25,0.2,0.4728745567057153,610,2019-11-25,2020-02-02,0.31759479268795554
5,2,0.2,0.0,1.0,0.25,0.2,0.4763738511838225,611,2019-11-26,2020-02-03,0.31150894932902473
5,2,0.2,0.0,1.0,0.25,0.2,0.47595867828201377,612,2019-11-27,2020-02-04,0.30884885465311596
5,2,0.2,0.0,1.0,0.25,0.2,0.4787057151943537,613,2019-11-28,2020-02-05,0.29761394561969934
5,2,0.2,0.0,1.0,0.25,0.2,0.48010480668387356,614,2019-11-29,2020-02-06,0.2989640226640292
5,2,0.2,0.0,1.0,0.25,0.2,0.4810199028541434,615,2019-12-01,2020-02-07,0.30266040306649006
5,2,0.2,0.0,1.0,0.25,0.2,0.48001535176279775,616,2019-12-02,2020-02-09,0.3015975089282349
5,2,0.2,0.0,1.0,0.25,0.2,0.47833596275074153,617,2019-12-03,2020-02-10,0.2840326907977651
5,2,0.2,0.0,1.0,0.25,0.2,0.4779404571548255,618,2019-12-04,2020-02-11,0.2776569169714995
5,2,0.2,0.0,1.0,0.25,0.2,0.48260834698391386,619,2019-12-05,2020-02-12,0.28115550404342987
5,2,0.2,0.0,1.0,0.25,0.2,0.47492152390592524,620,2019-12-06,2020-02-13,0.2754739610857178
5,2,0.2,0.0,1.0,0.25,0.2,0.47580767804662344,621,2019-12-08,2020-02-14,0.27892440377131167
5,2,0.2,0.0,1.0,0.25,0.2,0.47456059619277413,622,2019-12-09,2020-02-16,0.2850409286123563
5,2,0.2,0.0,1.0,0.25,0.2,0.47636708132947964,623,2019-12-10,2020-02-17,0.28401683727358573
5,2,0.2,0.0,1.0,0.25,0.2,0.4767543521940386,624,2019-12-11,2020-02-18,0.29136266677996747
5,1,0.1,0.0,1.0,0.25,0.1,1.1102230246251565e-16,625,2019-12-12,2020-02-19,0.287591654991626
5,1,0.1,0.0,1.0,0.25,0.1,0.0,626,2019-12-13,2020-02-20,0.27030208399940026
5,1,0.1,0.0,1.0,0.25,0.1,0.0,627,2019-12-15,2020-02-21,0.25946288652494126
5,1,0.1,0.0,1.0,0.25,0.1,0.0,628,2019-12-16,2020-02-23,0.26027926863508
5,1,0.1,0.0,1.0,0.25,0.1,0.0,629,2019-12-17,2020-02-24,0.2582782923273739
5,2,0.2,0.0,1.0,0.25,0.2,0.47021551705551734,630,2019-12-18,2020-02-25,0.24877605896766047
5,1,0.1,0.0,1.0,0.25,0.1,0.0,631,2019-12-19,2020-02-26,0.24889898553816542
5,1,0.1,0.0,1.0,0.25,0.1,0.0,632,2019-12-20,2020-02-27,0.24239736998650602
5,1,0.1,0.0,1.0,0.25,0.1,0.0,633,2019-12-22,2020-02-28,0.24167623749957384
5,1,0.1,0.0,1.0,0.25,0.1,1.1102230246251565e-16,634,2019-12-23,2020-03-01,0.2435823783405871
5,1,0.1,0.0,1.0,0.25,0.1,0.0,635,2019-12-24,2020-03-02,0.22665096158178571
5,1,0.1,0.0,1.0,0.25,0.1,0.0,636,2019-12-25,2020-03-03,0.22561486422910293
5,1,0.1,0.0,1.0,0.25,0.1,0.0,637,2019-12-26,2020-03-04,0.21919153053224613
5,1,0.1,0.0,1.0,0.25,0.1,0.0,638,2019-12-27,2020-03-05,0.21572334413648045
5,1,0.1,0.0,1.0,0.25,0.1,0.0,639,2019-12-29,2020-03-06,0.21662193938008203
5,1,0.1,0.0,1.0,0.25,0.1,1.1102230246251565e-16,640,2019-12-30,2020-03-08,0.2418266265120977
5,1,0.1,0.0,1.0,0.25,0.1,1.1102230246251565e-16,641,2019-12-31,2020-03-09,0.2428283589956283
5,1,0.1,0.0,1.0,0.25,0.1,0.0,642,2020-01-01,2020-03-10,0.2732251764386188
5,1,0.1,0.0,1.0,0.25,0.1,0.0,643,2020-01-02,2020-03-11,0.27393010459718736
5,4,0.4,0.4666666666666667,1.3333333333333333,0.75,0.4,0.0,644,2020-01-03,2020-03-12,0.4707325425268488
5,5,0.5,0.4666666666666667,1.7,0.75,0.5,0.19669528370413497,645,2020-01-05,2020-03-13,0.41996863113756033
5,5,0.5,0.4666666666666667,1.7,0.75,0.5,0.20421238982182566,646,2020-01-06,2020-03-15,0.4143572170251709
5,5,0.5,0.4666666666666667,1.7,0.75,0.5,0.19338843151985236,647,2020-01-07,2020-03-16,0.4128544041971211
5,3,0.3,0.0,1.3333333333333333,0.5,0.3,0.4932347930701444,648,2020-01-08,2020-03-17,0.4083435723196451
5,4,0.4,0.6,1.0,0.5,0.4,0.45279334414664313,649,2020-01-09,2020-03-18,0.3901741044412095
5,3,0.3,0.0,1.3333333333333333,0.5,0.3,0.49064407272441746,650,2020-01-10,2020-03-19,0.3913149983840539
5,3,0.3,0.0,1.3333333333333333,0.5,0.3,0.48917985691324906,651,2020-01-12,2020-03-20,0.38599087289771433
5,3,0.3,0.0,1.3333333333333333,0.5,0.3,0.48936789808946146,652,2020-01-13,2020-03-22,0.38546583077801494
5,3,0.3,0.0,1.3333333333333333,0.5,0.3,0.4924354475301663,653,2020-01-14,2020-03-23,0.3818724030983221
5,3,0.3,0.0,1.3333333333333333,0.5,0.3,0.4911270750826044,654,2020-01-15,2020-03-24,0.38372892485304894
5,3,0.3,0.0,1.3333333333333333,0.5,0.3,0.49203126106668993,655,2020-01-16,2020-03-25,0.37745802763855363
5,4,0.4,0.6,1.0,0.5,0.4,0.44888176213420583,656,2020-01-17,2020-03-26,0.3894056868909517
5,4,0.4,0.6,1.0,0.5,0.4,0.44563511427876557,657,2020-01-19,2020-03-27,0.39077789638448435
5,4,0.4,0.6,1.0,0.5,0.4,0.4454525886593662,658,2020-01-20,2020-03-29,0.38643187445007726
5,4,0.4,0.6,1.0,0.5,0.4,0.4462826326347352,659,2020-01-21,2020-03-30,0.38693515498080877
5,4,0.4,0.6,1.0,0.5,0.4,0.44624165359834406,660,2020-01-22,2020-03-31,0.3868408256927859
5,4,0.4,0.6,1.0,0.5,0.4,0.44592721668502444,661,2020-01-23,2020-04-01,0.38724815857288125
5,4,0.4,0.6,1.0,0.5,0.4,0.44712286500172116,662,2020-01-24,2020-04-02,0.3879188672510066
5,4,0.4,0.6,1.0,0.5,0.4,0.44624111138574585,663,2020-01-26,2020-04-03,0.3887196687339529
5,4,0.4,0.6,1.0,0.5,0.4,0.44650837135450183,664,2020-01-27,2020-04-05,0.38833080329675335
5,4,0.4,0.6,1.0,0.5,0.4,0.44943567506281207,665,2020-01-28,2020-04-06,0.39145350957387126
5,4,0.4,0.6,1.0,0.5,0.4,0.4481481251649496,666,2020-01-29,2020-04-07,0.39259086629705275
5,3,0.3,0.0,1.3333333333333333,0.5,0.3,0.4857611627950801,667,2020-01-30,2020-04-08,0.3919807488640107
5,4,0.4,0.6,1.0,0.5,0.4,0.44848662372859577,668,2020-01-31,2020-04-09,0.3929158968979163
5,4,0.4,0.6,1.0,0.5,0.4,0.44773857786749716,669,2020-02-02,2020-04-10,0.39363118565406424
5,4,0.4,0.6,1.0,0.5,0.4,0.4478743213574843,670,2020-02-03,2020-04-12,0.3937277830090088
5,4,0.4,0.6,1.0,0.5,0.4,0.44744567211526776,671,2020-02-04,2020-04-13,0.39372314698456856
5,4,0.4,0.6,1.0,0.5,0.4,0.44613039546605193,672,2020-02-05,2020-04-14,0.39566000395217854
5,4,0.4,0.6,1.0,0.5,0.4,0.4441093507303531,673,2020-02-06,2020-04-15,0.39659414219703193
5,4,0.4,0.6,1.0,0.5,0.4,0.44580654060732583,674,2020-02-07,2020-04-16,0.39819743339685354
5,4,0.4,0.6,1.0,0.5,0.4,0.4461373274768713,675,2020-02-09,2020-04-17,0.39868072720022313
5,4,0.4,0.6,1.0,0.5,0.4,0.4459941429163946,676,2020-02-10,2020-04-19,0.3982189405120925
5,4,0.4,0.6,1.0,0.5,0.4,0.44551447090018503,677,2020-02-11,2020-04-20,0.40014099350498594
5,4,0.4,0.6,1.0,0.5,0.4,0.4457933957230476,678,2020-02-12,2020-04-21,0.3978338766007089
5,4,0.4,0.6,1.0,0.5,0.4,0.44739023424350177,679,2020-02-13,2020-04-22,0.39914959160252733
5,4,0.4,0.6,1.0,0.5,0.4,0.4478976999562898,680,2020-02-14,2020-04-23,0.3997888892086651
5,4,0.4,0.6,1.0,0.5,0.4,0.44794365868407854,681,2020-02-16,2020-04-24,0.39964823447307674
5,4,0.4,0.6,1.0,0.5,0.4,0.4480372129052945,682,2020-02-17,2020-04-26,0.4008141646107991
5,4,0.4,0.6,1.0,0.5,0.4,0.448582500109318,683,2020-02-18,2020-04-27,0.40107057763620724
5,4,0.4,0.6,1.0,0.5,0.4,0.44858686242989393,684,2020-02-19,2020-04-28,0.40020834806459
5,4,0.4,0.6,1.0,0.5,0.4,0.4475280315772586,685,2020-02-20,2020-04-29,0.39918678673216335
5,3,0.3,0.0,1.3333333333333333,0.5,0.3,0.48527996973669746,686,2020-02-21,2020-04-30,0.39633597614732585
5,3,0.3,0.0,1.3333333333333333,0.5,0.3,0.4858093398447477,687,2020-02-23,2020-05-01,0.39231765795203294
5,3,0.3,0.0,1.3333333333333333,0.5,0.3,0.48573570649949016,688,2020-02-24,2020-05-03,0.3922229142753239
5,3,0.3,0.0,1.3333333333333333,0.5,0.3,0.48606174020794307,689,2020-02-25,2020-05-04,0.3893607115551615
5,3,0.3,0.0,1.3333333333333333,0.5,0.3,0.4862626087359291,690,2020-02-26,2020-05-05,0.38949667243347397
5,3,0.3,0.0,1.3333333333333333,0.5,0.3,0.4857785906125152,691,2020-02-27,2020-05-06,0.38702152234836884
5,3,0.3,0.0,1.3333333333333333,0.5,0.3,0.4848847337526833,692,2020-02-28,2020-05-07,0.3914817990744278
5,3,0.3,0.0,1.3333333333333333,0.5,0.3,0.48452983382407994,693,2020-03-01,2020-05-08,0.3922754661723663
5,3,0.3,0.0,1.3333333333333333,0.5,0.3,0.4845136277990627,694,2020-03-02,2020-05-10,0.3893937524588918
5,3,0.3,0.0,1.3333333333333333,0.5,0.3,0.4831378895859021,695,2020-03-03,2020-05-11,0.3947116743071052
5,3,0.3,0.0,1.3333333333333333,0.5,0.3,0.4838344509526892,696,2020-03-04,2020-05-12,0.3915732860189406
5,3,0.3,0.0,1.3333333333333333,0.5,0.3,0.48355984275475467,697,2020-03-05,2020-05-13,0.39312134882103306
5,3,0.3,0.0,1.3333333333333333,0.5,0.3,0.48345966246314126,698,2020-03-06,2020-05-14,0.39549207390530455
5,3,0.3,0.0,1.3333333333333333,0.5,0.3,0.48432511904534015,699,2020-03-08,2020-05-15,0.3970361499766125
5,3,0.3,0.0,1.3333333333333333,0.5,0.3,0.4838750238369647,700,2020-03-09,2020-05-17,0.3943138238309112
5,4,0.4,0.6,1.0,0.5,0.4,0.4451570468063609,701,2020-03-10,2020-05-18,0.3965020080697348
5,4,0.4,0.6,1.0,0.5,0.4,0.4470585837024159,702,2020-03-11,2020-05-19,0.3949150753741708
5,4,0.4,0.6,1.0,0.5,0.4,0.4477412300625179,703,2020-03-12,2020-05-20,0.3942924871785832
5,3,0.3,0.0,1.3333333333333333,0.5,0.3,0.48071030556785577,704,2020-03-13,2020-05-21,0.39805017005784854
5,3,0.3,0.0,1.3333333333333333,0.5,0.3,0.48095870137645125,705,2020-03-15,2020-05-22,0.38489928081279456
5,3,0.3,0.0,1.3333333333333333,0.5,0.3,0.48071974907615345,706,2020-03-16,2020-05-24,0.3817532174713315
5,4,0.4,0.6,1.0,0.5,0.4,0.44012858746603556,707,2020-03-17,2020-05-25,0.384515540151482
5,3,0.3,0.0,1.3333333333333333,0.5,0.3,0.48109661120642827,708,2020-03-18,2020-05-26,0.38112257144576933
5,3,0.3,0.0,1.3333333333333333,0.5,0.3,0.4834222933369098,709,2020-03-19,2020-05-27,0.381866121087178
5,3,0.3,0.0,1.3333333333333333,0.5,0.3,0.4818951655603162,710,2020-03-20,2020-05-28,0.3427874560189976
5,3,0.3,0.0,1.3333333333333333,0.5,0.3,0.4824135258410534,711,2020-03-22,2020-05-29,0.344169858240568
5,3,0.3,0.0,1.3333333333333333,0.5,0.3,0.48160518911777994,712,2020-03-23,2020-05-31,0.3407458887256034
5,3,0.3,0.0,1.3333333333333333,0.5,0.3,0.4762876475171791,713,2020-03-24,2020-06-01,0.3584694143213145
5,3,0.3,0.0,1.3333333333333333,0.5,0.3,0.47640680619883047,714,2020-03-25,2020-06-02,0.3463853105377105
5,3,0.3,0.0,1.3333333333333333,0.5,0.3,0.4745138721414842,715,2020-03-26,2020-06-03,0.3507552973649231
5,3,0.3,0.0,1.3333333333333333,0.5,0.3,0.48513236408726135,716,2020-03-27,2020-06-04,0.3292216627365343
5,2,0.2,0.0,1.0,0.25,0.2,0.49413862767455313,717,2020-03-29,2020-06-05,0.32473079770468527
5,2,0.2,0.0,1.0,0.25,0.2,0.4947026191456222,718,2020-03-30,2020-06-07,0.3306779198464508
5,2,0.2,0.0,1.0,0.25,0.2,0.4948145439992522,719,2020-03-31,2020-06-08,0.3281408783527605
5,2,0.2,0.0,1.0,0.25,0.2,0.4952671700114666,720,2020-04-01,2020-06-09,0.3275094498339362
5,2,0.2,0.0,1.0,0.25,0.2,0.49519437050823145,721,2020-04-02,2020-06-10,0.32596581813806236
5,3,0.3,0.0,1.3333333333333333,0.5,0.3,0.48334753637999334,722,2020-04-03,2020-06-11,0.35186509217698075
5,3,0.3,0.0,1.3333333333333333,0.5,0.3,0.48596396297016053,723,2020-04-05,2020-06-12,0.3418553153961383
5,3,0.3,0.0,1.3333333333333333,0.5,0.3,0.4854431199623326,724,2020-04-06,2020-06-14,0.34537909349722434
5,3,0.3,0.0,1.3333333333333333,0.5,0.3,0.4821984127646286,725,2020-04-07,2020-06-15,0.344511104115672
5,3,0.3,0.0,1.3333333333333333,0.5,0.3,0.48261277450405476,726,2020-04-08,2020-06-16,0.353404204796419
5,3,0.3,0.0,1.3333333333333333,0.5,0.3,0.48140908800536775,727,2020-04-09,2020-06-17,0.3588423330977203
5,3,0.3,0.0,1.3333333333333333,0.5,0.3,0.4822069507100981,728,2020-04-10,2020-06-18,0.3669238589301402
5,3,0.3,0.0,1.3333333333333333,0.5,0.3,0.48130626335239945,729,2020-04-12,2020-06-19,0.37199802969395107
5,3,0.3,0.0,1.3333333333333333,0.5,0.3,0.48118112129898283,730,2020-04-13,2020-06-21,0.3723902772931901
5,3,0.3,0.0,1.3333333333333333,0.5,0.3,0.4773193149657054,731,2020-04-14,2020-06-22,0.4037549182359716
5,3,0.3,0.0,1.3333333333333333,0.5,0.3,0.47798969473075364,732,2020-04-15,2020-06-23,0.40264738857838783
5,3,0.3,0.0,1.3333333333333333,0.5,0.3,0.4779854743716351,733,2020-04-16,2020-06-24,0.3978410417132909
5,3,0.3,0.0,1.3333333333333333,0.5,0.3,0.4777573759358772,734,2020-04-17,2020-06-25,0.41262851253788274
5,3,0.3,0.0,1.3333333333333333,0.5,0.3,0.4781076957451068,735,2020-04-19,2020-06-26,0.41369504480612723
5,3,0.3,0.0,1.3333333333333333,0.5,0.3,0.4789846043230903,736,2020-04-20,2020-06-28,0.4178406509725746
5,3,0.3,0.0,1.3333333333333333,0.5,0.3,0.47897766756854365,737,2020-04-21,2020-06-29,0.4158739883425536
5,3,0.3,0.0,1.3333333333333333,0.5,0.3,0.4798547855731088,738,2020-04-22,2020-06-30,0.4140986620902082
5,3,0.3,0.0,1.3333333333333333,0.5,0.3,0.47935271208948904,739,2020-04-23,2020-07-01,0.4241744671799671
5,4,0.4,0.6,1.0,0.5,0.4,0.4390177237330263,740,2020-04-24,2020-07-02,0.4301744169464882
5,4,0.4,0.6,1.0,0.5,0.4,0.43876252635332713,741,2020-04-26,2020-07-03,0.4301834585796135
5,4,0.4,0.6,1.0,0.5,0.4,0.4392939944196148,742,2020-04-27,2020-07-05,0.4322235998255401
5,4,0.4,0.6,1.0,0.5,0.4,0.4388208519748687,743,2020-04-28,2020-07-06,0.4373296390185212
5,4,0.4,0.6,1.0,0.5,0.4,0.4405807255250623,744,2020-04-29,2020-07-07,0.4363793473399145
5,4,0.4,0.6,1.0,0.5,0.4,0.4392068545241654,745,2020-04-30,2020-07-08,0.4309309987990389
5,4,0.4,0.6,1.0,0.5,0.4,0.43232083007996824,746,2020-05-01,2020-07-09,0.45283482152711974
5,4,0.4,0.6,1.0,0.5,0.4,0.428021253066241,747,2020-05-03,2020-07-10,0.4635246025496181
5,4,0.4,0.6,1.0,0.5,0.4,0.42887413002951214,748,2020-05-04,2020-07-12,0.4658077943632198
5,4,0.4,0.6,1.0,0.5,0.4,0.4275196238609442,749,2020-05-05,2020-07-13,0.46842205811027143
5,4,0.4,0.6,1.0,0.5,0.4,0.42590481738786923,750,2020-05-06,2020-07-14,0.4729813786461169
5,4,0.4,0.6,1.0,0.5,0.4,0.43047632017282483,751,2020-05-07,2020-07-15,0.47184438486704633
5,4,0.4,0.6,1.0,0.5,0.4,0.4291609625477472,752,2020-05-08,2020-07-16,0.45921795966382817
5,4,0.4,0.6,1.0,0.5,0.4,0.42885236944346866,753,2020-05-10,2020-07-17,0.4590958265729966
5,4,0.4,0.6,1.0,0.5,0.4,0.4234764739655552,754,2020-05-11,2020-07-19,0.48145409487291413
5,4,0.4,0.6,1.0,0.5,0.4,0.42621752209547237,755,2020-05-12,2020-07-20,0.4704627379432488
5,4,0.4,0.6,1.0,0.5,0.4,0.4214947452378002,756,2020-05-13,2020-07-21,0.4935691480146425
5,4,0.4,0.6,1.0,0.5,0.4,0.4179331493438706,757,2020-05-14,2020-07-22,0.5003229166707218
5,4,0.4,0.6,1.0,0.5,0.4,0.4210299523901879,758,2020-05-15,2020-07-23,0.5031331427176122
5,4,0.4,0.6,1.0,0.5,0.4,0.41670380863505735,759,2020-05-17,2020-07-24,0.4911537803266263
5,4,0.4,0.6,1.0,0.5,0.4,0.4145703237662681,760,2020-05-18,2020-07-26,0.48881620698999007
5,4,0.4,0.6,1.0,0.5,0.4,0.40542913229388455,761,2020-05-19,2020-07-27,0.49371796413393065
5,4,0.4,0.6,1.0,0.5,0.4,0.4076851942298,762,2020-05-20,2020-07-28,0.492482200898138
5,4,0.4,0.6,1.0,0.5,0.4,0.40463429744102936,763,2020-05-21,2020-07-29,0.5010395135210575
5,4,0.4,0.6,1.0,0.5,0.4,0.3985250306627224,764,2020-05-22,2020-07-30,0.4943051572935059
5,4,0.4,0.6,1.0,0.5,0.4,0.40017080276459144,765,2020-05-24,2020-07-31,0.49363282246439927
5,4,0.4,0.6,1.0,0.5,0.4,0.3781906073700019,766,2020-05-25,2020-08-02,0.485722272252619
5,4,0.4,0.6,1.0,0.5,0.4,0.3774377603336254,767,2020-05-26,2020-08-03,0.48227269815434876
5,4,0.4,0.6,1.0,0.5,0.4,0.3820454718609283,768,2020-05-27,2020-08-04,0.4918791268342634
5,4,0.4,0.6,1.0,0.5,0.4,0.37701624647589976,769,2020-05-28,2020-08-05,0.5065875459090401
5,4,0.4,0.6,1.0,0.5,0.4,0.3733492120230111,770,2020-05-29,2020-08-06,0.5004823909938557
5,4,0.4,0.6,1.0,0.5,0.4,0.3707019136799084,771,2020-05-31,2020-08-07,0.5237275218724714
5,4,0.4,0.6,1.0,0.5,0.4,0.373572093544152,772,2020-06-01,2020-08-09,0.5247186282662415
5,4,0.4,0.6,1.0,0.5,0.4,0.36366538549874566,773,2020-06-02,2020-08-10,0.5028403288148183
5,6,0.6,0.5333333333333333,1.5,0.75,0.6,0.14796576435842687,774,2020-06-03,2020-08-11,0.5638000080672517
5,6,0.6,0.5333333333333333,1.5,0.75,0.6,0.14763724371026427,775,2020-06-04,2020-08-12,0.5638185944034949
5,6,0.6,0.5333333333333333,1.5,0.75,0.6,0.1473492359823952,776,2020-06-05,2020-08-13,0.5609329685012677
5,7,0.7,0.7,1.3,1.0,0.7,0.07915445394286225,777,2020-06-07,2020-08-14,0.5683947009475782
5,7,0.7,0.7,1.3,1.0,0.7,0.07714404875348156,778,2020-06-08,2020-08-16,0.5662757173377433
5,7,0.7,0.7,1.3,1.0,0.7,0.07467261778607061,779,2020-06-09,2020-08-17,0.5638184051520506
5,6,0.6,0.5333333333333333,1.5,0.75,0.6,0.15127195100877472,780,2020-06-10,2020-08-18,0.5461040792790988
5,6,0.6,0.5333333333333333,1.5,0.75,0.6,0.1508545774836224,781,2020-06-11,2020-08-19,0.5614803792451466
5,4,0.4,0.6,1.0,0.5,0.4,0.33266289215661726,782,2020-06-12,2020-08-20,0.5100494894034029
5,5,0.5,0.4666666666666667,1.7,0.75,0.5,0.2247641250323138,783,2020-06-14,2020-08-21,0.5329281275859569
5,5,0.5,0.4666666666666667,1.7,0.75,0.5,0.22324820127583922,784,2020-06-15,2020-08-23,0.529087543232188
5,5,0.5,0.4666666666666667,1.7,0.75,0.5,0.22427554885716472,785,2020-06-16,2020-08-24,0.5356893999190546
5,4,0.4,0.6,1.0,0.5,0.4,0.3397218576599983,786,2020-06-17,2020-08-25,0.5217968250533529
5,4,0.4,0.6,1.0,0.5,0.4,0.340469075748024,787,2020-06-18,2020-08-26,0.5178396400230911
5,4,0.4,0.6,1.0,0.5,0.4,0.3415254748718462,788,2020-06-19,2020-08-27,0.5140980835905602
5,4,0.4,0.6,1.0,0.5,0.4,0.33894001545536623,789,2020-06-21,2020-08-28,0.5194482276110981
5,4,0.4,0.6,1.0,0.5,0.4,0.33501182270703045,790,2020-06-22,2020-08-29,0.5170603061596685
5,4,0.4,0.6,1.0,0.5,0.4,0.33519266098796396,791,2020-06-23,2020-08-30,0.48109203287907965
5,4,0.4,0.6,1.0,0.5,0.4,0.3345509245335106,792,2020-06-24,2020-08-31,0.48229416926634167
5,4,0.4,0.6,1.0,0.5,0.4,0.3364532661023362,793,2020-06-25,2020-09-01,0.44283087112141467
5,4,0.4,0.6,1.0,0.5,0.4,0.3425736196517911,794,2020-06-26,2020-09-02,0.47653946499238165
5,4,0.4,0.6,1.0,0.5,0.4,0.3710337457393287,795,2020-06-28,2020-09-03,0.5086824471086805
5,4,0.4,0.6,1.0,0.5,0.4,0.37007485158186143,796,2020-06-29,2020-09-04,0.5057738369283348
5,4,0.4,0.6,1.0,0.5,0.4,0.3664080658326567,797,2020-06-30,2020-09-05,0.4944404669300046
5,4,0.4,0.6,1.0,0.5,0.4,0.3637036511030143,798,2020-07-01,2020-09-06,0.4947304983540592
5,4,0.4,0.6,1.0,0.5,0.4,0.3635064888988437,799,2020-07-02,2020-09-07,0.49050502759653225
5,4,0.4,0.6,1.0,0.5,0.4,0.36202981103571563,800,2020-07-03,2020-09-08,0.5055016133179444
5,4,0.4,0.6,1.0,0.5,0.4,0.3626442445836624,801,2020-07-05,2020-09-09,0.506835466792734
5,4,0.4,0.6,1.0,0.5,0.4,0.37056041237138787,802,2020-07-06,2020-09-10,0.4855154345446805
5,4,0.4,0.6,1.0,0.5,0.4,0.36895357224848263,803,2020-07-07,2020-09-11,0.48115422217091613
5,4,0.4,0.6,1.0,0.5,0.4,0.3658555064550342,804,2020-07-08,2020-09-12,0.48343790612227233
5,4,0.4,0.6,1.0,0.5,0.4,0.36644337705127733,805,2020-07-09,2020-09-13,0.47742577507747885
5,4,0.4,0.6,1.0,0.5,0.4,0.36588305257129483,806,2020-07-10,2020-09-14,0.47407173352853454
5,4,0.4,0.6,1.0,0.5,0.4,0.3642828698424066,807,2020-07-12,2020-09-15,0.4711838831310503
5,4,0.4,0.6,1.0,0.5,0.4,0.36740366992893403,808,2020-07-13,2020-09-16,0.4656085150577941
5,4,0.4,0.6,1.0,0.5,0.4,0.36143158334250386,809,2020-07-14,2020-09-17,0.46738195461802745
5,4,0.4,0.6,1.0,0.5,0.4,0.3604592051127672,810,2020-07-15,2020-09-18,0.4718292036545657
5,4,0.4,0.6,1.0,0.5,0.4,0.3593269049387202,811,2020-07-16,2020-09-19,0.47083489813084156
5,4,0.4,0.6,1.0,0.5,0.4,0.36066008184721055,812,2020-07-17,2020-09-20,0.46641184153937515
5,4,0.4,0.6,1.0,0.5,0.4,0.3617216823732643,813,2020-07-19,2020-09-21,0.4971133624323252
5,4,0.4,0.6,1.0,0.5,0.4,0.3598067130829098,814,2020-07-20,2020-09-22,0.49301467784820974
5,4,0.4,0.6,1.0,0.5,0.4,0.36391352388916776,815,2020-07-21,2020-09-23,0.5047897739719903
5,4,0.4,0.6,1.0,0.5,0.4,0.3679840111446344,816,2020-07-22,2020-09-24,0.4974430667117088
5,4,0.4,0.6,1.0,0.5,0.4,0.3677487388732905,817,2020-07-23,2020-09-25,0.498224467950668
5,4,0.4,0.6,1.0,0.5,0.4,0.365701048090448,818,2020-07-24,2020-09-26,0.5013199352483431
5,4,0.4,0.6,1.0,0.5,0.4,0.3660694815783621,819,2020-07-26,2020-09-27,0.5014761767884084
5,4,0.4,0.6,1.0,0.5,0.4,0.362770910427477,820,2020-07-27,2020-09-28,0.5008097032412324
5,4,0.4,0.6,1.0,0.5,0.4,0.3801453306649901,821,2020-07-28,2020-09-29,0.480236121529229
5,4,0.4,0.6,1.0,0.5,0.4,0.3788027143357545,822,2020-07-29,2020-09-30,0.48085105340204476
5,4,0.4,0.6,1.0,0.5,0.4,0.3802880977873143,823,2020-07-30,2020-10-01,0.4780931144610481
5,4,0.4,0.6,1.0,0.5,0.4,0.38471044128321175,824,2020-07-31,2020-10-02,0.4715111459179869
5,4,0.4,0.6,1.0,0.5,0.4,0.3854554794024431,825,2020-08-02,2020-10-03,0.4839085530864421
5,4,0.4,0.6,1.0,0.5,0.4,0.3970398178453106,826,2020-08-03,2020-10-04,0.49151663698151216
5,4,0.4,0.6,1.0,0.5,0.4,0.39660492707442635,827,2020-08-04,2020-10-05,0.49711220245069
5,4,0.4,0.6,1.0,0.5,0.4,0.3938870080408868,828,2020-08-05,2020-10-06,0.5092426002939512
5,4,0.4,0.6,1.0,0.5,0.4,0.39532656456555715,829,2020-08-06,2020-10-07,0.5051210901416415
5,4,0.4,0.6,1.0,0.5,0.4,0.3959537773885399,830,2020-08-07,2020-10-08,0.5079309904540743
5,4,0.4,0.6,1.0,0.5,0.4,0.39550574810369243,831,2020-08-09,2020-10-09,0.5029159562812928
5,4,0.4,0.6,1.0,0.5,0.4,0.39258555219135355,832,2020-08-10,2020-10-10,0.5120857756053058
5,4,0.4,0.6,1.0,0.5,0.4,0.3908596114476335,833,2020-08-11,2020-10-11,0.5164420621899273
5,4,0.4,0.6,1.0,0.5,0.4,0.3917379878360614,834,2020-08-12,2020-10-12,0.5144377624542305
5,4,0.4,0.6,1.0,0.5,0.4,0.3876958158669249,835,2020-08-13,2020-10-13,0.5189170217420384
5,4,0.4,0.6,1.0,0.5,0.4,0.39009384567082805,836,2020-08-14,2020-10-14,0.5201365842434347
5,4,0.4,0.6,1.0,0.5,0.4,0.38941664564440426,837,2020-08-16,2020-10-15,0.5163422655406882
5,4,0.4,0.6,1.0,0.5,0.4,0.3908562686491703,838,2020-08-17,2020-10-16,0.5160500386548009
5,4,0.4,0.6,1.0,0.5,0.4,0.39426134082326414,839,2020-08-18,2020-10-17,0.5170158285235525
5,4,0.4,0.6,1.0,0.5,0.4,0.396890832137941,840,2020-08-19,2020-10-18,0.5345515513035229
5,4,0.4,0.6,1.0,0.5,0.4,0.4041176407160152,841,2020-08-20,2020-10-19,0.5158856635329908
5,4,0.4,0.6,1.0,0.5,0.4,0.40386070266547097,842,2020-08-21,2020-10-20,0.5079771099960988
5,4,0.4,0.6,1.0,0.5,0.4,0.4051479577819984,843,2020-08-23,2020-10-21,0.5125112833256946
5,4,0.4,0.6,1.0,0.5,0.4,0.40683209123397335,844,2020-08-24,2020-10-22,0.5036490238919067
5,4,0.4,0.6,1.0,0.5,0.4,0.4091902862268897,845,2020-08-25,2020-10-23,0.5017769369120967
5,4,0.4,0.6,1.0,0.5,0.4,0.41067318346976894,846,2020-08-26,2020-10-24,0.5166020125710541
5,4,0.4,0.6,1.0,0.5,0.4,0.41071016241788083,847,2020-08-27,2020-10-25,0.5164955466061015
5,4,0.4,0.6,1.0,0.5,0.4,0.40864430873749014,848,2020-08-28,2020-10-26,0.5194292483350964
5,4,0.4,0.6,1.0,0.5,0.4,0.4155096422194465,849,2020-08-29,2020-10-27,0.5011557772910885
5,4,0.4,0.0,1.8,0.75,0.4,0.2831501503163222,850,2020-08-30,2020-10-28,0.504681173909271
5,5,0.5,0.4666666666666667,1.7,0.75,0.5,0.2824969699130286,851,2020-08-31,2020-10-29,0.49910918551183514
5,4,0.4,0.0,1.8,0.75,0.4,0.283996212400791,852,2020-09-01,2020-10-30,0.49792729530609325
5,4,0.4,0.0,1.8,0.75,0.4,0.2856356067419712,853,2020-09-02,2020-10-31,0.4990922657668313
5,4,0.4,0.0,1.8,0.75,0.4,0.2870803853695413,854,2020-09-03,2020-11-01,0.48136111939010756
5,3,0.3,0.0,1.3333333333333333,0.5,0.3,0.4645238665936039,855,2020-09-04,2020-11-02,0.46645449533846656
5,4,0.4,0.6,1.0,0.5,0.4,0.3970608969115792,856,2020-09-05,2020-11-03,0.4939832038446923
5,4,0.4,0.6,1.0,0.5,0.4,0.39643007787768236,857,2020-09-06,2020-11-04,0.5087474103756212
5,6,0.6,0.5333333333333333,1.5,0.75,0.6,0.15589565926104235,858,2020-09-07,2020-11-05,0.5389405975368169
5,6,0.6,0.5333333333333333,1.5,0.75,0.6,0.14382189437485254,859,2020-09-08,2020-11-06,0.5313312834983859
5,4,0.4,0.6,1.0,0.5,0.4,0.37115779131124754,860,2020-09-09,2020-11-07,0.4925287563094625
5,5,0.5,0.4666666666666667,1.7,0.75,0.5,0.2493153798079794,861,2020-09-10,2020-11-08,0.4944240021786753
5,6,0.6,0.5333333333333333,1.5,0.75,0.6,0.15461367333094922,862,2020-09-11,2020-11-09,0.518890853617344
5,6,0.6,0.5333333333333333,1.5,0.75,0.6,0.15618331375876987,863,2020-09-12,2020-11-10,0.5164423815455621
5,6,0.6,0.5333333333333333,1.5,0.75,0.6,0.16039565005128892,864,2020-09-13,2020-11-11,0.5120058535156061
5,4,0.4,0.6,1.0,0.5,0.4,0.37218435405436123,865,2020-09-14,2020-11-12,0.5013264623610123
5,4,0.4,0.6,1.0,0.5,0.4,0.3682315876139696,866,2020-09-15,2020-11-13,0.49995308725814985
5,4,0.4,0.6,1.0,0.5,0.4,0.3712390912609415,867,2020-09-16,2020-11-14,0.4941558238956296
5,4,0.4,0.6,1.0,0.5,0.4,0.3688366834712109,868,2020-09-17,2020-11-15,0.49525792667151425
5,4,0.4,0.6,1.0,0.5,0.4,0.3776746356821407,869,2020-09-18,2020-11-16,0.4981979886903337
5,4,0.4,0.6,1.0,0.5,0.4,0.3810839942816576,870,2020-09-19,2020-11-17,0.4905705752115882
5,4,0.4,0.6,1.0,0.5,0.4,0.381258108432012,871,2020-09-20,2020-11-18,0.4922338183476823
5,4,0.4,0.6,1.0,0.5,0.4,0.38113997280032974,872,2020-09-21,2020-11-19,0.494144362186428
5,4,0.4,0.6,1.0,0.5,0.4,0.3826338357080995,873,2020-09-22,2020-11-20,0.4544087081524049
5,4,0.4,0.6,1.0,0.5,0.4,0.3758587153948855,874,2020-09-23,2020-11-21,0.44897816005252
5,4,0.4,0.6,1.0,0.5,0.4,0.3664992434195907,875,2020-09-24,2020-11-22,0.42418896309701026
5,4,0.4,0.6,1.0,0.5,0.4,0.34230076006211924,876,2020-09-25,2020-11-23,0.41309751063085215
5,4,0.4,0.6,1.0,0.5,0.4,0.33588887431430803,877,2020-09-26,2020-11-24,0.40983718741986264
5,4,0.4,0.6,1.0,0.5,0.4,0.3443844199443865,878,2020-09-27,2020-11-25,0.4056655555142523
5,4,0.4,0.6,1.0,0.5,0.4,0.36762948830478903,879,2020-09-28,2020-11-26,0.4119150002549972
5,4,0.4,0.6,1.0,0.5,0.4,0.37343846631804595,880,2020-09-29,2020-11-27,0.4131686806249146
5,4,0.4,0.6,1.0,0.5,0.4,0.3762500389170429,881,2020-09-30,2020-11-28,0.41195468476790376
5,4,0.4,0.6,1.0,0.5,0.4,0.3747023776284515,882,2020-10-01,2020-11-29,0.4155816452538009
5,4,0.4,0.6,1.0,0.5,0.4,0.37877825939141335,883,2020-10-02,2020-11-30,0.39556329342671254
5,4,0.4,0.6,1.0,0.5,0.4,0.38376892804549945,884,2020-10-03,2020-12-01,0.3684239416000768
5,4,0.4,0.6,1.0,0.5,0.4,0.3856223630208472,885,2020-10-04,2020-12-02,0.3658194419314159
5,4,0.4,0.6,1.0,0.5,0.4,0.3848072576940167,886,2020-10-05,2020-12-03,0.3665836390821617
5,4,0.4,0.6,1.0,0.5,0.4,0.39040206956927614,887,2020-10-06,2020-12-04,0.37227544219503195
5,4,0.4,0.6,1.0,0.5,0.4,0.394894947868902,888,2020-10-07,2020-12-05,0.35229294502445657
5,4,0.4,0.6,1.0,0.5,0.4,0.39531761231745866,889,2020-10-08,2020-12-06,0.35228786255451067
5,4,0.4,0.6,1.0,0.5,0.4,0.39401635037807037,890,2020-10-09,2020-12-07,0.3554771365322983
5,4,0.4,0.6,1.0,0.5,0.4,0.40332785153173856,891,2020-10-10,2020-12-08,0.3516134892883632
5,4,0.4,0.6,1.0,0.5,0.4,0.40950783217873904,892,2020-10-11,2020-12-09,0.3443155481987504
5,3,0.3,0.0,1.3333333333333333,0.5,0.3,0.471151567882068,893,2020-10-12,2020-12-10,0.3284064207778885
5,3,0.3,0.0,1.3333333333333333,0.5,0.3,0.47220390977812277,894,2020-10-13,2020-12-11,0.3309438451688521
5,3,0.3,0.0,1.3333333333333333,0.5,0.3,0.4778380042426254,895,2020-10-14,2020-12-12,0.3141312968862995
5,3,0.3,0.0,1.3333333333333333,0.5,0.3,0.47514226619703737,896,2020-10-15,2020-12-13,0.3206679211520141
5,3,0.3,0.0,1.3333333333333333,0.5,0.3,0.4795403107732302,897,2020-10-16,2020-12-14,0.31569065278955444
5,3,0.3,0.0,1.3333333333333333,0.5,0.3,0.4791364550560859,898,2020-10-17,2020-12-15,0.311071059733813
5,3,0.3,0.0,1.3333333333333333,0.5,0.3,0.4816657287108329,899,2020-10-18,2020-12-16,0.3157310568644517
5,3,0.3,0.0,1.3333333333333333,0.5,0.3,0.4779743815025873,900,2020-10-19,2020-12-17,0.32308610878282373
5,3,0.3,0.0,1.3333333333333333,0.5,0.3,0.47274889039861767,901,2020-10-20,2020-12-18,0.3288405751977769
5,3,0.3,0.0,1.3333333333333333,0.5,0.3,0.4715316635037098,902,2020-10-21,2020-12-19,0.3277548542210452
5,4,0.4,0.6,1.0,0.5,0.4,0.41682007684215133,903,2020-10-22,2020-12-20,0.32155516876512247
5,4,0.4,0.6,1.0,0.5,0.4,0.42004578945687177,904,2020-10-23,2020-12-21,0.32150593603195
5,4,0.4,0.6,1.0,0.5,0.4,0.4169878744398664,905,2020-10-24,2020-12-22,0.31773579841675653
5,4,0.4,0.6,1.0,0.5,0.4,0.41659341313585374,906,2020-10-25,2020-12-23,0.30582186337868866
5,4,0.4,0.6,1.0,0.5,0.4,0.41645349443070534,907,2020-10-26,2020-12-24,0.3059236320665636
5,4,0.4,0.6,1.0,0.5,0.4,0.41825048179675045,908,2020-10-27,2020-12-25,0.30366250417870877
5,4,0.4,0.6,1.0,0.5,0.4,0.4146328050388559,909,2020-10-28,2020-12-26,0.30364071884190064
5,4,0.4,0.6,1.0,0.5,0.4,0.4075092204287507,910,2020-10-29,2020-12-27,0.28841841760632164
5,3,0.3,0.0,1.3333333333333333,0.5,0.3,0.46496889918219897,911,2020-10-30,2020-12-28,0.2765769974177502
5,3,0.3,0.0,1.3333333333333333,0.5,0.3,0.464843774475754,912,2020-10-31,2020-12-29,0.2788740831024281
5,4,0.4,0.6,1.0,0.5,0.4,0.40542321422633393,913,2020-11-01,2020-12-30,0.2933401568218842
5,3,0.3,0.0,1.3333333333333333,0.5,0.3,0.4647369758476777,914,2020-11-02,2020-12-31,0.28438361640740284
5,3,0.3,0.0,1.3333333333333333,0.5,0.3,0.46343776903094713,915,2020-11-03,2021-01-01,0.28119622872684663
5,1,0.1,0.0,1.0,0.25,0.1,0.0,916,2020-11-04,2021-01-02,0.24747633243984626
5,1,0.1,0.0,1.0,0.25,0.1,0.0,917,2020-11-05,2021-01-03,0.23322343941407983
5,1,0.1,0.0,1.0,0.25,0.1,1.1102230246251565e-16,918,2020-11-06,2021-01-04,0.202280926936038
5,1,0.1,0.0,1.0,0.25,0.1,0.0,919,2020-11-07,2021-01-05,0.22154392544893325
5,1,0.1,0.0,1.0,0.25,0.1,1.1102230246251565e-16,920,2020-11-08,2021-01-06,0.21873838309336574
5,2,0.2,0.0,1.0,0.25,0.2,0.49687095254893476,921,2020-11-09,2021-01-07,0.21779836716583842
5,2,0.2,0.0,1.0,0.25,0.2,0.49757176378874446,922,2020-11-10,2021-01-08,0.21747977499723828
5,2,0.2,0.0,1.0,0.25,0.2,0.49844247075809356,923,2020-11-11,2021-01-09,0.22067063798270023
5,2,0.2,0.0,1.0,0.25,0.2,0.49878761032904884,924,2020-11-12,2021-01-10,0.22804082820502597
5,2,0.2,0.0,1.0,0.25,0.2,0.49846944246521624,925,2020-11-13,2021-01-11,0.2445063557062309
5,2,0.2,0.0,1.0,0.25,0.2,0.49857940615984836,926,2020-11-14,2021-01-12,0.24055195063650237
5,2,0.2,0.0,1.0,0.25,0.2,0.49875463037994827,927,2020-11-15,2021-01-13,0.23641158364164308
5,2,0.2,0.0,1.0,0.25,0.2,0.49834551927193294,928,2020-11-16,2021-01-14,0.23804128302884348
5,3,0.3,0.0,1.3333333333333333,0.5,0.3,0.46563959211050987,929,2020-11-17,2021-01-15,0.26583906160665566
5,3,0.3,0.0,1.3333333333333333,0.5,0.3,0.45373619101444285,930,2020-11-18,2021-01-16,0.27244477293737607
5,3,0.3,0.0,1.3333333333333333,0.5,0.3,0.45396300770594067,931,2020-11-19,2021-01-17,0.2725635284378568
5,3,0.3,0.0,1.3333333333333333,0.5,0.3,0.45172505263386575,932,2020-11-20,2021-01-18,0.27425508956619116
5,3,0.3,0.0,1.3333333333333333,0.5,0.3,0.4436077336068299,933,2020-11-21,2021-01-19,0.2745539750669301
5,3,0.3,0.0,1.3333333333333333,0.5,0.3,0.4474840542911113,934,2020-11-22,2021-01-20,0.27090975991396765
5,3,0.3,0.0,1.3333333333333333,0.5,0.3,0.46479488179292344,935,2020-11-23,2021-01-21,0.2774266060983481
5,3,0.3,0.0,1.3333333333333333,0.5,0.3,0.46859966508520784,936,2020-11-24,2021-01-22,0.2727731908960135
5,3,0.3,0.0,1.3333333333333333,0.5,0.3,0.47120805549887335,937,2020-11-25,2021-01-23,0.2729136782869722
5,3,0.3,0.0,1.3333333333333333,0.5,0.3,0.46731764152395083,938,2020-11-26,2021-01-24,0.26954686014240775
5,3,0.3,0.0,1.3333333333333333,0.5,0.3,0.4640544252079677,939,2020-11-27,2021-01-25,0.26689805586709203
5,3,0.3,0.0,1.3333333333333333,0.5,0.3,0.4618319499639403,940,2020-11-28,2021-01-26,0.2720372931301195
5,3,0.3,0.0,1.3333333333333333,0.5,0.3,0.46155023223494285,941,2020-11-29,2021-01-27,0.2941436972606225
5,3,0.3,0.0,1.3333333333333333,0.5,0.3,0.4618085315566671,942,2020-11-30,2021-01-28,0.29571612415829446
5,3,0.3,0.0,1.3333333333333333,0.5,0.3,0.46163842871474736,943,2020-12-01,2021-01-29,0.2991442331274848
5,3,0.3,0.0,1.3333333333333333,0.5,0.3,0.4584499767760156,944,2020-12-02,2021-01-30,0.3115116766758746
5,3,0.3,0.0,1.3333333333333333,0.5,0.3,0.45799244063609323,945,2020-12-03,2021-01-31,0.3169951668252774
5,3,0.3,0.0,1.3333333333333333,0.5,0.3,0.46023656076090375,946,2020-12-04,2021-02-01,0.3128310970146786
5,3,0.3,0.0,1.3333333333333333,0.5,0.3,0.4598333915004197,947,2020-12-05,2021-02-02,0.3040861364993899
5,3,0.3,0.0,1.3333333333333333,0.5,0.3,0.4616540201077802,948,2020-12-06,2021-02-03,0.30828422259287497
5,3,0.3,0.0,1.3333333333333333,0.5,0.3,0.46234434254916534,949,2020-12-07,2021-02-04,0.3124440759128592
5,3,0.3,0.0,1.3333333333333333,0.5,0.3,0.4590614105869042,950,2020-12-08,2021-02-05,0.3231295611853234
5,3,0.3,0.0,1.3333333333333333,0.5,0.3,0.45316064805282447,951,2020-12-09,2021-02-06,0.3231742202869285
5,3,0.3,0.0,1.3333333333333333,0.5,0.3,0.4523268043415106,952,2020-12-10,2021-02-07,0.32431593548916404
5,4,0.4,0.6,1.0,0.5,0.4,0.3873086153633328,953,2020-12-11,2021-02-08,0.34622323695630286
5,4,0.4,0.6,1.0,0.5,0.4,0.3835172317907638,954,2020-12-12,2021-02-09,0.3465803288266138
5,4,0.4,0.6,1.0,0.5,0.4,0.38269790221751115,955,2020-12-13,2021-02-10,0.3498311755824396
5,4,0.4,0.6,1.0,0.5,0.4,0.38287126524420967,956,2020-12-14,2021-02-11,0.3489841332653345
5,4,0.4,0.6,1.0,0.5,0.4,0.38158600701726697,957,2020-12-15,2021-02-12,0.3482903749039475
5,4,0.4,0.6,1.0,0.5,0.4,0.38029296375225885,958,2020-12-16,2021-02-13,0.35078408532296573
5,4,0.4,0.6,1.0,0.5,0.4,0.37804714139240986,959,2020-12-17,2021-02-14,0.3446126520232081
5,3,0.3,0.0,1.3333333333333333,0.5,0.3,0.4351465384826,960,2020-12-18,2021-02-15,0.3359128196830266
5,4,0.4,0.6,1.0,0.5,0.4,0.38043086480656496,961,2020-12-19,2021-02-16,0.33678058048165244
5,4,0.4,0.6,1.0,0.5,0.4,0.38114929198393865,962,2020-12-20,2021-02-17,0.3360203705200612
5,4,0.4,0.6,1.0,0.5,0.4,0.37979602589003203,963,2020-12-21,2021-02-18,0.3309397705333933
5,4,0.4,0.6,1.0,0.5,0.4,0.37488701024166043,964,2020-12-22,2021-02-19,0.33253443500747537
5,4,0.4,0.6,1.0,0.5,0.4,0.37728273667439194,965,2020-12-23,2021-02-20,0.32734711514567966
5,4,0.4,0.6,1.0,0.5,0.4,0.3738717255471291,966,2020-12-24,2021-02-21,0.3308554138667873
5,4,0.4,0.6,1.0,0.5,0.4,0.3770251024556109,967,2020-12-25,2021-02-22,0.323682582019634
5,4,0.4,0.6,1.0,0.5,0.4,0.38572622440652826,968,2020-12-26,2021-02-23,0.3255039672040767
5,4,0.4,0.6,1.0,0.5,0.4,0.38784858956845447,969,2020-12-27,2021-02-24,0.32569367148207545
5,3,0.3,0.0,1.3333333333333333,0.5,0.3,0.44625743365555354,970,2020-12-28,2021-02-25,0.33319923655178474
5,4,0.4,0.6,1.0,0.5,0.4,0.3849474538168307,971,2020-12-29,2021-02-26,0.3504750746230827
5,4,0.4,0.6,1.0,0.5,0.4,0.38088724864486034,972,2020-12-30,2021-02-27,0.35282404313742
5,4,0.4,0.6,1.0,0.5,0.4,0.3837723761581096,973,2020-12-31,2021-02-28,0.33826366115986317
5,4,0.4,0.6,1.0,0.5,0.4,0.3829315991525435,974,2021-01-01,2021-03-01,0.3381109444666687
5,4,0.4,0.6,1.0,0.5,0.4,0.3779085946895593,975,2021-01-02,2021-03-02,0.3400045812490905
5,4,0.4,0.6,1.0,0.5,0.4,0.3717371606116511,976,2021-01-03,2021-03-03,0.3466192948560557
5,4,0.4,0.6,1.0,0.5,0.4,0.3844137020682634,977,2021-01-04,2021-03-04,0.35209914031526013
5,4,0.4,0.6,1.0,0.5,0.4,0.3840292958980809,978,2021-01-05,2021-03-05,0.3571578132022479
5,4,0.4,0.6,1.0,0.5,0.4,0.3822067615871564,979,2021-01-06,2021-03-06,0.3491080520900834
5,4,0.4,0.6,1.0,0.5,0.4,0.3795291531987375,980,2021-01-07,2021-03-07,0.345565770161191
5,4,0.4,0.6,1.0,0.5,0.4,0.38234911681229855,981,2021-01-08,2021-03-08,0.3480856564924218
5,4,0.4,0.6,1.0,0.5,0.4,0.3803818167471631,982,2021-01-09,2021-03-09,0.354663665726849
5,4,0.4,0.6,1.0,0.5,0.4,0.379495205935719,983,2021-01-10,2021-03-10,0.35613795821171157
5,4,0.4,0.6,1.0,0.5,0.4,0.37897174196387434,984,2021-01-11,2021-03-11,0.35634291553266667
5,4,0.4,0.6,1.0,0.5,0.4,0.37637182493831617,985,2021-01-12,2021-03-12,0.35545513870062956
5,4,0.4,0.6,1.0,0.5,0.4,0.37802143579459,986,2021-01-13,2021-03-13,0.35915016378410974
5,4,0.4,0.6,1.0,0.5,0.4,0.3776433081631747,987,2021-01-14,2021-03-14,0.36303215066110683
5,4,0.4,0.6,1.0,0.5,0.4,0.37642671364042957,988,2021-01-15,2021-03-15,0.36362524095909216
5,4,0.4,0.6,1.0,0.5,0.4,0.3782096808932285,989,2021-01-16,2021-03-16,0.35449899333003665
5,4,0.4,0.6,1.0,0.5,0.4,0.38149689701055045,990,2021-01-17,2021-03-17,0.35277148942592185
5,4,0.4,0.6,1.0,0.5,0.4,0.3802650318250952,991,2021-01-18,2021-03-18,0.3541820567727763
5,4,0.4,0.6,1.0,0.5,0.4,0.3807924067558863,992,2021-01-19,2021-03-19,0.3537756148374528
5,4,0.4,0.6,1.0,0.5,0.4,0.3880189792924563,993,2021-01-20,2021-03-20,0.3625630155078465
5,4,0.4,0.6,1.0,0.5,0.4,0.38690764392298804,994,2021-01-21,2021-03-21,0.36574089963060363
5,4,0.4,0.6,1.0,0.5,0.4,0.37741434964263837,995,2021-01-22,2021-03-22,0.36585894422731796
5,4,0.4,0.6,1.0,0.5,0.4,0.36887108836090404,996,2021-01-23,2021-03-23,0.3840451115474832
5,4,0.4,0.6,1.0,0.5,0.4,0.3697613626216214,997,2021-01-24,2021-03-24,0.38905518224369506
5,4,0.4,0.6,1.0,0.5,0.4,0.38133573026869416,998,2021-01-25,2021-03-25,0.38742453198909804
5,4,0.4,0.6,1.0,0.5,0.4,0.3835369408071625,999,2021-01-26,2021-03-26,0.3970212595041265
5,4,0.4,0.6,1.0,0.5,0.4,0.3842650541838307,1000,2021-01-27,2021-03-27,0.3954077991912378
5,4,0.4,0.6,1.0,0.5,0.4,0.3836281191975966,1001,2021-01-28,2021-03-28,0.3736600445499835
5,4,0.4,0.6,1.0,0.5,0.4,0.38133473086935377,1002,2021-01-29,2021-03-29,0.3687451516499437
5,4,0.4,0.6,1.0,0.5,0.4,0.38015087824796934,1003,2021-01-30,2021-03-30,0.3703361892785234
5,4,0.4,0.6,1.0,0.5,0.4,0.37856174699314443,1004,2021-01-31,2021-03-31,0.367358499259946
5,4,0.4,0.6,1.0,0.5,0.4,0.3766097230879241,1005,2021-02-01,2021-04-01,0.3634483188069215
5,4,0.4,0.6,1.0,0.5,0.4,0.37145631974626636,1006,2021-02-02,2021-04-02,0.3614720631091306
5,4,0.4,0.6,1.0,0.5,0.4,0.37143627131429835,1007,2021-02-03,2021-04-03,0.36625148894220927
5,4,0.4,0.6,1.0,0.5,0.4,0.36946500707650043,1008,2021-02-04,2021-04-04,0.3661002162397274
5,4,0.4,0.6,1.0,0.5,0.4,0.36514725358113564,1009,2021-02-05,2021-04-05,0.3730160208482215
5,4,0.4,0.6,1.0,0.5,0.4,0.3745428143370402,1010,2021-02-06,2021-04-06,0.35617346201892497
5,4,0.4,0.6,1.0,0.5,0.4,0.3812052764034639,1011,2021-02-07,2021-04-07,0.3621433278497711
5,4,0.4,0.6,1.0,0.5,0.4,0.38296452829868444,1012,2021-02-08,2021-04-08,0.3623805312395333
5,4,0.4,0.6,1.0,0.5,0.4,0.3858129465544232,1013,2021-02-09,2021-04-09,0.3619241795362023
5,4,0.4,0.6,1.0,0.5,0.4,0.38714133000610906,1014,2021-02-10,2021-04-10,0.3590854083414888
5,4,0.4,0.6,1.0,0.5,0.4,0.386984170642371,1015,2021-02-11,2021-04-11,0.36075761243424187
5,4,0.4,0.6,1.0,0.5,0.4,0.3880173436754909,1016,2021-02-12,2021-04-12,0.3603052502022869
5,4,0.4,0.6,1.0,0.5,0.4,0.39171256076915717,1017,2021-02-13,2021-04-13,0.36382265907215855
5,4,0.4,0.6,1.0,0.5,0.4,0.38711046677017785,1018,2021-02-14,2021-04-14,0.36335070051732765
5,4,0.4,0.6,1.0,0.5,0.4,0.3885264103995066,1019,2021-02-15,2021-04-15,0.3635337910634612
5,4,0.4,0.6,1.0,0.5,0.4,0.3903170420835078,1020,2021-02-16,2021-04-16,0.3623704187572182
5,4,0.4,0.6,1.0,0.5,0.4,0.392929713957421,1021,2021-02-17,2021-04-17,0.3615677730860817
5,4,0.4,0.6,1.0,0.5,0.4,0.3908872955555877,1022,2021-02-18,2021-04-18,0.3658618842498623
5,4,0.4,0.6,1.0,0.5,0.4,0.3917674228235716,1023,2021-02-19,2021-04-19,0.36752622391028783
5,4,0.4,0.6,1.0,0.5,0.4,0.39609286047836395,1024,2021-02-20,2021-04-20,0.3588681626346971
5,4,0.4,0.6,1.0,0.5,0.4,0.39294810857115336,1025,2021-02-21,2021-04-21,0.35659067199936295
5,4,0.4,0.6,1.0,0.5,0.4,0.3905778753919476,1026,2021-02-22,2021-04-22,0.3588731200799753
5,4,0.4,0.6,1.0,0.5,0.4,0.38904702713771566,1027,2021-02-23,2021-04-23,0.3612490409295076
5,4,0.4,0.6,1.0,0.5,0.4,0.3794483476988654,1028,2021-02-24,2021-04-24,0.36435691526091707
5,4,0.4,0.6,1.0,0.5,0.4,0.3747420410659008,1029,2021-02-25,2021-04-25,0.36107464069446005
5,4,0.4,0.6,1.0,0.5,0.4,0.37419234487458697,1030,2021-02-26,2021-04-26,0.3621709482023916
5,4,0.4,0.6,1.0,0.5,0.4,0.37680121085333124,1031,2021-02-27,2021-04-27,0.3545063472732839
5,4,0.4,0.6,1.0,0.5,0.4,0.37691164497081875,1032,2021-02-28,2021-04-28,0.352617322869563
5,4,0.4,0.6,1.0,0.5,0.4,0.37651738279276026,1033,2021-03-01,2021-04-29,0.35599237917947313
5,4,0.4,0.6,1.0,0.5,0.4,0.35430645553088025,1034,2021-03-02,2021-04-30,0.3368742130992345
5,4,0.4,0.6,1.0,0.5,0.4,0.34706130193611096,1035,2021-03-03,2021-05-01,0.3467975867843498
5,4,0.4,0.6,1.0,0.5,0.4,0.3446899733375096,1036,2021-03-04,2021-05-02,0.3504756693748589
5,4,0.4,0.6,1.0,0.5,0.4,0.3295624679962563,1037,2021-03-05,2021-05-03,0.3422392308266584
5,4,0.4,0.6,1.0,0.5,0.4,0.3371520511448387,1038,2021-03-06,2021-05-04,0.3433721281638801
5,4,0.4,0.6,1.0,0.5,0.4,0.34722413263205604,1039,2021-03-07,2021-05-05,0.3534349443003678
5,4,0.4,0.6,1.0,0.5,0.4,0.3484114530158889,1040,2021-03-08,2021-05-06,0.35030735376117905
5,4,0.4,0.6,1.0,0.5,0.4,0.343986667117666,1041,2021-03-09,2021-05-07,0.35519755706405337
5,4,0.4,0.6,1.0,0.5,0.4,0.34379908428355743,1042,2021-03-10,2021-05-08,0.36365889301440546
5,4,0.4,0.6,1.0,0.5,0.4,0.3495007617956136,1043,2021-03-11,2021-05-09,0.3654561626394178
5,4,0.4,0.6,1.0,0.5,0.4,0.3555998624122114,1044,2021-03-12,2021-05-10,0.35117292312738096
5,4,0.4,0.6,1.0,0.5,0.4,0.3570300067026063,1045,2021-03-13,2021-05-11,0.34515646923891835
5,4,0.4,0.6,1.0,0.5,0.4,0.35993095055281266,1046,2021-03-14,2021-05-12,0.4081981266799926
5,4,0.4,0.6,1.0,0.5,0.4,0.35681023007667667,1047,2021-03-15,2021-05-13,0.4094222572822397
5,4,0.4,0.6,1.0,0.5,0.4,0.3513999423155802,1048,2021-03-16,2021-05-14,0.4120608926308029
5,4,0.4,0.6,1.0,0.5,0.4,0.35639176335751094,1049,2021-03-17,2021-05-15,0.3887008090185346
5,4,0.4,0.6,1.0,0.5,0.4,0.3598557860309977,1050,2021-03-18,2021-05-16,0.3813384066759973
5,4,0.4,0.6,1.0,0.5,0.4,0.36566114874817485,1051,2021-03-19,2021-05-17,0.36792704863646597
5,4,0.4,0.6,1.0,0.5,0.4,0.3652918702604156,1052,2021-03-20,2021-05-18,0.368887476988157
5,4,0.4,0.6,1.0,0.5,0.4,0.38044777814802233,1053,2021-03-21,2021-05-19,0.42481028288439154
5,4,0.4,0.6,1.0,0.5,0.4,0.38261458924685293,1054,2021-03-22,2021-05-20,0.44408180755826254
5,4,0.4,0.6,1.0,0.5,0.4,0.38358921795103323,1055,2021-03-23,2021-05-21,0.467188540707203
5,4,0.4,0.6,1.0,0.5,0.4,0.3867318139844038,1056,2021-03-24,2021-05-22,0.47450816466341283
5,4,0.4,0.6,1.0,0.5,0.4,0.3883240599487219,1057,2021-03-25,2021-05-23,0.46920272686747344
5,4,0.4,0.6,1.0,0.5,0.4,0.3905609545241529,1058,2021-03-26,2021-05-24,0.4766375456016879
5,4,0.4,0.6,1.0,0.5,0.4,0.3908072565928003,1059,2021-03-27,2021-05-25,0.4717422422320543
5,4,0.4,0.6,1.0,0.5,0.4,0.39155455090592955,1060,2021-03-28,2021-05-26,0.4648464728934013
5,4,0.4,0.6,1.0,0.5,0.4,0.39377819362023797,1061,2021-03-29,2021-05-27,0.4587879747978739
5,4,0.4,0.6,1.0,0.5,0.4,0.3947773154302035,1062,2021-03-30,2021-05-28,0.46769663338655265
5,4,0.4,0.6,1.0,0.5,0.4,0.3957111577024288,1063,2021-03-31,2021-05-29,0.47372969077226984
5,4,0.4,0.6,1.0,0.5,0.4,0.3951316651403898,1064,2021-04-01,2021-05-30,0.473529779792801
5,4,0.4,0.6,1.0,0.5,0.4,0.3957389572161148,1065,2021-04-02,2021-05-31,0.480178328989321
5,4,0.4,0.6,1.0,0.5,0.4,0.3981531958659661,1066,2021-04-03,2021-06-01,0.48238661041067726
5,4,0.4,0.6,1.0,0.5,0.4,0.39827980400233354,1067,2021-04-04,2021-06-02,0.47867563579337646
5,4,0.4,0.6,1.0,0.5,0.4,0.3956829897503428,1068,2021-04-05,2021-06-03,0.46169150890207244
5,4,0.4,0.6,1.0,0.5,0.4,0.39792233217060313,1069,2021-04-06,2021-06-04,0.44422758638584636
5,4,0.4,0.6,1.0,0.5,0.4,0.3922177103250083,1070,2021-04-07,2021-06-05,0.4452577121083192
5,4,0.4,0.6,1.0,0.5,0.4,0.39127259474320486,1071,2021-04-08,2021-06-06,0.44044990314867444
5,4,0.4,0.6,1.0,0.5,0.4,0.3896328918057833,1072,2021-04-09,2021-06-07,0.4363195222059435
5,4,0.4,0.6,1.0,0.5,0.4,0.38938464669054845,1073,2021-04-10,2021-06-08,0.43775773587836736
5,4,0.4,0.6,1.0,0.5,0.4,0.3852844623957989,1074,2021-04-11,2021-06-09,0.43190560040313875
5,4,0.4,0.6,1.0,0.5,0.4,0.3860971222063219,1075,2021-04-12,2021-06-10,0.4285398120356456
5,4,0.4,0.6,1.0,0.5,0.4,0.38226467332907843,1076,2021-04-13,2021-06-11,0.42878894574765747
5,4,0.4,0.6,1.0,0.5,0.4,0.378562636648221,1077,2021-04-14,2021-06-12,0.42974831591126766
5,4,0.4,0.6,1.0,0.5,0.4,0.37613862093267353,1078,2021-04-15,2021-06-13,0.4301044592984854
5,4,0.4,0.6,1.0,0.5,0.4,0.3751932040802972,1079,2021-04-16,2021-06-14,0.43083711645750117
5,4,0.4,0.6,1.0,0.5,0.4,0.374212840103622,1080,2021-04-17,2021-06-15,0.43292094233909717
5,4,0.4,0.6,1.0,0.5,0.4,0.37171250487984,1081,2021-04-18,2021-06-16,0.44945730168120174
5,4,0.4,0.6,1.0,0.5,0.4,0.3712030168205487,1082,2021-04-19,2021-06-17,0.4469465038376296
5,4,0.4,0.6,1.0,0.5,0.4,0.37088749059743686,1083,2021-04-20,2021-06-18,0.4692671830440197
5,4,0.4,0.6,1.0,0.5,0.4,0.3696407333152676,1084,2021-04-21,2021-06-19,0.47556796147049846
5,4,0.4,0.6,1.0,0.5,0.4,0.3703868195196589,1085,2021-04-22,2021-06-20,0.479640333971591
5,4,0.4,0.6,1.0,0.5,0.4,0.37451525036186323,1086,2021-04-23,2021-06-21,0.44989165349514637
5,4,0.4,0.6,1.0,0.5,0.4,0.37362413613694967,1087,2021-04-24,2021-06-22,0.4535247501153865
5,4,0.4,0.6,1.0,0.5,0.4,0.3743099085488177,1088,2021-04-25,2021-06-23,0.46252524749239693
5,4,0.4,0.6,1.0,0.5,0.4,0.3763060336642371,1089,2021-04-26,2021-06-24,0.46080223976348
5,4,0.4,0.6,1.0,0.5,0.4,0.37570435009011877,1090,2021-04-27,2021-06-25,0.45467776093293716
5,4,0.4,0.6,1.0,0.5,0.4,0.37538409393810723,1091,2021-04-28,2021-06-26,0.45503367127696537
5,4,0.4,0.6,1.0,0.5,0.4,0.37693331904315786,1092,2021-04-29,2021-06-27,0.45511493675839054
5,4,0.4,0.6,1.0,0.5,0.4,0.37648351560666515,1093,2021-04-30,2021-06-28,0.4536116076651312
5,4,0.4,0.6,1.0,0.5,0.4,0.3820360432104859,1094,2021-05-01,2021-06-29,0.4668204416847382
5,4,0.4,0.6,1.0,0.5,0.4,0.38460017578542827,1095,2021-05-02,2021-06-30,0.4765677286191875
5,4,0.4,0.6,1.0,0.5,0.4,0.3855735813792893,1096,2021-05-03,2021-07-01,0.48021312888249534
5,4,0.4,0.6,1.0,0.5,0.4,0.3895774977456343,1097,2021-05-04,2021-07-02,0.4739609337411582
5,4,0.4,0.6,1.0,0.5,0.4,0.3896858443697213,1098,2021-05-05,2021-07-03,0.47321453150631826
5,4,0.4,0.6,1.0,0.5,0.4,0.38829044290287645,1099,2021-05-06,2021-07-04,0.4706959544584339
5,4,0.4,0.6,1.0,0.5,0.4,0.38665602722810594,1100,2021-05-07,2021-07-05,0.47179148317694874
5,4,0.4,0.6,1.0,0.5,0.4,0.38810350419536865,1101,2021-05-08,2021-07-06,0.4626606260553071
5,4,0.4,0.6,1.0,0.5,0.4,0.39100233576759297,1102,2021-05-09,2021-07-07,0.44472766883427595
5,4,0.4,0.6,1.0,0.5,0.4,0.3967640704429142,1103,2021-05-10,2021-07-08,0.4342206643157289
5,4,0.4,0.6,1.0,0.5,0.4,0.3914178651174691,1104,2021-05-11,2021-07-09,0.4490931532149993
5,4,0.4,0.6,1.0,0.5,0.4,0.3910616473053101,1105,2021-05-12,2021-07-10,0.44586806178984284
5,4,0.4,0.6,1.0,0.5,0.4,0.39441328486243943,1106,2021-05-13,2021-07-11,0.4220413180170037
5,4,0.4,0.6,1.0,0.5,0.4,0.39473050158230255,1107,2021-05-14,2021-07-12,0.4231009838393828
5,4,0.4,0.6,1.0,0.5,0.4,0.3967006846172545,1108,2021-05-15,2021-07-13,0.41713893223468335
5,4,0.4,0.6,1.0,0.5,0.4,0.3960461007085594,1109,2021-05-16,2021-07-14,0.4396943886722597
5,4,0.4,0.6,1.0,0.5,0.4,0.3967830003129318,1110,2021-05-17,2021-07-15,0.4410382684599686
5,4,0.4,0.6,1.0,0.5,0.4,0.39663441943549066,1111,2021-05-18,2021-07-16,0.4470894895239025
5,4,0.4,0.6,1.0,0.5,0.4,0.39786013831671807,1112,2021-05-19,2021-07-17,0.4450971140112593
5,4,0.4,0.6,1.0,0.5,0.4,0.39542185873360697,1113,2021-05-20,2021-07-18,0.40769942332578407
5,4,0.4,0.6,1.0,0.5,0.4,0.39583846164401826,1114,2021-05-21,2021-07-19,0.37883835812685374
5,4,0.4,0.6,1.0,0.5,0.4,0.3944570675187694,1115,2021-05-22,2021-07-20,0.36313170594954125
5,4,0.4,0.6,1.0,0.5,0.4,0.39921444535798667,1116,2021-05-23,2021-07-21,0.37458433364111376
5,4,0.4,0.6,1.0,0.5,0.4,0.400155874551517,1117,2021-05-24,2021-07-22,0.3762466910435184
5,4,0.4,0.6,1.0,0.5,0.4,0.39746560949656917,1118,2021-05-25,2021-07-23,0.35231330913023096
5,4,0.4,0.6,1.0,0.5,0.4,0.39748293347209135,1119,2021-05-26,2021-07-24,0.3524964452146081
5,4,0.4,0.6,1.0,0.5,0.4,0.39598708179845654,1120,2021-05-27,2021-07-25,0.3610247246227914
5,4,0.4,0.6,1.0,0.5,0.4,0.392751655467801,1121,2021-05-28,2021-07-26,0.37690401020181746
5,4,0.4,0.6,1.0,0.5,0.4,0.39125374281570746,1122,2021-05-29,2021-07-27,0.37559338083222826
5,4,0.4,0.6,1.0,0.5,0.4,0.389876648219419,1123,2021-05-30,2021-07-28,0.37502232009086467
5,4,0.4,0.6,1.0,0.5,0.4,0.3879637792507761,1124,2021-05-31,2021-07-29,0.3775424198712828
5,4,0.4,0.6,1.0,0.5,0.4,0.3907880318368239,1125,2021-06-01,2021-07-30,0.34986743245642227
5,4,0.4,0.6,1.0,0.5,0.4,0.3863161134574938,1126,2021-06-02,2021-07-31,0.3499231383958204
5,4,0.4,0.6,1.0,0.5,0.4,0.3834944349820367,1127,2021-06-03,2021-08-01,0.3480375386932065
5,4,0.4,0.6,1.0,0.5,0.4,0.38312745303367024,1128,2021-06-04,2021-08-02,0.3640325067290785
5,4,0.4,0.6,1.0,0.5,0.4,0.3833437735584297,1129,2021-06-05,2021-08-03,0.3791612545053057
5,4,0.4,0.6,1.0,0.5,0.4,0.3841793130355673,1130,2021-06-06,2021-08-04,0.383686793739385
5,4,0.4,0.6,1.0,0.5,0.4,0.3852539965389615,1131,2021-06-07,2021-08-05,0.38597737744878885
5,4,0.4,0.6,1.0,0.5,0.4,0.3834090361197767,1132,2021-06-08,2021-08-06,0.38464310098387405
5,4,0.4,0.6,1.0,0.5,0.4,0.3826519088339049,1133,2021-06-09,2021-08-07,0.365584417499898
5,4,0.4,0.6,1.0,0.5,0.4,0.386377496126272,1134,2021-06-10,2021-08-08,0.3710809163277553
5,4,0.4,0.6,1.0,0.5,0.4,0.38657284915748996,1135,2021-06-11,2021-08-09,0.377913432128938
5,4,0.4,0.6,1.0,0.5,0.4,0.3917323748667042,1136,2021-06-12,2021-08-10,0.37603420510682795
5,4,0.4,0.6,1.0,0.5,0.4,0.395109986700013,1137,2021-06-13,2021-08-11,0.3690748323097475
5,4,0.4,0.6,1.0,0.5,0.4,0.39712066209286734,1138,2021-06-14,2021-08-12,0.3693732904588754
5,4,0.4,0.6,1.0,0.5,0.4,0.39767680610359607,1139,2021-06-15,2021-08-13,0.38686913677212187
5,4,0.4,0.6,1.0,0.5,0.4,0.3962059908220631,1140,2021-06-16,2021-08-14,0.38158637611349466
5,4,0.4,0.6,1.0,0.5,0.4,0.3969776174278248,1141,2021-06-17,2021-08-15,0.3637923371731463
5,4,0.4,0.6,1.0,0.5,0.4,0.39788626218546685,1142,2021-06-18,2021-08-16,0.36408471778633605
5,4,0.4,0.6,1.0,0.5,0.4,0.3966217799543225,1143,2021-06-19,2021-08-17,0.35350030980660857
5,4,0.4,0.6,1.0,0.5,0.4,0.4011381376087517,1144,2021-06-20,2021-08-18,0.3446226889998491
5,4,0.4,0.6,1.0,0.5,0.4,0.40183093101873385,1145,2021-06-21,2021-08-19,0.33106792479649977
5,4,0.4,0.6,1.0,0.5,0.4,0.3957522939425091,1146,2021-06-22,2021-08-20,0.36357646189306947
5,4,0.4,0.6,1.0,0.5,0.4,0.3988216619339971,1147,2021-06-23,2021-08-21,0.36120459198531146
5,4,0.4,0.6,1.0,0.5,0.4,0.3976827037179561,1148,2021-06-24,2021-08-22,0.35863458088872024
5,4,0.4,0.6,1.0,0.5,0.4,0.39212427044054204,1149,2021-06-25,2021-08-23,0.36554986381741583
5,4,0.4,0.6,1.0,0.5,0.4,0.38839399152240917,1150,2021-06-26,2021-08-24,0.3585485640393083
5,4,0.4,0.6,1.0,0.5,0.4,0.3865964952797576,1151,2021-06-27,2021-08-25,0.36362704087176156
5,4,0.4,0.6,1.0,0.5,0.4,0.38501541573598624,1152,2021-06-28,2021-08-26,0.36927796025410053
5,4,0.4,0.6,1.0,0.5,0.4,0.3881254679789766,1153,2021-06-29,2021-08-27,0.3898960789868124
5,4,0.4,0.6,1.0,0.5,0.4,0.3870672628197459,1154,2021-06-30,2021-08-28,0.39439259063359366
5,4,0.4,0.6,1.0,0.5,0.4,0.3928425867032104,1155,2021-07-01,2021-08-29,0.3991256935091037
5,4,0.4,0.6,1.0,0.5,0.4,0.3887615800335393,1156,2021-07-02,2021-08-30,0.38685778039367963
5,4,0.4,0.6,1.0,0.5,0.4,0.3865805297404564,1157,2021-07-03,2021-08-31,0.38482946465164447
5,4,0.4,0.6,1.0,0.5,0.4,0.3847955800138205,1158,2021-07-04,2021-09-01,0.39098469907418754
5,4,0.4,0.6,1.0,0.5,0.4,0.38313587338518407,1159,2021-07-05,2021-09-02,0.3897580745689783
5,4,0.4,0.6,1.0,0.5,0.4,0.38195830854283325,1160,2021-07-06,2021-09-03,0.3988593227813724
5,4,0.4,0.6,1.0,0.5,0.4,0.38510879812320026,1161,2021-07-07,2021-09-04,0.4028401629550122
5,4,0.4,0.6,1.0,0.5,0.4,0.383997167827395,1162,2021-07-08,2021-09-05,0.40106619308175506
5,4,0.4,0.6,1.0,0.5,0.4,0.37490699004900924,1163,2021-07-09,2021-09-06,0.41602664840200676
5,4,0.4,0.6,1.0,0.5,0.4,0.3846370853268962,1164,2021-07-10,2021-09-07,0.4470421176252931
5,4,0.4,0.6,1.0,0.5,0.4,0.3835827164147254,1165,2021-07-11,2021-09-08,0.457631866716654
5,4,0.4,0.6,1.0,0.5,0.4,0.384573832397182,1166,2021-07-12,2021-09-09,0.45147013765949184
5,4,0.4,0.6,1.0,0.5,0.4,0.3845041173009912,1167,2021-07-13,2021-09-10,0.45179325916053176
5,4,0.4,0.6,1.0,0.5,0.4,0.3847495573370929,1168,2021-07-14,2021-09-11,0.4410241075403508
5,4,0.4,0.6,1.0,0.5,0.4,0.3863364718423946,1169,2021-07-15,2021-09-12,0.4406070001722398
5,4,0.4,0.6,1.0,0.5,0.4,0.386060259625876,1170,2021-07-16,2021-09-13,0.43153256196797346
5,4,0.4,0.6,1.0,0.5,0.4,0.38605913359603594,1171,2021-07-17,2021-09-14,0.4186053666559634
5,4,0.4,0.6,1.0,0.5,0.4,0.3846708452658959,1172,2021-07-18,2021-09-15,0.4250136663287091
5,4,0.4,0.6,1.0,0.5,0.4,0.38354880199576635,1173,2021-07-19,2021-09-16,0.43211661027448345
5,4,0.4,0.6,1.0,0.5,0.4,0.38110896821489093,1174,2021-07-20,2021-09-17,0.4293538557824994
5,4,0.4,0.6,1.0,0.5,0.4,0.3794895879573255,1175,2021-07-21,2021-09-18,0.42466813894066613
5,4,0.4,0.6,1.0,0.5,0.4,0.37521307328167564,1176,2021-07-22,2021-09-19,0.4093224112404002
5,4,0.4,0.6,1.0,0.5,0.4,0.37938026711303774,1177,2021-07-23,2021-09-20,0.42192369231686594
5,4,0.4,0.6,1.0,0.5,0.4,0.3811230310123496,1178,2021-07-24,2021-09-21,0.4288778917552336
5,4,0.4,0.6,1.0,0.5,0.4,0.38446505560700694,1179,2021-07-25,2021-09-22,0.4136742287971854
5,4,0.4,0.6,1.0,0.5,0.4,0.382772270894492,1180,2021-07-26,2021-09-23,0.42470529579369226
5,4,0.4,0.6,1.0,0.5,0.4,0.3847668584456245,1181,2021-07-27,2021-09-24,0.43117658629726147
5,4,0.4,0.6,1.0,0.5,0.4,0.3829585041667211,1182,2021-07-28,2021-09-25,0.43219383594065003
5,4,0.4,0.6,1.0,0.5,0.4,0.3829223135774391,1183,2021-07-29,2021-09-26,0.43228491810880093
5,4,0.4,0.6,1.0,0.5,0.4,0.38637793078120763,1184,2021-07-30,2021-09-27,0.42436174131933735
5,4,0.4,0.6,1.0,0.5,0.4,0.394737309743313,1185,2021-07-31,2021-09-28,0.4370686213056924
5,4,0.4,0.6,1.0,0.5,0.4,0.39347475567719126,1186,2021-08-01,2021-09-29,0.4318522914451376
5,4,0.4,0.6,1.0,0.5,0.4,0.4004540912297899,1187,2021-08-02,2021-09-30,0.4330750185192117
5,4,0.4,0.6,1.0,0.5,0.4,0.4023555696508159,1188,2021-08-03,2021-10-01,0.45348497291617595
5,4,0.4,0.6,1.0,0.5,0.4,0.4003260963024715,1189,2021-08-04,2021-10-02,0.45823024033267556
5,4,0.4,0.6,1.0,0.5,0.4,0.4000907128100059,1190,2021-08-05,2021-10-03,0.4683820255510862
5,4,0.4,0.6,1.0,0.5,0.4,0.3985691717112615,1191,2021-08-06,2021-10-04,0.46638792155619574
5,4,0.4,0.6,1.0,0.5,0.4,0.4008327493406927,1192,2021-08-07,2021-10-05,0.4792033225332871
5,4,0.4,0.6,1.0,0.5,0.4,0.3991839881029017,1193,2021-08-08,2021-10-06,0.49434938017801766
5,4,0.4,0.6,1.0,0.5,0.4,0.398172340609434,1194,2021-08-09,2021-10-07,0.4894686601116899
5,4,0.4,0.6,1.0,0.5,0.4,0.39847591100383345,1195,2021-08-10,2021-10-08,0.49336461894401307
5,4,0.4,0.6,1.0,0.5,0.4,0.3983312862150708,1196,2021-08-11,2021-10-09,0.4930393887149534
5,4,0.4,0.6,1.0,0.5,0.4,0.3982843610050933,1197,2021-08-12,2021-10-10,0.49227580578086877
5,4,0.4,0.6,1.0,0.5,0.4,0.4015360206848031,1198,2021-08-13,2021-10-11,0.483737088711937
5,4,0.4,0.6,1.0,0.5,0.4,0.3995200015964654,1199,2021-08-14,2021-10-12,0.4682908628010244
5,4,0.4,0.6,1.0,0.5,0.4,0.3968632574579926,1200,2021-08-15,2021-10-13,0.4867941034937863
5,4,0.4,0.6,1.0,0.5,0.4,0.3958425742397645,1201,2021-08-16,2021-10-14,0.4851506224650352
5,4,0.4,0.6,1.0,0.5,0.4,0.39448234706349317,1202,2021-08-17,2021-10-15,0.4821195480556565
5,4,0.4,0.6,1.0,0.5,0.4,0.40060115990053136,1203,2021-08-18,2021-10-16,0.4571599170131839
5,4,0.4,0.6,1.0,0.5,0.4,0.40014378687867097,1204,2021-08-19,2021-10-17,0.4577829730212931
5,4,0.4,0.6,1.0,0.5,0.4,0.4017998565169608,1205,2021-08-20,2021-10-18,0.48279112969158555
5,4,0.4,0.6,1.0,0.5,0.4,0.39985235859230417,1206,2021-08-21,2021-10-19,0.49360038778575255
5,4,0.4,0.6,1.0,0.5,0.4,0.3970332034180519,1207,2021-08-22,2021-10-20,0.5009977669560249
5,4,0.4,0.6,1.0,0.5,0.4,0.3954942286176059,1208,2021-08-23,2021-10-21,0.509283148804538
5,4,0.4,0.6,1.0,0.5,0.4,0.40189654411576936,1209,2021-08-24,2021-10-22,0.5035848239136597
5,4,0.4,0.6,1.0,0.5,0.4,0.40143558678905505,1210,2021-08-25,2021-10-23,0.5077625907600191
5,4,0.4,0.6,1.0,0.5,0.4,0.4022218065340803,1211,2021-08-26,2021-10-24,0.5041861597657388
5,4,0.4,0.6,1.0,0.5,0.4,0.4050690794365841,1212,2021-08-27,2021-10-25,0.48923750588909165
5,4,0.4,0.6,1.0,0.5,0.4,0.4070798151000611,1213,2021-08-28,2021-10-26,0.4717572981929902
5,4,0.4,0.6,1.0,0.5,0.4,0.4112382889160809,1214,2021-08-29,2021-10-27,0.477803160526161
5,5,0.5,0.4666666666666667,1.7,0.75,0.5,0.2830294448683616,1215,2021-08-30,2021-10-28,0.4934081052311684
5,5,0.5,0.4666666666666667,1.7,0.75,0.5,0.2859945064873605,1216,2021-08-31,2021-10-29,0.4671684583768158
5,4,0.4,0.6,1.0,0.5,0.4,0.41909777290371275,1217,2021-09-01,2021-10-30,0.46780515608318785
5,4,0.4,0.6,1.0,0.5,0.4,0.4218481833810269,1218,2021-09-02,2021-10-31,0.4587999086258262
5,3,0.3,0.0,1.3333333333333333,0.5,0.3,0.4698185267819903,1219,2021-09-03,2021-11-01,0.45515301570179617
5,3,0.3,0.0,1.3333333333333333,0.5,0.3,0.4714557032889528,1220,2021-09-04,2021-11-02,0.4303071755804835
5,3,0.3,0.0,1.3333333333333333,0.5,0.3,0.46994780437499495,1221,2021-09-05,2021-11-03,0.4335534892464203
5,4,0.4,0.6,1.0,0.5,0.4,0.42268786928808794,1222,2021-09-06,2021-11-04,0.44220995718033007
5,4,0.4,0.6,1.0,0.5,0.4,0.4236641533411414,1223,2021-09-07,2021-11-05,0.4419711970375261
5,4,0.4,0.6,1.0,0.5,0.4,0.4192010491362935,1224,2021-09-08,2021-11-06,0.4202625596754258
5,4,0.4,0.6,1.0,0.5,0.4,0.4207438655975665,1225,2021-09-09,2021-11-07,0.4211310306985873
5,4,0.4,0.6,1.0,0.5,0.4,0.41978548489808765,1226,2021-09-10,2021-11-08,0.43426573556095177
5,3,0.3,0.0,1.3333333333333333,0.5,0.3,0.46533571033425225,1227,2021-09-11,2021-11-09,0.43160194871376467
5,4,0.4,0.6,1.0,0.5,0.4,0.4162755610436379,1228,2021-09-12,2021-11-10,0.44956093435483657
5,4,0.4,0.6,1.0,0.5,0.4,0.41518177581933813,1229,2021-09-13,2021-11-11,0.44703183983424283
5,4,0.4,0.6,1.0,0.5,0.4,0.4152701851826795,1230,2021-09-14,2021-11-12,0.44367752342019984
5,4,0.4,0.6,1.0,0.5,0.4,0.41355790572973045,1231,2021-09-15,2021-11-13,0.4513610374767104
5,4,0.4,0.6,1.0,0.5,0.4,0.4141108788316734,1232,2021-09-16,2021-11-14,0.4464498835332176
5,3,0.3,0.0,1.3333333333333333,0.5,0.3,0.4623109053362512,1233,2021-09-17,2021-11-15,0.43942330976946753
5,3,0.3,0.0,1.3333333333333333,0.5,0.3,0.4681050362553357,1234,2021-09-18,2021-11-16,0.4384373856412556
5,3,0.3,0.0,1.3333333333333333,0.5,0.3,0.4719532819719148,1235,2021-09-19,2021-11-17,0.43551934481700644
5,3,0.3,0.0,1.3333333333333333,0.5,0.3,0.47338833817593734,1236,2021-09-20,2021-11-18,0.420974936321048
5,3,0.3,0.0,1.3333333333333333,0.5,0.3,0.4679883496441281,1237,2021-09-21,2021-11-19,0.40378099325223216
5,4,0.4,0.6,1.0,0.5,0.4,0.41781136774013183,1238,2021-09-22,2021-11-20,0.3954641069235494
5,4,0.4,0.6,1.0,0.5,0.4,0.41490349337040555,1239,2021-09-23,2021-11-21,0.4075220089831471
5,3,0.3,0.0,1.3333333333333333,0.5,0.3,0.4675827367057833,1240,2021-09-24,2021-11-22,0.398022246959678
5,3,0.3,0.0,1.3333333333333333,0.5,0.3,0.466228414441693,1241,2021-09-25,2021-11-23,0.3863715652224255
5,4,0.4,0.6,1.0,0.5,0.4,0.4186159107943971,1242,2021-09-26,2021-11-24,0.3889868000605247
5,3,0.3,0.0,1.3333333333333333,0.5,0.3,0.4673645049321418,1243,2021-09-27,2021-11-25,0.38337024953007515
5,3,0.3,0.0,1.3333333333333333,0.5,0.3,0.4753527108466511,1244,2021-09-28,2021-11-26,0.35959722349241563
5,3,0.3,0.0,1.3333333333333333,0.5,0.3,0.4760508995456164,1245,2021-09-29,2021-11-27,0.333868351359727
5,3,0.3,0.0,1.3333333333333333,0.5,0.3,0.4805225433441239,1246,2021-09-30,2021-11-28,0.3335817506315018
5,3,0.3,0.0,1.3333333333333333,0.5,0.3,0.47973291970864607,1247,2021-10-01,2021-11-29,0.32817532689222384
5,3,0.3,0.0,1.3333333333333333,0.5,0.3,0.4766859880875134,1248,2021-10-02,2021-11-30,0.30384929064101474
5,3,0.3,0.0,1.3333333333333333,0.5,0.3,0.4782998143431485,1249,2021-10-03,2021-12-01,0.30371591415915317
5,3,0.3,0.0,1.3333333333333333,0.5,0.3,0.47971689341121715,1250,2021-10-04,2021-12-02,0.30107771667942124
5,3,0.3,0.0,1.3333333333333333,0.5,0.3,0.48188179658787966,1251,2021-10-05,2021-12-03,0.31883016550613036
5,3,0.3,0.0,1.3333333333333333,0.5,0.3,0.47886541556110296,1252,2021-10-06,2021-12-04,0.3273649702724436
5,3,0.3,0.0,1.3333333333333333,0.5,0.3,0.48111818127044353,1253,2021-10-07,2021-12-05,0.3310577778919229
5,3,0.3,0.0,1.3333333333333333,0.5,0.3,0.4823961738608401,1254,2021-10-08,2021-12-06,0.33761692850272523
5,3,0.3,0.0,1.3333333333333333,0.5,0.3,0.48463406634444317,1255,2021-10-09,2021-12-07,0.328924783431102
5,2,0.2,0.0,1.0,0.25,0.2,0.48839029828341324,1256,2021-10-10,2021-12-08,0.32812752822230795
5,2,0.2,0.0,1.0,0.25,0.2,0.4846346801777408,1257,2021-10-11,2021-12-09,0.3296554857008321
5,3,0.3,0.0,1.3333333333333333,0.5,0.3,0.4886693046045093,1258,2021-10-12,2021-12-10,0.32441225467872703
5,3,0.3,0.0,1.3333333333333333,0.5,0.3,0.4884222305492082,1259,2021-10-13,2021-12-11,0.33253050529095807
5,2,0.2,0.0,1.0,0.25,0.2,0.4831587113574436,1260,2021-10-14,2021-12-12,0.31522183861798164
5,3,0.3,0.0,1.3333333333333333,0.5,0.3,0.4922080109883059,1261,2021-10-15,2021-12-13,0.3264535559963127
5,2,0.2,0.0,1.0,0.25,0.2,0.4789844166820564,1262,2021-10-16,2021-12-14,0.3188153302231881
5,3,0.3,0.0,1.3333333333333333,0.5,0.3,0.49245933231952727,1263,2021-10-17,2021-12-15,0.3316399571829397
5,3,0.3,0.0,1.3333333333333333,0.5,0.3,0.49191617729972115,1264,2021-10-18,2021-12-16,0.3270288302779797
5,3,0.3,0.0,1.3333333333333333,0.5,0.3,0.49027609879546763,1265,2021-10-19,2021-12-17,0.34283833977623346
5,3,0.3,0.0,1.3333333333333333,0.5,0.3,0.4894964289881356,1266,2021-10-20,2021-12-18,0.3283384955624895
5,3,0.3,0.0,1.3333333333333333,0.5,0.3,0.4900907045553807,1267,2021-10-21,2021-12-19,0.3181213578493567
5,3,0.3,0.0,1.3333333333333333,0.5,0.3,0.4908762464394677,1268,2021-10-22,2021-12-20,0.3144109969520753
5,3,0.3,0.0,1.3333333333333333,0.5,0.3,0.4889918407099476,1269,2021-10-23,2021-12-21,0.3217309952254763
5,3,0.3,0.0,1.3333333333333333,0.5,0.3,0.4863025792223649,1270,2021-10-24,2021-12-22,0.32450900693927676
5,3,0.3,0.0,1.3333333333333333,0.5,0.3,0.48646852925662576,1271,2021-10-25,2021-12-23,0.33064119124710134
5,3,0.3,0.0,1.3333333333333333,0.5,0.3,0.4859032908843263,1272,2021-10-26,2021-12-24,0.3292402515745679
5,3,0.3,0.0,1.3333333333333333,0.5,0.3,0.48600514230719416,1273,2021-10-27,2021-12-25,0.33380401957159805
5,3,0.3,0.0,1.3333333333333333,0.5,0.3,0.48531850774423824,1274,2021-10-28,2021-12-26,0.3331751309653414
5,3,0.3,0.0,1.3333333333333333,0.5,0.3,0.4870565289107672,1275,2021-10-29,2021-12-27,0.32379661541000154
5,3,0.3,0.0,1.3333333333333333,0.5,0.3,0.4885890168461342,1276,2021-10-30,2021-12-28,0.3211637475640815
5,3,0.3,0.0,1.3333333333333333,0.5,0.3,0.48880421422302456,1277,2021-10-31,2021-12-29,0.320557502138764
5,3,0.3,0.0,1.3333333333333333,0.5,0.3,0.48917336539940537,1278,2021-11-01,2021-12-30,0.3215402249904869
5,3,0.3,0.0,1.3333333333333333,0.5,0.3,0.4878044416329391,1279,2021-11-02,2021-12-31,0.3246536351803257
5,3,0.3,0.0,1.3333333333333333,0.5,0.3,0.4871983898069475,1280,2021-11-03,2022-01-01,0.34078252310883267
5,3,0.3,0.0,1.3333333333333333,0.5,0.3,0.4882149000035959,1281,2021-11-04,2022-01-02,0.33887555467863273
5,3,0.3,0.0,1.3333333333333333,0.5,0.3,0.488415545521547,1282,2021-11-05,2022-01-03,0.33837521960788924
5,3,0.3,0.0,1.3333333333333333,0.5,0.3,0.4883101322112249,1283,2021-11-06,2022-01-04,0.3353030145827243
5,3,0.3,0.0,1.3333333333333333,0.5,0.3,0.4887807002012537,1284,2021-11-07,2022-01-05,0.33609094815941576
5,3,0.3,0.0,1.3333333333333333,0.5,0.3,0.4882915630799863,1285,2021-11-08,2022-01-06,0.33811557549832744
5,3,0.3,0.0,1.3333333333333333,0.5,0.3,0.4877158071658848,1286,2021-11-09,2022-01-07,0.3319205714177185
5,3,0.3,0.0,1.3333333333333333,0.5,0.3,0.48562808237327715,1287,2021-11-10,2022-01-08,0.33581494774753695
5,3,0.3,0.0,1.3333333333333333,0.5,0.3,0.48864189657768686,1288,2021-11-11,2022-01-09,0.3337666869149754
5,3,0.3,0.0,1.3333333333333333,0.5,0.3,0.4895651226430282,1289,2021-11-12,2022-01-10,0.33042437440911376
5,3,0.3,0.0,1.3333333333333333,0.5,0.3,0.48875362523926835,1290,2021-11-13,2022-01-11,0.3335856216169571
5,3,0.3,0.0,1.3333333333333333,0.5,0.3,0.4861190638086822,1291,2021-11-14,2022-01-12,0.3459961994265909
5,3,0.3,0.0,1.3333333333333333,0.5,0.3,0.4865665549935382,1292,2021-11-15,2022-01-13,0.3465046454191895
5,3,0.3,0.0,1.3333333333333333,0.5,0.3,0.4847578204442382,1293,2021-11-16,2022-01-14,0.35166830133935034
5,3,0.3,0.0,1.3333333333333333,0.5,0.3,0.48112371528222475,1294,2021-11-17,2022-01-15,0.35737468296788394
5,3,0.3,0.0,1.3333333333333333,0.5,0.3,0.47755778634871926,1295,2021-11-18,2022-01-16,0.3615499602079253
5,3,0.3,0.0,1.3333333333333333,0.5,0.3,0.4768004405667986,1296,2021-11-19,2022-01-17,0.3610855939861953
5,3,0.3,0.0,1.3333333333333333,0.5,0.3,0.4776505882659755,1297,2021-11-20,2022-01-18,0.36221139865087365
5,3,0.3,0.0,1.3333333333333333,0.5,0.3,0.4791892763906029,1298,2021-11-21,2022-01-19,0.35919438238963575
5,3,0.3,0.0,1.3333333333333333,0.5,0.3,0.4792133933536934,1299,2021-11-22,2022-01-20,0.35778077568003713
5,3,0.3,0.0,1.3333333333333333,0.5,0.3,0.48321531856101785,1300,2021-11-23,2022-01-21,0.3789885350947265
5,3,0.3,0.0,1.3333333333333333,0.5,0.3,0.4842071222319114,1301,2021-11-24,2022-01-22,0.3890272861423116
5,3,0.3,0.0,1.3333333333333333,0.5,0.3,0.4852561413110807,1302,2021-11-25,2022-01-23,0.3895356645826423
5,3,0.3,0.0,1.3333333333333333,0.5,0.3,0.48357126907543,1303,2021-11-26,2022-01-24,0.39505725316388474
5,3,0.3,0.0,1.3333333333333333,0.5,0.3,0.47988484717364976,1304,2021-11-27,2022-01-25,0.38819810518496045
5,4,0.4,0.6,1.0,0.5,0.4,0.4307777544343184,1305,2021-11-28,2022-01-26,0.410473925048583
5,4,0.4,0.6,1.0,0.5,0.4,0.4203040168520314,1306,2021-11-29,2022-01-27,0.40898402257011907
5,4,0.4,0.6,1.0,0.5,0.4,0.4208190156838769,1307,2021-11-30,2022-01-28,0.4050747447856941
5,4,0.4,0.6,1.0,0.5,0.4,0.4235004869997998,1308,2021-12-01,2022-01-29,0.4088837949360986
5,4,0.4,0.6,1.0,0.5,0.4,0.4236027421411416,1309,2021-12-02,2022-01-30,0.40947989901971377
5,4,0.4,0.6,1.0,0.5,0.4,0.41984904348741564,1310,2021-12-03,2022-01-31,0.4166951913522213
5,4,0.4,0.6,1.0,0.5,0.4,0.41206999565268304,1311,2021-12-04,2022-02-01,0.41577073472060466
5,4,0.4,0.6,1.0,0.5,0.4,0.4170258126632661,1312,2021-12-05,2022-02-02,0.4043824614948465
5,4,0.4,0.6,1.0,0.5,0.4,0.4202959568740616,1313,2021-12-06,2022-02-03,0.40325439460129414
5,4,0.4,0.6,1.0,0.5,0.4,0.4237125581646115,1314,2021-12-07,2022-02-04,0.3537571770152327
5,4,0.4,0.6,1.0,0.5,0.4,0.42033875715141644,1315,2021-12-08,2022-02-05,0.3560684413111114
5,4,0.4,0.6,1.0,0.5,0.4,0.41588160090013626,1316,2021-12-09,2022-02-06,0.3624392041554426
5,4,0.4,0.6,1.0,0.5,0.4,0.41608033007853823,1317,2021-12-10,2022-02-07,0.3577678534289688
5,4,0.4,0.6,1.0,0.5,0.4,0.41834181613220744,1318,2021-12-11,2022-02-08,0.36228272448043375
5,4,0.4,0.6,1.0,0.5,0.4,0.41878055303823325,1319,2021-12-12,2022-02-09,0.3536780530425824
5,4,0.4,0.6,1.0,0.5,0.4,0.41873593388178276,1320,2021-12-13,2022-02-10,0.35300573835740245
5,4,0.4,0.6,1.0,0.5,0.4,0.4192222128011167,1321,2021-12-14,2022-02-11,0.340428814426523
5,4,0.4,0.6,1.0,0.5,0.4,0.41985894410602254,1322,2021-12-15,2022-02-12,0.34029530754981996
5,4,0.4,0.6,1.0,0.5,0.4,0.42043425974431714,1323,2021-12-16,2022-02-13,0.3333782913370212
5,4,0.4,0.6,1.0,0.5,0.4,0.4210294520886768,1324,2021-12-17,2022-02-14,0.33463196896323083
5,4,0.4,0.6,1.0,0.5,0.4,0.42618531260840087,1325,2021-12-18,2022-02-15,0.3300499768481472
5,4,0.4,0.6,1.0,0.5,0.4,0.4305738371095443,1326,2021-12-19,2022-02-16,0.32763059719828797
5,4,0.4,0.6,1.0,0.5,0.4,0.43197093032321476,1327,2021-12-20,2022-02-17,0.3284997361836698
5,4,0.4,0.6,1.0,0.5,0.4,0.42973754040471546,1328,2021-12-21,2022-02-18,0.3342278948965846
5,4,0.4,0.6,1.0,0.5,0.4,0.42979043600919864,1329,2021-12-22,2022-02-19,0.3329562117120234
5,4,0.4,0.6,1.0,0.5,0.4,0.4324262209109152,1330,2021-12-23,2022-02-20,0.33156198101733214
5,4,0.4,0.6,1.0,0.5,0.4,0.4310301390551199,1331,2021-12-24,2022-02-21,0.3312653822531252
5,4,0.4,0.6,1.0,0.5,0.4,0.4329130853678559,1332,2021-12-25,2022-02-22,0.33452042820044137
5,4,0.4,0.6,1.0,0.5,0.4,0.4341965194543029,1333,2021-12-26,2022-02-23,0.33399016005202437
5,4,0.4,0.6,1.0,0.5,0.4,0.4282152802791642,1334,2021-12-27,2022-02-24,0.33473457619132063
5,4,0.4,0.6,1.0,0.5,0.4,0.42459654686358467,1335,2021-12-28,2022-02-25,0.3492609438691826
5,4,0.4,0.6,1.0,0.5,0.4,0.4222208415485087,1336,2021-12-29,2022-02-26,0.35659989755171273
5,4,0.4,0.6,1.0,0.5,0.4,0.42253695267937297,1337,2021-12-30,2022-02-27,0.37631847725918466
5,4,0.4,0.6,1.0,0.5,0.4,0.42138913657754334,1338,2021-12-31,2022-02-28,0.3971001907622219
5,4,0.4,0.6,1.0,0.5,0.4,0.4239710593030012,1339,2022-01-01,2022-03-01,0.38907154268419414
5,4,0.4,0.6,1.0,0.5,0.4,0.42659478764631836,1340,2022-01-02,2022-03-02,0.38509521846143435
5,4,0.4,0.6,1.0,0.5,0.4,0.4313788290399285,1341,2022-01-03,2022-03-03,0.37795957703945493
5,3,0.3,0.0,1.3333333333333333,0.5,0.3,0.48221209973332385,1342,2022-01-04,2022-03-04,0.378184400968107
5,3,0.3,0.0,1.3333333333333333,0.5,0.3,0.4847039319293237,1343,2022-01-05,2022-03-05,0.3623855561552372
5,3,0.3,0.0,1.3333333333333333,0.5,0.3,0.4844909425175715,1344,2022-01-06,2022-03-06,0.3677547006451431
5,3,0.3,0.0,1.3333333333333333,0.5,0.3,0.48440870520565454,1345,2022-01-07,2022-03-07,0.3681467954788278
5,3,0.3,0.0,1.3333333333333333,0.5,0.3,0.48572680376126004,1346,2022-01-08,2022-03-08,0.3731525131139477
5,3,0.3,0.0,1.3333333333333333,0.5,0.3,0.4844235422090738,1347,2022-01-09,2022-03-09,0.41057450620274444
5,3,0.3,0.0,1.3333333333333333,0.5,0.3,0.4867529616475339,1348,2022-01-10,2022-03-10,0.40579319928641516
5,3,0.3,0.0,1.3333333333333333,0.5,0.3,0.4856738335046396,1349,2022-01-11,2022-03-11,0.41208713453571894
5,3,0.3,0.0,1.3333333333333333,0.5,0.3,0.48525541136031963,1350,2022-01-12,2022-03-12,0.403000248284736
5,3,0.3,0.0,1.3333333333333333,0.5,0.3,0.4871553992862903,1351,2022-01-13,2022-03-13,0.38310874652471494
5,3,0.3,0.0,1.3333333333333333,0.5,0.3,0.4876590382722321,1352,2022-01-14,2022-03-14,0.37278218801550267
5,3,0.3,0.0,1.3333333333333333,0.5,0.3,0.48788034547043546,1353,2022-01-15,2022-03-15,0.3753234276284697
5,3,0.3,0.0,1.3333333333333333,0.5,0.3,0.4855825787387008,1354,2022-01-16,2022-03-16,0.4028055763332395
5,3,0.3,0.0,1.3333333333333333,0.5,0.3,0.485517130005818,1355,2022-01-17,2022-03-17,0.4049665398431504
5,3,0.3,0.0,1.3333333333333333,0.5,0.3,0.4859810566370626,1356,2022-01-18,2022-03-18,0.4035223085907601
5,3,0.3,0.0,1.3333333333333333,0.5,0.3,0.4869013236214428,1357,2022-01-19,2022-03-19,0.40069871435809945
5,3,0.3,0.0,1.3333333333333333,0.5,0.3,0.4869641280031271,1358,2022-01-20,2022-03-20,0.40260538130822665
5,3,0.3,0.0,1.3333333333333333,0.5,0.3,0.48719815501258856,1359,2022-01-21,2022-03-21,0.4015661031923125
5,3,0.3,0.0,1.3333333333333333,0.5,0.3,0.4850976426905568,1360,2022-01-22,2022-03-22,0.4131430599323787
5,3,0.3,0.0,1.3333333333333333,0.5,0.3,0.4856771337651066,1361,2022-01-23,2022-03-23,0.4104576449805939
5,3,0.3,0.0,1.3333333333333333,0.5,0.3,0.4857225805733394,1362,2022-01-24,2022-03-24,0.4098060618457657
5,3,0.3,0.0,1.3333333333333333,0.5,0.3,0.4869157588705335,1363,2022-01-25,2022-03-25,0.4094769378542524
5,3,0.3,0.0,1.3333333333333333,0.5,0.3,0.48659678283849284,1364,2022-01-26,2022-03-26,0.40986610916427707
5,3,0.3,0.0,1.3333333333333333,0.5,0.3,0.4872006932018552,1365,2022-01-27,2022-03-27,0.4076210231240288
5,3,0.3,0.0,1.3333333333333333,0.5,0.3,0.48985336506723975,1366,2022-01-28,2022-03-28,0.39930763395317187
5,3,0.3,0.0,1.3333333333333333,0.5,0.3,0.490512870613669,1367,2022-01-29,2022-03-29,0.40146902998908585
5,3,0.3,0.0,1.3333333333333333,0.5,0.3,0.49029636488748957,1368,2022-01-30,2022-03-30,0.39930863513463216
5,3,0.3,0.0,1.3333333333333333,0.5,0.3,0.4914951479043425,1369,2022-01-31,2022-03-31,0.40022552826456553
5,3,0.3,0.0,1.3333333333333333,0.5,0.3,0.4921121983777186,1370,2022-02-01,2022-04-01,0.3886723064362292
5,3,0.3,0.0,1.3333333333333333,0.5,0.3,0.49361367331346484,1371,2022-02-02,2022-04-02,0.38218825160839204
5,3,0.3,0.0,1.3333333333333333,0.5,0.3,0.4930997013623156,1372,2022-02-03,2022-04-03,0.3897923101455061
5,3,0.3,0.0,1.3333333333333333,0.5,0.3,0.4937500876688309,1373,2022-02-04,2022-04-04,0.38803669084641873
5,2,0.2,0.0,1.0,0.25,0.2,0.48622734919714317,1374,2022-02-05,2022-04-05,0.42321063978236584
5,2,0.2,0.0,1.0,0.25,0.2,0.488143793317555,1375,2022-02-06,2022-04-06,0.4287830807771523
5,2,0.2,0.0,1.0,0.25,0.2,0.48782696729821723,1376,2022-02-07,2022-04-07,0.4260983882778385
5,2,0.2,0.0,1.0,0.25,0.2,0.48721857419724557,1377,2022-02-08,2022-04-08,0.4231775923459059
5,2,0.2,0.0,1.0,0.25,0.2,0.486554959289337,1378,2022-02-09,2022-04-09,0.4210286314926071
5,2,0.2,0.0,1.0,0.25,0.2,0.48627859380044347,1379,2022-02-10,2022-04-10,0.41936316326752365
5,2,0.2,0.0,1.0,0.25,0.2,0.4855960543752043,1380,2022-02-11,2022-04-11,0.4212113211965236
5,2,0.2,0.0,1.0,0.25,0.2,0.4866077873032068,1381,2022-02-12,2022-04-12,0.41842994846020953
5,2,0.2,0.0,1.0,0.25,0.2,0.4891956553671784,1382,2022-02-13,2022-04-13,0.4210391363977761
5,2,0.2,0.0,1.0,0.25,0.2,0.48935536178748407,1383,2022-02-14,2022-04-14,0.4304453673424251
5,2,0.2,0.0,1.0,0.25,0.2,0.48926014014764746,1384,2022-02-15,2022-04-15,0.43170783490754205
5,2,0.2,0.0,1.0,0.25,0.2,0.48920713613491384,1385,2022-02-16,2022-04-16,0.42755006656241434
5,2,0.2,0.0,1.0,0.25,0.2,0.48908880385288445,1386,2022-02-17,2022-04-17,0.4291816241273348
5,2,0.2,0.0,1.0,0.25,0.2,0.48989483265605765,1387,2022-02-18,2022-04-18,0.43759306571974166
5,2,0.2,0.0,1.0,0.25,0.2,0.4896396258396254,1388,2022-02-19,2022-04-19,0.43820843892558325
5,2,0.2,0.0,1.0,0.25,0.2,0.4903361792272256,1389,2022-02-20,2022-04-20,0.43707492237005996
5,2,0.2,0.0,1.0,0.25,0.2,0.4903599988539789,1390,2022-02-21,2022-04-21,0.44512417143789607
5,3,0.3,0.0,1.3333333333333333,0.5,0.3,0.4917551437743775,1391,2022-02-22,2022-04-22,0.4525551803746244
5,3,0.3,0.0,1.3333333333333333,0.5,0.3,0.49000217821024594,1392,2022-02-23,2022-04-23,0.4499815195432418
5,3,0.3,0.0,1.3333333333333333,0.5,0.3,0.4898937950531547,1393,2022-02-24,2022-04-24,0.4493412964685862
5,3,0.3,0.0,1.3333333333333333,0.5,0.3,0.4912708146234469,1394,2022-02-25,2022-04-25,0.44931807286412323
5,3,0.3,0.0,1.3333333333333333,0.5,0.3,0.4928331399102917,1395,2022-02-26,2022-04-26,0.4535425984236168
5,3,0.3,0.0,1.3333333333333333,0.5,0.3,0.4936328368355198,1396,2022-02-27,2022-04-27,0.4388547728834216
5,3,0.3,0.0,1.3333333333333333,0.5,0.3,0.4935081570625438,1397,2022-02-28,2022-04-28,0.42850655719222885
5,2,0.2,0.0,1.0,0.25,0.2,0.4804976633394785,1398,2022-03-01,2022-04-29,0.38026307570071904
5,2,0.2,0.0,1.0,0.25,0.2,0.48044765733883854,1399,2022-03-02,2022-04-30,0.37267065687002787
5,2,0.2,0.0,1.0,0.25,0.2,0.48184501135419167,1400,2022-03-03,2022-05-01,0.376843361697259
5,2,0.2,0.0,1.0,0.25,0.2,0.4816986156923568,1401,2022-03-04,2022-05-02,0.38047750813429
5,2,0.2,0.0,1.0,0.25,0.2,0.4793691663165844,1402,2022-03-05,2022-05-03,0.3662957130187915
5,3,0.3,0.0,1.3333333333333333,0.5,0.3,0.4922964832674068,1403,2022-03-06,2022-05-04,0.427527219359589
5,3,0.3,0.0,1.3333333333333333,0.5,0.3,0.4892309100172103,1404,2022-03-07,2022-05-05,0.48045734858854194
5,3,0.3,0.0,1.3333333333333333,0.5,0.3,0.4895057321895844,1405,2022-03-08,2022-05-06,0.4784576758185973
5,3,0.3,0.0,1.3333333333333333,0.5,0.3,0.48918077866213316,1406,2022-03-09,2022-05-07,0.48323886088371637
5,3,0.3,0.0,1.3333333333333333,0.5,0.3,0.49053913781106034,1407,2022-03-10,2022-05-08,0.4481995949507326
5,3,0.3,0.0,1.3333333333333333,0.5,0.3,0.49152424456736693,1408,2022-03-11,2022-05-09,0.42884324388881845
5,3,0.3,0.0,1.3333333333333333,0.5,0.3,0.49182014430575755,1409,2022-03-12,2022-05-10,0.41766262812297095
5,3,0.3,0.0,1.3333333333333333,0.5,0.3,0.4920010145167743,1410,2022-03-13,2022-05-11,0.4188505811226599
5,3,0.3,0.0,1.3333333333333333,0.5,0.3,0.4924675916062203,1411,2022-03-14,2022-05-12,0.4254150664769896
5,5,0.5,0.4666666666666667,1.7,0.75,0.5,0.2144462918821633,1412,2022-03-15,2022-05-13,0.44803369870007703
5,5,0.5,0.4666666666666667,1.7,0.75,0.5,0.21260234161720204,1413,2022-03-16,2022-05-14,0.4573765692415252
5,4,0.4,0.0,2.0,0.5,0.4,0.21759476287810567,1414,2022-03-17,2022-05-15,0.4330420069823016
5,4,0.4,0.0,2.0,0.5,0.4,0.21865146483124165,1415,2022-03-18,2022-05-16,0.4144991378780921
5,4,0.4,0.0,2.0,0.5,0.4,0.22769497060503074,1416,2022-03-19,2022-05-17,0.4392078299521163
5,4,0.4,0.0,2.0,0.5,0.4,0.23017444390038452,1417,2022-03-20,2022-05-18,0.46574818720197725
5,5,0.5,0.4666666666666667,1.7,0.75,0.5,0.22835677153935935,1418,2022-03-21,2022-05-19,0.4967019153433713
5,5,0.5,0.4666666666666667,1.7,0.75,0.5,0.22833621154207157,1419,2022-03-22,2022-05-20,0.49497140508777787
5,5,0.5,0.4666666666666667,1.7,0.75,0.5,0.23110374134845807,1420,2022-03-23,2022-05-21,0.4877856072010127
5,5,0.5,0.4666666666666667,1.7,0.75,0.5,0.22777179084326118,1421,2022-03-24,2022-05-22,0.4948062508404586
5,4,0.4,0.0,2.0,0.5,0.4,0.22774026405086034,1422,2022-03-25,2022-05-23,0.47962843740993943
5,4,0.4,0.0,2.0,0.5,0.4,0.22664272410965794,1423,2022-03-26,2022-05-24,0.4805881956073283
5,4,0.4,0.0,2.0,0.5,0.4,0.22417283057994195,1424,2022-03-27,2022-05-25,0.47857395300280003
5,4,0.4,0.0,2.0,0.5,0.4,0.22410680247612944,1425,2022-03-28,2022-05-26,0.4703468051753935
5,4,0.4,0.0,2.0,0.5,0.4,0.2262263625692802,1426,2022-03-29,2022-05-27,0.4672704628140119
5,4,0.4,0.0,2.0,0.5,0.4,0.23108194314774005,1427,2022-03-30,2022-05-28,0.4676785751119856
5,4,0.4,0.0,2.0,0.5,0.4,0.22975187472923245,1428,2022-03-31,2022-05-29,0.4693731909242816
5,5,0.5,0.4666666666666667,1.7,0.75,0.5,0.3014573367681919,1429,2022-04-01,2022-05-30,0.48003571428378466
5,5,0.5,0.4666666666666667,1.7,0.75,0.5,0.3015336929840664,1430,2022-04-02,2022-05-31,0.4842098150248176
5,5,0.5,0.4666666666666667,1.7,0.75,0.5,0.3039853825724337,1431,2022-04-03,2022-06-01,0.4937029436419797
5,5,0.5,0.4666666666666667,1.7,0.75,0.5,0.30096866349712537,1432,2022-04-04,2022-06-02,0.5041804372980979
5,5,0.5,0.4666666666666667,1.7,0.75,0.5,0.29919895643816335,1433,2022-04-05,2022-06-03,0.5145246978939118
5,5,0.5,0.4666666666666667,1.7,0.75,0.5,0.29792351823476704,1434,2022-04-06,2022-06-04,0.5141167823202256
5,5,0.5,0.4666666666666667,1.7,0.75,0.5,0.29996153368826906,1435,2022-04-07,2022-06-05,0.5146803070600583
5,5,0.5,0.4666666666666667,1.7,0.75,0.5,0.3021323628475083,1436,2022-04-08,2022-06-06,0.5117997586005175
5,4,0.4,0.6,1.0,0.5,0.4,0.42601981846591225,1437,2022-04-09,2022-06-07,0.510017373555666
5,5,0.5,0.4666666666666667,1.7,0.75,0.5,0.3015985867991633,1438,2022-04-10,2022-06-08,0.510187525031387
5,4,0.4,0.6,1.0,0.5,0.4,0.4254067052507292,1439,2022-04-11,2022-06-09,0.5065903489436254
5,4,0.4,0.6,1.0,0.5,0.4,0.42299169323210123,1440,2022-04-12,2022-06-10,0.5223775629605907
5,4,0.4,0.6,1.0,0.5,0.4,0.41796546468693097,1441,2022-04-13,2022-06-11,0.5361027383962245
5,4,0.4,0.6,1.0,0.5,0.4,0.417113779091946,1442,2022-04-14,2022-06-12,0.5310850875879087
5,5,0.5,0.4666666666666667,1.7,0.75,0.5,0.29961038696328685,1443,2022-04-15,2022-06-13,0.5511902624142511
5,5,0.5,0.4666666666666667,1.7,0.75,0.5,0.29984141062421954,1444,2022-04-16,2022-06-14,0.5457713136025258
5,5,0.5,0.4666666666666667,1.7,0.75,0.5,0.29981035694165825,1445,2022-04-17,2022-06-15,0.5494733099741287
5,4,0.4,0.6,1.0,0.5,0.4,0.4220834828791946,1446,2022-04-18,2022-06-16,0.5001056634893926
5,4,0.4,0.6,1.0,0.5,0.4,0.42087221710273026,1447,2022-04-19,2022-06-17,0.4966540667475582
5,4,0.4,0.6,1.0,0.5,0.4,0.42012129874783716,1448,2022-04-20,2022-06-18,0.5071560016321925
5,4,0.4,0.6,1.0,0.5,0.4,0.42185132756986854,1449,2022-04-21,2022-06-19,0.5036546932603869
5,4,0.4,0.6,1.0,0.5,0.4,0.4208698671497371,1450,2022-04-22,2022-06-20,0.5058529486465174
5,4,0.4,0.6,1.0,0.5,0.4,0.4215191788877424,1451,2022-04-23,2022-06-21,0.5099452510567762
5,5,0.5,0.4666666666666667,1.7,0.75,0.5,0.3016560548453477,1452,2022-04-24,2022-06-22,0.5121197641997975
5,5,0.5,0.4666666666666667,1.7,0.75,0.5,0.3034545554977167,1453,2022-04-25,2022-06-23,0.5044928558740269
5,5,0.5,0.4666666666666667,1.7,0.75,0.5,0.29861140475319903,1454,2022-04-26,2022-06-24,0.5160194176698217
5,5,0.5,0.4666666666666667,1.7,0.75,0.5,0.29855676261872716,1455,2022-04-27,2022-06-25,0.5100829926962038
5,5,0.5,0.4666666666666667,1.7,0.75,0.5,0.29687978703762397,1456,2022-04-28,2022-06-26,0.5182062127298119
5,5,0.5,0.4666666666666667,1.7,0.75,0.5,0.2962850255925936,1457,2022-04-29,2022-06-27,0.5222154292262859
5,5,0.5,0.4666666666666667,1.7,0.75,0.5,0.295569176058717,1458,2022-04-30,2022-06-28,0.5320241044805445
5,5,0.5,0.4666666666666667,1.7,0.75,0.5,0.294562869411234,1459,2022-05-01,2022-06-29,0.5399273981930318
5,5,0.5,0.4666666666666667,1.7,0.75,0.5,0.29422875740311816,1460,2022-05-02,2022-06-30,0.5398285127347832
5,5,0.5,0.4666666666666667,1.7,0.75,0.5,0.29264109121074616,1461,2022-05-03,2022-07-01,0.5423284111562714
5,5,0.5,0.4666666666666667,1.7,0.75,0.5,0.29392323292608263,1462,2022-05-04,2022-07-02,0.5392838659186768
5,4,0.4,0.6,1.0,0.5,0.4,0.41508369137171536,1463,2022-05-05,2022-07-03,0.5205323847725397
5,4,0.4,0.6,1.0,0.5,0.4,0.41973875470175215,1464,2022-05-06,2022-07-04,0.5038274731348198
5,4,0.4,0.6,1.0,0.5,0.4,0.41623782833404366,1465,2022-05-07,2022-07-05,0.5002228031570326
5,4,0.4,0.6,1.0,0.5,0.4,0.41613641496136095,1466,2022-05-08,2022-07-06,0.494728623541567
5,4,0.4,0.6,1.0,0.5,0.4,0.4179500720244642,1467,2022-05-09,2022-07-07,0.4982237646662351
5,4,0.4,0.6,1.0,0.5,0.4,0.4123692872555341,1468,2022-05-10,2022-07-08,0.5099032469212565
5,4,0.4,0.6,1.0,0.5,0.4,0.41222850254532295,1469,2022-05-11,2022-07-09,0.5149130235187401
5,4,0.4,0.6,1.0,0.5,0.4,0.411387722286903,1470,2022-05-12,2022-07-10,0.5149459048076144
5,4,0.4,0.6,1.0,0.5,0.4,0.4090387343350868,1471,2022-05-13,2022-07-11,0.5302813777934559
5,4,0.4,0.6,1.0,0.5,0.4,0.4097521688845367,1472,2022-05-14,2022-07-12,0.5260879188517429
5,4,0.4,0.6,1.0,0.5,0.4,0.4106914921229268,1473,2022-05-15,2022-07-13,0.5182441712661656
5,4,0.4,0.6,1.0,0.5,0.4,0.40999628502464647,1474,2022-05-16,2022-07-14,0.5172770436626817
5,4,0.4,0.6,1.0,0.5,0.4,0.41000715884689876,1475,2022-05-17,2022-07-15,0.5306444163948079
5,4,0.4,0.6,1.0,0.5,0.4,0.409931029602358,1476,2022-05-18,2022-07-16,0.5267340716248657
5,4,0.4,0.6,1.0,0.5,0.4,0.4106892759073858,1477,2022-05-19,2022-07-17,0.5102511376984131
5,4,0.4,0.6,1.0,0.5,0.4,0.415270537684749,1478,2022-05-20,2022-07-18,0.49617970702854
5,4,0.4,0.6,1.0,0.5,0.4,0.41000119325954754,1479,2022-05-21,2022-07-19,0.49940869184152914
5,4,0.4,0.6,1.0,0.5,0.4,0.4098841285815822,1480,2022-05-22,2022-07-20,0.4996937535540771
5,4,0.4,0.6,1.0,0.5,0.4,0.40872054376535527,1481,2022-05-23,2022-07-21,0.49917515643800536
5,4,0.4,0.6,1.0,0.5,0.4,0.40843632547881603,1482,2022-05-24,2022-07-22,0.5117892266327128
5,4,0.4,0.6,1.0,0.5,0.4,0.40757951941370996,1483,2022-05-25,2022-07-23,0.512343310509946
5,4,0.4,0.6,1.0,0.5,0.4,0.40586766983130457,1484,2022-05-26,2022-07-24,0.5144402396808293
5,4,0.4,0.6,1.0,0.5,0.4,0.40757548749973244,1485,2022-05-27,2022-07-25,0.5036446360005479
5,4,0.4,0.6,1.0,0.5,0.4,0.4092672720647972,1486,2022-05-28,2022-07-26,0.5040472930792199
5,4,0.4,0.6,1.0,0.5,0.4,0.40796615421534993,1487,2022-05-29,2022-07-27,0.5266399457683182
5,4,0.4,0.6,1.0,0.5,0.4,0.4083854239676299,1488,2022-05-30,2022-07-28,0.5263157963438108
5,4,0.4,0.6,1.0,0.5,0.4,0.4083809365457339,1489,2022-05-31,2022-07-29,0.5173752531055371
5,4,0.4,0.6,1.0,0.5,0.4,0.40932122781968294,1490,2022-06-01,2022-07-30,0.5163687390872034
5,4,0.4,0.6,1.0,0.5,0.4,0.4081204507607568,1491,2022-06-02,2022-07-31,0.5102255514216826
5,4,0.4,0.6,1.0,0.5,0.4,0.4093635530580135,1492,2022-06-03,2022-08-01,0.5014986543995168
5,4,0.4,0.6,1.0,0.5,0.4,0.4068971078482792,1493,2022-06-04,2022-08-02,0.4971091898067995
5,4,0.4,0.6,1.0,0.5,0.4,0.40782047368704794,1494,2022-06-05,2022-08-03,0.4983648744211034
5,4,0.4,0.6,1.0,0.5,0.4,0.408808733060066,1495,2022-06-06,2022-08-04,0.4944665068097752
5,4,0.4,0.6,1.0,0.5,0.4,0.4077531567033813,1496,2022-06-07,2022-08-05,0.48560391566680805
5,4,0.4,0.6,1.0,0.5,0.4,0.40714612104807274,1497,2022-06-08,2022-08-06,0.4909538109026161
5,4,0.4,0.6,1.0,0.5,0.4,0.406304887717023,1498,2022-06-09,2022-08-07,0.4925190740689819
5,4,0.4,0.6,1.0,0.5,0.4,0.4071763675496686,1499,2022-06-10,2022-08-08,0.4985513792116743
5,4,0.4,0.6,1.0,0.5,0.4,0.4088007510093384,1500,2022-06-11,2022-08-09,0.4854102782046855
5,4,0.4,0.6,1.0,0.5,0.4,0.4067647929611488,1501,2022-06-12,2022-08-10,0.49546127610026636
5,4,0.4,0.6,1.0,0.5,0.4,0.40693902081294164,1502,2022-06-13,2022-08-11,0.49275497570964955
5,4,0.4,0.6,1.0,0.5,0.4,0.4097743561464168,1503,2022-06-14,2022-08-12,0.4476172849857128
5,4,0.4,0.6,1.0,0.5,0.4,0.4073294814005202,1504,2022-06-15,2022-08-13,0.44941749317585283
5,4,0.4,0.6,1.0,0.5,0.4,0.4054047985574042,1505,2022-06-16,2022-08-14,0.4497477287288677
5,4,0.4,0.6,1.0,0.5,0.4,0.39804312187504304,1506,2022-06-17,2022-08-15,0.5293237717662369
5,4,0.4,0.6,1.0,0.5,0.4,0.39901620457616405,1507,2022-06-18,2022-08-16,0.5329450434164669
5,4,0.4,0.6,1.0,0.5,0.4,0.40166268509839764,1508,2022-06-19,2022-08-17,0.5060926764034359
5,4,0.4,0.6,1.0,0.5,0.4,0.39992291288537757,1509,2022-06-20,2022-08-18,0.5075038149345571
5,4,0.4,0.6,1.0,0.5,0.4,0.4031533623783213,1510,2022-06-21,2022-08-19,0.526318808391067
5,4,0.4,0.6,1.0,0.5,0.4,0.40129024836292454,1511,2022-06-22,2022-08-20,0.523461437486825
5,4,0.4,0.6,1.0,0.5,0.4,0.39786599662085226,1512,2022-06-23,2022-08-21,0.5301465915123746
5,4,0.4,0.6,1.0,0.5,0.4,0.3978485608482031,1513,2022-06-24,2022-08-22,0.5343193077524979
5,4,0.4,0.6,1.0,0.5,0.4,0.3989636105266475,1514,2022-06-25,2022-08-23,0.5341105798838919
5,4,0.4,0.6,1.0,0.5,0.4,0.3994944198182936,1515,2022-06-26,2022-08-24,0.5326116669194458
5,4,0.4,0.6,1.0,0.5,0.4,0.39946899499801436,1516,2022-06-27,2022-08-25,0.5376729533415827
5,4,0.4,0.6,1.0,0.5,0.4,0.4023148580581145,1517,2022-06-28,2022-08-26,0.5457170729275809
5,4,0.4,0.6,1.0,0.5,0.4,0.40351938369428364,1518,2022-06-29,2022-08-27,0.5402968894761828
5,4,0.4,0.6,1.0,0.5,0.4,0.40423323786169774,1519,2022-06-30,2022-08-28,0.5402144275208189
5,4,0.4,0.6,1.0,0.5,0.4,0.40462164608312656,1520,2022-07-01,2022-08-29,0.5541761120074853
5,4,0.4,0.6,1.0,0.5,0.4,0.40767878483069464,1521,2022-07-02,2022-08-30,0.5483755075105481
5,4,0.4,0.6,1.0,0.5,0.4,0.40937486766669784,1522,2022-07-03,2022-08-31,0.5476291778151323
5,4,0.4,0.6,1.0,0.5,0.4,0.40916291927749426,1523,2022-07-04,2022-09-01,0.544478602206044
5,4,0.4,0.6,1.0,0.5,0.4,0.4090587805860302,1524,2022-07-05,2022-09-02,0.539249016394888
5,4,0.4,0.6,1.0,0.5,0.4,0.41442737797448076,1525,2022-07-06,2022-09-03,0.5374650388462425
5,4,0.4,0.6,1.0,0.5,0.4,0.4134404349854748,1526,2022-07-07,2022-09-04,0.542878243200961
5,4,0.4,0.6,1.0,0.5,0.4,0.4107406814424707,1527,2022-07-08,2022-09-05,0.5380427905023554
5,4,0.4,0.6,1.0,0.5,0.4,0.40995216719836125,1528,2022-07-09,2022-09-06,0.5473318731142341
5,4,0.4,0.6,1.0,0.5,0.4,0.4116722217841533,1529,2022-07-10,2022-09-07,0.5501236556597474
5,4,0.4,0.6,1.0,0.5,0.4,0.411266156210645,1530,2022-07-11,2022-09-08,0.5511512842464407
5,4,0.4,0.6,1.0,0.5,0.4,0.4072226336139987,1531,2022-07-12,2022-09-09,0.5357979307387455
5,4,0.4,0.6,1.0,0.5,0.4,0.40569959442481185,1532,2022-07-13,2022-09-10,0.5397060284860081
5,4,0.4,0.6,1.0,0.5,0.4,0.4044672634577866,1533,2022-07-14,2022-09-11,0.5433697077069335
5,4,0.4,0.6,1.0,0.5,0.4,0.39948154492893867,1534,2022-07-15,2022-09-12,0.5422434270236203
5,6,0.6,0.5333333333333333,1.5,0.75,0.6,0.17960081336791855,1535,2022-07-16,2022-09-13,0.5920774369313335
5,6,0.6,0.5333333333333333,1.5,0.75,0.6,0.1816827462156994,1536,2022-07-17,2022-09-14,0.5884946841655947
5,6,0.6,0.5333333333333333,1.5,0.75,0.6,0.17573871161588334,1537,2022-07-18,2022-09-15,0.5916291955487749
5,6,0.6,0.5333333333333333,1.5,0.75,0.6,0.17073199420299517,1538,2022-07-19,2022-09-16,0.5884680896210674
5,6,0.6,0.5333333333333333,1.5,0.75,0.6,0.17913028335189546,1539,2022-07-20,2022-09-17,0.5898243686804704
5,6,0.6,0.5333333333333333,1.5,0.75,0.6,0.1821186798798619,1540,2022-07-21,2022-09-18,0.5795717217493903
5,6,0.6,0.5333333333333333,1.5,0.75,0.6,0.18169288648802073,1541,2022-07-22,2022-09-19,0.5788040871572064
5,6,0.6,0.5333333333333333,1.5,0.75,0.6,0.17935520395645094,1542,2022-07-23,2022-09-20,0.5850921286798355
5,6,0.6,0.5333333333333333,1.5,0.75,0.6,0.17909495786094945,1543,2022-07-24,2022-09-21,0.5957390390540553
5,7,0.7,0.7666666666666666,1.3,1.0,0.7,0.042233452597207566,1544,2022-07-25,2022-09-22,0.598519127493678
5,6,0.6,0.8666666666666666,1.4,1.0,0.6,0.11145041875438771,1545,2022-07-26,2022-09-23,0.5910694677805753
5,6,0.6,0.8666666666666666,1.4,1.0,0.6,0.11206069701081306,1546,2022-07-27,2022-09-24,0.5846560055553724
5,6,0.6,0.8666666666666666,1.4,1.0,0.6,0.11075280609903473,1547,2022-07-28,2022-09-25,0.5632799714647773
5,6,0.6,0.8666666666666666,1.4,1.0,0.6,0.10884877578511862,1548,2022-07-29,2022-09-26,0.5550528915341169
5,5,0.5,0.4666666666666667,1.7,0.75,0.5,0.26151398195858766,1549,2022-07-30,2022-09-27,0.5556569270858136
5,5,0.5,0.4666666666666667,1.7,0.75,0.5,0.26007296331318325,1550,2022-07-31,2022-09-28,0.561283487956375
5,5,0.5,0.4666666666666667,1.7,0.75,0.5,0.2614096591954549,1551,2022-08-01,2022-09-29,0.5475318758731188
5,6,0.6,0.8666666666666666,1.4,1.0,0.6,0.12689972572869399,1552,2022-08-02,2022-09-30,0.5461983471194762
5,6,0.6,0.8666666666666666,1.4,1.0,0.6,0.13339553840338397,1553,2022-08-03,2022-10-01,0.5439832246951053
5,6,0.6,0.8666666666666666,1.4,1.0,0.6,0.13293888981436924,1554,2022-08-04,2022-10-02,0.544366091418716
5,6,0.6,0.8666666666666666,1.4,1.0,0.6,0.13061743020762345,1555,2022-08-05,2022-10-03,0.5580328504006637
5,6,0.6,0.8666666666666666,1.4,1.0,0.6,0.1359289624144272,1556,2022-08-06,2022-10-04,0.5758430934080169
5,6,0.6,0.8666666666666666,1.4,1.0,0.6,0.1383326877975224,1557,2022-08-07,2022-10-05,0.5721901092550727
5,6,0.6,0.8666666666666666,1.4,1.0,0.6,0.13490761385396574,1558,2022-08-08,2022-10-06,0.5710896177414548
5,6,0.6,0.8666666666666666,1.4,1.0,0.6,0.13285985839004524,1559,2022-08-09,2022-10-07,0.569075417135102
5,6,0.6,0.8666666666666666,1.4,1.0,0.6,0.13162684285272108,1560,2022-08-10,2022-10-08,0.5714967746309694
5,5,0.5,0.4666666666666667,1.7,0.75,0.5,0.26284013427034986,1561,2022-08-11,2022-10-09,0.5520315053469576
5,5,0.5,0.4666666666666667,1.7,0.75,0.5,0.2629826247577768,1562,2022-08-12,2022-10-10,0.5498375835179085
5,5,0.5,0.4666666666666667,1.7,0.75,0.5,0.26320554968477194,1563,2022-08-13,2022-10-11,0.5541693450716674
5,5,0.5,0.4666666666666667,1.7,0.75,0.5,0.2628921315122036,1564,2022-08-14,2022-10-12,0.5578218272540092
5,5,0.5,0.4666666666666667,1.7,0.75,0.5,0.2621213584395891,1565,2022-08-15,2022-10-13,0.5585086190166753
5,5,0.5,0.4666666666666667,1.7,0.75,0.5,0.26153445924078994,1566,2022-08-16,2022-10-14,0.5559293153632273
5,5,0.5,0.4666666666666667,1.7,0.75,0.5,0.26318118790459466,1567,2022-08-17,2022-10-15,0.555786326011221
5,5,0.5,0.4666666666666667,1.7,0.75,0.5,0.2628764283230784,1568,2022-08-18,2022-10-16,0.5610932280279995
5,5,0.5,0.4666666666666667,1.7,0.75,0.5,0.26260487623630624,1569,2022-08-19,2022-10-17,0.5696717409344799
5,6,0.6,0.5333333333333333,1.5,0.75,0.6,0.16381910861358973,1570,2022-08-20,2022-10-18,0.5711458070923517
5,6,0.6,0.5333333333333333,1.5,0.75,0.6,0.16273965400733437,1571,2022-08-21,2022-10-19,0.5757860190685491
5,6,0.6,0.5333333333333333,1.5,0.75,0.6,0.1628907678335767,1572,2022-08-22,2022-10-20,0.5749861821544437
5,6,0.6,0.5333333333333333,1.5,0.75,0.6,0.16556486824389008,1573,2022-08-23,2022-10-21,0.5784273353249063
5,6,0.6,0.5333333333333333,1.5,0.75,0.6,0.1689412328351837,1574,2022-08-24,2022-10-22,0.5750080884766862
5,6,0.6,0.5333333333333333,1.5,0.75,0.6,0.17013381160579716,1575,2022-08-25,2022-10-23,0.574211666807182
5,6,0.6,0.5333333333333333,1.5,0.75,0.6,0.1706283388192445,1576,2022-08-26,2022-10-24,0.5723924235289677
5,6,0.6,0.5333333333333333,1.5,0.75,0.6,0.16191890514611113,1577,2022-08-27,2022-10-25,0.5894336531856654
5,7,0.7,0.7666666666666666,1.3,1.0,0.7,0.045295015136491285,1578,2022-08-28,2022-10-26,0.608487909363948
5,7,0.7,0.7666666666666666,1.3,1.0,0.7,0.0441723960753736,1579,2022-08-29,2022-10-27,0.6105540626068576
5,7,0.7,0.7666666666666666,1.3,1.0,0.7,0.045069570268453096,1580,2022-08-30,2022-10-28,0.6041659898614832
5,6,0.6,0.5333333333333333,1.5,0.75,0.6,0.15971024357173333,1581,2022-08-31,2022-10-29,0.6015901607889336
5,6,0.6,0.5333333333333333,1.5,0.75,0.6,0.15947986282878315,1582,2022-09-01,2022-10-30,0.6032423099564023
5,6,0.6,0.5333333333333333,1.5,0.75,0.6,0.15842007624729498,1583,2022-09-02,2022-10-31,0.6059229716752429
5,6,0.6,0.5333333333333333,1.5,0.75,0.6,0.15752831417914087,1584,2022-09-03,2022-11-01,0.607188891362819
5,7,0.7,0.7666666666666666,1.3,1.0,0.7,0.045654074521804616,1585,2022-09-04,2022-11-02,0.6128464860325702
5,6,0.6,0.5333333333333333,1.5,0.75,0.6,0.1565637542472335,1586,2022-09-05,2022-11-03,0.6101629831869759
5,8,0.8,0.8666666666666666,1.2,1.0,0.8,2.220446049250313e-16,1587,2022-09-06,2022-11-04,0.6366204245738765
5,7,0.7,0.7,1.3,1.0,0.7,0.09877875963251134,1588,2022-09-07,2022-11-05,0.6214740287551926
5,7,0.7,0.7,1.3,1.0,0.7,0.09935832780237468,1589,2022-09-08,2022-11-06,0.6215381569757593
5,6,0.6,0.5333333333333333,1.5,0.75,0.6,0.16572602181045826,1590,2022-09-09,2022-11-07,0.6151447586324662
5,4,0.4,0.6,1.0,0.5,0.4,0.38761441607546265,1591,2022-09-10,2022-11-08,0.5677746767057908
5,4,0.4,0.6,1.0,0.5,0.4,0.39446578694323553,1592,2022-09-11,2022-11-09,0.5705201632931864
5,5,0.5,0.4666666666666667,1.7,0.75,0.5,0.2866635356390668,1593,2022-09-12,2022-11-10,0.6176148136462143
5,4,0.4,0.6,1.0,0.5,0.4,0.39574090624348174,1594,2022-09-13,2022-11-11,0.6076785473445973
5,4,0.4,0.6,1.0,0.5,0.4,0.3982892942453969,1595,2022-09-14,2022-11-12,0.5792244357195686
5,4,0.4,0.6,1.0,0.5,0.4,0.39885368546232,1596,2022-09-15,2022-11-13,0.5804434699157776
5,4,0.4,0.6,1.0,0.5,0.4,0.4009293796312592,1597,2022-09-16,2022-11-14,0.5788173626582366
5,4,0.4,0.6,1.0,0.5,0.4,0.40122719873015283,1598,2022-09-17,2022-11-15,0.5815746602760028
5,4,0.4,0.6,1.0,0.5,0.4,0.40121686476790447,1599,2022-09-18,2022-11-16,0.5807954667314663
5,4,0.4,0.6,1.0,0.5,0.4,0.40196013656677476,1600,2022-09-19,2022-11-17,0.5862693591157797
5,4,0.4,0.6,1.0,0.5,0.4,0.4024938826390009,1601,2022-09-20,2022-11-18,0.5857038174927031
5,4,0.4,0.6,1.0,0.5,0.4,0.4029010584121759,1602,2022-09-21,2022-11-19,0.5816296971246546
5,4,0.4,0.6,1.0,0.5,0.4,0.4033582352254472,1603,2022-09-22,2022-11-20,0.5720015581608445
5,4,0.4,0.6,1.0,0.5,0.4,0.4028781495043605,1604,2022-09-23,2022-11-21,0.5786068358795808
5,4,0.4,0.6,1.0,0.5,0.4,0.40365737066162694,1605,2022-09-24,2022-11-22,0.590279180453458
5,5,0.5,0.4666666666666667,1.7,0.75,0.5,0.2955963079825875,1606,2022-09-25,2022-11-23,0.6046068856061384
5,5,0.5,0.4666666666666667,1.7,0.75,0.5,0.2954023849985739,1607,2022-09-26,2022-11-24,0.6039160786229206
5,6,0.6,0.8666666666666666,1.4,1.0,0.6,0.10606160522012051,1608,2022-09-27,2022-11-25,0.6125804222485804
5,6,0.6,0.8666666666666666,1.4,1.0,0.6,0.10604961727649834,1609,2022-09-28,2022-11-26,0.6116765493717771
5,6,0.6,0.8666666666666666,1.4,1.0,0.6,0.1058655344394302,1610,2022-09-29,2022-11-27,0.6100138749016372
5,6,0.6,0.8666666666666666,1.4,1.0,0.6,0.10276289599533589,1611,2022-09-30,2022-11-28,0.6241876475853069
5,6,0.6,0.8666666666666666,1.4,1.0,0.6,0.10161074984108392,1612,2022-10-01,2022-11-29,0.623538373902871
5,6,0.6,0.8666666666666666,1.4,1.0,0.6,0.10183079369765194,1613,2022-10-02,2022-11-30,0.6354930835615993
5,6,0.6,0.8666666666666666,1.4,1.0,0.6,0.10050650716010848,1614,2022-10-03,2022-12-01,0.6291415542962857
5,6,0.6,0.8666666666666666,1.4,1.0,0.6,0.09944884931857087,1615,2022-10-04,2022-12-02,0.6257105485549843
5,6,0.6,0.8666666666666666,1.4,1.0,0.6,0.1011905759188467,1616,2022-10-05,2022-12-03,0.6250373542075616
5,6,0.6,0.8666666666666666,1.4,1.0,0.6,0.10194791238790635,1617,2022-10-06,2022-12-04,0.6259752538968935
5,6,0.6,0.8666666666666666,1.4,1.0,0.6,0.10352137640857426,1618,2022-10-07,2022-12-05,0.6292737083993656
5,6,0.6,0.8666666666666666,1.4,1.0,0.6,0.10306610506549171,1619,2022-10-08,2022-12-06,0.6244915247756053
5,6,0.6,0.8666666666666666,1.4,1.0,0.6,0.10293384968210292,1620,2022-10-09,2022-12-07,0.621811334336757
5,6,0.6,0.8666666666666666,1.4,1.0,0.6,0.10323302337499754,1621,2022-10-10,2022-12-08,0.6227600617625176
5,6,0.6,0.8666666666666666,1.4,1.0,0.6,0.1022879361786484,1622,2022-10-11,2022-12-09,0.6215984059304089
5,6,0.6,0.8666666666666666,1.4,1.0,0.6,0.10186349246580445,1623,2022-10-12,2022-12-10,0.622373982539023
5,6,0.6,0.8666666666666666,1.4,1.0,0.6,0.09921002674401735,1624,2022-10-13,2022-12-11,0.6247573112993335
5,6,0.6,0.8666666666666666,1.4,1.0,0.6,0.0972594318071657,1625,2022-10-14,2022-12-12,0.6281534476645415
5,6,0.6,0.8666666666666666,1.4,1.0,0.6,0.0993537619095601,1626,2022-10-15,2022-12-13,0.6349385322771075
5,6,0.6,0.8666666666666666,1.4,1.0,0.6,0.10074246491946642,1627,2022-10-16,2022-12-14,0.6358702805443841
5,6,0.6,0.8666666666666666,1.4,1.0,0.6,0.09794934388724624,1628,2022-10-17,2022-12-15,0.6361789503936949
5,6,0.6,0.8666666666666666,1.4,1.0,0.6,0.09798366184503327,1629,2022-10-18,2022-12-16,0.6380266851304002
5,6,0.6,0.8666666666666666,1.4,1.0,0.6,0.0967986222396641,1630,2022-10-19,2022-12-17,0.6338968741667225
5,6,0.6,0.8666666666666666,1.4,1.0,0.6,0.09797166134907737,1631,2022-10-20,2022-12-18,0.6335589562127641
5,6,0.6,0.8666666666666666,1.4,1.0,0.6,0.09826891914253075,1632,2022-10-21,2022-12-19,0.6330113369105412
5,6,0.6,0.8666666666666666,1.4,1.0,0.6,0.09749510218256463,1633,2022-10-22,2022-12-20,0.6304548512310248
5,6,0.6,0.8666666666666666,1.4,1.0,0.6,0.09792684413931671,1634,2022-10-23,2022-12-21,0.6283158845712009
5,6,0.6,0.8666666666666666,1.4,1.0,0.6,0.09700070293155896,1635,2022-10-24,2022-12-22,0.6301918191068764
5,6,0.6,0.8666666666666666,1.4,1.0,0.6,0.09775978290206219,1636,2022-10-25,2022-12-23,0.6302183273083446
5,6,0.6,0.8666666666666666,1.4,1.0,0.6,0.09666130631698439,1637,2022-10-26,2022-12-24,0.6222560062602732
5,4,0.4,0.6,1.0,0.5,0.4,0.39981452503054526,1638,2022-10-27,2022-12-25,0.6076370731967788
5,4,0.4,0.6,1.0,0.5,0.4,0.3991819887578999,1639,2022-10-28,2022-12-26,0.6051609708151133
5,4,0.4,0.6,1.0,0.5,0.4,0.3982338287648163,1640,2022-10-29,2022-12-27,0.6095158655406661
5,4,0.4,0.6,1.0,0.5,0.4,0.39773665557147275,1641,2022-10-30,2022-12-28,0.6145854590746751
5,4,0.4,0.6,1.0,0.5,0.4,0.3978143795626188,1642,2022-10-31,2022-12-29,0.6143343474090545
5,4,0.4,0.6,1.0,0.5,0.4,0.3963311074424255,1643,2022-11-01,2022-12-30,0.6178386439737029
5,4,0.4,0.6,1.0,0.5,0.4,0.39616498823490276,1644,2022-11-02,2022-12-31,0.6187671245528994
5,4,0.4,0.6,1.0,0.5,0.4,0.3970279963420567,1645,2022-11-03,2023-01-01,0.6143185104085604
5,6,0.6,0.8666666666666666,1.4,1.0,0.6,0.09510950110246494,1646,2022-11-04,2023-01-02,0.6241099171921988
5,4,0.4,0.6,1.0,0.5,0.4,0.398660446417133,1647,2022-11-05,2023-01-03,0.5905982981469898
5,5,0.5,0.4666666666666667,1.7,0.75,0.5,0.2978447892971773,1648,2022-11-06,2023-01-04,0.6021880936503152
5,4,0.4,0.6,1.0,0.5,0.4,0.4015654100481387,1649,2022-11-07,2023-01-05,0.5951945279099031
5,5,0.5,0.4666666666666667,1.7,0.75,0.5,0.2978236390455386,1650,2022-11-08,2023-01-06,0.6040583160125892
5,7,0.7,0.7666666666666666,1.3,1.0,0.7,0.035275005980195895,1651,2022-11-09,2023-01-07,0.6477662357218053
5,8,0.8,0.8666666666666666,1.2,1.0,0.8,-1.1102230246251565e-16,1652,2022-11-10,2023-01-08,0.6355391044187813
5,4,0.4,0.6,1.0,0.5,0.4,0.39001953147391666,1653,2022-11-11,2023-01-09,0.5286799519304258
5,4,0.4,0.6,1.0,0.5,0.4,0.3953778278110853,1654,2022-11-12,2023-01-10,0.5631485681617381
5,4,0.4,0.6,1.0,0.5,0.4,0.3971622219040995,1655,2022-11-13,2023-01-11,0.5889788703896047
5,5,0.5,0.4666666666666667,1.7,0.75,0.5,0.2851229315095486,1656,2022-11-14,2023-01-12,0.5889866401820967
5,4,0.4,0.6,1.0,0.5,0.4,0.3837776620132481,1657,2022-11-15,2023-01-13,0.5733112856895277
5,4,0.4,0.6,1.0,0.5,0.4,0.38768591741005987,1658,2022-11-16,2023-01-14,0.5520213182861611
5,4,0.4,0.6,1.0,0.5,0.4,0.3856915162881035,1659,2022-11-17,2023-01-15,0.557570500025345
5,4,0.4,0.6,1.0,0.5,0.4,0.3867305995048397,1660,2022-11-18,2023-01-16,0.5539030482899807
5,4,0.4,0.6,1.0,0.5,0.4,0.38877276255653426,1661,2022-11-19,2023-01-17,0.5508146496799414
5,4,0.4,0.6,1.0,0.5,0.4,0.3909546814840591,1662,2022-11-20,2023-01-18,0.5472002746202362
5,4,0.4,0.6,1.0,0.5,0.4,0.392612208042457,1663,2022-11-21,2023-01-19,0.5518526688067251
5,4,0.4,0.6,1.0,0.5,0.4,0.3951361750166687,1664,2022-11-22,2023-01-20,0.5273852248370855
5,4,0.4,0.6,1.0,0.5,0.4,0.39454890279271915,1665,2022-11-23,2023-01-21,0.5162914343328425
5,4,0.4,0.6,1.0,0.5,0.4,0.3977023558081794,1666,2022-11-24,2023-01-22,0.4969192851145004
5,4,0.4,0.6,1.0,0.5,0.4,0.39889941044894717,1667,2022-11-25,2023-01-23,0.49612115943302715
5,4,0.4,0.6,1.0,0.5,0.4,0.39951253973097217,1668,2022-11-26,2023-01-24,0.4903426392331941
5,4,0.4,0.6,1.0,0.5,0.4,0.3998196317713269,1669,2022-11-27,2023-01-25,0.494977577161605
5,4,0.4,0.6,1.0,0.5,0.4,0.4008086331056898,1670,2022-11-28,2023-01-26,0.4922863428755804
5,4,0.4,0.6,1.0,0.5,0.4,0.4012189544737121,1671,2022-11-29,2023-01-27,0.4834949798746876
5,4,0.4,0.6,1.0,0.5,0.4,0.4011090215769688,1672,2022-11-30,2023-01-28,0.490880009317621
5,4,0.4,0.6,1.0,0.5,0.4,0.4038748968275798,1673,2022-12-01,2023-01-29,0.4505195950323649
5,4,0.4,0.6,1.0,0.5,0.4,0.401250077054784,1674,2022-12-02,2023-01-30,0.4867880100893841
5,4,0.4,0.6,1.0,0.5,0.4,0.4014089446534254,1675,2022-12-03,2023-01-31,0.48600211031739926
5,4,0.4,0.6,1.0,0.5,0.4,0.4017226946430751,1676,2022-12-04,2023-02-01,0.5022068065310294
5,4,0.4,0.6,1.0,0.5,0.4,0.39806827184969285,1677,2022-12-05,2023-02-02,0.5086769577835055
5,4,0.4,0.6,1.0,0.5,0.4,0.3930121321763622,1678,2022-12-06,2023-02-03,0.4980407512333819
5,4,0.4,0.6,1.0,0.5,0.4,0.38887239647436533,1679,2022-12-07,2023-02-04,0.5018441467365802
5,4,0.4,0.6,1.0,0.5,0.4,0.38910336776554616,1680,2022-12-08,2023-02-05,0.5136598649879207
5,4,0.4,0.6,1.0,0.5,0.4,0.3896583196742754,1681,2022-12-09,2023-02-06,0.5105092100519216
5,4,0.4,0.6,1.0,0.5,0.4,0.39004994614017763,1682,2022-12-10,2023-02-07,0.51468037483829
5,4,0.4,0.6,1.0,0.5,0.4,0.39017060734838094,1683,2022-12-11,2023-02-08,0.5160072902984505
5,4,0.4,0.6,1.0,0.5,0.4,0.3931607024716459,1684,2022-12-12,2023-02-09,0.49537740931136415
5,4,0.4,0.6,1.0,0.5,0.4,0.39214060537174267,1685,2022-12-13,2023-02-10,0.5014874301666917
5,4,0.4,0.6,1.0,0.5,0.4,0.3929505278437883,1686,2022-12-14,2023-02-11,0.4811272976077997
5,4,0.4,0.6,1.0,0.5,0.4,0.3929059358053132,1687,2022-12-15,2023-02-12,0.4840431399265731
5,4,0.4,0.6,1.0,0.5,0.4,0.38907218886870365,1688,2022-12-16,2023-02-13,0.46292417575014133
5,4,0.4,0.6,1.0,0.5,0.4,0.3877460352900486,1689,2022-12-17,2023-02-14,0.44943939161571533
5,4,0.4,0.6,1.0,0.5,0.4,0.38944108554085977,1690,2022-12-18,2023-02-15,0.3940537793705884
5,4,0.4,0.6,1.0,0.5,0.4,0.3890580654588496,1691,2022-12-19,2023-02-16,0.40448510275289634
5,4,0.4,0.6,1.0,0.5,0.4,0.38910199242869525,1692,2022-12-20,2023-02-17,0.4129169928117437
5,4,0.4,0.6,1.0,0.5,0.4,0.38839023678195156,1693,2022-12-21,2023-02-18,0.4122215644798229
5,4,0.4,0.6,1.0,0.5,0.4,0.3852301868986394,1694,2022-12-22,2023-02-19,0.41541856485946027
5,4,0.4,0.6,1.0,0.5,0.4,0.3852958138091449,1695,2022-12-23,2023-02-20,0.41525108077295547
5,4,0.4,0.6,1.0,0.5,0.4,0.3888635180722275,1696,2022-12-24,2023-02-21,0.4130383317745264
5,4,0.4,0.6,1.0,0.5,0.4,0.38806521491492896,1697,2022-12-25,2023-02-22,0.4200492448354206
5,4,0.4,0.6,1.0,0.5,0.4,0.38721588752118796,1698,2022-12-26,2023-02-23,0.42084441486939805
5,4,0.4,0.6,1.0,0.5,0.4,0.3871925670802685,1699,2022-12-27,2023-02-24,0.4363068420254125
5,4,0.4,0.6,1.0,0.5,0.4,0.3860409270169861,1700,2022-12-28,2023-02-25,0.4379948883758288
5,4,0.4,0.6,1.0,0.5,0.4,0.3855953501480733,1701,2022-12-29,2023-02-26,0.4403139590937175
5,4,0.4,0.6,1.0,0.5,0.4,0.38697911315387135,1702,2022-12-30,2023-02-27,0.43437350118308704
5,4,0.4,0.6,1.0,0.5,0.4,0.3875249260789791,1703,2022-12-31,2023-02-28,0.43963838632376173
5,4,0.4,0.6,1.0,0.5,0.4,0.39008520489710125,1704,2023-01-01,2023-03-01,0.44277840589864204
5,4,0.4,0.6,1.0,0.5,0.4,0.3901501745572112,1705,2023-01-02,2023-03-02,0.446927665376322
5,4,0.4,0.6,1.0,0.5,0.4,0.3916211856315466,1706,2023-01-03,2023-03-03,0.4251766289368585
5,4,0.4,0.6,1.0,0.5,0.4,0.392447166222639,1707,2023-01-04,2023-03-04,0.42207107440542224
5,4,0.4,0.6,1.0,0.5,0.4,0.3942754632868589,1708,2023-01-05,2023-03-05,0.4146085416827644
5,4,0.4,0.6,1.0,0.5,0.4,0.39822161369327014,1709,2023-01-06,2023-03-06,0.4055096058834768
5,4,0.4,0.6,1.0,0.5,0.4,0.397103183437463,1710,2023-01-07,2023-03-07,0.41215493337814085
5,4,0.4,0.6,1.0,0.5,0.4,0.4024757101933042,1711,2023-01-08,2023-03-08,0.41065907804742574
5,4,0.4,0.6,1.0,0.5,0.4,0.4053385068631531,1712,2023-01-09,2023-03-09,0.40065568590102885
5,4,0.4,0.6,1.0,0.5,0.4,0.40763188073670054,1713,2023-01-10,2023-03-10,0.3985624253922361
5,4,0.4,0.6,1.0,0.5,0.4,0.4084279353878882,1714,2023-01-11,2023-03-11,0.3940998335652076
5,4,0.4,0.6,1.0,0.5,0.4,0.40907559590591797,1715,2023-01-12,2023-03-12,0.4042558569228234
5,4,0.4,0.6,1.0,0.5,0.4,0.4097681745080015,1716,2023-01-13,2023-03-13,0.40839917983962826
5,4,0.4,0.6,1.0,0.5,0.4,0.41126035254346455,1717,2023-01-14,2023-03-14,0.41158711872422843
5,4,0.4,0.6,1.0,0.5,0.4,0.41036565978246714,1718,2023-01-15,2023-03-15,0.426103963760957
5,4,0.4,0.6,1.0,0.5,0.4,0.40975688728549736,1719,2023-01-16,2023-03-16,0.43068820836054955
5,4,0.4,0.6,1.0,0.5,0.4,0.40951141588517015,1720,2023-01-17,2023-03-17,0.44804933535109404
5,4,0.4,0.6,1.0,0.5,0.4,0.40654086548643326,1721,2023-01-18,2023-03-18,0.4463213994426263
5,4,0.4,0.6,1.0,0.5,0.4,0.40359207699849775,1722,2023-01-19,2023-03-19,0.45307873772859547
5,4,0.4,0.6,1.0,0.5,0.4,0.402372269723391,1723,2023-01-20,2023-03-20,0.4472232976724594
5,4,0.4,0.6,1.0,0.5,0.4,0.4023695778484486,1724,2023-01-21,2023-03-21,0.43375604853016647
5,4,0.4,0.6,1.0,0.5,0.4,0.4033010139223479,1725,2023-01-22,2023-03-22,0.4222466841258366
5,4,0.4,0.6,1.0,0.5,0.4,0.4038946828795048,1726,2023-01-23,2023-03-23,0.41838203950072783
5,4,0.4,0.6,1.0,0.5,0.4,0.40268211464587605,1727,2023-01-24,2023-03-24,0.4302026788398955
5,4,0.4,0.6,1.0,0.5,0.4,0.40250448971481323,1728,2023-01-25,2023-03-25,0.43479244477446066
5,4,0.4,0.6,1.0,0.5,0.4,0.40322685795722873,1729,2023-01-26,2023-03-26,0.42976096546438863
5,4,0.4,0.6,1.0,0.5,0.4,0.4029488700336038,1730,2023-01-27,2023-03-27,0.4236161082688616
5,4,0.4,0.6,1.0,0.5,0.4,0.4014806306691822,1731,2023-01-28,2023-03-28,0.42609981553916176
5,4,0.4,0.6,1.0,0.5,0.4,0.40072607010633027,1732,2023-01-29,2023-03-29,0.42373290385142237
5,4,0.4,0.6,1.0,0.5,0.4,0.3998775572717677,1733,2023-01-30,2023-03-30,0.42052289005396554
5,4,0.4,0.6,1.0,0.5,0.4,0.399475300338912,1734,2023-01-31,2023-03-31,0.4141658097721253
5,4,0.4,0.6,1.0,0.5,0.4,0.3988139360527745,1735,2023-02-01,2023-04-01,0.4147681312405438
5,4,0.4,0.6,1.0,0.5,0.4,0.39943818861214786,1736,2023-02-02,2023-04-02,0.4049130388685557
5,4,0.4,0.6,1.0,0.5,0.4,0.397646501964803,1737,2023-02-03,2023-04-03,0.3958425257887899
5,4,0.4,0.6,1.0,0.5,0.4,0.4029673268182233,1738,2023-02-04,2023-04-04,0.3903962592290483
5,4,0.4,0.6,1.0,0.5,0.4,0.40664545989962164,1739,2023-02-05,2023-04-05,0.3846115298232645
5,4,0.4,0.6,1.0,0.5,0.4,0.407170675180812,1740,2023-02-06,2023-04-06,0.3840727929059285
5,4,0.4,0.6,1.0,0.5,0.4,0.407098898846084,1741,2023-02-07,2023-04-07,0.38284430567729905
5,4,0.4,0.6,1.0,0.5,0.4,0.4045562676274948,1742,2023-02-08,2023-04-08,0.3832807421004068
5,4,0.4,0.6,1.0,0.5,0.4,0.4039348281910775,1743,2023-02-09,2023-04-09,0.38241540090391124
5,4,0.4,0.6,1.0,0.5,0.4,0.40295134665651156,1744,2023-02-10,2023-04-10,0.3852738156473262
5,4,0.4,0.6,1.0,0.5,0.4,0.4017684650911798,1745,2023-02-11,2023-04-11,0.38104387481264956
5,4,0.4,0.6,1.0,0.5,0.4,0.3998119732761444,1746,2023-02-12,2023-04-12,0.38255023160298285
5,4,0.4,0.6,1.0,0.5,0.4,0.39956375799112576,1747,2023-02-13,2023-04-13,0.3878945721749795
5,4,0.4,0.6,1.0,0.5,0.4,0.395958380690449,1748,2023-02-14,2023-04-14,0.3827312012339289
5,4,0.4,0.6,1.0,0.5,0.4,0.3944532857288379,1749,2023-02-15,2023-04-15,0.3857347677386788
5,4,0.4,0.6,1.0,0.5,0.4,0.391794213032427,1750,2023-02-16,2023-04-16,0.42849381300325173
5,4,0.4,0.6,1.0,0.5,0.4,0.39293955592412844,1751,2023-02-17,2023-04-17,0.4238124987875322
5,4,0.4,0.6,1.0,0.5,0.4,0.39151523248745584,1752,2023-02-18,2023-04-18,0.42293946418965744
5,4,0.4,0.6,1.0,0.5,0.4,0.3931826400117188,1753,2023-02-19,2023-04-19,0.4266357619116371
5,4,0.4,0.6,1.0,0.5,0.4,0.39269253057780706,1754,2023-02-20,2023-04-20,0.42281574780891196
5,4,0.4,0.6,1.0,0.5,0.4,0.39414505518217935,1755,2023-02-21,2023-04-21,0.423594070992098
5,4,0.4,0.6,1.0,0.5,0.4,0.3920928047706575,1756,2023-02-22,2023-04-22,0.42365244823038006
5,4,0.4,0.6,1.0,0.5,0.4,0.392911982570775,1757,2023-02-23,2023-04-23,0.41895236645882167
5,4,0.4,0.6,1.0,0.5,0.4,0.3928939432520806,1758,2023-02-24,2023-04-24,0.41655646695465737
5,4,0.4,0.6,1.0,0.5,0.4,0.3917048003752275,1759,2023-02-25,2023-04-25,0.3929679775018221
5,4,0.4,0.6,1.0,0.5,0.4,0.39545600229434213,1760,2023-02-26,2023-04-26,0.3860653791921906
5,4,0.4,0.6,1.0,0.5,0.4,0.3963144625880131,1761,2023-02-27,2023-04-27,0.38549679738333015
5,4,0.4,0.6,1.0,0.5,0.4,0.3971546122704638,1762,2023-02-28,2023-04-28,0.3867556819835284
5,4,0.4,0.6,1.0,0.5,0.4,0.3981802502120312,1763,2023-03-01,2023-04-29,0.38161397703882455
5,4,0.4,0.6,1.0,0.5,0.4,0.3952887300841601,1764,2023-03-02,2023-04-30,0.3796451484345874
5,4,0.4,0.6,1.0,0.5,0.4,0.39771408763245975,1765,2023-03-03,2023-05-01,0.3781055508597448
5,4,0.4,0.6,1.0,0.5,0.4,0.398154588510922,1766,2023-03-04,2023-05-02,0.3977133654282502
5,4,0.4,0.6,1.0,0.5,0.4,0.4016284986820522,1767,2023-03-05,2023-05-03,0.397035928891211
5,4,0.4,0.6,1.0,0.5,0.4,0.4061271092202532,1768,2023-03-06,2023-05-04,0.3894912492671004
5,4,0.4,0.6,1.0,0.5,0.4,0.40348151564252643,1769,2023-03-07,2023-05-05,0.39440722675848183
5,4,0.4,0.6,1.0,0.5,0.4,0.41837213620764674,1770,2023-03-08,2023-05-06,0.365157385098985
5,4,0.4,0.6,1.0,0.5,0.4,0.4181988703968948,1771,2023-03-09,2023-05-07,0.36636228178870833
5,4,0.4,0.6,1.0,0.5,0.4,0.4157839744085724,1772,2023-03-10,2023-05-08,0.3810478059382755
5,4,0.4,0.6,1.0,0.5,0.4,0.4134096430093302,1773,2023-03-11,2023-05-09,0.38847396078401675
5,4,0.4,0.6,1.0,0.5,0.4,0.4111106462016729,1774,2023-03-12,2023-05-10,0.3868805719407573
5,4,0.4,0.6,1.0,0.5,0.4,0.40437460680555604,1775,2023-03-13,2023-05-11,0.38520442738636107
5,4,0.4,0.6,1.0,0.5,0.4,0.4000734689247411,1776,2023-03-14,2023-05-12,0.3660480385492455
5,4,0.4,0.6,1.0,0.5,0.4,0.39659855019622,1777,2023-03-15,2023-05-13,0.3701787768028475
5,4,0.4,0.6,1.0,0.5,0.4,0.39962060234223196,1778,2023-03-16,2023-05-14,0.35093958615177534
5,4,0.4,0.6,1.0,0.5,0.4,0.40022343512768715,1779,2023-03-17,2023-05-15,0.3474080389691129
5,4,0.4,0.6,1.0,0.5,0.4,0.3959693345257649,1780,2023-03-18,2023-05-16,0.31403714694398055
5,4,0.4,0.6,1.0,0.5,0.4,0.3964594477115781,1781,2023-03-19,2023-05-17,0.3194053925816981
5,4,0.4,0.6,1.0,0.5,0.4,0.3978961991772621,1782,2023-03-20,2023-05-18,0.32436023788184276
5,4,0.4,0.6,1.0,0.5,0.4,0.3968259891209041,1783,2023-03-21,2023-05-19,0.33446520132904684
5,4,0.4,0.6,1.0,0.5,0.4,0.39100729745833307,1784,2023-03-22,2023-05-20,0.3458472846319557
5,4,0.4,0.6,1.0,0.5,0.4,0.38794393597181664,1785,2023-03-23,2023-05-21,0.3659249493142831
5,4,0.4,0.6,1.0,0.5,0.4,0.38424412938006247,1786,2023-03-24,2023-05-22,0.372011224179685
5,4,0.4,0.6,1.0,0.5,0.4,0.38234476993351796,1787,2023-03-25,2023-05-23,0.34674094390623
5,4,0.4,0.6,1.0,0.5,0.4,0.3859663218499056,1788,2023-03-26,2023-05-24,0.3598835799394037
5,4,0.4,0.6,1.0,0.5,0.4,0.38450666200347117,1789,2023-03-27,2023-05-25,0.3545915479385485
5,4,0.4,0.6,1.0,0.5,0.4,0.38211946182061424,1790,2023-03-28,2023-05-26,0.36742588766332773
5,4,0.4,0.6,1.0,0.5,0.4,0.3846175474861277,1791,2023-03-29,2023-05-27,0.36112745548053654
5,4,0.4,0.6,1.0,0.5,0.4,0.39105871076567,1792,2023-03-30,2023-05-28,0.36890195837632744
5,4,0.4,0.6,1.0,0.5,0.4,0.3936754164792806,1793,2023-03-31,2023-05-29,0.3721522771769862
5,4,0.4,0.6,1.0,0.5,0.4,0.3953976673039632,1794,2023-04-01,2023-05-30,0.3778097617514543
5,4,0.4,0.6,1.0,0.5,0.4,0.39872397802002946,1795,2023-04-02,2023-05-31,0.37633643339129896
5,4,0.4,0.6,1.0,0.5,0.4,0.39485664471172266,1796,2023-04-03,2023-06-01,0.365635959027717
5,4,0.4,0.6,1.0,0.5,0.4,0.41503237004628335,1797,2023-04-04,2023-06-02,0.3495077850372762
5,4,0.4,0.6,1.0,0.5,0.4,0.4162934362309544,1798,2023-04-05,2023-06-03,0.3419218205430905
5,3,0.3,0.0,1.3333333333333333,0.5,0.3,0.46482966247041824,1799,2023-04-06,2023-06-04,0.34611037465921757
5,4,0.4,0.6,1.0,0.5,0.4,0.4197773163243145,1800,2023-04-07,2023-06-05,0.3372318534509138
5,3,0.3,0.0,1.3333333333333333,0.5,0.3,0.4694204955126251,1801,2023-04-08,2023-06-06,0.34153844215184537
5,3,0.3,0.0,1.3333333333333333,0.5,0.3,0.47072578536490406,1802,2023-04-09,2023-06-07,0.3387138076904135
5,4,0.4,0.6,1.0,0.5,0.4,0.4221408705059908,1803,2023-04-10,2023-06-08,0.3469782840390654
5,3,0.3,0.0,1.3333333333333333,0.5,0.3,0.4689302573107084,1804,2023-04-11,2023-06-09,0.3592787678614797
5,3,0.3,0.0,1.3333333333333333,0.5,0.3,0.4715473224411372,1805,2023-04-12,2023-06-10,0.35486001663387595
5,3,0.3,0.0,1.3333333333333333,0.5,0.3,0.47373097085858135,1806,2023-04-13,2023-06-11,0.3532802293040473
5,3,0.3,0.0,1.3333333333333333,0.5,0.3,0.4768970003495597,1807,2023-04-14,2023-06-12,0.3279773677851786
5,3,0.3,0.0,1.3333333333333333,0.5,0.3,0.4823857731122121,1808,2023-04-15,2023-06-13,0.34801371706864287
5,2,0.2,0.0,1.0,0.25,0.2,0.49714295863750285,1809,2023-04-16,2023-06-14,0.3210395161565608
5,3,0.3,0.0,1.3333333333333333,0.5,0.3,0.481262639635627,1810,2023-04-17,2023-06-15,0.3478581447943534
5,3,0.3,0.0,1.3333333333333333,0.5,0.3,0.4822340374329031,1811,2023-04-18,2023-06-16,0.33984089733258227
5,2,0.2,0.0,1.0,0.25,0.2,0.4973938622469047,1812,2023-04-19,2023-06-17,0.32697890714889816
5,3,0.3,0.0,1.3333333333333333,0.5,0.3,0.48229623391184184,1813,2023-04-20,2023-06-18,0.31556761399174216
5,3,0.3,0.0,1.3333333333333333,0.5,0.3,0.4828783177974692,1814,2023-04-21,2023-06-19,0.31412354882646837
5,3,0.3,0.0,1.3333333333333333,0.5,0.3,0.481456737147536,1815,2023-04-22,2023-06-20,0.29187017723264913
5,3,0.3,0.0,1.3333333333333333,0.5,0.3,0.4838846642659958,1816,2023-04-23,2023-06-21,0.31196592061077333
5,3,0.3,0.0,1.3333333333333333,0.5,0.3,0.48346193971956614,1817,2023-04-24,2023-06-22,0.31606670690471506
5,4,0.4,0.6,1.0,0.5,0.4,0.4423353417857819,1818,2023-04-25,2023-06-23,0.310193205021987
5,4,0.4,0.6,1.0,0.5,0.4,0.4456754999526995,1819,2023-04-26,2023-06-24,0.32892437145746867
5,4,0.4,0.6,1.0,0.5,0.4,0.4402000761395646,1820,2023-04-27,2023-06-25,0.3353571714963181
5,4,0.4,0.6,1.0,0.5,0.4,0.4397182718955982,1821,2023-04-28,2023-06-26,0.333170246468761
5,4,0.4,0.6,1.0,0.5,0.4,0.4373549832528537,1822,2023-04-29,2023-06-27,0.3412516447161565
5,4,0.4,0.6,1.0,0.5,0.4,0.43143605346242353,1823,2023-04-30,2023-06-28,0.3680762335412241
5,4,0.4,0.6,1.0,0.5,0.4,0.4343201822904379,1824,2023-05-01,2023-06-29,0.36370025040157666
5,4,0.4,0.6,1.0,0.5,0.4,0.42552297685962787,1825,2023-05-02,2023-06-30,0.3674807592162018
5,4,0.4,0.6,1.0,0.5,0.4,0.42145746076472246,1826,2023-05-03,2023-07-01,0.36464433644735805
5,4,0.4,0.6,1.0,0.5,0.4,0.4156494600284919,1827,2023-05-04,2023-07-02,0.36693567856868337
5,4,0.4,0.6,1.0,0.5,0.4,0.411026444016316,1828,2023-05-05,2023-07-03,0.3751345153887722
5,4,0.4,0.6,1.0,0.5,0.4,0.414652721023164,1829,2023-05-06,2023-07-04,0.3657444770931599
5,4,0.4,0.6,1.0,0.5,0.4,0.41508811413573204,1830,2023-05-07,2023-07-05,0.38522600072050955
5,4,0.4,0.6,1.0,0.5,0.4,0.417341183382882,1831,2023-05-08,2023-07-06,0.3764470043172304
5,4,0.4,0.6,1.0,0.5,0.4,0.41240396940814783,1832,2023-05-09,2023-07-07,0.3932152725564533
5,4,0.4,0.6,1.0,0.5,0.4,0.40876058855365355,1833,2023-05-10,2023-07-08,0.39359326620864715
5,4,0.4,0.6,1.0,0.5,0.4,0.40851416292372444,1834,2023-05-11,2023-07-09,0.3941914004537745
5,4,0.4,0.6,1.0,0.5,0.4,0.41346362404613285,1835,2023-05-12,2023-07-10,0.3655772371197094
5,4,0.4,0.6,1.0,0.5,0.4,0.4177511042603628,1836,2023-05-13,2023-07-11,0.36188646030622873
5,4,0.4,0.6,1.0,0.5,0.4,0.4184371738326681,1837,2023-05-14,2023-07-12,0.34743323793321623
5,4,0.4,0.6,1.0,0.5,0.4,0.41170968296533705,1838,2023-05-15,2023-07-13,0.3965937252665319
5,4,0.4,0.6,1.0,0.5,0.4,0.4135779478301644,1839,2023-05-16,2023-07-14,0.40589753489029406
5,4,0.4,0.6,1.0,0.5,0.4,0.41455079164940206,1840,2023-05-17,2023-07-15,0.4055729099618196
5,4,0.4,0.6,1.0,0.5,0.4,0.4150016746341038,1841,2023-05-18,2023-07-16,0.4074859553000826
5,4,0.4,0.6,1.0,0.5,0.4,0.4170034292096816,1842,2023-05-19,2023-07-17,0.3967048228511317
5,4,0.4,0.6,1.0,0.5,0.4,0.4178399477206157,1843,2023-05-20,2023-07-18,0.39729243264272285
5,4,0.4,0.6,1.0,0.5,0.4,0.41756147747986827,1844,2023-05-21,2023-07-19,0.39653135996847366
5,4,0.4,0.6,1.0,0.5,0.4,0.4195400440935129,1845,2023-05-22,2023-07-20,0.395688079080039
5,4,0.4,0.6,1.0,0.5,0.4,0.4197670317099712,1846,2023-05-23,2023-07-21,0.39587726184388516
5,4,0.4,0.6,1.0,0.5,0.4,0.42019127346037305,1847,2023-05-24,2023-07-22,0.40419579132529126
5,4,0.4,0.6,1.0,0.5,0.4,0.4197788472577204,1848,2023-05-25,2023-07-23,0.3894031079709349
5,4,0.4,0.6,1.0,0.5,0.4,0.4228331066582936,1849,2023-05-26,2023-07-24,0.39675680664027124
5,4,0.4,0.6,1.0,0.5,0.4,0.4249901581795255,1850,2023-05-27,2023-07-25,0.39309141574135686
5,4,0.4,0.6,1.0,0.5,0.4,0.42636697578373856,1851,2023-05-28,2023-07-26,0.39103306888379225
5,4,0.4,0.6,1.0,0.5,0.4,0.42066579866113996,1852,2023-05-29,2023-07-27,0.400960347459125
5,4,0.4,0.6,1.0,0.5,0.4,0.4261713214397811,1853,2023-05-30,2023-07-28,0.39235039017915346
5,4,0.4,0.6,1.0,0.5,0.4,0.4304830821168426,1854,2023-05-31,2023-07-29,0.38665946942759066
5,4,0.4,0.6,1.0,0.5,0.4,0.4287813199797654,1855,2023-06-01,2023-07-30,0.3868280313518554
5,3,0.3,0.0,1.3333333333333333,0.5,0.3,0.4774152973347334,1856,2023-06-02,2023-07-31,0.38810408717684625
5,3,0.3,0.0,1.3333333333333333,0.5,0.3,0.4757985694345692,1857,2023-06-03,2023-08-01,0.3914491083447393
5,4,0.4,0.6,1.0,0.5,0.4,0.4267931579080564,1858,2023-06-04,2023-08-02,0.41155671270742633
5,4,0.4,0.6,1.0,0.5,0.4,0.4271726521235608,1859,2023-06-05,2023-08-03,0.4110147593940631
5,4,0.4,0.6,1.0,0.5,0.4,0.42580568464711593,1860,2023-06-06,2023-08-04,0.4185062835236203
5,4,0.4,0.6,1.0,0.5,0.4,0.42118736259495665,1861,2023-06-07,2023-08-05,0.42163856425071417
5,4,0.4,0.6,1.0,0.5,0.4,0.42024516584117033,1862,2023-06-08,2023-08-06,0.42329225177859653
5,4,0.4,0.6,1.0,0.5,0.4,0.4238582617220447,1863,2023-06-09,2023-08-07,0.41723982444944585
5,4,0.4,0.6,1.0,0.5,0.4,0.42065066340354246,1864,2023-06-10,2023-08-08,0.4118196585592404
5,4,0.4,0.6,1.0,0.5,0.4,0.41818907295715035,1865,2023-06-11,2023-08-09,0.41893152539880074
5,4,0.4,0.6,1.0,0.5,0.4,0.4185601376116041,1866,2023-06-12,2023-08-10,0.4192038263001101
5,4,0.4,0.6,1.0,0.5,0.4,0.41704205989121057,1867,2023-06-13,2023-08-11,0.4214424000986557
5,4,0.4,0.6,1.0,0.5,0.4,0.4178675010354609,1868,2023-06-14,2023-08-12,0.42236171923637766
5,4,0.4,0.6,1.0,0.5,0.4,0.4171095938012201,1869,2023-06-15,2023-08-13,0.4560608122680702
5,4,0.4,0.6,1.0,0.5,0.4,0.42550967904526477,1870,2023-06-16,2023-08-14,0.43829137694890585
5,4,0.4,0.6,1.0,0.5,0.4,0.4242282260665913,1871,2023-06-17,2023-08-15,0.43917255919532927
5,4,0.4,0.6,1.0,0.5,0.4,0.42544271823478585,1872,2023-06-18,2023-08-16,0.439280884479175
5,4,0.4,0.6,1.0,0.5,0.4,0.4329686639780146,1873,2023-06-19,2023-08-17,0.4166086334601359
5,4,0.4,0.6,1.0,0.5,0.4,0.43322384203304254,1874,2023-06-20,2023-08-18,0.421574010105604
5,4,0.4,0.6,1.0,0.5,0.4,0.43366369448429115,1875,2023-06-21,2023-08-19,0.4433328234066479
5,4,0.4,0.6,1.0,0.5,0.4,0.42838970278761335,1876,2023-06-22,2023-08-20,0.4351397464318353
5,4,0.4,0.6,1.0,0.5,0.4,0.4288645733510311,1877,2023-06-23,2023-08-21,0.43214665062343666
5,3,0.3,0.0,1.3333333333333333,0.5,0.3,0.47550414996329715,1878,2023-06-24,2023-08-22,0.4508889477039525
5,3,0.3,0.0,1.3333333333333333,0.5,0.3,0.47806285996551967,1879,2023-06-25,2023-08-23,0.4492455092006195
5,3,0.3,0.0,1.3333333333333333,0.5,0.3,0.4757559739555216,1880,2023-06-26,2023-08-24,0.4580933215018219
5,3,0.3,0.0,1.3333333333333333,0.5,0.3,0.4760276571721117,1881,2023-06-27,2023-08-25,0.45946360484636306
5,3,0.3,0.0,1.3333333333333333,0.5,0.3,0.47587755775226315,1882,2023-06-28,2023-08-26,0.45343115528521344
5,3,0.3,0.0,1.3333333333333333,0.5,0.3,0.47793090380482506,1883,2023-06-29,2023-08-27,0.4327329989665719
5,4,0.4,0.6,1.0,0.5,0.4,0.4347918330136413,1884,2023-06-30,2023-08-28,0.441873621276863
5,4,0.4,0.6,1.0,0.5,0.4,0.44494738504803394,1885,2023-07-01,2023-08-29,0.45156423742037033
5,3,0.3,0.0,1.3333333333333333,0.5,0.3,0.4848285212536081,1886,2023-07-02,2023-08-30,0.43851808830003386
5,3,0.3,0.0,1.3333333333333333,0.5,0.3,0.48565267172424254,1887,2023-07-03,2023-08-31,0.4452389154087449
5,3,0.3,0.0,1.3333333333333333,0.5,0.3,0.4842302866150022,1888,2023-07-04,2023-09-01,0.4491044149740661
5,3,0.3,0.0,1.3333333333333333,0.5,0.3,0.4824758157755283,1889,2023-07-05,2023-09-02,0.44599363718395935
5,3,0.3,0.0,1.3333333333333333,0.5,0.3,0.4823630835806727,1890,2023-07-06,2023-09-03,0.4443769703785397
5,3,0.3,0.0,1.3333333333333333,0.5,0.3,0.48194110278918334,1891,2023-07-07,2023-09-04,0.4550297801574156
5,3,0.3,0.0,1.3333333333333333,0.5,0.3,0.4833366378914357,1892,2023-07-08,2023-09-05,0.4362634859931786
5,3,0.3,0.0,1.3333333333333333,0.5,0.3,0.48801210021621794,1893,2023-07-09,2023-09-06,0.4287131892859934
5,3,0.3,0.0,1.3333333333333333,0.5,0.3,0.4880014108797072,1894,2023-07-10,2023-09-07,0.42448989997439607
5,3,0.3,0.0,1.3333333333333333,0.5,0.3,0.4879082196046853,1895,2023-07-11,2023-09-08,0.42182067787518535
5,3,0.3,0.0,1.3333333333333333,0.5,0.3,0.4879367238475082,1896,2023-07-12,2023-09-09,0.42089726996635424
5,2,0.2,0.0,1.0,0.25,0.2,0.4947251136378683,1897,2023-07-13,2023-09-10,0.4223659690962907
5,2,0.2,0.0,1.0,0.25,0.2,0.4910699999969711,1898,2023-07-14,2023-09-11,0.3107472107013423
5,2,0.2,0.0,1.0,0.25,0.2,0.4914911715775209,1899,2023-07-15,2023-09-12,0.3045188948803107
5,2,0.2,0.0,1.0,0.25,0.2,0.4917714233668731,1900,2023-07-16,2023-09-13,0.30524738736962376
5,2,0.2,0.0,1.0,0.25,0.2,0.49309997518865034,1901,2023-07-17,2023-09-14,0.2862326680304127
5,2,0.2,0.0,1.0,0.25,0.2,0.49265101233896075,1902,2023-07-18,2023-09-15,0.28696165444601307
5,2,0.2,0.0,1.0,0.25,0.2,0.4920698061033666,1903,2023-07-19,2023-09-16,0.2864404385640711
5,2,0.2,0.0,1.0,0.25,0.2,0.4931457014223889,1904,2023-07-20,2023-09-17,0.28651663348090634
5,2,0.2,0.0,1.0,0.25,0.2,0.49184498997670334,1905,2023-07-21,2023-09-18,0.29215410391563157
5,2,0.2,0.0,1.0,0.25,0.2,0.4919109675958753,1906,2023-07-22,2023-09-19,0.2960744809090819
5,2,0.2,0.0,1.0,0.25,0.2,0.4920082947831359,1907,2023-07-23,2023-09-20,0.2994344954976441
5,2,0.2,0.0,1.0,0.25,0.2,0.49117005835643196,1908,2023-07-24,2023-09-21,0.2987697138935239
5,2,0.2,0.0,1.0,0.25,0.2,0.49098097205893215,1909,2023-07-25,2023-09-22,0.290004569469339
5,2,0.2,0.0,1.0,0.25,0.2,0.4935901640966906,1910,2023-07-26,2023-09-23,0.28297605103519424
5,2,0.2,0.0,1.0,0.25,0.2,0.493303270586405,1911,2023-07-27,2023-09-24,0.28438560650079664
5,2,0.2,0.0,1.0,0.25,0.2,0.49002629001861375,1912,2023-07-28,2023-09-25,0.271959801666072
5,2,0.2,0.0,1.0,0.25,0.2,0.4889199518357771,1913,2023-07-29,2023-09-26,0.2882036853825755
5,2,0.2,0.0,1.0,0.25,0.2,0.48575528298341675,1914,2023-07-30,2023-09-27,0.2971860640052803
5,2,0.2,0.0,1.0,0.25,0.2,0.4881761490431422,1915,2023-07-31,2023-09-28,0.3344479366383342
5,3,0.3,0.0,1.3333333333333333,0.5,0.3,0.49126793793725554,1916,2023-08-01,2023-09-29,0.34118336081660205
5,4,0.4,0.6,1.0,0.5,0.4,0.44907536552801836,1917,2023-08-02,2023-09-30,0.36441549078081015
5,3,0.3,0.0,1.3333333333333333,0.5,0.3,0.48902770343599733,1918,2023-08-03,2023-10-01,0.3459836101278012
5,4,0.4,0.6,1.0,0.5,0.4,0.44416096418782797,1919,2023-08-04,2023-10-02,0.3882426064299405
5,4,0.4,0.6,1.0,0.5,0.4,0.4466534909938358,1920,2023-08-05,2023-10-03,0.38716779371673854
5,4,0.4,0.6,1.0,0.5,0.4,0.44348124367717856,1921,2023-08-06,2023-10-04,0.3899954893838482
5,4,0.4,0.6,1.0,0.5,0.4,0.4401547728079889,1922,2023-08-07,2023-10-05,0.37801175410589233
5,4,0.4,0.6,1.0,0.5,0.4,0.4387638473752946,1923,2023-08-08,2023-10-06,0.3902500023895835
5,4,0.4,0.6,1.0,0.5,0.4,0.43825918872237685,1924,2023-08-09,2023-10-07,0.40005208467358866
5,4,0.4,0.6,1.0,0.5,0.4,0.43770853716705893,1925,2023-08-10,2023-10-08,0.40131119600667553
5,4,0.4,0.6,1.0,0.5,0.4,0.43470177253568365,1926,2023-08-11,2023-10-09,0.3864908284358153
5,4,0.4,0.6,1.0,0.5,0.4,0.43219726444818884,1927,2023-08-12,2023-10-10,0.38683644220338537
5,4,0.4,0.6,1.0,0.5,0.4,0.42986929615981706,1928,2023-08-13,2023-10-11,0.38536961372342315
5,4,0.4,0.6,1.0,0.5,0.4,0.419796153491651,1929,2023-08-14,2023-10-12,0.4028868318190001
5,4,0.4,0.6,1.0,0.5,0.4,0.4187110600913864,1930,2023-08-15,2023-10-13,0.4019704402417764
5,4,0.4,0.6,1.0,0.5,0.4,0.41658196800669545,1931,2023-08-16,2023-10-14,0.40320893547759845
5,4,0.4,0.6,1.0,0.5,0.4,0.41225588287135956,1932,2023-08-17,2023-10-15,0.4099298561579813
5,4,0.4,0.6,1.0,0.5,0.4,0.4039100581115087,1933,2023-08-18,2023-10-16,0.4546922795607412
5,4,0.4,0.6,1.0,0.5,0.4,0.40455585781793485,1934,2023-08-19,2023-10-17,0.44888263557773367
5,4,0.4,0.6,1.0,0.5,0.4,0.40406416571324666,1935,2023-08-20,2023-10-18,0.45004316206103745
5,4,0.4,0.6,1.0,0.5,0.4,0.40651259535201634,1936,2023-08-21,2023-10-19,0.44670115289259976
5,4,0.4,0.6,1.0,0.5,0.4,0.4083667158301565,1937,2023-08-22,2023-10-20,0.4489558607782843
5,4,0.4,0.6,1.0,0.5,0.4,0.4080703113724027,1938,2023-08-23,2023-10-21,0.4499389847333853
5,4,0.4,0.6,1.0,0.5,0.4,0.4048276774414646,1939,2023-08-24,2023-10-22,0.4460103957120637
5,4,0.4,0.6,1.0,0.5,0.4,0.41216469488450075,1940,2023-08-25,2023-10-23,0.4751609733486538
5,4,0.4,0.6,1.0,0.5,0.4,0.4185932261508966,1941,2023-08-26,2023-10-24,0.45512605526181077
5,4,0.4,0.6,1.0,0.5,0.4,0.41750117297904266,1942,2023-08-27,2023-10-25,0.4489770445571808
5,4,0.4,0.6,1.0,0.5,0.4,0.4164857193962911,1943,2023-08-28,2023-10-26,0.4445988129467769
5,4,0.4,0.6,1.0,0.5,0.4,0.4170383262581244,1944,2023-08-29,2023-10-27,0.445718157826524
5,4,0.4,0.6,1.0,0.5,0.4,0.4153138561161961,1945,2023-08-30,2023-10-28,0.4212578572280095
5,4,0.4,0.6,1.0,0.5,0.4,0.41397274888751,1946,2023-08-31,2023-10-29,0.4380622440138426
5,4,0.4,0.6,1.0,0.5,0.4,0.40444710182261173,1947,2023-09-01,2023-10-30,0.43212169585994653
5,4,0.4,0.6,1.0,0.5,0.4,0.406713415474589,1948,2023-09-02,2023-10-31,0.42130585375014407
5,4,0.4,0.6,1.0,0.5,0.4,0.41197693815877573,1949,2023-09-03,2023-11-01,0.42888465601765857
5,4,0.4,0.6,1.0,0.5,0.4,0.41259830484749227,1950,2023-09-04,2023-11-02,0.4207161055923878
5,4,0.4,0.6,1.0,0.5,0.4,0.39905025436172825,1951,2023-09-05,2023-11-03,0.42399158963232814
5,4,0.4,0.6,1.0,0.5,0.4,0.3932370877627214,1952,2023-09-06,2023-11-04,0.435290670251975
5,4,0.4,0.6,1.0,0.5,0.4,0.3886501648682892,1953,2023-09-07,2023-11-05,0.43496425880831613
5,4,0.4,0.6,1.0,0.5,0.4,0.3881638139682725,1954,2023-09-08,2023-11-06,0.4384046504955689
5,4,0.4,0.6,1.0,0.5,0.4,0.3863494556486329,1955,2023-09-09,2023-11-07,0.4374364782318437
5,4,0.4,0.6,1.0,0.5,0.4,0.387182689434306,1956,2023-09-10,2023-11-08,0.43608447504198045
5,4,0.4,0.6,1.0,0.5,0.4,0.3649251856158538,1957,2023-09-11,2023-11-09,0.373983136506519
5,4,0.4,0.6,1.0,0.5,0.4,0.35496380148739504,1958,2023-09-12,2023-11-10,0.3840908231417245
5,4,0.4,0.6,1.0,0.5,0.4,0.3539881779277302,1959,2023-09-13,2023-11-11,0.38367412356540154
5,4,0.4,0.6,1.0,0.5,0.4,0.3538701917114375,1960,2023-09-14,2023-11-12,0.3843648368659606
5,4,0.4,0.6,1.0,0.5,0.4,0.34588720005320894,1961,2023-09-15,2023-11-13,0.3928473270912121
5,4,0.4,0.6,1.0,0.5,0.4,0.34056168265981146,1962,2023-09-16,2023-11-14,0.337875603486839
5,4,0.4,0.6,1.0,0.5,0.4,0.34532083333951613,1963,2023-09-17,2023-11-15,0.32741516148263183
5,4,0.4,0.6,1.0,0.5,0.4,0.35321426979847753,1964,2023-09-18,2023-11-16,0.33864035815759264
5,4,0.4,0.6,1.0,0.5,0.4,0.351876645108814,1965,2023-09-19,2023-11-17,0.3410038788958321
5,4,0.4,0.6,1.0,0.5,0.4,0.3511793026639775,1966,2023-09-20,2023-11-18,0.34069301027442406
5,4,0.4,0.6,1.0,0.5,0.4,0.3523090948909927,1967,2023-09-21,2023-11-19,0.3365898936023146
5,4,0.4,0.6,1.0,0.5,0.4,0.34948960720568784,1968,2023-09-22,2023-11-20,0.33304231547801727
5,4,0.4,0.6,1.0,0.5,0.4,0.35405284930817493,1969,2023-09-23,2023-11-21,0.34043023554432106
5,4,0.4,0.6,1.0,0.5,0.4,0.35578743174293365,1970,2023-09-24,2023-11-22,0.3497376727834648
5,4,0.4,0.6,1.0,0.5,0.4,0.3556200529192542,1971,2023-09-25,2023-11-23,0.34987400936754093
5,4,0.4,0.6,1.0,0.5,0.4,0.3554047478452047,1972,2023-09-26,2023-11-24,0.3496218802241963
5,4,0.4,0.6,1.0,0.5,0.4,0.355943036480183,1973,2023-09-27,2023-11-25,0.34956909459689617
5,4,0.4,0.6,1.0,0.5,0.4,0.35562285009658967,1974,2023-09-28,2023-11-26,0.3506861871575271
5,4,0.4,0.6,1.0,0.5,0.4,0.3554442170315427,1975,2023-09-29,2023-11-27,0.34952512941043573
5,4,0.4,0.6,1.0,0.5,0.4,0.35578873564048435,1976,2023-09-30,2023-11-28,0.3491495577395867
5,4,0.4,0.6,1.0,0.5,0.4,0.35552889645351476,1977,2023-10-01,2023-11-29,0.3486622957992216
5,4,0.4,0.6,1.0,0.5,0.4,0.35377399543264054,1978,2023-10-02,2023-11-30,0.3467863252919943
5,4,0.4,0.6,1.0,0.5,0.4,0.3590200894554775,1979,2023-10-03,2023-12-01,0.3558302235552336
5,4,0.4,0.6,1.0,0.5,0.4,0.3615377809282414,1980,2023-10-04,2023-12-02,0.35055140038661814
5,4,0.4,0.6,1.0,0.5,0.4,0.362765485217323,1981,2023-10-05,2023-12-03,0.35065301105803715
5,4,0.4,0.6,1.0,0.5,0.4,0.35948746371895957,1982,2023-10-06,2023-12-04,0.36036831613505566
5,4,0.4,0.6,1.0,0.5,0.4,0.3578855044886097,1983,2023-10-07,2023-12-05,0.3772934193239759
5,4,0.4,0.6,1.0,0.5,0.4,0.35815002631310866,1984,2023-10-08,2023-12-06,0.36960304375742153
5,4,0.4,0.6,1.0,0.5,0.4,0.34530763870063674,1985,2023-10-09,2023-12-07,0.3622171906647925
5,4,0.4,0.6,1.0,0.5,0.4,0.34181411831481673,1986,2023-10-10,2023-12-08,0.36100116526355297
5,4,0.4,0.6,1.0,0.5,0.4,0.3414476500491129,1987,2023-10-11,2023-12-09,0.35559523140884997
5,4,0.4,0.6,1.0,0.5,0.4,0.3414435225028173,1988,2023-10-12,2023-12-10,0.3563466086151895
5,4,0.4,0.6,1.0,0.5,0.4,0.35477931664142637,1989,2023-10-13,2023-12-11,0.35918393331710374
5,4,0.4,0.6,1.0,0.5,0.4,0.35552772204471333,1990,2023-10-14,2023-12-12,0.359183135417387
5,4,0.4,0.6,1.0,0.5,0.4,0.35711924691701347,1991,2023-10-15,2023-12-13,0.3511726399515582
5,4,0.4,0.6,1.0,0.5,0.4,0.35651779389935845,1992,2023-10-16,2023-12-14,0.34620103904653365
5,4,0.4,0.6,1.0,0.5,0.4,0.36140437855509644,1993,2023-10-17,2023-12-15,0.32784876858041845
5,4,0.4,0.6,1.0,0.5,0.4,0.36198912935909217,1994,2023-10-18,2023-12-16,0.3283794260114484
5,4,0.4,0.6,1.0,0.5,0.4,0.3633718199542417,1995,2023-10-19,2023-12-17,0.3284383360116806
5,4,0.4,0.6,1.0,0.5,0.4,0.36191422776929816,1996,2023-10-20,2023-12-18,0.329524460621551
5,4,0.4,0.6,1.0,0.5,0.4,0.36045730897412026,1997,2023-10-21,2023-12-19,0.3353697816755274
5,4,0.4,0.6,1.0,0.5,0.4,0.3590203276804169,1998,2023-10-22,2023-12-20,0.34181232907681486
5,4,0.4,0.6,1.0,0.5,0.4,0.35914929459580747,1999,2023-10-23,2023-12-21,0.34197409315333493
5,4,0.4,0.6,1.0,0.5,0.4,0.3503906945097729,2000,2023-10-24,2023-12-22,0.37162018453604306
5,4,0.4,0.6,1.0,0.5,0.4,0.347377588451141,2001,2023-10-25,2023-12-23,0.3720127579895861
5,4,0.4,0.6,1.0,0.5,0.4,0.3497553748505642,2002,2023-10-26,2023-12-24,0.36823044907243524
5,4,0.4,0.6,1.0,0.5,0.4,0.3500019942328787,2003,2023-10-27,2023-12-25,0.36844997129165724
5,4,0.4,0.6,1.0,0.5,0.4,0.35062385234844595,2004,2023-10-28,2023-12-26,0.37132329399686503
5,4,0.4,0.6,1.0,0.5,0.4,0.3501168742441282,2005,2023-10-29,2023-12-27,0.3608533647464714
5,4,0.4,0.6,1.0,0.5,0.4,0.3500627486543605,2006,2023-10-30,2023-12-28,0.35344924554166035
5,4,0.4,0.6,1.0,0.5,0.4,0.3511734891141358,2007,2023-10-31,2023-12-29,0.3504065156672585
5,4,0.4,0.6,1.0,0.5,0.4,0.35124252615971874,2008,2023-11-01,2023-12-30,0.35034267359612137
5,4,0.4,0.6,1.0,0.5,0.4,0.34724649627121623,2009,2023-11-02,2023-12-31,0.357444331760577
5,4,0.4,0.6,1.0,0.5,0.4,0.34588413229069803,2010,2023-11-03,2024-01-01,0.3589128449395175
5,4,0.4,0.6,1.0,0.5,0.4,0.3484643871914409,2011,2023-11-04,2024-01-02,0.3579190388737336
5,4,0.4,0.6,1.0,0.5,0.4,0.3614950830612858,2012,2023-11-05,2024-01-03,0.36102553145642224
5,4,0.4,0.6,1.0,0.5,0.4,0.3648051297542898,2013,2023-11-06,2024-01-04,0.3588217860159209
5,4,0.4,0.6,1.0,0.5,0.4,0.3654177273730446,2014,2023-11-07,2024-01-05,0.35898920624209896
5,4,0.4,0.6,1.0,0.5,0.4,0.36667174533429264,2015,2023-11-08,2024-01-06,0.3577076308485686
5,4,0.4,0.6,1.0,0.5,0.4,0.36572015640807487,2016,2023-11-09,2024-01-07,0.3587455387830091
5,4,0.4,0.6,1.0,0.5,0.4,0.37994913430648347,2017,2023-11-10,2024-01-08,0.3629360563168613
5,4,0.4,0.6,1.0,0.5,0.4,0.3809217417161886,2018,2023-11-11,2024-01-09,0.36169426171149033
5,4,0.4,0.6,1.0,0.5,0.4,0.36678999022137426,2019,2023-11-12,2024-01-10,0.3571657547153003
5,4,0.4,0.6,1.0,0.5,0.4,0.36612913304732575,2020,2023-11-13,2024-01-11,0.3568606719797474
5,4,0.4,0.6,1.0,0.5,0.4,0.36679847104166596,2021,2023-11-14,2024-01-12,0.3552942455726229
5,4,0.4,0.6,1.0,0.5,0.4,0.3791580205514229,2022,2023-11-15,2024-01-13,0.37667052195737016
5,4,0.4,0.6,1.0,0.5,0.4,0.3766186587048055,2023,2023-11-16,2024-01-14,0.37992720310860184
5,4,0.4,0.6,1.0,0.5,0.4,0.37238930719741425,2024,2023-11-17,2024-01-15,0.3699475841092381
5,4,0.4,0.6,1.0,0.5,0.4,0.37098029150571843,2025,2023-11-18,2024-01-16,0.3621718954610224
5,4,0.4,0.6,1.0,0.5,0.4,0.3758055725891267,2026,2023-11-19,2024-01-17,0.3599018241290665
5,4,0.4,0.6,1.0,0.5,0.4,0.3769109202906249,2027,2023-11-20,2024-01-18,0.3567259020213388
5,4,0.4,0.6,1.0,0.5,0.4,0.3790874408390943,2028,2023-11-21,2024-01-19,0.355238635490711
5,4,0.4,0.6,1.0,0.5,0.4,0.3742071725326144,2029,2023-11-22,2024-01-20,0.3515454414203739
5,4,0.4,0.6,1.0,0.5,0.4,0.3697622507981127,2030,2023-11-23,2024-01-21,0.36096134010981634
5,4,0.4,0.6,1.0,0.5,0.4,0.37660524811547935,2031,2023-11-24,2024-01-22,0.367448139831575
5,4,0.4,0.6,1.0,0.5,0.4,0.37418038844492685,2032,2023-11-25,2024-01-23,0.3634905898031271
5,4,0.4,0.6,1.0,0.5,0.4,0.37572815615184174,2033,2023-11-26,2024-01-24,0.3616470354361711
5,4,0.4,0.6,1.0,0.5,0.4,0.376203233151113,2034,2023-11-27,2024-01-25,0.3615690576745871
5,4,0.4,0.6,1.0,0.5,0.4,0.3772520132714482,2035,2023-11-28,2024-01-26,0.36330047572667584
5,4,0.4,0.6,1.0,0.5,0.4,0.38006114766380883,2036,2023-11-29,2024-01-27,0.35826827545238876
5,4,0.4,0.6,1.0,0.5,0.4,0.38057123160169787,2037,2023-11-30,2024-01-28,0.35693730581524646
5,4,0.4,0.6,1.0,0.5,0.4,0.38285131963941954,2038,2023-12-01,2024-01-29,0.3628278108242354
5,4,0.4,0.6,1.0,0.5,0.4,0.3791748162675229,2039,2023-12-02,2024-01-30,0.3625971067940916
5,4,0.4,0.6,1.0,0.5,0.4,0.37472918163896085,2040,2023-12-03,2024-01-31,0.3644616339017347
5,4,0.4,0.6,1.0,0.5,0.4,0.3746492917189583,2041,2023-12-04,2024-02-01,0.3641219630218066
5,4,0.4,0.6,1.0,0.5,0.4,0.3710453212839705,2042,2023-12-05,2024-02-02,0.37836539757492427
5,4,0.4,0.6,1.0,0.5,0.4,0.3658782996701415,2043,2023-12-06,2024-02-03,0.40110748552832176
5,4,0.4,0.6,1.0,0.5,0.4,0.3659202306246454,2044,2023-12-07,2024-02-04,0.39985704787158005
5,4,0.4,0.6,1.0,0.5,0.4,0.3757493338352478,2045,2023-12-08,2024-02-05,0.39717857711908133
5,4,0.4,0.6,1.0,0.5,0.4,0.3765158789196369,2046,2023-12-09,2024-02-06,0.4085987839874855
5,4,0.4,0.6,1.0,0.5,0.4,0.37813482198256065,2047,2023-12-10,2024-02-07,0.40777484755582416
5,4,0.4,0.6,1.0,0.5,0.4,0.37723913787859864,2048,2023-12-11,2024-02-08,0.4051708619705828
5,4,0.4,0.6,1.0,0.5,0.4,0.37264954284107343,2049,2023-12-12,2024-02-09,0.4093826028549379
5,4,0.4,0.6,1.0,0.5,0.4,0.37307990980381944,2050,2023-12-13,2024-02-10,0.4117517024156466
5,4,0.4,0.6,1.0,0.5,0.4,0.3732359232239228,2051,2023-12-14,2024-02-11,0.3921143926368988
5,4,0.4,0.6,1.0,0.5,0.4,0.3816702828988062,2052,2023-12-15,2024-02-12,0.3772906932510283
5,4,0.4,0.6,1.0,0.5,0.4,0.37431954655454625,2053,2023-12-16,2024-02-13,0.37198887855580526
5,4,0.4,0.6,1.0,0.5,0.4,0.375752929460795,2054,2023-12-17,2024-02-14,0.3899656171687067
5,4,0.4,0.6,1.0,0.5,0.4,0.37360103749844226,2055,2023-12-18,2024-02-15,0.3933652235887242
5,4,0.4,0.6,1.0,0.5,0.4,0.3726744214543083,2056,2023-12-19,2024-02-16,0.39219058187215994
5,4,0.4,0.6,1.0,0.5,0.4,0.37686612088304555,2057,2023-12-20,2024-02-17,0.3997484962475796
5,4,0.4,0.6,1.0,0.5,0.4,0.37609780608660887,2058,2023-12-21,2024-02-18,0.41325066320791165
5,4,0.4,0.6,1.0,0.5,0.4,0.3774121563147257,2059,2023-12-22,2024-02-19,0.4078762138277556
5,4,0.4,0.6,1.0,0.5,0.4,0.3781441825693328,2060,2023-12-23,2024-02-20,0.4130487625213702
5,4,0.4,0.6,1.0,0.5,0.4,0.3782277790094741,2061,2023-12-24,2024-02-21,0.41184826701585003
5,4,0.4,0.6,1.0,0.5,0.4,0.37669373632364406,2062,2023-12-25,2024-02-22,0.41182196518191505
5,4,0.4,0.6,1.0,0.5,0.4,0.3775392738675347,2063,2023-12-26,2024-02-23,0.4098099610817935
5,4,0.4,0.6,1.0,0.5,0.4,0.3779115826655435,2064,2023-12-27,2024-02-24,0.41956251985461657
5,4,0.4,0.6,1.0,0.5,0.4,0.37953796039626847,2065,2023-12-28,2024-02-25,0.39438313092735017
5,4,0.4,0.6,1.0,0.5,0.4,0.3813782341794856,2066,2023-12-29,2024-02-26,0.3812038178566298
5,4,0.4,0.6,1.0,0.5,0.4,0.37974459419205187,2067,2023-12-30,2024-02-27,0.37782420814518597
5,4,0.4,0.6,1.0,0.5,0.4,0.3815744300403597,2068,2023-12-31,2024-02-28,0.3549264362472236
5,4,0.4,0.6,1.0,0.5,0.4,0.38398595855974266,2069,2024-01-01,2024-02-29,0.3560257192502019
5,4,0.4,0.6,1.0,0.5,0.4,0.3827291649026159,2070,2024-01-02,2024-03-01,0.36262140505417684
5,4,0.4,0.6,1.0,0.5,0.4,0.3873630801395195,2071,2024-01-03,2024-03-02,0.36177148041211754
5,4,0.4,0.6,1.0,0.5,0.4,0.3748422971254973,2072,2024-01-04,2024-03-03,0.3722104302110347
5,4,0.4,0.6,1.0,0.5,0.4,0.3748035039519136,2073,2024-01-05,2024-03-04,0.3751591820222472
5,4,0.4,0.6,1.0,0.5,0.4,0.3737726197065838,2074,2024-01-06,2024-03-05,0.37106411316248133
5,4,0.4,0.6,1.0,0.5,0.4,0.37074509031649283,2075,2024-01-07,2024-03-06,0.4000261302623526
5,4,0.4,0.6,1.0,0.5,0.4,0.3659487262653648,2076,2024-01-08,2024-03-07,0.4062044796269405
5,4,0.4,0.6,1.0,0.5,0.4,0.3637428654949799,2077,2024-01-09,2024-03-08,0.39859247674830856
5,4,0.4,0.6,1.0,0.5,0.4,0.36753530774364496,2078,2024-01-10,2024-03-09,0.3915173412382116
5,4,0.4,0.6,1.0,0.5,0.4,0.3836693292978401,2079,2024-01-11,2024-03-10,0.38528411467799273
5,4,0.4,0.6,1.0,0.5,0.4,0.38628439009709625,2080,2024-01-12,2024-03-11,0.37778764402164644
5,4,0.4,0.6,1.0,0.5,0.4,0.38372446893898843,2081,2024-01-13,2024-03-12,0.3628522138572775
5,4,0.4,0.6,1.0,0.5,0.4,0.38492026260542866,2082,2024-01-14,2024-03-13,0.36599275022864897
5,4,0.4,0.6,1.0,0.5,0.4,0.38088510985288965,2083,2024-01-15,2024-03-14,0.39300468208758216
5,4,0.4,0.6,1.0,0.5,0.4,0.38251939859612216,2084,2024-01-16,2024-03-15,0.39905661011066895
5,4,0.4,0.6,1.0,0.5,0.4,0.3958211631898768,2085,2024-01-17,2024-03-16,0.4137658578474045
5,4,0.4,0.6,1.0,0.5,0.4,0.39152333513009596,2086,2024-01-18,2024-03-17,0.42065815758059566
5,4,0.4,0.6,1.0,0.5,0.4,0.3888362548186295,2087,2024-01-19,2024-03-18,0.43229391254721217
5,4,0.4,0.6,1.0,0.5,0.4,0.39801239992820814,2088,2024-01-20,2024-03-19,0.4404326892742236
5,4,0.4,0.6,1.0,0.5,0.4,0.3958117893501882,2089,2024-01-21,2024-03-20,0.5047421039713903
5,4,0.4,0.6,1.0,0.5,0.4,0.39555566444929696,2090,2024-01-22,2024-03-21,0.5120340074786067
5,4,0.4,0.6,1.0,0.5,0.4,0.39054726309466514,2091,2024-01-23,2024-03-22,0.5302402958240797
5,5,0.5,0.4666666666666667,1.7,0.75,0.5,0.279097137406187,2092,2024-01-24,2024-03-23,0.5352949123096582
5,5,0.5,0.4666666666666667,1.7,0.75,0.5,0.27961744190795157,2093,2024-01-25,2024-03-24,0.537582457636064
5,5,0.5,0.4666666666666667,1.7,0.75,0.5,0.27737222624401564,2094,2024-01-26,2024-03-25,0.5457906813248141
5,5,0.5,0.4666666666666667,1.7,0.75,0.5,0.2773545915781785,2095,2024-01-27,2024-03-26,0.5475182208302184
5,5,0.5,0.4666666666666667,1.7,0.75,0.5,0.27696239479300455,2096,2024-01-28,2024-03-27,0.549102790938727
5,5,0.5,0.4666666666666667,1.7,0.75,0.5,0.2769063495918332,2097,2024-01-29,2024-03-28,0.5480132386864915
5,5,0.5,0.4666666666666667,1.7,0.75,0.5,0.27724972155741634,2098,2024-01-30,2024-03-29,0.5481488761149473
5,5,0.5,0.4666666666666667,1.7,0.75,0.5,0.27713193302487105,2099,2024-01-31,2024-03-30,0.5494937454443842
5,5,0.5,0.4666666666666667,1.7,0.75,0.5,0.277226457681522,2100,2024-02-01,2024-03-31,0.5482056726753425
5,5,0.5,0.4666666666666667,1.7,0.75,0.5,0.27339594356597435,2101,2024-02-02,2024-04-01,0.5682280977607821
5,4,0.4,0.6,1.0,0.5,0.4,0.3892715184136131,2102,2024-02-03,2024-04-02,0.5420746840458388
5,4,0.4,0.6,1.0,0.5,0.4,0.3910248135186365,2103,2024-02-04,2024-04-03,0.5380470249199466
5,4,0.4,0.6,1.0,0.5,0.4,0.39059440125983347,2104,2024-02-05,2024-04-04,0.5353783671813417
5,4,0.4,0.6,1.0,0.5,0.4,0.39069294303642393,2105,2024-02-06,2024-04-05,0.5383484551657383
5,4,0.4,0.6,1.0,0.5,0.4,0.3912079531315246,2106,2024-02-07,2024-04-06,0.5372856901505287
5,4,0.4,0.6,1.0,0.5,0.4,0.3893759716871809,2107,2024-02-08,2024-04-07,0.5356583078559589
5,4,0.4,0.6,1.0,0.5,0.4,0.38775523756681063,2108,2024-02-09,2024-04-08,0.5457608813383139
5,4,0.4,0.6,1.0,0.5,0.4,0.38869773396980944,2109,2024-02-10,2024-04-09,0.5345482991737884
5,4,0.4,0.6,1.0,0.5,0.4,0.3784882663790818,2110,2024-02-11,2024-04-10,0.5136359405791396
5,4,0.4,0.6,1.0,0.5,0.4,0.38027971988434106,2111,2024-02-12,2024-04-11,0.5088417542670634
5,4,0.4,0.6,1.0,0.5,0.4,0.3766368373006506,2112,2024-02-13,2024-04-12,0.5496352150050627
5,4,0.4,0.6,1.0,0.5,0.4,0.3744469639449317,2113,2024-02-14,2024-04-13,0.5809929471680587
5,4,0.4,0.6,1.0,0.5,0.4,0.37103148788194695,2114,2024-02-15,2024-04-14,0.5834235244333195
5,4,0.4,0.6,1.0,0.5,0.4,0.37152405018658274,2115,2024-02-16,2024-04-15,0.5856131500878085
5,4,0.4,0.6,1.0,0.5,0.4,0.3719794994084744,2116,2024-02-17,2024-04-16,0.5850162873828865
5,4,0.4,0.6,1.0,0.5,0.4,0.37258314023182937,2117,2024-02-18,2024-04-17,0.5705530171187103
5,4,0.4,0.6,1.0,0.5,0.4,0.3735170989011168,2118,2024-02-19,2024-04-18,0.5652232364122496
5,4,0.4,0.6,1.0,0.5,0.4,0.3772616765336662,2119,2024-02-20,2024-04-19,0.5617143917925216
5,4,0.4,0.6,1.0,0.5,0.4,0.3803381409077009,2120,2024-02-21,2024-04-20,0.5521599487738643
5,4,0.4,0.6,1.0,0.5,0.4,0.38023471848408824,2121,2024-02-22,2024-04-21,0.5535702125478639
5,4,0.4,0.6,1.0,0.5,0.4,0.3818879593675964,2122,2024-02-23,2024-04-22,0.5530583195650755
5,4,0.4,0.6,1.0,0.5,0.4,0.3811609683837513,2123,2024-02-24,2024-04-23,0.5473199907225784
5,4,0.4,0.6,1.0,0.5,0.4,0.3812600110053215,2124,2024-02-25,2024-04-24,0.5442367672260506
5,4,0.4,0.6,1.0,0.5,0.4,0.38254580037254016,2125,2024-02-26,2024-04-25,0.5448962209384445
5,4,0.4,0.6,1.0,0.5,0.4,0.3824385344024688,2126,2024-02-27,2024-04-26,0.5462819483327999
5,4,0.4,0.6,1.0,0.5,0.4,0.3815849702204338,2127,2024-02-28,2024-04-27,0.5420490538673051
5,4,0.4,0.6,1.0,0.5,0.4,0.3817433414860335,2128,2024-02-29,2024-04-28,0.5618868504341986
5,4,0.4,0.6,1.0,0.5,0.4,0.38047488517629646,2129,2024-03-01,2024-04-29,0.5600186054452585
5,5,0.5,0.4666666666666667,1.7,0.75,0.5,0.280992349468835,2130,2024-03-02,2024-04-30,0.5727445737483899
5,4,0.4,0.6,1.0,0.5,0.4,0.38003137327802633,2131,2024-03-03,2024-05-01,0.5600005932311514
5,4,0.4,0.6,1.0,0.5,0.4,0.3804663104228412,2132,2024-03-04,2024-05-02,0.5591877745421006
5,5,0.5,0.4666666666666667,1.7,0.75,0.5,0.2793308507847271,2133,2024-03-05,2024-05-03,0.5689115605108469
5,5,0.5,0.4666666666666667,1.7,0.75,0.5,0.2824919799684441,2134,2024-03-06,2024-05-04,0.5772285662153143
5,4,0.4,0.6,1.0,0.5,0.4,0.38458378692661327,2135,2024-03-07,2024-05-05,0.5665445862533538
5,4,0.4,0.6,1.0,0.5,0.4,0.3857925755978409,2136,2024-03-08,2024-05-06,0.5597035722927692
5,4,0.4,0.6,1.0,0.5,0.4,0.3847323665376148,2137,2024-03-09,2024-05-07,0.5628284552190866
5,4,0.4,0.6,1.0,0.5,0.4,0.38312702046676334,2138,2024-03-10,2024-05-08,0.564812768536693
5,4,0.4,0.6,1.0,0.5,0.4,0.38301014700131775,2139,2024-03-11,2024-05-09,0.5709582795785759
5,5,0.5,0.4666666666666667,1.7,0.75,0.5,0.28468834635054585,2140,2024-03-12,2024-05-10,0.5781417595545457
5,5,0.5,0.4666666666666667,1.7,0.75,0.5,0.28512166765648117,2141,2024-03-13,2024-05-11,0.5774784512646591
5,4,0.4,0.6,1.0,0.5,0.4,0.3833090359226125,2142,2024-03-14,2024-05-12,0.5759756819856852
5,4,0.4,0.6,1.0,0.5,0.4,0.3833298749348642,2143,2024-03-15,2024-05-13,0.5727288759031122
5,4,0.4,0.6,1.0,0.5,0.4,0.382684583507302,2144,2024-03-16,2024-05-14,0.5691583040510708
5,5,0.5,0.4666666666666667,1.7,0.75,0.5,0.28224304598702027,2145,2024-03-17,2024-05-15,0.6001618839564875
5,5,0.5,0.4666666666666667,1.7,0.75,0.5,0.28087000307798393,2146,2024-03-18,2024-05-16,0.6040782663384474
5,5,0.5,0.4666666666666667,1.7,0.75,0.5,0.2811210964676064,2147,2024-03-19,2024-05-17,0.6050042603149436
5,5,0.5,0.4666666666666667,1.7,0.75,0.5,0.2780247418244812,2148,2024-03-20,2024-05-18,0.6111439467421569
5,4,0.4,0.6,1.0,0.5,0.4,0.37291046015279833,2149,2024-03-21,2024-05-19,0.5717250562209791
5,4,0.4,0.6,1.0,0.5,0.4,0.3707459065906132,2150,2024-03-22,2024-05-20,0.5282516740276125
5,4,0.4,0.6,1.0,0.5,0.4,0.3671006172395076,2151,2024-03-23,2024-05-21,0.5125764156154118
5,4,0.4,0.6,1.0,0.5,0.4,0.3704157760453499,2152,2024-03-24,2024-05-22,0.512877462899722
5,4,0.4,0.6,1.0,0.5,0.4,0.36884893297888166,2153,2024-03-25,2024-05-23,0.5147251183824075
5,4,0.4,0.6,1.0,0.5,0.4,0.36718833157254877,2154,2024-03-26,2024-05-24,0.505378153358263
5,4,0.4,0.6,1.0,0.5,0.4,0.36676302123551774,2155,2024-03-27,2024-05-25,0.5071626265511806
5,4,0.4,0.6,1.0,0.5,0.4,0.36552898253230093,2156,2024-03-28,2024-05-26,0.5048612075870647
5,4,0.4,0.6,1.0,0.5,0.4,0.3651207180548467,2157,2024-03-29,2024-05-27,0.5098513601759425
5,4,0.4,0.6,1.0,0.5,0.4,0.3650194472147751,2158,2024-03-30,2024-05-28,0.5105551130476652
5,4,0.4,0.6,1.0,0.5,0.4,0.3644820608526349,2159,2024-03-31,2024-05-29,0.5148338208741533
5,4,0.4,0.6,1.0,0.5,0.4,0.363148345454531,2160,2024-04-01,2024-05-30,0.5122968084901498
5,4,0.4,0.6,1.0,0.5,0.4,0.36326063494247557,2161,2024-04-02,2024-05-31,0.49862699404601923
5,4,0.4,0.6,1.0,0.5,0.4,0.36042542906806657,2162,2024-04-03,2024-06-01,0.5199415998691762
5,4,0.4,0.6,1.0,0.5,0.4,0.36167534268799073,2163,2024-04-04,2024-06-02,0.5184409600336395
5,4,0.4,0.6,1.0,0.5,0.4,0.36236202571099413,2164,2024-04-05,2024-06-03,0.521499699568847
5,4,0.4,0.6,1.0,0.5,0.4,0.3615697356226625,2165,2024-04-06,2024-06-04,0.5134857101687564
5,4,0.4,0.6,1.0,0.5,0.4,0.36205232070252014,2166,2024-04-07,2024-06-05,0.5141993020453272
5,4,0.4,0.6,1.0,0.5,0.4,0.36259237086759644,2167,2024-04-08,2024-06-06,0.5145352669043701
5,4,0.4,0.6,1.0,0.5,0.4,0.36079093008265156,2168,2024-04-09,2024-06-07,0.5187311233480119
5,4,0.4,0.6,1.0,0.5,0.4,0.35749792639199174,2169,2024-04-10,2024-06-08,0.5214104865265413
5,4,0.4,0.6,1.0,0.5,0.4,0.36391790111582084,2170,2024-04-11,2024-06-09,0.549051699928879
5,4,0.4,0.6,1.0,0.5,0.4,0.36336848376930125,2171,2024-04-12,2024-06-10,0.5509169872188814
5,4,0.4,0.6,1.0,0.5,0.4,0.36728728176564157,2172,2024-04-13,2024-06-11,0.5092116617073456
5,4,0.4,0.6,1.0,0.5,0.4,0.36771808409585965,2173,2024-04-14,2024-06-12,0.46558106136787114
5,4,0.4,0.6,1.0,0.5,0.4,0.36725511902351987,2174,2024-04-15,2024-06-13,0.4738782733347069
5,4,0.4,0.6,1.0,0.5,0.4,0.3674632033948787,2175,2024-04-16,2024-06-14,0.46913081537932577
5,4,0.4,0.6,1.0,0.5,0.4,0.36700355545230073,2176,2024-04-17,2024-06-15,0.46299064992768796
5,4,0.4,0.6,1.0,0.5,0.4,0.3655914184813289,2177,2024-04-18,2024-06-16,0.4799475571526344
5,4,0.4,0.6,1.0,0.5,0.4,0.3650121044672334,2178,2024-04-19,2024-06-17,0.4825329674024399
5,4,0.4,0.6,1.0,0.5,0.4,0.36374294570556726,2179,2024-04-20,2024-06-18,0.4821989369611822
5,4,0.4,0.6,1.0,0.5,0.4,0.35835453335598655,2180,2024-04-21,2024-06-19,0.4942852910399226
5,4,0.4,0.6,1.0,0.5,0.4,0.35837467257183886,2181,2024-04-22,2024-06-20,0.4948284185727669
5,4,0.4,0.6,1.0,0.5,0.4,0.3563425577022482,2182,2024-04-23,2024-06-21,0.5006859025684813
5,4,0.4,0.6,1.0,0.5,0.4,0.3557206146903367,2183,2024-04-24,2024-06-22,0.5079273143090903
5,4,0.4,0.6,1.0,0.5,0.4,0.35556267677790343,2184,2024-04-25,2024-06-23,0.5117409322049808
5,4,0.4,0.6,1.0,0.5,0.4,0.35449529753134373,2185,2024-04-26,2024-06-24,0.4913536581112635
5,4,0.4,0.6,1.0,0.5,0.4,0.35288140821630987,2186,2024-04-27,2024-06-25,0.488137344877768
5,4,0.4,0.6,1.0,0.5,0.4,0.356607304097338,2187,2024-04-28,2024-06-26,0.4938511540543907
5,4,0.4,0.6,1.0,0.5,0.4,0.35747699203197536,2188,2024-04-29,2024-06-27,0.4963344383004243
5,4,0.4,0.6,1.0,0.5,0.4,0.35945330715872603,2189,2024-04-30,2024-06-28,0.4962968851259114
5,4,0.4,0.6,1.0,0.5,0.4,0.35604345425695305,2190,2024-05-01,2024-06-29,0.4587152367596655
5,4,0.4,0.6,1.0,0.5,0.4,0.35915048298726526,2191,2024-05-02,2024-06-30,0.48151763300013795
5,4,0.4,0.6,1.0,0.5,0.4,0.358820504357705,2192,2024-05-03,2024-07-01,0.4812327292548221
5,4,0.4,0.6,1.0,0.5,0.4,0.35917342561776683,2193,2024-05-04,2024-07-02,0.4704969024290791
5,4,0.4,0.6,1.0,0.5,0.4,0.3591730338521548,2194,2024-05-05,2024-07-03,0.4474996070701449
5,4,0.4,0.6,1.0,0.5,0.4,0.3641757239422635,2195,2024-05-06,2024-07-04,0.4349082294955867
5,4,0.4,0.6,1.0,0.5,0.4,0.36354421159469696,2196,2024-05-07,2024-07-05,0.43111310318450446
5,4,0.4,0.6,1.0,0.5,0.4,0.36363378038711625,2197,2024-05-08,2024-07-06,0.43575174044322795
5,4,0.4,0.6,1.0,0.5,0.4,0.36551281088410603,2198,2024-05-09,2024-07-07,0.4368855990207662
5,4,0.4,0.6,1.0,0.5,0.4,0.36669782702172243,2199,2024-05-10,2024-07-08,0.4277413784547105
5,4,0.4,0.6,1.0,0.5,0.4,0.36516501345238717,2200,2024-05-11,2024-07-09,0.41852588811766883
5,4,0.4,0.6,1.0,0.5,0.4,0.36579360417214213,2201,2024-05-12,2024-07-10,0.4166273913187479
5,4,0.4,0.6,1.0,0.5,0.4,0.36602265829888836,2202,2024-05-13,2024-07-11,0.41393720919819066
5,4,0.4,0.6,1.0,0.5,0.4,0.3675509491985599,2203,2024-05-14,2024-07-12,0.4135900285802495
5,4,0.4,0.6,1.0,0.5,0.4,0.3670176648588338,2204,2024-05-15,2024-07-13,0.42222495307032376
5,4,0.4,0.6,1.0,0.5,0.4,0.3723269483393883,2205,2024-05-16,2024-07-14,0.3636114911925462
5,4,0.4,0.6,1.0,0.5,0.4,0.3766611528498411,2206,2024-05-17,2024-07-15,0.36397209902063443
5,4,0.4,0.6,1.0,0.5,0.4,0.37597290970677655,2207,2024-05-18,2024-07-16,0.3603433265205995
5,4,0.4,0.6,1.0,0.5,0.4,0.37722430039258475,2208,2024-05-19,2024-07-17,0.3551591389193916
5,4,0.4,0.6,1.0,0.5,0.4,0.37592907123826036,2209,2024-05-20,2024-07-18,0.35478469373383414
5,4,0.4,0.6,1.0,0.5,0.4,0.3666120060462805,2210,2024-05-21,2024-07-19,0.3502414430614513
5,4,0.4,0.6,1.0,0.5,0.4,0.3762425835535033,2211,2024-05-22,2024-07-20,0.3530863545212747
5,4,0.4,0.6,1.0,0.5,0.4,0.3728921134075793,2212,2024-05-23,2024-07-21,0.35600618676418516
5,4,0.4,0.6,1.0,0.5,0.4,0.37952469080077006,2213,2024-05-24,2024-07-22,0.3574261357169452
5,4,0.4,0.6,1.0,0.5,0.4,0.37617540965640844,2214,2024-05-25,2024-07-23,0.35875290642988206
5,4,0.4,0.6,1.0,0.5,0.4,0.37548970096720136,2215,2024-05-26,2024-07-24,0.35640310777438083
5,4,0.4,0.6,1.0,0.5,0.4,0.3727380911518253,2216,2024-05-27,2024-07-25,0.35525149013849394
5,4,0.4,0.6,1.0,0.5,0.4,0.3744028305882361,2217,2024-05-28,2024-07-26,0.35295319462297436
5,4,0.4,0.6,1.0,0.5,0.4,0.3742500703419464,2218,2024-05-29,2024-07-27,0.35164604888112766
5,4,0.4,0.6,1.0,0.5,0.4,0.3757244930078915,2219,2024-05-30,2024-07-28,0.3430363996889197
5,4,0.4,0.6,1.0,0.5,0.4,0.3724866588769569,2220,2024-05-31,2024-07-29,0.33950157095462496
5,4,0.4,0.6,1.0,0.5,0.4,0.3739345890007259,2221,2024-06-01,2024-07-30,0.34014912506732947
5,4,0.4,0.6,1.0,0.5,0.4,0.37395787491279747,2222,2024-06-02,2024-07-31,0.3368523217841992
5,4,0.4,0.6,1.0,0.5,0.4,0.37254415521633777,2223,2024-06-03,2024-08-01,0.337533674231911
5,4,0.4,0.6,1.0,0.5,0.4,0.38636757494030893,2224,2024-06-04,2024-08-02,0.35596999936607804
5,4,0.4,0.6,1.0,0.5,0.4,0.3888616926528856,2225,2024-06-05,2024-08-03,0.3551028576553276
5,4,0.4,0.6,1.0,0.5,0.4,0.3907274017465752,2226,2024-06-06,2024-08-04,0.35240208611804946
5,4,0.4,0.6,1.0,0.5,0.4,0.39769963625969285,2227,2024-06-07,2024-08-05,0.36038023544876324
5,4,0.4,0.6,1.0,0.5,0.4,0.40714425148305144,2228,2024-06-08,2024-08-06,0.3786567056036293
5,4,0.4,0.6,1.0,0.5,0.4,0.4133992864968124,2229,2024-06-09,2024-08-07,0.36907133370273876
5,4,0.4,0.6,1.0,0.5,0.4,0.42935711817446764,2230,2024-06-10,2024-08-08,0.3557116538419237
5,4,0.4,0.6,1.0,0.5,0.4,0.4280147941954575,2231,2024-06-11,2024-08-09,0.3589547894755996
5,4,0.4,0.6,1.0,0.5,0.4,0.42732748653472263,2232,2024-06-12,2024-08-10,0.36261047264140633
5,3,0.3,0.0,1.3333333333333333,0.5,0.3,0.47297128410917255,2233,2024-06-13,2024-08-11,0.3573620116030439
5,3,0.3,0.0,1.3333333333333333,0.5,0.3,0.47135307619437344,2234,2024-06-14,2024-08-12,0.35970875599445085
5,3,0.3,0.0,1.3333333333333333,0.5,0.3,0.4681923065261395,2235,2024-06-15,2024-08-13,0.3626272993040675
5,3,0.3,0.0,1.3333333333333333,0.5,0.3,0.46929709871379965,2236,2024-06-16,2024-08-14,0.36270779682102394
5,3,0.3,0.0,1.3333333333333333,0.5,0.3,0.4719045794488075,2237,2024-06-17,2024-08-15,0.3508223783527698
5,3,0.3,0.0,1.3333333333333333,0.5,0.3,0.46996435522321434,2238,2024-06-18,2024-08-16,0.3558257121324136
5,4,0.4,0.6,1.0,0.5,0.4,0.4225367653782967,2239,2024-06-19,2024-08-17,0.3694700317208831
5,4,0.4,0.6,1.0,0.5,0.4,0.42277571494504895,2240,2024-06-20,2024-08-18,0.3690264192622352
5,4,0.4,0.6,1.0,0.5,0.4,0.42208950389992744,2241,2024-06-21,2024-08-19,0.3707596675315641
5,4,0.4,0.6,1.0,0.5,0.4,0.42277719853006646,2242,2024-06-22,2024-08-20,0.36994178984931064
5,4,0.4,0.6,1.0,0.5,0.4,0.424405896402799,2243,2024-06-23,2024-08-21,0.36990744216229926
5,4,0.4,0.6,1.0,0.5,0.4,0.4243483681360408,2244,2024-06-24,2024-08-22,0.36768152057342085
5,4,0.4,0.6,1.0,0.5,0.4,0.420696028604007,2245,2024-06-25,2024-08-23,0.3907919377750719
5,4,0.4,0.6,1.0,0.5,0.4,0.41506625712576317,2246,2024-06-26,2024-08-24,0.39352374565953513
5,4,0.4,0.6,1.0,0.5,0.4,0.4142460432523412,2247,2024-06-27,2024-08-25,0.39512303329732434
5,4,0.4,0.6,1.0,0.5,0.4,0.4135698182184796,2248,2024-06-28,2024-08-26,0.39707428660463273
5,4,0.4,0.6,1.0,0.5,0.4,0.4150801068199031,2249,2024-06-29,2024-08-27,0.38650740455309657
5,4,0.4,0.6,1.0,0.5,0.4,0.4131803279199737,2250,2024-06-30,2024-08-28,0.38438611066437783
5,4,0.4,0.6,1.0,0.5,0.4,0.4149048127925983,2251,2024-07-01,2024-08-29,0.3839601755400518
5,4,0.4,0.6,1.0,0.5,0.4,0.4131416227670609,2252,2024-07-02,2024-08-30,0.3857752193479762
5,4,0.4,0.6,1.0,0.5,0.4,0.41159598288063565,2253,2024-07-03,2024-08-31,0.38777681930535934
5,4,0.4,0.6,1.0,0.5,0.4,0.41287642095575283,2254,2024-07-04,2024-09-01,0.39091363876683377
5,4,0.4,0.6,1.0,0.5,0.4,0.41200225764231735,2255,2024-07-05,2024-09-02,0.39175387959342334
5,4,0.4,0.6,1.0,0.5,0.4,0.4136286156665977,2256,2024-07-06,2024-09-03,0.39727552928582055
5,4,0.4,0.6,1.0,0.5,0.4,0.4138689641488979,2257,2024-07-07,2024-09-04,0.39389053075819225
5,4,0.4,0.6,1.0,0.5,0.4,0.4131455887330808,2258,2024-07-08,2024-09-05,0.3932862821652008
5,4,0.4,0.6,1.0,0.5,0.4,0.41264555140107584,2259,2024-07-09,2024-09-06,0.4030379056347946
5,4,0.4,0.6,1.0,0.5,0.4,0.41059771276736484,2260,2024-07-10,2024-09-07,0.39905872118541097
5,4,0.4,0.6,1.0,0.5,0.4,0.410682218479415,2261,2024-07-11,2024-09-08,0.3997338639287708
5,4,0.4,0.6,1.0,0.5,0.4,0.41153027010171495,2262,2024-07-12,2024-09-09,0.3976361911873093
5,4,0.4,0.6,1.0,0.5,0.4,0.4119427124181181,2263,2024-07-13,2024-09-10,0.3970689355745409
5,4,0.4,0.6,1.0,0.5,0.4,0.41414128665253175,2264,2024-07-14,2024-09-11,0.39253700422110394
5,4,0.4,0.6,1.0,0.5,0.4,0.41102766257408024,2265,2024-07-15,2024-09-12,0.3972342162527172
5,4,0.4,0.6,1.0,0.5,0.4,0.40925814993887255,2266,2024-07-16,2024-09-13,0.39925024681058746
5,4,0.4,0.6,1.0,0.5,0.4,0.408636095390839,2267,2024-07-17,2024-09-14,0.4009136676800774
5,4,0.4,0.6,1.0,0.5,0.4,0.40790873392021487,2268,2024-07-18,2024-09-15,0.3999158195059761
5,4,0.4,0.6,1.0,0.5,0.4,0.40785836670738557,2269,2024-07-19,2024-09-16,0.3992740146534186
5,4,0.4,0.6,1.0,0.5,0.4,0.4096291049766339,2270,2024-07-20,2024-09-17,0.39913886256498843
5,4,0.4,0.6,1.0,0.5,0.4,0.41102036816128446,2271,2024-07-21,2024-09-18,0.40070870478326637
5,4,0.4,0.6,1.0,0.5,0.4,0.40972865749573606,2272,2024-07-22,2024-09-19,0.40505253336566954
5,4,0.4,0.6,1.0,0.5,0.4,0.40775174534526354,2273,2024-07-23,2024-09-20,0.4055590036263079
5,4,0.4,0.6,1.0,0.5,0.4,0.4111806751418688,2274,2024-07-24,2024-09-21,0.40596849355401404
5,4,0.4,0.6,1.0,0.5,0.4,0.4115321652532439,2275,2024-07-25,2024-09-22,0.4056427252211673
5,4,0.4,0.6,1.0,0.5,0.4,0.4164209137638371,2276,2024-07-26,2024-09-23,0.402698348689123
5,4,0.4,0.6,1.0,0.5,0.4,0.41285781531453386,2277,2024-07-27,2024-09-24,0.40546602312550695
5,4,0.4,0.6,1.0,0.5,0.4,0.40823683214852363,2278,2024-07-28,2024-09-25,0.41255366979738695
5,4,0.4,0.6,1.0,0.5,0.4,0.4066253816226796,2279,2024-07-29,2024-09-26,0.41826511201782035
5,4,0.4,0.6,1.0,0.5,0.4,0.4090093327192602,2280,2024-07-30,2024-09-27,0.4184763062067381
5,4,0.4,0.6,1.0,0.5,0.4,0.40968494676229805,2281,2024-07-31,2024-09-28,0.4169130768929589
5,4,0.4,0.6,1.0,0.5,0.4,0.410058506352649,2282,2024-08-01,2024-09-29,0.41733608646162557
5,4,0.4,0.6,1.0,0.5,0.4,0.41158925717879513,2283,2024-08-02,2024-09-30,0.4199137037388236
5,4,0.4,0.6,1.0,0.5,0.4,0.40528102877113714,2284,2024-08-03,2024-10-01,0.4661241069700289
5,4,0.4,0.6,1.0,0.5,0.4,0.399611104140179,2285,2024-08-04,2024-10-02,0.48475680071044414
5,4,0.4,0.6,1.0,0.5,0.4,0.4015184896797486,2286,2024-08-05,2024-10-03,0.4755746404002186
5,4,0.4,0.6,1.0,0.5,0.4,0.3973639838612737,2287,2024-08-06,2024-10-04,0.48550768172808156
5,4,0.4,0.6,1.0,0.5,0.4,0.3954662645494237,2288,2024-08-07,2024-10-05,0.49907828424980394
5,4,0.4,0.6,1.0,0.5,0.4,0.39597417860294376,2289,2024-08-08,2024-10-06,0.5003773669588711
5,4,0.4,0.6,1.0,0.5,0.4,0.38195704985479806,2290,2024-08-09,2024-10-07,0.49378309563742634
5,4,0.4,0.6,1.0,0.5,0.4,0.3813781726876313,2291,2024-08-10,2024-10-08,0.4935255268909201
5,4,0.4,0.6,1.0,0.5,0.4,0.381179134054033,2292,2024-08-11,2024-10-09,0.5005324568034986
5,4,0.4,0.6,1.0,0.5,0.4,0.3820106272572048,2293,2024-08-12,2024-10-10,0.5000491889807562
5,4,0.4,0.6,1.0,0.5,0.4,0.3869490303701717,2294,2024-08-13,2024-10-11,0.4982790556694582
5,4,0.4,0.6,1.0,0.5,0.4,0.39104316464212424,2295,2024-08-14,2024-10-12,0.4958066324548713
5,4,0.4,0.6,1.0,0.5,0.4,0.3896472528823544,2296,2024-08-15,2024-10-13,0.4977216730870608
5,4,0.4,0.6,1.0,0.5,0.4,0.38944287963627544,2297,2024-08-16,2024-10-14,0.4943812249744254
5,4,0.4,0.6,1.0,0.5,0.4,0.391077050108891,2298,2024-08-17,2024-10-15,0.4835796578731525
5,4,0.4,0.6,1.0,0.5,0.4,0.3936551637470452,2299,2024-08-18,2024-10-16,0.47562920234542627
5,4,0.4,0.6,1.0,0.5,0.4,0.39722155717341945,2300,2024-08-19,2024-10-17,0.4730732747162644
5,4,0.4,0.6,1.0,0.5,0.4,0.39882838041287716,2301,2024-08-20,2024-10-18,0.4697604390509976
5,4,0.4,0.6,1.0,0.5,0.4,0.3991760336540944,2302,2024-08-21,2024-10-19,0.4760414932094834
5,4,0.4,0.6,1.0,0.5,0.4,0.3978110851514553,2303,2024-08-22,2024-10-20,0.47107969871392646
5,4,0.4,0.6,1.0,0.5,0.4,0.39589058146471745,2304,2024-08-23,2024-10-21,0.4858323229410365
5,4,0.4,0.6,1.0,0.5,0.4,0.40081441416001057,2305,2024-08-24,2024-10-22,0.4342650525791769
5,4,0.4,0.6,1.0,0.5,0.4,0.4078880073963731,2306,2024-08-25,2024-10-23,0.4366619146863104
5,4,0.4,0.6,1.0,0.5,0.4,0.40777288307943327,2307,2024-08-26,2024-10-24,0.4399112026820591
5,4,0.4,0.6,1.0,0.5,0.4,0.40838168028555144,2308,2024-08-27,2024-10-25,0.44247831964173356
5,4,0.4,0.6,1.0,0.5,0.4,0.40364802163470914,2309,2024-08-28,2024-10-26,0.4762533406097339
5,4,0.4,0.6,1.0,0.5,0.4,0.40624185172585375,2310,2024-08-29,2024-10-27,0.48551566526820106
5,4,0.4,0.6,1.0,0.5,0.4,0.40568462009543177,2311,2024-08-30,2024-10-28,0.48932404383610606
5,4,0.4,0.6,1.0,0.5,0.4,0.40842868220187606,2312,2024-08-31,2024-10-29,0.48461855052328884
5,4,0.4,0.6,1.0,0.5,0.4,0.41381432729202383,2313,2024-09-01,2024-10-30,0.4738961996986656
5,4,0.4,0.6,1.0,0.5,0.4,0.4184217552663693,2314,2024-09-02,2024-10-31,0.4684778508436408
5,4,0.4,0.6,1.0,0.5,0.4,0.42046890501791645,2315,2024-09-03,2024-11-01,0.4584059615311803
5,4,0.4,0.6,1.0,0.5,0.4,0.42047024193175403,2316,2024-09-04,2024-11-02,0.44575058494481323
5,4,0.4,0.6,1.0,0.5,0.4,0.4190737458438053,2317,2024-09-05,2024-11-03,0.4375357406840131
5,4,0.4,0.6,1.0,0.5,0.4,0.41973812634230906,2318,2024-09-06,2024-11-04,0.45245105980199457
5,4,0.4,0.6,1.0,0.5,0.4,0.410567944218861,2319,2024-09-07,2024-11-05,0.4440213808592822
5,4,0.4,0.6,1.0,0.5,0.4,0.41208515324250466,2320,2024-09-08,2024-11-06,0.356043443973843
5,4,0.4,0.6,1.0,0.5,0.4,0.40141124953259183,2321,2024-09-09,2024-11-07,0.3655564262124579
5,4,0.4,0.6,1.0,0.5,0.4,0.39904400187448075,2322,2024-09-10,2024-11-08,0.36609061700848566
5,4,0.4,0.6,1.0,0.5,0.4,0.3915265684750007,2323,2024-09-11,2024-11-09,0.35874299618844485
5,4,0.4,0.6,1.0,0.5,0.4,0.38700469910443114,2324,2024-09-12,2024-11-10,0.35973266355432326
5,4,0.4,0.6,1.0,0.5,0.4,0.38885596666744426,2325,2024-09-13,2024-11-11,0.3532085441172131
5,4,0.4,0.6,1.0,0.5,0.4,0.38757399289501243,2326,2024-09-14,2024-11-12,0.3636874275031292
5,4,0.4,0.6,1.0,0.5,0.4,0.38251737897112204,2327,2024-09-15,2024-11-13,0.36080030560053733
5,4,0.4,0.6,1.0,0.5,0.4,0.3842258915279139,2328,2024-09-16,2024-11-14,0.3670602325405189
5,4,0.4,0.6,1.0,0.5,0.4,0.3857753358258502,2329,2024-09-17,2024-11-15,0.36305754749702257
5,4,0.4,0.6,1.0,0.5,0.4,0.38560009012883173,2330,2024-09-18,2024-11-16,0.36293220696615813
5,4,0.4,0.6,1.0,0.5,0.4,0.38567853395649115,2331,2024-09-19,2024-11-17,0.36059150785030186
5,4,0.4,0.6,1.0,0.5,0.4,0.3834944324730014,2332,2024-09-20,2024-11-18,0.3574279647425874
5,4,0.4,0.6,1.0,0.5,0.4,0.3800781587498049,2333,2024-09-21,2024-11-19,0.35451245323238206
5,4,0.4,0.6,1.0,0.5,0.4,0.37834091309412354,2334,2024-09-22,2024-11-20,0.3540246946779544
5,4,0.4,0.6,1.0,0.5,0.4,0.38167583742258504,2335,2024-09-23,2024-11-21,0.35310664542220366
5,4,0.4,0.6,1.0,0.5,0.4,0.38107686759965986,2336,2024-09-24,2024-11-22,0.35644111824774827
5,4,0.4,0.6,1.0,0.5,0.4,0.38341516765325356,2337,2024-09-25,2024-11-23,0.3508192875083286
5,4,0.4,0.6,1.0,0.5,0.4,0.3813296780112518,2338,2024-09-26,2024-11-24,0.3411126411361368
5,4,0.4,0.6,1.0,0.5,0.4,0.373906442010463,2339,2024-09-27,2024-11-25,0.3318468922931112
5,4,0.4,0.6,1.0,0.5,0.4,0.37328302556190357,2340,2024-09-28,2024-11-26,0.33214387017501357
5,4,0.4,0.6,1.0,0.5,0.4,0.37290936578622425,2341,2024-09-29,2024-11-27,0.3415674681070227
5,4,0.4,0.6,1.0,0.5,0.4,0.37296177529893526,2342,2024-09-30,2024-11-28,0.3405230215418206
5,4,0.4,0.6,1.0,0.5,0.4,0.3714198577916877,2343,2024-10-01,2024-11-29,0.34450524465361704
5,4,0.4,0.6,1.0,0.5,0.4,0.36307203830148344,2344,2024-10-02,2024-11-30,0.3357316752734128
5,4,0.4,0.6,1.0,0.5,0.4,0.363300286176085,2345,2024-10-03,2024-12-01,0.33763579012238526
5,4,0.4,0.6,1.0,0.5,0.4,0.3597713542625137,2346,2024-10-04,2024-12-02,0.34103212515991116
5,4,0.4,0.6,1.0,0.5,0.4,0.3586198273148375,2347,2024-10-05,2024-12-03,0.3423741781827806
5,4,0.4,0.6,1.0,0.5,0.4,0.36333766831627945,2348,2024-10-06,2024-12-04,0.33431414434098483
5,4,0.4,0.6,1.0,0.5,0.4,0.3630769752064652,2349,2024-10-07,2024-12-05,0.33339633479455694
5,4,0.4,0.6,1.0,0.5,0.4,0.3641244969887335,2350,2024-10-08,2024-12-06,0.3308225138916264
5,4,0.4,0.6,1.0,0.5,0.4,0.3654187319532285,2351,2024-10-09,2024-12-07,0.32964859894192633
5,4,0.4,0.6,1.0,0.5,0.4,0.3635602127896772,2352,2024-10-10,2024-12-08,0.3300180981076975
5,4,0.4,0.6,1.0,0.5,0.4,0.3704279020257467,2353,2024-10-11,2024-12-09,0.330740180095506
5,4,0.4,0.6,1.0,0.5,0.4,0.3752500605394107,2354,2024-10-12,2024-12-10,0.3233355138610516
5,4,0.4,0.6,1.0,0.5,0.4,0.3784848154107213,2355,2024-10-13,2024-12-11,0.32459861347129604
5,4,0.4,0.6,1.0,0.5,0.4,0.37847770980896017,2356,2024-10-14,2024-12-12,0.32079698422324043
5,4,0.4,0.6,1.0,0.5,0.4,0.37777499749470433,2357,2024-10-15,2024-12-13,0.315866817066899
5,4,0.4,0.6,1.0,0.5,0.4,0.3809343851255239,2358,2024-10-16,2024-12-14,0.3166496158190563
5,4,0.4,0.6,1.0,0.5,0.4,0.3803004227973967,2359,2024-10-17,2024-12-15,0.3166799104889922
5,4,0.4,0.6,1.0,0.5,0.4,0.3782269172227623,2360,2024-10-18,2024-12-16,0.3203711806940478
5,4,0.4,0.6,1.0,0.5,0.4,0.3799856523552912,2361,2024-10-19,2024-12-17,0.315829740840363
5,4,0.4,0.6,1.0,0.5,0.4,0.3758358097227259,2362,2024-10-20,2024-12-18,0.3374122658023478
5,4,0.4,0.6,1.0,0.5,0.4,0.3827971254879338,2363,2024-10-21,2024-12-19,0.33486276259220754
5,4,0.4,0.6,1.0,0.5,0.4,0.38141538730128394,2364,2024-10-22,2024-12-20,0.33042887392068476
5,4,0.4,0.6,1.0,0.5,0.4,0.37893763345889586,2365,2024-10-23,2024-12-21,0.33206836582660965
5,4,0.4,0.6,1.0,0.5,0.4,0.37864305584794783,2366,2024-10-24,2024-12-22,0.3280276651901562
5,4,0.4,0.6,1.0,0.5,0.4,0.37629551935827277,2367,2024-10-25,2024-12-23,0.32681425457317137
5,4,0.4,0.6,1.0,0.5,0.4,0.3741785790468901,2368,2024-10-26,2024-12-24,0.3274179577207219
5,4,0.4,0.6,1.0,0.5,0.4,0.3739810495353273,2369,2024-10-27,2024-12-25,0.32734193085507923
5,4,0.4,0.6,1.0,0.5,0.4,0.3776030044434747,2370,2024-10-28,2024-12-26,0.3300573927197017
5,4,0.4,0.6,1.0,0.5,0.4,0.37684155199282665,2371,2024-10-29,2024-12-27,0.3290450902702002
5,4,0.4,0.6,1.0,0.5,0.4,0.3759836168106898,2372,2024-10-30,2024-12-28,0.329247489002216
5,4,0.4,0.6,1.0,0.5,0.4,0.37375105110322226,2373,2024-10-31,2024-12-29,0.3324564263767504
5,4,0.4,0.6,1.0,0.5,0.4,0.3687654879655656,2374,2024-11-01,2024-12-30,0.3274237589883445
5,4,0.4,0.6,1.0,0.5,0.4,0.3668381188058061,2375,2024-11-02,2024-12-31,0.33144822838543225
5,4,0.4,0.6,1.0,0.5,0.4,0.36568564347140775,2376,2024-11-03,2025-01-01,0.3344259514383725
5,4,0.4,0.6,1.0,0.5,0.4,0.37260114936397426,2377,2024-11-04,2025-01-02,0.3279877427075798
5,4,0.4,0.6,1.0,0.5,0.4,0.37063331069213157,2378,2024-11-05,2025-01-03,0.32762016269729255
5,4,0.4,0.6,1.0,0.5,0.4,0.37315173254759615,2379,2024-11-06,2025-01-04,0.3270070940130671
5,4,0.4,0.6,1.0,0.5,0.4,0.3631590348227529,2380,2024-11-07,2025-01-05,0.33148859394111563
5,4,0.4,0.6,1.0,0.5,0.4,0.3709457925292613,2381,2024-11-08,2025-01-06,0.32408731805813934
5,4,0.4,0.6,1.0,0.5,0.4,0.38286657912716526,2382,2024-11-09,2025-01-07,0.33673040168186835
5,4,0.4,0.6,1.0,0.5,0.4,0.3911884633227715,2383,2024-11-10,2025-01-08,0.3542517365258242
5,4,0.4,0.6,1.0,0.5,0.4,0.3931971146653936,2384,2024-11-11,2025-01-09,0.3591584559425854
5,4,0.4,0.6,1.0,0.5,0.4,0.38881050335527534,2385,2024-11-12,2025-01-10,0.37395283932985024
5,4,0.4,0.6,1.0,0.5,0.4,0.3881774881098879,2386,2024-11-13,2025-01-11,0.3648126581231567
5,4,0.4,0.6,1.0,0.5,0.4,0.39302985527448897,2387,2024-11-14,2025-01-12,0.36923833240317566
5,4,0.4,0.6,1.0,0.5,0.4,0.38906910500131714,2388,2024-11-15,2025-01-13,0.35257568818823204
5,4,0.4,0.6,1.0,0.5,0.4,0.3927312400327167,2389,2024-11-16,2025-01-14,0.3584013550476244
5,4,0.4,0.6,1.0,0.5,0.4,0.39706765097469304,2390,2024-11-17,2025-01-15,0.36975383213627444
5,4,0.4,0.6,1.0,0.5,0.4,0.39654816318483693,2391,2024-11-18,2025-01-16,0.370406375155978
5,4,0.4,0.6,1.0,0.5,0.4,0.402353529209937,2392,2024-11-19,2025-01-17,0.3473776163397266
5,4,0.4,0.6,1.0,0.5,0.4,0.4038236912217314,2393,2024-11-20,2025-01-18,0.3537490514595715
5,4,0.4,0.6,1.0,0.5,0.4,0.4065611108136029,2394,2024-11-21,2025-01-19,0.35159362860734844
5,4,0.4,0.6,1.0,0.5,0.4,0.38844076004840433,2395,2024-11-22,2025-01-20,0.39709011847364994
5,4,0.4,0.6,1.0,0.5,0.4,0.3874343420339778,2396,2024-11-23,2025-01-21,0.3940341075518218
5,4,0.4,0.6,1.0,0.5,0.4,0.3905925476215299,2397,2024-11-24,2025-01-22,0.3944702541509128
5,4,0.4,0.6,1.0,0.5,0.4,0.39236354652364064,2398,2024-11-25,2025-01-23,0.3960813675780718
5,4,0.4,0.6,1.0,0.5,0.4,0.4022361294807369,2399,2024-11-26,2025-01-24,0.39221366138080527
5,4,0.4,0.6,1.0,0.5,0.4,0.40016349326699047,2400,2024-11-27,2025-01-25,0.39700029466258224
5,4,0.4,0.6,1.0,0.5,0.4,0.39987538408500295,2401,2024-11-28,2025-01-26,0.3717036926280114
5,4,0.4,0.6,1.0,0.5,0.4,0.4001705735970704,2402,2024-11-29,2025-01-27,0.37444658407058745
5,4,0.4,0.6,1.0,0.5,0.4,0.4004252016191493,2403,2024-11-30,2025-01-28,0.37368136219619413
5,4,0.4,0.6,1.0,0.5,0.4,0.4042828756854272,2404,2024-12-01,2025-01-29,0.3742038335451882
5,4,0.4,0.6,1.0,0.5,0.4,0.40250165037637176,2405,2024-12-02,2025-01-30,0.3697629422172264
5,4,0.4,0.6,1.0,0.5,0.4,0.39919889663134256,2406,2024-12-03,2025-01-31,0.363632201815999
5,4,0.4,0.6,1.0,0.5,0.4,0.39963794917374046,2407,2024-12-04,2025-02-01,0.36769076574963216
5,4,0.4,0.6,1.0,0.5,0.4,0.39175748613337347,2408,2024-12-05,2025-02-02,0.4126156361699138
5,4,0.4,0.6,1.0,0.5,0.4,0.3846559930033533,2409,2024-12-06,2025-02-03,0.44001779869364865
5,4,0.4,0.6,1.0,0.5,0.4,0.3829075032683804,2410,2024-12-07,2025-02-04,0.44038369132609584
5,4,0.4,0.6,1.0,0.5,0.4,0.37829466302488357,2411,2024-12-08,2025-02-05,0.44356386738077525
5,4,0.4,0.6,1.0,0.5,0.4,0.37763162439184006,2412,2024-12-09,2025-02-06,0.44270212593158575
5,4,0.4,0.6,1.0,0.5,0.4,0.3730807182489884,2413,2024-12-10,2025-02-07,0.45527128720151894
5,4,0.4,0.6,1.0,0.5,0.4,0.36879783010577494,2414,2024-12-11,2025-02-08,0.458302977859477
5,4,0.4,0.6,1.0,0.5,0.4,0.3644899288694333,2415,2024-12-12,2025-02-09,0.4634620831260081
5,4,0.4,0.6,1.0,0.5,0.4,0.3670807615674363,2416,2024-12-13,2025-02-10,0.46501300065894713
5,4,0.4,0.6,1.0,0.5,0.4,0.3641641802953271,2417,2024-12-14,2025-02-11,0.46041060070941686
5,4,0.4,0.6,1.0,0.5,0.4,0.364007619793168,2418,2024-12-15,2025-02-12,0.4611903672319859
5,4,0.4,0.6,1.0,0.5,0.4,0.36219953975602065,2419,2024-12-16,2025-02-13,0.45095502907043467
5,4,0.4,0.6,1.0,0.5,0.4,0.3619253903955312,2420,2024-12-17,2025-02-14,0.4521570964226805
5,4,0.4,0.6,1.0,0.5,0.4,0.36086587559645456,2421,2024-12-18,2025-02-15,0.4534231500223802
5,4,0.4,0.6,1.0,0.5,0.4,0.35984875770545593,2422,2024-12-19,2025-02-16,0.38465226829063326
5,4,0.4,0.6,1.0,0.5,0.4,0.35141785299786377,2423,2024-12-20,2025-02-17,0.3886166720367132
5,4,0.4,0.6,1.0,0.5,0.4,0.3517808798922707,2424,2024-12-21,2025-02-18,0.38511762117799464
5,4,0.4,0.6,1.0,0.5,0.4,0.35296454110664527,2425,2024-12-22,2025-02-19,0.38975395098670806
5,4,0.4,0.6,1.0,0.5,0.4,0.35114998361850425,2426,2024-12-23,2025-02-20,0.4018504642189756
5,4,0.4,0.6,1.0,0.5,0.4,0.3568099203809423,2427,2024-12-24,2025-02-21,0.41722302902373887
5,4,0.4,0.6,1.0,0.5,0.4,0.35526129176474375,2428,2024-12-25,2025-02-22,0.4129068702550141
5,4,0.4,0.6,1.0,0.5,0.4,0.3536797937347933,2429,2024-12-26,2025-02-23,0.4127115286254643
5,4,0.4,0.6,1.0,0.5,0.4,0.35802765302638045,2430,2024-12-27,2025-02-24,0.4259261677434675
5,4,0.4,0.6,1.0,0.5,0.4,0.3555799949532341,2431,2024-12-28,2025-02-25,0.41850824552411786
5,4,0.4,0.6,1.0,0.5,0.4,0.35991111808755083,2432,2024-12-29,2025-02-26,0.4276622453332776
5,4,0.4,0.6,1.0,0.5,0.4,0.3580900704144527,2433,2024-12-30,2025-02-27,0.424740418758448
5,4,0.4,0.6,1.0,0.5,0.4,0.35841400623126163,2434,2024-12-31,2025-02-28,0.42602454279805785
5,4,0.4,0.6,1.0,0.5,0.4,0.3567025842082744,2435,2025-01-01,2025-03-01,0.43337604508355465
5,4,0.4,0.6,1.0,0.5,0.4,0.36943241992748543,2436,2025-01-02,2025-03-02,0.4486208672150177
5,4,0.4,0.6,1.0,0.5,0.4,0.3747843874334422,2437,2025-01-03,2025-03-03,0.4229787407348503
5,4,0.4,0.6,1.0,0.5,0.4,0.37470646508567207,2438,2025-01-04,2025-03-04,0.42599571848812856
5,4,0.4,0.6,1.0,0.5,0.4,0.3751165773831539,2439,2025-01-05,2025-03-05,0.4454887663373318
5,4,0.4,0.6,1.0,0.5,0.4,0.3750566483994797,2440,2025-01-06,2025-03-06,0.44596089623693286
5,4,0.4,0.6,1.0,0.5,0.4,0.3775374325883266,2441,2025-01-07,2025-03-07,0.4325424144197497
5,4,0.4,0.6,1.0,0.5,0.4,0.3753719403851505,2442,2025-01-08,2025-03-08,0.4212164971512509
5,4,0.4,0.6,1.0,0.5,0.4,0.3768336294697801,2443,2025-01-09,2025-03-09,0.412959340630317
5,4,0.4,0.6,1.0,0.5,0.4,0.37651059973328205,2444,2025-01-10,2025-03-10,0.41622133756005475
5,4,0.4,0.6,1.0,0.5,0.4,0.3768796843350506,2445,2025-01-11,2025-03-11,0.4369771898403826
5,4,0.4,0.6,1.0,0.5,0.4,0.38044281510622885,2446,2025-01-12,2025-03-12,0.43642925871030097
5,4,0.4,0.6,1.0,0.5,0.4,0.3799297948160611,2447,2025-01-13,2025-03-13,0.44000637441205087
5,4,0.4,0.6,1.0,0.5,0.4,0.3829572939372255,2448,2025-01-14,2025-03-14,0.4409840664843652
5,4,0.4,0.6,1.0,0.5,0.4,0.38361256583583647,2449,2025-01-15,2025-03-15,0.4399370267674608
5,4,0.4,0.6,1.0,0.5,0.4,0.3799098015417698,2450,2025-01-16,2025-03-16,0.43862149151259383
5,4,0.4,0.6,1.0,0.5,0.4,0.38085673403684106,2451,2025-01-17,2025-03-17,0.44292332553057234
5,4,0.4,0.6,1.0,0.5,0.4,0.3792105503328238,2452,2025-01-18,2025-03-18,0.45862211059983504
5,4,0.4,0.6,1.0,0.5,0.4,0.38382644913441155,2453,2025-01-19,2025-03-19,0.4498589181876243
5,4,0.4,0.6,1.0,0.5,0.4,0.3832198903083229,2454,2025-01-20,2025-03-20,0.4604495328107087
5,4,0.4,0.6,1.0,0.5,0.4,0.3876199354124639,2455,2025-01-21,2025-03-21,0.44663214659684713
5,4,0.4,0.6,1.0,0.5,0.4,0.38742162540069813,2456,2025-01-22,2025-03-22,0.449758211504559
5,4,0.4,0.6,1.0,0.5,0.4,0.3865889816229815,2457,2025-01-23,2025-03-23,0.4520364884649881
5,4,0.4,0.6,1.0,0.5,0.4,0.38762220857211904,2458,2025-01-24,2025-03-24,0.44714086735237296
5,4,0.4,0.6,1.0,0.5,0.4,0.38892486225697287,2459,2025-01-25,2025-03-25,0.44501259431707896
5,4,0.4,0.6,1.0,0.5,0.4,0.3887224291613413,2460,2025-01-26,2025-03-26,0.4465887143546997
5,4,0.4,0.6,1.0,0.5,0.4,0.38870789576100206,2461,2025-01-27,2025-03-27,0.44525897505286194
5,4,0.4,0.6,1.0,0.5,0.4,0.38991466665634167,2462,2025-01-28,2025-03-28,0.44512249530732584
5,4,0.4,0.6,1.0,0.5,0.4,0.3910551974357932,2463,2025-01-29,2025-03-29,0.444140224459622
5,4,0.4,0.6,1.0,0.5,0.4,0.390950158297785,2464,2025-01-30,2025-03-30,0.4458944757532416
5,4,0.4,0.6,1.0,0.5,0.4,0.39240746918112696,2465,2025-01-31,2025-03-31,0.44907744585823933
5,4,0.4,0.6,1.0,0.5,0.4,0.39909600509955245,2466,2025-02-01,2025-04-01,0.4470769013998022
5,4,0.4,0.6,1.0,0.5,0.4,0.4072910331916112,2467,2025-02-02,2025-04-02,0.41887231727117424
5,4,0.4,0.6,1.0,0.5,0.4,0.41253896054206485,2468,2025-02-03,2025-04-03,0.39282620599983875
5,4,0.4,0.6,1.0,0.5,0.4,0.4154999864054661,2469,2025-02-04,2025-04-04,0.35198670562820916
5,4,0.4,0.6,1.0,0.5,0.4,0.4103837522760868,2470,2025-02-05,2025-04-05,0.3543691196100112
5,4,0.4,0.6,1.0,0.5,0.4,0.4143618518706912,2471,2025-02-06,2025-04-06,0.3542228893013841
5,4,0.4,0.6,1.0,0.5,0.4,0.42046732215766447,2472,2025-02-07,2025-04-07,0.34817866189100133
5,4,0.4,0.6,1.0,0.5,0.4,0.4223640001580019,2473,2025-02-08,2025-04-08,0.3475774838365736
5,3,0.3,0.0,1.3333333333333333,0.5,0.3,0.4722248042821021,2474,2025-02-09,2025-04-09,0.3542223071199557
5,4,0.4,0.6,1.0,0.5,0.4,0.43039080559958215,2475,2025-02-10,2025-04-10,0.37774235022645025
5,4,0.4,0.6,1.0,0.5,0.4,0.42754005102674697,2476,2025-02-11,2025-04-11,0.3715273307728638
5,4,0.4,0.6,1.0,0.5,0.4,0.4261875208987613,2477,2025-02-12,2025-04-12,0.3659990530125805
5,4,0.4,0.6,1.0,0.5,0.4,0.4265275841530223,2478,2025-02-13,2025-04-13,0.3656517502966262
5,4,0.4,0.6,1.0,0.5,0.4,0.42839314095807784,2479,2025-02-14,2025-04-14,0.3645768331846674
5,4,0.4,0.6,1.0,0.5,0.4,0.4305546011020586,2480,2025-02-15,2025-04-15,0.3596248718871938
5,4,0.4,0.6,1.0,0.5,0.4,0.43144267303505035,2481,2025-02-16,2025-04-16,0.3580032998807783
5,4,0.4,0.6,1.0,0.5,0.4,0.43230897978943805,2482,2025-02-17,2025-04-17,0.358792209304999
5,4,0.4,0.6,1.0,0.5,0.4,0.43279133625434907,2483,2025-02-18,2025-04-18,0.35885878656937165
5,4,0.4,0.6,1.0,0.5,0.4,0.43253112916278946,2484,2025-02-19,2025-04-19,0.3599755559636918
5,4,0.4,0.6,1.0,0.5,0.4,0.43220701212374335,2485,2025-02-20,2025-04-20,0.3605142737029012
5,4,0.4,0.6,1.0,0.5,0.4,0.4322576670197259,2486,2025-02-21,2025-04-21,0.3584939047623329
5,3,0.3,0.0,1.3333333333333333,0.5,0.3,0.4732451182380155,2487,2025-02-22,2025-04-22,0.3789177820799464
5,3,0.3,0.0,1.3333333333333333,0.5,0.3,0.47384457888171755,2488,2025-02-23,2025-04-23,0.3777825821362254
5,3,0.3,0.0,1.3333333333333333,0.5,0.3,0.4739995384748096,2489,2025-02-24,2025-04-24,0.37833036950130305
5,3,0.3,0.0,1.3333333333333333,0.5,0.3,0.47398974053696025,2490,2025-02-25,2025-04-25,0.3851490174240478
5,3,0.3,0.0,1.3333333333333333,0.5,0.3,0.47467505456956405,2491,2025-02-26,2025-04-26,0.38434641616519616
5,3,0.3,0.0,1.3333333333333333,0.5,0.3,0.4740860858641157,2492,2025-02-27,2025-04-27,0.3862851159913917
5,3,0.3,0.0,1.3333333333333333,0.5,0.3,0.475832499309527,2493,2025-02-28,2025-04-28,0.38212909619751534
5,3,0.3,0.0,1.3333333333333333,0.5,0.3,0.47578923640501386,2494,2025-03-01,2025-04-29,0.38285310960905167
5,3,0.3,0.0,1.3333333333333333,0.5,0.3,0.47735221950181705,2495,2025-03-02,2025-04-30,0.3789236114628768
5,3,0.3,0.0,1.3333333333333333,0.5,0.3,0.47611296793285973,2496,2025-03-03,2025-05-01,0.38965169279228334
5,3,0.3,0.0,1.3333333333333333,0.5,0.3,0.47450302923244225,2497,2025-03-04,2025-05-02,0.37548742798934803
5,3,0.3,0.0,1.3333333333333333,0.5,0.3,0.47605184054549354,2498,2025-03-05,2025-05-03,0.37330334620133226
5,3,0.3,0.0,1.3333333333333333,0.5,0.3,0.4769007595084921,2499,2025-03-06,2025-05-04,0.3823844799239149
5,3,0.3,0.0,1.3333333333333333,0.5,0.3,0.4770103053555671,2500,2025-03-07,2025-05-05,0.3826332836082157
5,3,0.3,0.0,1.3333333333333333,0.5,0.3,0.4764491232820347,2501,2025-03-08,2025-05-06,0.3792350070598115
5,3,0.3,0.0,1.3333333333333333,0.5,0.3,0.47666214327017575,2502,2025-03-09,2025-05-07,0.38385122130398036
5,3,0.3,0.0,1.3333333333333333,0.5,0.3,0.47297112205830094,2503,2025-03-10,2025-05-08,0.3855061098184361
5,3,0.3,0.0,1.3333333333333333,0.5,0.3,0.47063477740714454,2504,2025-03-11,2025-05-09,0.3885279108254315
5,3,0.3,0.0,1.3333333333333333,0.5,0.3,0.4707279227382454,2505,2025-03-12,2025-05-10,0.3926283135535211
5,3,0.3,0.0,1.3333333333333333,0.5,0.3,0.47070515029964405,2506,2025-03-13,2025-05-11,0.39233981494194115
5,3,0.3,0.0,1.3333333333333333,0.5,0.3,0.4698474676810417,2507,2025-03-14,2025-05-12,0.3883839580343823
5,3,0.3,0.0,1.3333333333333333,0.5,0.3,0.4670731583506291,2508,2025-03-15,2025-05-13,0.384484182566045
5,3,0.3,0.0,1.3333333333333333,0.5,0.3,0.46617270934445476,2509,2025-03-16,2025-05-14,0.3847818982116388
5,3,0.3,0.0,1.3333333333333333,0.5,0.3,0.4662184981658533,2510,2025-03-17,2025-05-15,0.38581140268652675
5,3,0.3,0.0,1.3333333333333333,0.5,0.3,0.46659902659665714,2511,2025-03-18,2025-05-16,0.38521019921099897
5,3,0.3,0.0,1.3333333333333333,0.5,0.3,0.46704333203006027,2512,2025-03-19,2025-05-17,0.38347069314447546
5,3,0.3,0.0,1.3333333333333333,0.5,0.3,0.4653031422583461,2513,2025-03-20,2025-05-18,0.381162757776668
5,3,0.3,0.0,1.3333333333333333,0.5,0.3,0.4648053855806631,2514,2025-03-21,2025-05-19,0.38513145582193653
5,3,0.3,0.0,1.3333333333333333,0.5,0.3,0.465207601839127,2515,2025-03-22,2025-05-20,0.3836324337992334
5,3,0.3,0.0,1.3333333333333333,0.5,0.3,0.4650985328789389,2516,2025-03-23,2025-05-21,0.3818509182177211
5,3,0.3,0.0,1.3333333333333333,0.5,0.3,0.4660026000945897,2517,2025-03-24,2025-05-22,0.38316634265656735
5,3,0.3,0.0,1.3333333333333333,0.5,0.3,0.4650827151743048,2518,2025-03-25,2025-05-23,0.3878537952002154
5,3,0.3,0.0,1.3333333333333333,0.5,0.3,0.46389377365311707,2519,2025-03-26,2025-05-24,0.38970873863747185
5,3,0.3,0.0,1.3333333333333333,0.5,0.3,0.4639952158593258,2520,2025-03-27,2025-05-25,0.3931766007348888
5,3,0.3,0.0,1.3333333333333333,0.5,0.3,0.46423578445711744,2521,2025-03-28,2025-05-26,0.3928451190175313
5,3,0.3,0.0,1.3333333333333333,0.5,0.3,0.4618462507080364,2522,2025-03-29,2025-05-27,0.3936518976351082
5,3,0.3,0.0,1.3333333333333333,0.5,0.3,0.46046996665464046,2523,2025-03-30,2025-05-28,0.3896455890147265
5,3,0.3,0.0,1.3333333333333333,0.5,0.3,0.4606302977126399,2524,2025-03-31,2025-05-29,0.3929652265267699
5,3,0.3,0.0,1.3333333333333333,0.5,0.3,0.4609902798855108,2525,2025-04-01,2025-05-30,0.38924571816350567
5,3,0.3,0.0,1.3333333333333333,0.5,0.3,0.46016594026829916,2526,2025-04-02,2025-05-31,0.3871392486590965
5,3,0.3,0.0,1.3333333333333333,0.5,0.3,0.45761597204118537,2527,2025-04-03,2025-06-01,0.37676971469336207
5,3,0.3,0.0,1.3333333333333333,0.5,0.3,0.4558258982057822,2528,2025-04-04,2025-06-02,0.3785270226663366
5,3,0.3,0.0,1.3333333333333333,0.5,0.3,0.4604737632470145,2529,2025-04-05,2025-06-03,0.37859172854361567
5,4,0.4,0.6,1.0,0.5,0.4,0.4213403421361003,2530,2025-04-06,2025-06-04,0.38379169307943106
5,4,0.4,0.6,1.0,0.5,0.4,0.4144456864115764,2531,2025-04-07,2025-06-05,0.3748212152596162
5,4,0.4,0.6,1.0,0.5,0.4,0.40759767917089174,2532,2025-04-08,2025-06-06,0.3905215050359749
5,4,0.4,0.6,1.0,0.5,0.4,0.40022421961969656,2533,2025-04-09,2025-06-07,0.384527637641534
5,4,0.4,0.6,1.0,0.5,0.4,0.37201036164829093,2534,2025-04-10,2025-06-08,0.43238029737675204
5,4,0.4,0.6,1.0,0.5,0.4,0.37319253682587344,2535,2025-04-11,2025-06-09,0.3592043705551041
5,4,0.4,0.6,1.0,0.5,0.4,0.3782635732560332,2536,2025-04-12,2025-06-10,0.37934523676111886
5,4,0.4,0.6,1.0,0.5,0.4,0.3846407668593846,2537,2025-04-13,2025-06-11,0.39280875286628675
5,4,0.4,0.6,1.0,0.5,0.4,0.38594575604615866,2538,2025-04-14,2025-06-12,0.40666283535052045
5,4,0.4,0.6,1.0,0.5,0.4,0.38098716382957887,2539,2025-04-15,2025-06-13,0.4059448322393445
5,4,0.4,0.6,1.0,0.5,0.4,0.3762829798952754,2540,2025-04-16,2025-06-14,0.40175199537620365
5,4,0.4,0.6,1.0,0.5,0.4,0.37481721781831245,2541,2025-04-17,2025-06-15,0.40403175254954604
5,4,0.4,0.6,1.0,0.5,0.4,0.37332253443601493,2542,2025-04-18,2025-06-16,0.40520850908214034
5,4,0.4,0.6,1.0,0.5,0.4,0.3723753013592453,2543,2025-04-19,2025-06-17,0.38888485685440777
5,4,0.4,0.6,1.0,0.5,0.4,0.37225772712890715,2544,2025-04-20,2025-06-18,0.38913620376907715
5,4,0.4,0.6,1.0,0.5,0.4,0.37512405329487797,2545,2025-04-21,2025-06-19,0.38531085924550473
5,4,0.4,0.6,1.0,0.5,0.4,0.3823331067621383,2546,2025-04-22,2025-06-20,0.38423079455179215
5,4,0.4,0.6,1.0,0.5,0.4,0.3786396318473571,2547,2025-04-23,2025-06-21,0.3319937007135789
5,4,0.4,0.6,1.0,0.5,0.4,0.3796589359491946,2548,2025-04-24,2025-06-22,0.3313622060329332
5,4,0.4,0.6,1.0,0.5,0.4,0.3841661840581725,2549,2025-04-25,2025-06-23,0.3323470914254577
5,4,0.4,0.6,1.0,0.5,0.4,0.38470072835135694,2550,2025-04-26,2025-06-24,0.3324904784121138
5,4,0.4,0.6,1.0,0.5,0.4,0.3827258636039271,2551,2025-04-27,2025-06-25,0.33187712337083247
5,4,0.4,0.6,1.0,0.5,0.4,0.38268558503307987,2552,2025-04-28,2025-06-26,0.3312530986653932
5,4,0.4,0.6,1.0,0.5,0.4,0.38485581525322143,2553,2025-04-29,2025-06-27,0.3308126717227358
5,4,0.4,0.6,1.0,0.5,0.4,0.385766792746737,2554,2025-04-30,2025-06-28,0.3310456467992603
5,4,0.4,0.6,1.0,0.5,0.4,0.38111602879351586,2555,2025-05-01,2025-06-29,0.33702997100358995
5,4,0.4,0.6,1.0,0.5,0.4,0.3822866117644729,2556,2025-05-02,2025-06-30,0.3378366443230506
5,4,0.4,0.6,1.0,0.5,0.4,0.37897900283707986,2557,2025-05-03,2025-07-01,0.3438323223763281
5,4,0.4,0.6,1.0,0.5,0.4,0.3798892870471518,2558,2025-05-04,2025-07-02,0.33608005420674825
5,4,0.4,0.6,1.0,0.5,0.4,0.3804328887428462,2559,2025-05-05,2025-07-03,0.3353932332095745
5,4,0.4,0.6,1.0,0.5,0.4,0.381063237015915,2560,2025-05-06,2025-07-04,0.3374932072544118
5,4,0.4,0.6,1.0,0.5,0.4,0.3842747038892937,2561,2025-05-07,2025-07-05,0.33976619861045493
5,4,0.4,0.6,1.0,0.5,0.4,0.384935794578036,2562,2025-05-08,2025-07-06,0.3391174583550808
5,4,0.4,0.6,1.0,0.5,0.4,0.3719151911928727,2563,2025-05-09,2025-07-07,0.36050487552795873
5,4,0.4,0.6,1.0,0.5,0.4,0.37975366919329057,2564,2025-05-10,2025-07-08,0.3570818786899345
5,4,0.4,0.6,1.0,0.5,0.4,0.38420520374285577,2565,2025-05-11,2025-07-09,0.35307220794505045
5,4,0.4,0.6,1.0,0.5,0.4,0.39305224492557617,2566,2025-05-12,2025-07-10,0.35260520461998
5,4,0.4,0.6,1.0,0.5,0.4,0.39699162162517304,2567,2025-05-13,2025-07-11,0.3438906696618277
5,4,0.4,0.6,1.0,0.5,0.4,0.40665276853247034,2568,2025-05-14,2025-07-12,0.3328880128328637
5,4,0.4,0.6,1.0,0.5,0.4,0.4063712675276577,2569,2025-05-15,2025-07-13,0.33245931040810933
5,4,0.4,0.6,1.0,0.5,0.4,0.4047564853754981,2570,2025-05-16,2025-07-14,0.3343933269882359
5,4,0.4,0.6,1.0,0.5,0.4,0.39401914912514346,2571,2025-05-17,2025-07-15,0.3313269570963996
5,4,0.4,0.6,1.0,0.5,0.4,0.3898166902495972,2572,2025-05-18,2025-07-16,0.3285501630091827
5,4,0.4,0.6,1.0,0.5,0.4,0.39484223334244617,2573,2025-05-19,2025-07-17,0.32976656154808937
5,4,0.4,0.6,1.0,0.5,0.4,0.39529107735885655,2574,2025-05-20,2025-07-18,0.3270020740973007
5,4,0.4,0.6,1.0,0.5,0.4,0.3925922736200015,2575,2025-05-21,2025-07-19,0.3338599495218261
5,4,0.4,0.6,1.0,0.5,0.4,0.39097603076957005,2576,2025-05-22,2025-07-20,0.3362341208259799
5,4,0.4,0.6,1.0,0.5,0.4,0.3883717306747284,2577,2025-05-23,2025-07-21,0.3371132519103347
5,4,0.4,0.6,1.0,0.5,0.4,0.3837110962561665,2578,2025-05-24,2025-07-22,0.3467502670808521
5,4,0.4,0.6,1.0,0.5,0.4,0.3901509687592422,2579,2025-05-25,2025-07-23,0.3357772120786973
5,4,0.4,0.6,1.0,0.5,0.4,0.3900117195356867,2580,2025-05-26,2025-07-24,0.3363138083046966
5,4,0.4,0.6,1.0,0.5,0.4,0.38730858833006465,2581,2025-05-27,2025-07-25,0.34015296691372354
5,4,0.4,0.6,1.0,0.5,0.4,0.3917320400002252,2582,2025-05-28,2025-07-26,0.3395925755755557
5,4,0.4,0.6,1.0,0.5,0.4,0.3951185477717099,2583,2025-05-29,2025-07-27,0.34034246880764474
5,4,0.4,0.6,1.0,0.5,0.4,0.3924660306829906,2584,2025-05-30,2025-07-28,0.3618177688594676
5,4,0.4,0.6,1.0,0.5,0.4,0.39230110144127067,2585,2025-05-31,2025-07-29,0.35330139233454533
5,4,0.4,0.6,1.0,0.5,0.4,0.3863513071314607,2586,2025-06-01,2025-07-30,0.3601724086031081
5,4,0.4,0.6,1.0,0.5,0.4,0.3888097763274434,2587,2025-06-02,2025-07-31,0.3646072821756757
5,4,0.4,0.6,1.0,0.5,0.4,0.3949615255344789,2588,2025-06-03,2025-08-01,0.3450900012202617
5,4,0.4,0.6,1.0,0.5,0.4,0.3915821047204159,2589,2025-06-04,2025-08-02,0.3519852816004233
5,4,0.4,0.6,1.0,0.5,0.4,0.393392514826773,2590,2025-06-05,2025-08-03,0.35296379626102375
5,4,0.4,0.6,1.0,0.5,0.4,0.3864757789088983,2591,2025-06-06,2025-08-04,0.3545033808647039
5,4,0.4,0.6,1.0,0.5,0.4,0.38905484331747964,2592,2025-06-07,2025-08-05,0.35531537365607324
5,4,0.4,0.6,1.0,0.5,0.4,0.38787979200999834,2593,2025-06-08,2025-08-06,0.3625178285615659
5,4,0.4,0.6,1.0,0.5,0.4,0.39177031093325165,2594,2025-06-09,2025-08-07,0.37441280734420007
5,4,0.4,0.6,1.0,0.5,0.4,0.3859346005673323,2595,2025-06-10,2025-08-08,0.3677656151183951
5,4,0.4,0.6,1.0,0.5,0.4,0.3823468713653062,2596,2025-06-11,2025-08-09,0.3707637174598938
5,4,0.4,0.6,1.0,0.5,0.4,0.37119283797587943,2597,2025-06-12,2025-08-10,0.3758394045790182
5,4,0.4,0.6,1.0,0.5,0.4,0.367750282706796,2598,2025-06-13,2025-08-11,0.39126761375330393
5,4,0.4,0.6,1.0,0.5,0.4,0.3696212756070912,2599,2025-06-14,2025-08-12,0.3954041202150391
5,4,0.4,0.6,1.0,0.5,0.4,0.3712998367363697,2600,2025-06-15,2025-08-13,0.3971846633668605
5,4,0.4,0.6,1.0,0.5,0.4,0.3733734903477318,2601,2025-06-16,2025-08-14,0.41693520677764956
5,4,0.4,0.6,1.0,0.5,0.4,0.3758812824738755,2602,2025-06-17,2025-08-15,0.4150272618304185
5,4,0.4,0.6,1.0,0.5,0.4,0.3776094797419961,2603,2025-06-18,2025-08-16,0.4013143321783402
5,4,0.4,0.6,1.0,0.5,0.4,0.3758185929265242,2604,2025-06-19,2025-08-17,0.4039248643588551
5,4,0.4,0.6,1.0,0.5,0.4,0.37240954277754273,2605,2025-06-20,2025-08-18,0.4137084421857403
5,4,0.4,0.6,1.0,0.5,0.4,0.37519741210395385,2606,2025-06-21,2025-08-19,0.4174523743264027
5,4,0.4,0.6,1.0,0.5,0.4,0.37352686928322254,2607,2025-06-22,2025-08-20,0.4070672062269834
5,4,0.4,0.6,1.0,0.5,0.4,0.3734539550269614,2608,2025-06-23,2025-08-21,0.4121881639949058
5,4,0.4,0.6,1.0,0.5,0.4,0.374081102874846,2609,2025-06-24,2025-08-22,0.4337735468146208
5,4,0.4,0.6,1.0,0.5,0.4,0.36920118481921915,2610,2025-06-25,2025-08-23,0.41727108064033025
5,4,0.4,0.6,1.0,0.5,0.4,0.3731224360668261,2611,2025-06-26,2025-08-24,0.4186206666751331
5,4,0.4,0.6,1.0,0.5,0.4,0.3792791293443586,2612,2025-06-27,2025-08-25,0.4371388922191811
5,4,0.4,0.6,1.0,0.5,0.4,0.37913723137700117,2613,2025-06-28,2025-08-26,0.44224062880111986
5,4,0.4,0.6,1.0,0.5,0.4,0.37825559861924984,2614,2025-06-29,2025-08-27,0.4402354728057212
5,4,0.4,0.6,1.0,0.5,0.4,0.3765570700876834,2615,2025-06-30,2025-08-28,0.43950544094917615
5,4,0.4,0.6,1.0,0.5,0.4,0.37650435985223485,2616,2025-07-01,2025-08-29,0.44246211921461276
5,4,0.4,0.6,1.0,0.5,0.4,0.37544187778549365,2617,2025-07-02,2025-08-30,0.44560694039251186
5,4,0.4,0.6,1.0,0.5,0.4,0.3692036245078618,2618,2025-07-03,2025-08-31,0.4636081455388318
5,4,0.4,0.6,1.0,0.5,0.4,0.3656319880184289,2619,2025-07-04,2025-09-01,0.4628246482655052
5,4,0.4,0.6,1.0,0.5,0.4,0.3598926147801176,2620,2025-07-05,2025-09-02,0.44335837340927425
5,4,0.4,0.6,1.0,0.5,0.4,0.3588613887592753,2621,2025-07-06,2025-09-03,0.4475304274315177
5,4,0.4,0.6,1.0,0.5,0.4,0.3599345780852894,2622,2025-07-07,2025-09-04,0.4472654498195322
5,4,0.4,0.6,1.0,0.5,0.4,0.3580353989223847,2623,2025-07-08,2025-09-05,0.4430109013827813
5,4,0.4,0.6,1.0,0.5,0.4,0.3555132471045337,2624,2025-07-09,2025-09-06,0.44217930485748713
5,4,0.4,0.6,1.0,0.5,0.4,0.35278520864922097,2625,2025-07-10,2025-09-07,0.4392442740597298
5,4,0.4,0.6,1.0,0.5,0.4,0.33946143692662284,2626,2025-07-11,2025-09-08,0.4494215186561951
5,4,0.4,0.6,1.0,0.5,0.4,0.34052785796151985,2627,2025-07-12,2025-09-09,0.4583690906683378
5,4,0.4,0.6,1.0,0.5,0.4,0.33793293444964945,2628,2025-07-13,2025-09-10,0.45843058254351454
5,4,0.4,0.6,1.0,0.5,0.4,0.34005125110003426,2629,2025-07-14,2025-09-11,0.46333871180993064
5,4,0.4,0.6,1.0,0.5,0.4,0.3393443631506965,2630,2025-07-15,2025-09-12,0.4633550756935409
5,4,0.4,0.6,1.0,0.5,0.4,0.3479497524352855,2631,2025-07-16,2025-09-13,0.46734021326482883
5,4,0.4,0.6,1.0,0.5,0.4,0.349133439882149,2632,2025-07-17,2025-09-14,0.46798941881956607
5,4,0.4,0.6,1.0,0.5,0.4,0.3463191542639556,2633,2025-07-18,2025-09-15,0.4706269365027227
5,4,0.4,0.6,1.0,0.5,0.4,0.34680837232026024,2634,2025-07-19,2025-09-16,0.47163168413632983
5,4,0.4,0.6,1.0,0.5,0.4,0.3458549081596941,2635,2025-07-20,2025-09-17,0.46952363982398737
5,4,0.4,0.6,1.0,0.5,0.4,0.34880821429503417,2636,2025-07-21,2025-09-18,0.468013128747755
5,4,0.4,0.6,1.0,0.5,0.4,0.34906653488616524,2637,2025-07-22,2025-09-19,0.4772409842877991
5,4,0.4,0.6,1.0,0.5,0.4,0.3536594580666665,2638,2025-07-23,2025-09-20,0.47475693070474145
5,4,0.4,0.6,1.0,0.5,0.4,0.35278198696800567,2639,2025-07-24,2025-09-21,0.4870831234916541
5,4,0.4,0.6,1.0,0.5,0.4,0.35541079216634963,2640,2025-07-25,2025-09-22,0.47557442070705946
5,4,0.4,0.6,1.0,0.5,0.4,0.355446123895331,2641,2025-07-26,2025-09-23,0.4761510838328954
5,4,0.4,0.6,1.0,0.5,0.4,0.3534233996657852,2642,2025-07-27,2025-09-24,0.4735196758860372
5,4,0.4,0.6,1.0,0.5,0.4,0.35545909724981073,2643,2025-07-28,2025-09-25,0.5043626582230737
5,4,0.4,0.6,1.0,0.5,0.4,0.3566973708283081,2644,2025-07-29,2025-09-26,0.49932170953350197
5,4,0.4,0.6,1.0,0.5,0.4,0.35686497334141376,2645,2025-07-30,2025-09-27,0.4983458127023768
5,4,0.4,0.6,1.0,0.5,0.4,0.3603322735172028,2646,2025-07-31,2025-09-28,0.5022789711731369
5,4,0.4,0.6,1.0,0.5,0.4,0.3590009198061809,2647,2025-08-01,2025-09-29,0.49954224707434564
5,4,0.4,0.6,1.0,0.5,0.4,0.357674903611056,2648,2025-08-02,2025-09-30,0.5334111415485319
5,4,0.4,0.6,1.0,0.5,0.4,0.35754231244533563,2649,2025-08-03,2025-10-01,0.5523429028720543
5,4,0.4,0.6,1.0,0.5,0.4,0.3575217859399659,2650,2025-08-04,2025-10-02,0.546468355622494
5,4,0.4,0.6,1.0,0.5,0.4,0.3584790577314742,2651,2025-08-05,2025-10-03,0.5495409377434186
5,4,0.4,0.6,1.0,0.5,0.4,0.35823347698551,2652,2025-08-06,2025-10-04,0.5485188759932591
5,4,0.4,0.6,1.0,0.5,0.4,0.35826533607829236,2653,2025-08-07,2025-10-05,0.5431503481318911
5,4,0.4,0.6,1.0,0.5,0.4,0.3562431589046089,2654,2025-08-08,2025-10-06,0.5374195077186112
5,4,0.4,0.6,1.0,0.5,0.4,0.35923224446171054,2655,2025-08-09,2025-10-07,0.556916235009176
5,4,0.4,0.6,1.0,0.5,0.4,0.364438310470527,2656,2025-08-10,2025-10-08,0.5628254536256232
5,4,0.4,0.6,1.0,0.5,0.4,0.3677023186766831,2657,2025-08-11,2025-10-09,0.5751538407939941
5,6,0.6,0.8666666666666666,1.4,1.0,0.6,0.14835130949234174,2658,2025-08-12,2025-10-10,0.5317808305428225
5,6,0.6,0.8666666666666666,1.4,1.0,0.6,0.18204994141140357,2659,2025-08-13,2025-10-11,0.4950137117963204
5,6,0.6,0.8666666666666666,1.4,1.0,0.6,0.18803015547171173,2660,2025-08-14,2025-10-12,0.4769267331736809
5,4,0.4,0.0,2.0,0.5,0.4,0.2901512072522655,2661,2025-08-15,2025-10-13,0.4565115160673088
5,5,0.5,0.4666666666666667,1.7,0.75,0.5,0.2886252357650238,2662,2025-08-16,2025-10-14,0.45708038762671555
5,4,0.4,0.0,2.0,0.5,0.4,0.2892924983571994,2663,2025-08-17,2025-10-15,0.4469895780521712
5,4,0.4,0.0,2.0,0.5,0.4,0.29393081233412255,2664,2025-08-18,2025-10-16,0.4378339475922533
5,4,0.4,0.0,2.0,0.5,0.4,0.2955671111265773,2665,2025-08-19,2025-10-17,0.4324387873142196
5,4,0.4,0.0,2.0,0.5,0.4,0.2965595433310435,2666,2025-08-20,2025-10-18,0.4192970951935611
5,5,0.5,0.4666666666666667,1.7,0.75,0.5,0.2955318296398193,2667,2025-08-21,2025-10-19,0.42646920984628717
5,5,0.5,0.4666666666666667,1.7,0.75,0.5,0.29699655844841577,2668,2025-08-22,2025-10-20,0.4187405142189243
5,2,0.2,0.0,1.0,0.25,0.2,0.49994850031502497,2669,2025-08-23,2025-10-21,0.3710898615873925
5,3,0.3,0.0,1.3333333333333333,0.5,0.3,0.4713744840865133,2670,2025-08-24,2025-10-22,0.3747401224224089
5,3,0.3,0.0,1.3333333333333333,0.5,0.3,0.46960684359294735,2671,2025-08-25,2025-10-23,0.37408580643013095
5,3,0.3,0.0,1.3333333333333333,0.5,0.3,0.46958846504886254,2672,2025-08-26,2025-10-24,0.3683229219673889
5,3,0.3,0.0,1.3333333333333333,0.5,0.3,0.46927741166566,2673,2025-08-27,2025-10-25,0.3667155060049887
5,4,0.4,0.6,1.0,0.5,0.4,0.4243445045808244,2674,2025-08-28,2025-10-26,0.3717197981988358
5,4,0.4,0.6,1.0,0.5,0.4,0.4262657917580195,2675,2025-08-29,2025-10-27,0.37140379032043913
5,3,0.3,0.0,1.3333333333333333,0.5,0.3,0.46565477568989766,2676,2025-08-30,2025-10-28,0.36992655565747834
5,3,0.3,0.0,1.3333333333333333,0.5,0.3,0.46713343352640346,2677,2025-08-31,2025-10-29,0.3701170560683502
5,3,0.3,0.0,1.3333333333333333,0.5,0.3,0.4665816517472695,2678,2025-09-01,2025-10-30,0.37288422131343135
5,3,0.3,0.0,1.3333333333333333,0.5,0.3,0.466348689516793,2679,2025-09-02,2025-10-31,0.37175909936385787
5,3,0.3,0.0,1.3333333333333333,0.5,0.3,0.46196926984841213,2680,2025-09-03,2025-11-01,0.37876881043052874
5,3,0.3,0.0,1.3333333333333333,0.5,0.3,0.4615900860888006,2681,2025-09-04,2025-11-02,0.374324516477921
5,3,0.3,0.0,1.3333333333333333,0.5,0.3,0.4620927479827806,2682,2025-09-05,2025-11-03,0.3706183433908692
5,4,0.4,0.6,1.0,0.5,0.4,0.40994443262270264,2683,2025-09-06,2025-11-04,0.3969777133031895
5,4,0.4,0.6,1.0,0.5,0.4,0.40507899785293,2684,2025-09-07,2025-11-05,0.4027337924403298
5,4,0.4,0.6,1.0,0.5,0.4,0.40581398693650167,2685,2025-09-08,2025-11-06,0.3869067411629721
5,4,0.4,0.6,1.0,0.5,0.4,0.40316941361987624,2686,2025-09-09,2025-11-07,0.3821327559023386
5,4,0.4,0.6,1.0,0.5,0.4,0.40515237372537194,2687,2025-09-10,2025-11-08,0.38089587218159593
5,4,0.4,0.6,1.0,0.5,0.4,0.40489174509799364,2688,2025-09-11,2025-11-09,0.3780184907095174
5,4,0.4,0.6,1.0,0.5,0.4,0.4058580272635009,2689,2025-09-12,2025-11-10,0.37288473511735326
5,4,0.4,0.6,1.0,0.5,0.4,0.40114070333298457,2690,2025-09-13,2025-11-11,0.3784451286092208
5,4,0.4,0.6,1.0,0.5,0.4,0.40131731765028655,2691,2025-09-14,2025-11-12,0.3774211440625851
5,4,0.4,0.6,1.0,0.5,0.4,0.4019132413127715,2692,2025-09-15,2025-11-13,0.3772104067119627
5,4,0.4,0.6,1.0,0.5,0.4,0.4050768373916016,2693,2025-09-16,2025-11-14,0.363206043609639
5,4,0.4,0.6,1.0,0.5,0.4,0.40591992210646827,2694,2025-09-17,2025-11-15,0.3657338297244054
5,4,0.4,0.6,1.0,0.5,0.4,0.4040222425534719,2695,2025-09-18,2025-11-16,0.3661140134309266
5,4,0.4,0.6,1.0,0.5,0.4,0.3999753432706489,2696,2025-09-19,2025-11-17,0.3648649139890132
5,4,0.4,0.6,1.0,0.5,0.4,0.39824219449296316,2697,2025-09-20,2025-11-18,0.36061486089305345
5,4,0.4,0.6,1.0,0.5,0.4,0.3957604451899679,2698,2025-09-21,2025-11-19,0.3623060538635951
5,4,0.4,0.6,1.0,0.5,0.4,0.39213415528074896,2699,2025-09-22,2025-11-20,0.3575195649847402
5,4,0.4,0.6,1.0,0.5,0.4,0.3875940344630929,2700,2025-09-23,2025-11-21,0.35358526601964824
5,4,0.4,0.6,1.0,0.5,0.4,0.3864834517095338,2701,2025-09-24,2025-11-22,0.3529354222991489
5,4,0.4,0.6,1.0,0.5,0.4,0.3830564988659914,2702,2025-09-25,2025-11-23,0.35484756453675204
5,4,0.4,0.6,1.0,0.5,0.4,0.38003149287985843,2703,2025-09-26,2025-11-24,0.33737016883313864
5,4,0.4,0.6,1.0,0.5,0.4,0.37996148430433996,2704,2025-09-27,2025-11-25,0.3368376179574243
5,4,0.4,0.6,1.0,0.5,0.4,0.3784297708955391,2705,2025-09-28,2025-11-26,0.34485996006105235
5,4,0.4,0.6,1.0,0.5,0.4,0.3785757259824247,2706,2025-09-29,2025-11-27,0.34442459720628654
5,4,0.4,0.6,1.0,0.5,0.4,0.37876800894377033,2707,2025-09-30,2025-11-28,0.34241762170391377
5,4,0.4,0.6,1.0,0.5,0.4,0.3768920647011528,2708,2025-10-01,2025-11-29,0.3442841327855025
5,4,0.4,0.6,1.0,0.5,0.4,0.37704270820296226,2709,2025-10-02,2025-11-30,0.34173174227730446
5,4,0.4,0.6,1.0,0.5,0.4,0.37409555589831467,2710,2025-10-03,2025-12-01,0.3496180282396485
5,4,0.4,0.6,1.0,0.5,0.4,0.37129861661481667,2711,2025-10-04,2025-12-02,0.3457629277880003
5,4,0.4,0.6,1.0,0.5,0.4,0.3694409199674242,2712,2025-10-05,2025-12-03,0.35999433993323
5,4,0.4,0.6,1.0,0.5,0.4,0.36868846309047754,2713,2025-10-06,2025-12-04,0.3619243592992639
5,4,0.4,0.6,1.0,0.5,0.4,0.37698997238697496,2714,2025-10-07,2025-12-05,0.35102043218689666
5,4,0.4,0.6,1.0,0.5,0.4,0.376117409183253,2715,2025-10-08,2025-12-06,0.3450616015981133
5,4,0.4,0.6,1.0,0.5,0.4,0.37635904039418067,2716,2025-10-09,2025-12-07,0.34370620524877493
5,4,0.4,0.6,1.0,0.5,0.4,0.37077113041146237,2717,2025-10-10,2025-12-08,0.3422760687553082
5,4,0.4,0.6,1.0,0.5,0.4,0.384266263519613,2718,2025-10-11,2025-12-09,0.3467251860942489
5,4,0.4,0.6,1.0,0.5,0.4,0.38291559757411453,2719,2025-10-12,2025-12-10,0.3986518048229439
5,4,0.4,0.6,1.0,0.5,0.4,0.3836529336892589,2720,2025-10-13,2025-12-11,0.4040759521703075
5,4,0.4,0.6,1.0,0.5,0.4,0.38446097508808413,2721,2025-10-14,2025-12-12,0.41286719515970793
5,4,0.4,0.6,1.0,0.5,0.4,0.39049433763329344,2722,2025-10-15,2025-12-13,0.418028714595042
5,4,0.4,0.6,1.0,0.5,0.4,0.38436324420957557,2723,2025-10-16,2025-12-14,0.4298488002860652
5,4,0.4,0.6,1.0,0.5,0.4,0.3836117873390631,2724,2025-10-17,2025-12-15,0.4450366268130268
5,4,0.4,0.6,1.0,0.5,0.4,0.38285609194207926,2725,2025-10-18,2025-12-16,0.44202402029077703
5,4,0.4,0.6,1.0,0.5,0.4,0.38228697273356077,2726,2025-10-19,2025-12-17,0.457874680330473
5,4,0.4,0.6,1.0,0.5,0.4,0.3811781636021647,2727,2025-10-20,2025-12-18,0.4547605864626327
5,4,0.4,0.6,1.0,0.5,0.4,0.38448004918667766,2728,2025-10-21,2025-12-19,0.4485507917924007
5,4,0.4,0.6,1.0,0.5,0.4,0.38469044963406895,2729,2025-10-22,2025-12-20,0.4376272767641639
5,4,0.4,0.6,1.0,0.5,0.4,0.38552065761974397,2730,2025-10-23,2025-12-21,0.438054961011034
5,4,0.4,0.6,1.0,0.5,0.4,0.3970800652251994,2731,2025-10-24,2025-12-22,0.44718692213021843
5,3,0.3,0.0,1.3333333333333333,0.5,0.3,0.48664777846576046,2732,2025-10-25,2025-12-23,0.4447684366645442
5,3,0.3,0.0,1.3333333333333333,0.5,0.3,0.48612862068989465,2733,2025-10-26,2025-12-24,0.4456113470030238
5,3,0.3,0.0,1.3333333333333333,0.5,0.3,0.48584230959986585,2734,2025-10-27,2025-12-25,0.4419888561963603
5,2,0.2,0.0,1.0,0.25,0.2,0.49604580837575485,2735,2025-10-28,2025-12-26,0.4402849599377527
5,4,0.4,0.0,2.0,0.5,0.4,0.2725614032746838,2736,2025-10-29,2025-12-27,0.44744875817740193
5,4,0.4,0.0,2.0,0.5,0.4,0.26784316951162457,2737,2025-10-30,2025-12-28,0.4380626206649366
5,4,0.4,0.0,2.0,0.5,0.4,0.27118974143532115,2738,2025-10-31,2025-12-29,0.4287585229961878
5,4,0.4,0.0,2.0,0.5,0.4,0.275060562432332,2739,2025-11-01,2025-12-30,0.4280375413895743
5,5,0.5,0.4666666666666667,1.7,0.75,0.5,0.27279889610066965,2740,2025-11-02,2025-12-31,0.42855059432164344
5,5,0.5,0.4666666666666667,1.7,0.75,0.5,0.2721951439412384,2741,2025-11-03,2026-01-01,0.43027332350710823
5,5,0.5,0.4666666666666667,1.7,0.75,0.5,0.27475733849785483,2742,2025-11-04,2026-01-02,0.4171164346836945
5,2,0.2,0.0,1.0,0.25,0.2,0.49724732508864644,2743,2025-11-05,2026-01-03,0.35869097447305304
5,2,0.2,0.0,1.0,0.25,0.2,0.49746235551858564,2744,2025-11-06,2026-01-04,0.35257498492692363
5,3,0.3,0.0,1.3333333333333333,0.5,0.3,0.48540911430869593,2745,2025-11-07,2026-01-05,0.3836090219364042
5,2,0.2,0.0,1.0,0.25,0.2,0.4955253270580132,2746,2025-11-08,2026-01-06,0.37893759984032716
5,3,0.3,0.0,1.3333333333333333,0.5,0.3,0.48567370945750193,2747,2025-11-09,2026-01-07,0.38736006259859196
5,3,0.3,0.0,1.3333333333333333,0.5,0.3,0.48430737987794453,2748,2025-11-10,2026-01-08,0.395020609587334
5,3,0.3,0.0,1.3333333333333333,0.5,0.3,0.4844530489598553,2749,2025-11-11,2026-01-09,0.3957230859657518
5,3,0.3,0.0,1.3333333333333333,0.5,0.3,0.48124648938367603,2750,2025-11-12,2026-01-10,0.40517330191150086
5,3,0.3,0.0,1.3333333333333333,0.5,0.3,0.48066796364461817,2751,2025-11-13,2026-01-11,0.40581547318521743
5,3,0.3,0.0,1.3333333333333333,0.5,0.3,0.47789630024787016,2752,2025-11-14,2026-01-12,0.4238928614769389
5,3,0.3,0.0,1.3333333333333333,0.5,0.3,0.478468888004304,2753,2025-11-15,2026-01-13,0.3965564256216324
5,3,0.3,0.0,1.3333333333333333,0.5,0.3,0.4779891767796116,2754,2025-11-16,2026-01-14,0.39723774978306164
5,3,0.3,0.0,1.3333333333333333,0.5,0.3,0.4797649480682776,2755,2025-11-17,2026-01-15,0.3930899563909103
5,3,0.3,0.0,1.3333333333333333,0.5,0.3,0.4782623940912191,2756,2025-11-18,2026-01-16,0.38659968192596006
5,3,0.3,0.0,1.3333333333333333,0.5,0.3,0.4783157440611602,2757,2025-11-19,2026-01-17,0.3880242184188608
5,3,0.3,0.0,1.3333333333333333,0.5,0.3,0.4799379623817363,2758,2025-11-20,2026-01-18,0.3643480154618386
5,3,0.3,0.0,1.3333333333333333,0.5,0.3,0.47415880882247075,2759,2025-11-21,2026-01-19,0.3558378572665357
5,3,0.3,0.0,1.3333333333333333,0.5,0.3,0.47954529068105045,2760,2025-11-22,2026-01-20,0.36614812132210767
5,3,0.3,0.0,1.3333333333333333,0.5,0.3,0.481020984459427,2761,2025-11-23,2026-01-21,0.3621728319120092
5,4,0.4,0.6,1.0,0.5,0.4,0.43615713978333387,2762,2025-11-24,2026-01-22,0.3687374641738973
5,4,0.4,0.6,1.0,0.5,0.4,0.4282447272690648,2763,2025-11-25,2026-01-23,0.377368645880667
5,4,0.4,0.6,1.0,0.5,0.4,0.42089696876000793,2764,2025-11-26,2026-01-24,0.38252681978168346
5,4,0.4,0.6,1.0,0.5,0.4,0.42544854467643933,2765,2025-11-27,2026-01-25,0.36812364471903447
5,4,0.4,0.6,1.0,0.5,0.4,0.4265269584262452,2766,2025-11-28,2026-01-26,0.3648401426207621
5,4,0.4,0.6,1.0,0.5,0.4,0.41362930410152066,2767,2025-11-29,2026-01-27,0.3780719617381963
5,4,0.4,0.6,1.0,0.5,0.4,0.4189804763882934,2768,2025-11-30,2026-01-28,0.3704186246655906
5,4,0.4,0.6,1.0,0.5,0.4,0.4201561361910864,2769,2025-12-01,2026-01-29,0.3686362882249445
5,4,0.4,0.6,1.0,0.5,0.4,0.40590652082058254,2770,2025-12-02,2026-01-30,0.37323445968217206
5,4,0.4,0.6,1.0,0.5,0.4,0.4005429001525668,2771,2025-12-03,2026-01-31,0.4396248172797693
5,4,0.4,0.6,1.0,0.5,0.4,0.3982169124174899,2772,2025-12-04,2026-02-01,0.4237569918552853
5,4,0.4,0.6,1.0,0.5,0.4,0.40026020637275567,2773,2025-12-05,2026-02-02,0.41459735695350125
5,4,0.4,0.6,1.0,0.5,0.4,0.40136001152253337,2774,2025-12-06,2026-02-03,0.40007807494965186
5,4,0.4,0.6,1.0,0.5,0.4,0.40050618179855446,2775,2025-12-07,2026-02-04,0.4106806425895947
5,4,0.4,0.6,1.0,0.5,0.4,0.4047346676816793,2776,2025-12-08,2026-02-05,0.47758100505527434
5,4,0.4,0.6,1.0,0.5,0.4,0.40737233934078065,2777,2025-12-09,2026-02-06,0.5157674574561766
5,4,0.4,0.6,1.0,0.5,0.4,0.4064353478633258,2778,2025-12-10,2026-02-07,0.5154500302077089
5,4,0.4,0.6,1.0,0.5,0.4,0.4071636982736112,2779,2025-12-11,2026-02-08,0.5165228959383288
5,4,0.4,0.6,1.0,0.5,0.4,0.405259509139944,2780,2025-12-12,2026-02-09,0.5219209940250633
5,4,0.4,0.6,1.0,0.5,0.4,0.40510384299565244,2781,2025-12-13,2026-02-10,0.5227577780047746
5,4,0.4,0.6,1.0,0.5,0.4,0.40716311359200985,2782,2025-12-14,2026-02-11,0.5187635400606453
5,4,0.4,0.6,1.0,0.5,0.4,0.4077756904576934,2783,2025-12-15,2026-02-12,0.5161613087543976
5,4,0.4,0.6,1.0,0.5,0.4,0.4088297664443871,2784,2025-12-16,2026-02-13,0.5113308047390801
5,4,0.4,0.6,1.0,0.5,0.4,0.40913099538463743,2785,2025-12-17,2026-02-14,0.5107100923390548
5,4,0.4,0.6,1.0,0.5,0.4,0.40783667593901746,2786,2025-12-18,2026-02-15,0.5067958284113875
5,4,0.4,0.6,1.0,0.5,0.4,0.40740631958733114,2787,2025-12-19,2026-02-16,0.5055603861260851
5,4,0.4,0.6,1.0,0.5,0.4,0.40837999863530444,2788,2025-12-20,2026-02-17,0.509259818704203
5,4,0.4,0.6,1.0,0.5,0.4,0.40701639312900023,2789,2025-12-21,2026-02-18,0.5133141088746296
5,4,0.4,0.6,1.0,0.5,0.4,0.40732798866749215,2790,2025-12-22,2026-02-19,0.5115407844808653
5,4,0.4,0.6,1.0,0.5,0.4,0.40844187253407255,2791,2025-12-23,2026-02-20,0.5119197609341537
5,4,0.4,0.6,1.0,0.5,0.4,0.4089737267462305,2792,2025-12-24,2026-02-21,0.5148670337480912
5,4,0.4,0.6,1.0,0.5,0.4,0.4086867549327593,2793,2025-12-25,2026-02-22,0.5141755684565116
5,4,0.4,0.6,1.0,0.5,0.4,0.408482696468776,2794,2025-12-26,2026-02-23,0.5232739449881197
5,4,0.4,0.6,1.0,0.5,0.4,0.40833833306424816,2795,2025-12-27,2026-02-24,0.5240286642213278
5,4,0.4,0.6,1.0,0.5,0.4,0.4077192054372839,2796,2025-12-28,2026-02-25,0.5411661670978481
5,4,0.4,0.6,1.0,0.5,0.4,0.4079653472257427,2797,2025-12-29,2026-02-26,0.5404634236341581
5,4,0.4,0.6,1.0,0.5,0.4,0.4074318408521651,2798,2025-12-30,2026-02-27,0.5400695051134204
5,4,0.4,0.6,1.0,0.5,0.4,0.407585780534253,2799,2025-12-31,2026-02-28,0.5429733747342421
5,4,0.4,0.6,1.0,0.5,0.4,0.4053793736948079,2800,2026-01-01,2026-03-01,0.5467631444895458
5,4,0.4,0.6,1.0,0.5,0.4,0.4101244351680702,2801,2026-01-02,2026-03-02,0.5345696439116627
5,4,0.4,0.6,1.0,0.5,0.4,0.4083529261375398,2802,2026-01-03,2026-03-03,0.5401222809773032
5,4,0.4,0.6,1.0,0.5,0.4,0.4083285858181207,2803,2026-01-04,2026-03-04,0.5457457574088646
5,4,0.4,0.6,1.0,0.5,0.4,0.40969477357686945,2804,2026-01-05,2026-03-05,0.546774944848259
5,4,0.4,0.6,1.0,0.5,0.4,0.4088788032856913,2805,2026-01-06,2026-03-06,0.5372001272440466
5,4,0.4,0.6,1.0,0.5,0.4,0.40862007402229994,2806,2026-01-07,2026-03-07,0.5387510907878369
5,4,0.4,0.6,1.0,0.5,0.4,0.40599722341804073,2807,2026-01-08,2026-03-08,0.5401785145777838
5,4,0.4,0.6,1.0,0.5,0.4,0.4058852069922271,2808,2026-01-09,2026-03-09,0.545488941331915
