"Time	Open	High	Low	Close	Volume"
"2017-12-12 00:00:00	1.17762	1.17926	1.17174	1.17422	189865	3"
"2017-12-13 00:00:00	1.17423	1.18404	1.17294	1.18361	220779	4"
"2017-12-14 00:00:00	1.18361	1.18625	1.17645	1.17745	241280	4"
"2017-12-15 00:00:00	1.17745	1.18123	1.17488	1.17492	200462	2"
"2017-12-17 00:00:00	1.17441	1.17509	1.17377	1.17432	8500	18"
"2017-12-18 00:00:00	1.17432	1.18342	1.1742	1.17837	199846	3"
"2017-12-19 00:00:00	1.17837	1.18487	1.17764	1.18369	207804	4"
"2017-12-20 00:00:00	1.18368	1.19017	1.18289	1.18776	198913	4"
"2017-12-21 00:00:00	1.18776	1.18895	1.18493	1.18521	188002	3"
"2017-12-22 00:00:00	1.18521	1.1864	1.18169	1.18607	178403	4"
"2017-12-24 00:00:00	1.1844	1.18515	1.1844	1.18505	203	135"
"2017-12-25 00:00:00	1.18505	1.18766	1.18429	1.1871	9784	74"
"2017-12-26 00:00:00	1.18712	1.18787	1.18465	1.18571	105026	5"
"2017-12-27 00:00:00	1.1857	1.19102	1.1855	1.19002	180160	3"
"2017-12-28 00:00:00	1.19001	1.19589	1.1897	1.19394	175120	4"
"2017-12-29 00:00:00	1.19395	1.20254	1.19369	1.19985	171771	3"
"2018-01-01 00:00:00	1.20102	1.20166	1.20007	1.20106	8578	39"
"2018-01-02 00:00:00	1.20105	1.20811	1.20078	1.20614	197142	4"
"2018-01-03 00:00:00	1.20614	1.20638	1.20011	1.20107	194941	3"
"2018-01-04 00:00:00	1.20108	1.20889	1.20044	1.20664	210210	3"
"2018-01-05 00:00:00	1.20663	1.20829	1.20205	1.20304	189696	4"
"2018-01-07 00:00:00	1.20265	1.20389	1.20259	1.2037	5748	31"
"2018-01-08 00:00:00	1.20371	1.20521	1.1956	1.19698	183380	2"
"2018-01-09 00:00:00	1.19698	1.19755	1.19156	1.19284	205645	4"
"2018-01-10 00:00:00	1.19282	1.20179	1.19231	1.19558	253339	4"
"2018-01-11 00:00:00	1.19557	1.20589	1.19291	1.20427	246795	3"
"2018-01-12 00:00:00	1.20427	1.22184	1.20401	1.21993	276486	3"
"2018-01-14 00:00:00	1.21933	1.22117	1.21908	1.21919	7290	22"
"2018-01-15 00:00:00	1.2192	1.22964	1.21876	1.22665	231031	3"
"2018-01-16 00:00:00	1.22666	1.22828	1.21952	1.22707	262612	3"
"2018-01-17 00:00:00	1.22707	1.23231	1.2165	1.21802	289585	4"
"2018-01-18 00:00:00	1.21804	1.22648	1.21734	1.2234	254031	4"
"2018-01-19 00:00:00	1.2234	1.22953	1.22145	1.22145	252177	3"
"2018-01-21 00:00:00	1.22702	1.22726	1.22338	1.2256	9388	14"
"2018-01-22 00:00:00	1.22559	1.2267	1.22138	1.22562	233056	3"
"2018-01-23 00:00:00	1.22564	1.23152	1.2223	1.23086	257752	4"
"2018-01-24 00:00:00	1.23087	1.24149	1.2292	1.23923	296238	4"
"2018-01-25 00:00:00	1.23921	1.25373	1.23639	1.23914	367838	4"
"2018-01-26 00:00:00	1.23914	1.24936	1.23861	1.24283	317664	3"
"2018-01-28 00:00:00	1.24232	1.24312	1.24128	1.24312	9488	43"
"2018-01-29 00:00:00	1.24311	1.24322	1.23367	1.23809	283892	3"
"2018-01-30 00:00:00	1.2381	1.24538	1.2335	1.24084	300956	2"
"2018-01-31 00:00:00	1.24084	1.24748	1.23868	1.24168	321336	4"
"2018-02-01 00:00:00	1.24168	1.25229	1.23854	1.25105	298216	4"
"2018-02-02 00:00:00	1.25107	1.25182	1.24092	1.24559	299591	3"
"2018-02-04 00:00:00	1.2432	1.24547	1.24243	1.24462	13306	60"
"2018-02-05 00:00:00	1.24462	1.24748	1.23626	1.23666	319395	5"
"2018-02-06 00:00:00	1.23667	1.24343	1.23138	1.23803	414806	5"
"2018-02-07 00:00:00	1.23803	1.24055	1.22459	1.227	316517	4"
"2018-02-08 00:00:00	1.22699	1.22948	1.2212	1.22606	366047	4"
"2018-02-09 00:00:00	1.22607	1.22873	1.22054	1.2251	320640	4"
"2018-02-11 00:00:00	1.22483	1.22524	1.22418	1.22522	8102	17"
"2018-02-12 00:00:00	1.22523	1.23071	1.2235	1.23004	246646	3"
"2018-02-13 00:00:00	1.23009	1.2371	1.22844	1.23536	257674	2"
"2018-02-14 00:00:00	1.23537	1.24695	1.22758	1.24681	301242	3"
"2018-02-15 00:00:00	1.24682	1.25103	1.24478	1.25027	289116	5"
"2018-02-16 00:00:00	1.25027	1.25553	1.23931	1.24041	285736	3"
"2018-02-18 00:00:00	1.24015	1.24204	1.24014	1.24117	6404	29"
"2018-02-19 00:00:00	1.24117	1.24349	1.2369	1.24002	193464	4"
"2018-02-20 00:00:00	1.24001	1.24106	1.23199	1.23353	266362	5"
"2018-02-21 00:00:00	1.23352	1.23598	1.22734	1.22804	280818	4"
"2018-02-22 00:00:00	1.22805	1.2352	1.22597	1.23256	262315	5"
"2018-02-23 00:00:00	1.23256	1.23316	1.22798	1.22937	219909	2"
"2018-02-25 00:00:00	1.22928	1.22947	1.22809	1.22883	6663	21"
"2018-02-26 00:00:00	1.22883	1.2355	1.22776	1.23149	224925	5"
"2018-02-27 00:00:00	1.23149	1.23462	1.22216	1.22259	249977	4"
"2018-02-28 00:00:00	1.22258	1.22412	1.21878	1.21915	254894	4"
"2018-03-01 00:00:00	1.21915	1.22747	1.21546	1.2271	281960	3"
"2018-03-02 00:00:00	1.22709	1.23358	1.22514	1.23186	264927	3"
"2018-03-04 00:00:00	1.23248	1.23641	1.22995	1.23176	17418	52"
"2018-03-05 00:00:00	1.23176	1.23487	1.22688	1.23365	247123	4"
"2018-03-06 00:00:00	1.23365	1.24287	1.23281	1.24155	250100	5"
"2018-03-07 00:00:00	1.24154	1.2445	1.23847	1.24122	269818	3"
"2018-03-08 00:00:00	1.24122	1.2446	1.22979	1.23067	270458	4"
"2018-03-09 00:00:00	1.2307	1.23342	1.2273	1.23041	264420	4"
"2018-03-11 00:00:00	1.23094	1.23133	1.2306	1.23084	8657	75"
"2018-03-12 00:00:00	1.23083	1.23455	1.22903	1.23384	205132	4"
"2018-03-13 00:00:00	1.23383	1.24074	1.23145	1.23928	249288	4"
"2018-03-14 00:00:00	1.23928	1.24125	1.23471	1.23747	220996	4"
"2018-03-15 00:00:00	1.23746	1.23836	1.23001	1.23062	225224	4"
"2018-03-16 00:00:00	1.23061	1.2336	1.22602	1.22889	195995	3"
"2018-03-18 00:00:00	1.22817	1.22919	1.22799	1.22807	7732	43"
"2018-03-19 00:00:00	1.22807	1.23586	1.22579	1.23365	229515	4"
"2018-03-20 00:00:00	1.23365	1.23545	1.22399	1.22482	237446	3"
"2018-03-21 00:00:00	1.22483	1.23499	1.22467	1.23463	260909	3"
"2018-03-22 00:00:00	1.23464	1.23884	1.22855	1.23239	287747	4"
"2018-03-23 00:00:00	1.23239	1.23733	1.23166	1.23522	250783	4"
"2018-03-25 00:00:00	1.2347	1.23673	1.2347	1.23541	8125	70"
"2018-03-26 00:00:00	1.23541	1.24615	1.23517	1.24572	266406	4"
"2018-03-27 00:00:00	1.2457	1.24765	1.23723	1.24087	311763	4"
"2018-03-28 00:00:00	1.24086	1.24215	1.23001	1.23125	268472	3"
"2018-03-29 00:00:00	1.23124	1.23352	1.22838	1.23018	243554	4"
"2018-03-30 00:00:00	1.23018	1.23305	1.22898	1.232	76607	12"
"2018-04-01 00:00:00	1.23199	1.2323	1.23124	1.23125	7857	67"
"2018-04-02 00:00:00	1.23127	1.23449	1.2282	1.22931	156716	4"
"2018-04-03 00:00:00	1.22931	1.23352	1.22537	1.22781	226879	3"
"2018-04-04 00:00:00	1.22781	1.23145	1.2257	1.22872	233267	4"
"2018-04-05 00:00:00	1.22873	1.22901	1.22182	1.22485	230145	5"
"2018-04-06 00:00:00	1.22489	1.22907	1.22151	1.22792	264563	4"
"2018-04-08 00:00:00	1.22824	1.22833	1.22656	1.22709	9196	59"
"2018-04-09 00:00:00	1.22709	1.23308	1.22602	1.23206	246686	3"
"2018-04-10 00:00:00	1.23206	1.23776	1.23027	1.23627	265915	4"
"2018-04-11 00:00:00	1.23627	1.23964	1.2347	1.23719	301252	4"
"2018-04-12 00:00:00	1.23719	1.23797	1.22993	1.23295	245804	3"
"2018-04-13 00:00:00	1.23293	1.23458	1.2307	1.23282	206961	3"
"2018-04-15 00:00:00	1.23278	1.23366	1.23231	1.23316	6425	66"
"2018-04-16 00:00:00	1.23316	1.23945	1.23242	1.23837	214912	3"
"2018-04-17 00:00:00	1.23837	1.24136	1.23362	1.23724	219241	4"
"2018-04-18 00:00:00	1.23724	1.23971	1.23418	1.23785	233807	3"
"2018-04-19 00:00:00	1.23786	1.24001	1.2329	1.2343	237994	4"
"2018-04-20 00:00:00	1.2343	1.23529	1.22499	1.22846	206001	4"
"2018-04-22 00:00:00	1.22699	1.2288	1.22699	1.22737	10519	78"
"2018-04-23 00:00:00	1.22738	1.22894	1.21977	1.22092	244270	5"
"2018-04-24 00:00:00	1.22094	1.22448	1.21817	1.22372	225407	4"
"2018-04-25 00:00:00	1.22372	1.22372	1.21599	1.21706	230383	4"
"2018-04-26 00:00:00	1.21707	1.22099	1.20962	1.21081	255337	3"
"2018-04-27 00:00:00	1.21081	1.21327	1.20556	1.21291	209453	4"
"2018-04-29 00:00:00	1.21224	1.2129	1.21188	1.21226	8340	27"
"2018-04-30 00:00:00	1.21226	1.21386	1.20643	1.20815	230695	4"
"2018-05-01 00:00:00	1.20815	1.20828	1.19814	1.1991	208497	5"
"2018-05-02 00:00:00	1.19912	1.20316	1.19378	1.19504	272105	3"
"2018-05-03 00:00:00	1.19504	1.20087	1.19479	1.19886	262263	4"
"2018-05-04 00:00:00	1.19886	1.19954	1.19107	1.1955	207816	5"
"2018-05-06 00:00:00	1.19557	1.1964	1.19545	1.19545	6517	70"
"2018-05-07 00:00:00	1.19544	1.19779	1.18975	1.19331	200539	5"
"2018-05-08 00:00:00	1.19331	1.19387	1.1838	1.18671	238099	3"
"2018-05-09 00:00:00	1.18673	1.18969	1.18227	1.18467	239579	4"
"2018-05-10 00:00:00	1.18465	1.19463	1.1844	1.19137	264418	4"
"2018-05-11 00:00:00	1.19137	1.19678	1.18911	1.19395	216413	4"
"2018-05-13 00:00:00	1.19385	1.19555	1.19379	1.19524	9092	80"
"2018-05-14 00:00:00	1.19524	1.19959	1.19231	1.19309	247331	4"
"2018-05-15 00:00:00	1.1931	1.19384	1.18168	1.18203	259230	4"
"2018-05-16 00:00:00	1.18205	1.18541	1.17635	1.18146	278499	5"
"2018-05-17 00:00:00	1.18146	1.18373	1.17765	1.179	297015	4"
"2018-05-18 00:00:00	1.179	1.18221	1.17498	1.17689	228027	4"
"2018-05-20 00:00:00	1.17684	1.17756	1.17603	1.17651	10192	81"
"2018-05-21 00:00:00	1.17651	1.17973	1.17165	1.17899	229938	5"
"2018-05-22 00:00:00	1.17899	1.18296	1.17567	1.17878	255281	4"
"2018-05-23 00:00:00	1.1788	1.17889	1.16758	1.17091	311301	5"
"2018-05-24 00:00:00	1.17092	1.17501	1.16906	1.17219	284727	4"
"2018-05-25 00:00:00	1.1722	1.17335	1.16455	1.16478	257292	3"
"2018-05-27 00:00:00	1.16862	1.1692	1.16758	1.16884	14547	29"
"2018-05-28 00:00:00	1.16886	1.17283	1.16073	1.16261	208823	4"
"2018-05-29 00:00:00	1.16264	1.16394	1.15099	1.15375	333588	3"
"2018-05-30 00:00:00	1.15375	1.16759	1.15186	1.16646	317812	4"
"2018-05-31 00:00:00	1.16646	1.17243	1.1641	1.16922	288712	4"
"2018-06-01 00:00:00	1.16922	1.17178	1.1617	1.16584	260821	5"
"2018-06-03 00:00:00	1.16561	1.16689	1.16561	1.16672	6536	82"
"2018-06-04 00:00:00	1.1667	1.17444	1.1667	1.17	244044	4"
"2018-06-05 00:00:00	1.17	1.17324	1.16525	1.17261	255736	3"
"2018-06-06 00:00:00	1.17263	1.17956	1.17139	1.17813	245145	4"
"2018-06-07 00:00:00	1.17812	1.18398	1.1781	1.17931	247119	3"
"2018-06-08 00:00:00	1.17931	1.18103	1.17271	1.17666	236194	3"
"2018-06-10 00:00:00	1.17736	1.17857	1.1771	1.17845	6647	18"
"2018-06-11 00:00:00	1.17845	1.18205	1.17715	1.17725	207876	4"
"2018-06-12 00:00:00	1.17726	1.18088	1.17334	1.17475	236712	3"
"2018-06-13 00:00:00	1.17475	1.18047	1.17254	1.18032	240732	3"
"2018-06-14 00:00:00	1.1803	1.18516	1.15607	1.15633	288777	4"
"2018-06-15 00:00:00	1.15629	1.16269	1.15432	1.16059	249108	5"
"2018-06-17 00:00:00	1.15874	1.1602	1.1586	1.1593	8991	29"
"2018-06-18 00:00:00	1.1593	1.1641	1.15653	1.16298	215891	3"
"2018-06-19 00:00:00	1.16297	1.16445	1.15307	1.15881	273938	4"
"2018-06-20 00:00:00	1.15882	1.15999	1.15365	1.15773	246510	3"
"2018-06-21 00:00:00	1.15774	1.16334	1.15082	1.16043	289171	4"
"2018-06-22 00:00:00	1.16043	1.16749	1.16005	1.16561	251498	4"
"2018-06-24 00:00:00	1.16622	1.16728	1.16577	1.166	13867	36"
"2018-06-25 00:00:00	1.16603	1.1713	1.16286	1.17009	262547	4"
"2018-06-26 00:00:00	1.17009	1.17203	1.16348	1.16493	284542	4"
"2018-06-27 00:00:00	1.16493	1.1672	1.15407	1.15629	334871	4"
"2018-06-28 00:00:00	1.15628	1.16005	1.15271	1.15634	288566	4"
"2018-06-29 00:00:00	1.15634	1.16902	1.15632	1.16847	286299	4"
"2018-07-01 00:00:00	1.16747	1.169	1.16616	1.16786	16542	44"
"2018-07-02 00:00:00	1.16778	1.16789	1.15911	1.16415	242756	4"
"2018-07-03 00:00:00	1.16413	1.16731	1.16204	1.16589	248261	3"
"2018-07-04 00:00:00	1.16587	1.16817	1.16305	1.16601	194702	5"
"2018-07-05 00:00:00	1.16602	1.17201	1.165	1.16918	265509	4"
"2018-07-06 00:00:00	1.16919	1.17676	1.168	1.17444	231724	4"
"2018-07-08 00:00:00	1.17392	1.17541	1.17387	1.17517	12507	40"
"2018-07-09 00:00:00	1.17514	1.17906	1.17326	1.1756	238503	4"
"2018-07-10 00:00:00	1.1756	1.17624	1.16901	1.17279	240897	4"
"2018-07-11 00:00:00	1.17279	1.1758	1.16653	1.16749	280830	4"
"2018-07-12 00:00:00	1.16749	1.16955	1.16497	1.16638	245258	4"
"2018-07-13 00:00:00	1.16637	1.16868	1.16129	1.16843	229298	4"
"2018-07-15 00:00:00	1.16896	1.16912	1.1677	1.16783	8984	22"
"2018-07-16 00:00:00	1.16783	1.17253	1.16756	1.1709	234088	4"
"2018-07-17 00:00:00	1.1709	1.17446	1.16484	1.1653	266360	4"
"2018-07-18 00:00:00	1.16536	1.16648	1.16019	1.16449	258035	4"
"2018-07-19 00:00:00	1.16449	1.16785	1.15748	1.16544	313036	3"
"2018-07-20 00:00:00	1.16547	1.17387	1.16262	1.17196	306305	4"
"2018-07-22 00:00:00	1.17252	1.17453	1.17233	1.17403	13401	29"
"2018-07-23 00:00:00	1.17404	1.17497	1.16836	1.16934	247676	4"
"2018-07-24 00:00:00	1.16934	1.17168	1.16545	1.16845	247152	4"
"2018-07-25 00:00:00	1.16846	1.17387	1.1664	1.17379	260996	3"
"2018-07-26 00:00:00	1.17379	1.17436	1.16379	1.16437	254434	4"
"2018-07-27 00:00:00	1.16436	1.16642	1.16203	1.16559	215416	4"
"2018-07-29 00:00:00	1.16561	1.16604	1.16525	1.16591	7258	36"
"2018-07-30 00:00:00	1.16591	1.17186	1.16479	1.17071	194150	4"
"2018-07-31 00:00:00	1.17071	1.17458	1.16838	1.1689	229893	3"
"2018-08-01 00:00:00	1.1689	1.16994	1.16572	1.16631	229042	4"
"2018-08-02 00:00:00	1.16632	1.16675	1.15816	1.1585	229170	4"
"2018-08-03 00:00:00	1.15851	1.16105	1.15603	1.1567	233881	3"
"2018-08-05 00:00:00	1.15663	1.15705	1.15601	1.15615	9090	67"
"2018-08-06 00:00:00	1.15615	1.15702	1.153	1.15579	205609	4"
"2018-08-07 00:00:00	1.1558	1.16082	1.15515	1.16029	208330	4"
"2018-08-08 00:00:00	1.16029	1.16281	1.15732	1.16092	205568	4"
"2018-08-09 00:00:00	1.16092	1.16192	1.15162	1.1524	227605	3"
"2018-08-10 00:00:00	1.15239	1.15363	1.13881	1.1409	287038	3"
"2018-08-12 00:00:00	1.1371	1.14115	1.13708	1.13946	14123	27"
"2018-08-13 00:00:00	1.13948	1.14328	1.13649	1.14004	266620	3"
"2018-08-14 00:00:00	1.14004	1.14294	1.13302	1.13466	256379	4"
"2018-08-15 00:00:00	1.13466	1.13548	1.13009	1.13416	246693	4"
"2018-08-16 00:00:00	1.13416	1.14091	1.13357	1.13718	244659	3"
"2018-08-17 00:00:00	1.13719	1.14448	1.13663	1.14379	205904	3"
"2018-08-19 00:00:00	1.14371	1.14399	1.14353	1.14378	6486	46"
"2018-08-20 00:00:00	1.14379	1.14931	1.13942	1.14918	221938	4"
"2018-08-21 00:00:00	1.14918	1.16011	1.14854	1.15759	262906	4"
"2018-08-22 00:00:00	1.15761	1.16229	1.15531	1.15857	228387	3"
"2018-08-23 00:00:00	1.15857	1.15906	1.15298	1.15419	228100	3"
"2018-08-24 00:00:00	1.15419	1.16397	1.15381	1.16205	225871	4"
"2018-08-26 00:00:00	1.16141	1.16534	1.1614	1.16451	8817	34"
"2018-08-27 00:00:00	1.1645	1.16935	1.15943	1.1684	204877	4"
"2018-08-28 00:00:00	1.16842	1.17334	1.16625	1.16932	237180	4"
"2018-08-29 00:00:00	1.16932	1.17106	1.1652	1.17093	235439	3"
"2018-08-30 00:00:00	1.17094	1.17181	1.16417	1.16654	240071	4"
"2018-08-31 00:00:00	1.16654	1.16901	1.15845	1.15997	234392	3"
"2018-09-02 00:00:00	1.15961	1.16037	1.15926	1.1598	7131	35"
"2018-09-03 00:00:00	1.15979	1.16278	1.15889	1.16138	163906	3"
"2018-09-04 00:00:00	1.16139	1.16141	1.15301	1.15871	219094	4"
"2018-09-05 00:00:00	1.15872	1.164	1.15425	1.16344	260129	4"
"2018-09-06 00:00:00	1.16346	1.16592	1.16055	1.16198	233904	3"
"2018-09-07 00:00:00	1.162	1.16495	1.15506	1.1552	231919	3"
"2018-09-09 00:00:00	1.15483	1.15608	1.15474	1.15607	6048	23"
"2018-09-10 00:00:00	1.15605	1.16161	1.1526	1.15935	195402	4"
"2018-09-11 00:00:00	1.15935	1.16441	1.15654	1.15955	211077	3"
"2018-09-12 00:00:00	1.15954	1.16496	1.15699	1.16253	231828	4"
"2018-09-13 00:00:00	1.16253	1.17009	1.16091	1.16911	222200	3"
"2018-09-14 00:00:00	1.16912	1.17215	1.16206	1.16227	205086	3"
"2018-09-16 00:00:00	1.16223	1.16322	1.16219	1.16234	6215	48"
"2018-09-17 00:00:00	1.16234	1.16981	1.1618	1.16685	187749	3"
"2018-09-18 00:00:00	1.16686	1.17243	1.16521	1.16775	224998	3"
"2018-09-19 00:00:00	1.16777	1.17149	1.165	1.1674	228795	3"
"2018-09-20 00:00:00	1.16738	1.17845	1.16719	1.17755	241592	3"
"2018-09-21 00:00:00	1.17756	1.18027	1.17327	1.17473	199893	3"
"2018-09-23 00:00:00	1.17432	1.17522	1.17378	1.17485	7618	73"
"2018-09-24 00:00:00	1.17483	1.18153	1.17241	1.17523	203664	4"
"2018-09-25 00:00:00	1.17525	1.17925	1.1731	1.17628	210535	3"
"2018-09-26 00:00:00	1.17629	1.17976	1.17259	1.17469	215612	3"
"2018-09-27 00:00:00	1.17469	1.17571	1.16331	1.1636	269085	3"
"2018-09-28 00:00:00	1.1636	1.16511	1.15698	1.16019	223575	4"
"2018-09-30 00:00:00	1.16171	1.16173	1.16028	1.16052	6592	31"
"2018-10-01 00:00:00	1.16052	1.16246	1.15635	1.15769	203560	3"
"2018-10-02 00:00:00	1.1577	1.15802	1.15052	1.15503	242343	4"
"2018-10-03 00:00:00	1.15503	1.15936	1.14645	1.14764	263707	3"
"2018-10-04 00:00:00	1.14765	1.15426	1.14633	1.15173	230822	2"
"2018-10-05 00:00:00	1.15173	1.15495	1.14838	1.15174	225535	3"
"2018-10-07 00:00:00	1.1521	1.15275	1.15197	1.15238	7580	33"
"2018-10-08 00:00:00	1.15238	1.15296	1.14599	1.14941	187007	3"
"2018-10-09 00:00:00	1.14941	1.15087	1.14321	1.15046	256517	2"
"2018-10-10 00:00:00	1.15046	1.15452	1.14798	1.1533	238171	4"
"2018-10-11 00:00:00	1.1533	1.15994	1.15311	1.159	290556	3"
"2018-10-12 00:00:00	1.15899	1.16104	1.15343	1.15571	228350	4"
"2018-10-14 00:00:00	1.15372	1.15534	1.15369	1.15504	9899	28"
"2018-10-15 00:00:00	1.15505	1.16061	1.1543	1.15828	213657	3"
"2018-10-16 00:00:00	1.15828	1.16212	1.1566	1.15762	216739	3"
"2018-10-17 00:00:00	1.15763	1.15803	1.14953	1.15011	242891	3"
"2018-10-18 00:00:00	1.15012	1.15272	1.14492	1.14539	249730	4"
"2018-10-19 00:00:00	1.14539	1.15345	1.14331	1.15142	240379	4"
"2018-10-21 00:00:00	1.15149	1.15179	1.15084	1.15105	8604	22"
"2018-10-22 00:00:00	1.15106	1.15501	1.14557	1.14646	223839	4"
"2018-10-23 00:00:00	1.14646	1.14934	1.14392	1.14706	261427	3"
"2018-10-24 00:00:00	1.14706	1.14766	1.13789	1.13988	259351	3"
"2018-10-25 00:00:00	1.13987	1.14326	1.13561	1.13753	246916	4"
"2018-10-26 00:00:00	1.13753	1.14209	1.13355	1.14021	258001	4"
"2018-10-28 00:00:00	1.13921	1.14038	1.13921	1.1398	7212	23"
"2018-10-29 00:00:00	1.1398	1.14163	1.13606	1.13755	244324	4"
"2018-10-30 00:00:00	1.13756	1.13877	1.13404	1.13453	216750	4"
"2018-10-31 00:00:00	1.13452	1.13601	1.1302	1.13145	238954	4"
"2018-11-01 00:00:00	1.13146	1.14241	1.13126	1.14027	256709	4"
"2018-11-02 00:00:00	1.14028	1.14557	1.13722	1.1386	231813	4"
"2018-11-04 00:00:00	1.13863	1.13993	1.13862	1.13976	10996	19"
"2018-11-05 00:00:00	1.13975	1.14239	1.1353	1.14083	214829	4"
"2018-11-06 00:00:00	1.14083	1.14417	1.13913	1.1441	227457	4"
"2018-11-07 00:00:00	1.1441	1.14995	1.13947	1.14325	299472	4"
"2018-11-08 00:00:00	1.14325	1.14465	1.13515	1.13679	253811	4"
"2018-11-09 00:00:00	1.13678	1.13689	1.13161	1.13342	240485	5"
"2018-11-11 00:00:00	1.13182	1.13285	1.13137	1.13237	11793	66"
"2018-11-12 00:00:00	1.13239	1.13305	1.12156	1.12235	236138	4"
"2018-11-13 00:00:00	1.12235	1.13212	1.12218	1.13109	343138	4"
"2018-11-14 00:00:00	1.13111	1.13475	1.12632	1.13121	291523	4"
"2018-11-15 00:00:00	1.13121	1.13622	1.12705	1.13243	291815	4"
"2018-11-16 00:00:00	1.13244	1.14202	1.13216	1.14185	245944	4"
"2018-11-18 00:00:00	1.14133	1.14211	1.14061	1.14136	10796	16"
"2018-11-19 00:00:00	1.14135	1.14644	1.13938	1.1454	204697	4"
"2018-11-20 00:00:00	1.1454	1.14723	1.13587	1.13721	239097	4"
"2018-11-21 00:00:00	1.1372	1.14245	1.13656	1.13884	234290	5"
"2018-11-22 00:00:00	1.13885	1.1434	1.13853	1.14026	170560	5"
"2018-11-23 00:00:00	1.14027	1.14209	1.13275	1.13355	336336	4"
"2018-11-25 00:00:00	1.13401	1.13407	1.13305	1.13374	9720	22"
"2018-11-26 00:00:00	1.13374	1.13837	1.1325	1.13331	228039	5"
"2018-11-27 00:00:00	1.13331	1.13436	1.12775	1.12969	245542	3"
"2018-11-28 00:00:00	1.1297	1.13875	1.12671	1.13674	266373	4"
"2018-11-29 00:00:00	1.13674	1.14016	1.13486	1.13924	264748	3"
"2018-11-30 00:00:00	1.13924	1.14003	1.13054	1.13164	252462	4"
"2018-12-02 00:00:00	1.13499	1.13502	1.13282	1.13421	11397	40"
"2018-12-03 00:00:00	1.13422	1.13796	1.13192	1.13541	243993	3"
"2018-12-04 00:00:00	1.13541	1.14187	1.13185	1.13424	284060	4"
"2018-12-05 00:00:00	1.13425	1.13612	1.13107	1.13487	197090	3"
"2018-12-06 00:00:00	1.13487	1.14123	1.13209	1.13758	280057	4"
"2018-12-07 00:00:00	1.13758	1.14235	1.13603	1.13758	242711	4"
"2018-12-09 00:00:00	1.13909	1.14067	1.13906	1.13995	9641	20"
"2018-12-10 00:00:00	1.13996	1.14426	1.13504	1.13558	256924	4"
"2018-12-11 00:00:00	1.13559	1.14002	1.13062	1.13216	261584	5"
"2018-12-12 00:00:00	1.13215	1.13872	1.13148	1.13725	264788	5"
"2018-12-13 00:00:00	1.13725	1.13932	1.1331	1.1363	251053	5"
"2018-12-14 00:00:00	1.1363	1.13649	1.12699	1.13045	255941	5"
"2018-12-16 00:00:00	1.13008	1.13083	1.12967	1.13041	12073	39"
"2018-12-17 00:00:00	1.13043	1.13577	1.13027	1.13493	213620	5"
"2018-12-18 00:00:00	1.13495	1.14022	1.13366	1.13758	250239	4"
"2018-12-19 00:00:00	1.13756	1.14392	1.13643	1.13865	396077	4"
"2018-12-20 00:00:00	1.13865	1.14859	1.13771	1.14565	521392	5"
"2018-12-21 00:00:00	1.14566	1.14739	1.13559	1.13684	457896	3"
"2018-12-23 00:00:00	1.13692	1.13738	1.13604	1.13723	9259	55"
"2018-12-24 00:00:00	1.13723	1.14384	1.13705	1.13995	364496	4"
"2018-12-25 00:00:00	1.13998	1.14198	1.13892	1.14131	19172	42"
"2018-12-26 00:00:00	1.14132	1.14163	1.13428	1.13601	261296	5"
"2018-12-27 00:00:00	1.13602	1.1454	1.1358	1.14304	556924	6"
"2018-12-28 00:00:00	1.14306	1.14727	1.14299	1.14414	444846	5"
"2018-12-30 00:00:00	1.14331	1.14406	1.14331	1.14389	9854	43"
"2018-12-31 00:00:00	1.14389	1.14674	1.14213	1.14627	306222	4"
"2019-01-01 00:00:00	1.14598	1.14676	1.14566	1.14612	11824	85"
"2019-01-02 00:00:00	1.14612	1.14967	1.13092	1.13121	455432	3"
"2019-01-03 00:00:00	1.13122	1.1411	1.13099	1.13899	494506	6"
"2019-01-04 00:00:00	1.13901	1.14189	1.13456	1.13943	403759	5"
"2019-01-06 00:00:00	1.13955	1.14129	1.13954	1.14102	12462	42"
"2019-01-07 00:00:00	1.14102	1.14826	1.14046	1.14789	362817	5"
"2019-01-08 00:00:00	1.1479	1.14844	1.14222	1.14572	373025	4"
"2019-01-09 00:00:00	1.14573	1.15578	1.14389	1.15541	464486	5"
"2019-01-10 00:00:00	1.15541	1.15697	1.14844	1.15081	501627	5"
"2019-01-11 00:00:00	1.15082	1.15403	1.1458	1.14656	369044	5"
"2019-01-13 00:00:00	1.14589	1.14685	1.14583	1.14597	8472	23"
"2019-01-14 00:00:00	1.14598	1.1482	1.14506	1.14726	347348	4"
"2019-01-15 00:00:00	1.14727	1.14896	1.13819	1.14141	427904	4"
"2019-01-16 00:00:00	1.1414	1.14248	1.13777	1.13994	373040	5"
"2019-01-17 00:00:00	1.13994	1.14059	1.137	1.1392	380926	5"
"2019-01-18 00:00:00	1.1392	1.14103	1.13532	1.13614	383224	5"
"2019-01-20 00:00:00	1.13603	1.1368	1.13602	1.1365	7086	27"
"2019-01-21 00:00:00	1.13651	1.1391	1.13567	1.13688	237398	3"
"2019-01-22 00:00:00	1.13687	1.13739	1.13361	1.13633	365946	4"
"2019-01-23 00:00:00	1.13634	1.13942	1.13505	1.13861	378525	5"
"2019-01-24 00:00:00	1.13861	1.13913	1.12892	1.13126	436800	4"
"2019-01-25 00:00:00	1.13127	1.14176	1.13049	1.14032	421714	3"
"2019-01-27 00:00:00	1.14005	1.14134	1.14004	1.14127	7594	36"
"2019-01-28 00:00:00	1.14127	1.14436	1.139	1.14294	354885	3"
"2019-01-29 00:00:00	1.14295	1.14501	1.14111	1.14348	424908	4"
"2019-01-30 00:00:00	1.14348	1.15016	1.14062	1.14853	431868	4"
"2019-01-31 00:00:00	1.14852	1.15141	1.14356	1.14482	477111	4"
"2019-02-01 00:00:00	1.14482	1.14884	1.14343	1.14547	398202	4"
"2019-02-03 00:00:00	1.14503	1.14581	1.14503	1.14543	6498	30"
"2019-02-04 00:00:00	1.14543	1.14603	1.14244	1.14349	367156	4"
"2019-02-05 00:00:00	1.14348	1.14404	1.14011	1.14087	331756	4"
"2019-02-06 00:00:00	1.14087	1.14091	1.13608	1.13656	350182	4"
"2019-02-07 00:00:00	1.13655	1.13675	1.13244	1.13382	375741	4"
"2019-02-08 00:00:00	1.13382	1.13508	1.13207	1.13207	330720	3"
"2019-02-10 00:00:00	1.13186	1.13248	1.13148	1.13237	8478	23"
"2019-02-11 00:00:00	1.13239	1.13298	1.12672	1.12785	378817	4"
"2019-02-12 00:00:00	1.12785	1.13396	1.12577	1.13336	404115	4"
"2019-02-13 00:00:00	1.13336	1.13414	1.1249	1.12646	380529	3"
"2019-02-14 00:00:00	1.12646	1.13098	1.12498	1.12947	416704	3"
"2019-02-15 00:00:00	1.12946	1.13061	1.1234	1.12925	428512	4"
"2019-02-17 00:00:00	1.12906	1.12959	1.12889	1.12948	8067	38"
"2019-02-18 00:00:00	1.12948	1.13338	1.12937	1.13114	264438	3"
"2019-02-19 00:00:00	1.13115	1.13574	1.12755	1.13399	408635	3"
"2019-02-20 00:00:00	1.13399	1.13711	1.13249	1.13461	393149	3"
"2019-02-21 00:00:00	1.13461	1.13663	1.13202	1.13398	444397	4"
"2019-02-22 00:00:00	1.13399	1.13556	1.13161	1.13319	385486	4"
"2019-02-24 00:00:00	1.1334	1.13421	1.13281	1.1342	10793	41"
"2019-02-25 00:00:00	1.13421	1.13675	1.13367	1.13647	368445	4"
"2019-02-26 00:00:00	1.13647	1.14027	1.1345	1.1393	417615	3"
"2019-02-27 00:00:00	1.13931	1.14036	1.13622	1.13795	422989	3"
"2019-02-28 00:00:00	1.13796	1.14197	1.13595	1.1373	457614	4"
"2019-03-01 00:00:00	1.13731	1.14085	1.13533	1.13633	405545	4"
"2019-03-03 00:00:00	1.13811	1.13826	1.13722	1.13749	10696	17"
"2019-03-04 00:00:00	1.13749	1.1375	1.1309	1.13362	406409	4"
"2019-03-05 00:00:00	1.13363	1.13384	1.12895	1.1306	394709	3"
"2019-03-06 00:00:00	1.13059	1.13245	1.12855	1.13129	322856	3"
"2019-03-07 00:00:00	1.1313	1.13202	1.11764	1.1198	390842	4"
"2019-03-08 00:00:00	1.1198	1.12461	1.11852	1.12311	374347	3"
"2019-03-10 00:00:00	1.12316	1.12374	1.12304	1.12315	7760	49"
"2019-03-11 00:00:00	1.12315	1.12738	1.12217	1.12591	323934	3"
"2019-03-12 00:00:00	1.1259	1.13049	1.12492	1.12865	320876	3"
"2019-03-13 00:00:00	1.12864	1.13385	1.12773	1.13303	305049	4"
"2019-03-14 00:00:00	1.13304	1.13361	1.1294	1.13064	328509	3"
"2019-03-15 00:00:00	1.13066	1.13443	1.13	1.1324	289453	3"
"2019-03-17 00:00:00	1.13201	1.13277	1.13189	1.13192	6327	47"
"2019-03-18 00:00:00	1.13193	1.13589	1.13192	1.1336	256618	4"
"2019-03-19 00:00:00	1.1336	1.13615	1.13336	1.13542	272305	3"
"2019-03-20 00:00:00	1.13543	1.1448	1.13354	1.14284	367702	4"
"2019-03-21 00:00:00	1.14282	1.14373	1.13425	1.13737	355416	4"
"2019-03-22 00:00:00	1.13737	1.13905	1.12732	1.13004	402371	4"
"2019-03-24 00:00:00	1.12892	1.13011	1.12883	1.12955	8396	68"
"2019-03-25 00:00:00	1.12956	1.13314	1.12889	1.13151	341808	3"
"2019-03-26 00:00:00	1.13152	1.13259	1.12632	1.12738	336536	3"
"2019-03-27 00:00:00	1.12737	1.12855	1.12421	1.12521	422553	5"
"2019-03-28 00:00:00	1.12518	1.12612	1.12135	1.12298	426460	3"
"2019-03-29 00:00:00	1.12297	1.12466	1.12098	1.12179	424274	4"
"2019-03-31 00:00:00	1.12254	1.12312	1.12199	1.12231	10788	77"
"2019-04-01 00:00:00	1.12231	1.12498	1.11984	1.12049	414217	4"
"2019-04-02 00:00:00	1.12049	1.1216	1.11836	1.12032	437694	4"
"2019-04-03 00:00:00	1.12032	1.12547	1.12019	1.12446	464945	4"
"2019-04-04 00:00:00	1.12447	1.12475	1.12059	1.12222	382604	3"
"2019-04-05 00:00:00	1.12222	1.12472	1.12099	1.12142	331663	3"
"2019-04-07 00:00:00	1.12138	1.12213	1.12118	1.12181	7697	67"
"2019-04-08 00:00:00	1.12181	1.12744	1.12148	1.12555	386554	4"
"2019-04-09 00:00:00	1.12557	1.12842	1.12554	1.12655	384041	3"
"2019-04-10 00:00:00	1.12654	1.12876	1.12294	1.12758	433110	4"
"2019-04-11 00:00:00	1.12759	1.12873	1.12498	1.12601	382606	3"
"2019-04-12 00:00:00	1.12602	1.13239	1.12572	1.12976	401670	3"
"2019-04-14 00:00:00	1.13035	1.13072	1.12991	1.13028	10422	35"
"2019-04-15 00:00:00	1.13029	1.13209	1.12975	1.13043	376600	2"
"2019-04-16 00:00:00	1.13044	1.13139	1.12788	1.12845	478236	3"
"2019-04-17 00:00:00	1.12845	1.13237	1.12813	1.12965	394235	4"
"2019-04-18 00:00:00	1.12964	1.13039	1.12261	1.12349	411986	3"
"2019-04-19 00:00:00	1.12349	1.12476	1.12323	1.12408	106173	4"
"2019-04-21 00:00:00	1.12408	1.12452	1.12373	1.1244	6039	88"
"2019-04-22 00:00:00	1.1244	1.1262	1.12357	1.12584	184848	4"
"2019-04-23 00:00:00	1.12585	1.12612	1.11921	1.12237	366800	3"
"2019-04-24 00:00:00	1.12239	1.12241	1.11406	1.11533	396102	3"
"2019-04-25 00:00:00	1.11534	1.11623	1.11178	1.11353	346841	3"
"2019-04-26 00:00:00	1.11353	1.11739	1.11111	1.11429	341314	4"
"2019-04-28 00:00:00	1.11441	1.11516	1.11441	1.11494	8092	45"
"2019-04-29 00:00:00	1.11494	1.11869	1.1145	1.11848	285598	3"
"2019-04-30 00:00:00	1.11847	1.1229	1.11757	1.12157	320030	4"
"2019-05-01 00:00:00	1.12157	1.12647	1.1187	1.12024	243794	2"
"2019-05-02 00:00:00	1.12023	1.1219	1.11707	1.11729	302634	4"
"2019-05-03 00:00:00	1.11728	1.12047	1.1135	1.12007	332896	4"
"2019-05-05 00:00:00	1.11799	1.12003	1.11672	1.11846	20420	60"
"2019-05-06 00:00:00	1.11846	1.12092	1.1179	1.1201	307480	3"
"2019-05-07 00:00:00	1.12011	1.12178	1.11666	1.11895	342116	4"
"2019-05-08 00:00:00	1.11893	1.12136	1.11827	1.11977	370023	4"
"2019-05-09 00:00:00	1.11977	1.12509	1.11734	1.12184	410144	4"
"2019-05-10 00:00:00	1.12185	1.12536	1.12177	1.12329	366672	3"
"2019-05-12 00:00:00	1.1232	1.12408	1.12299	1.12357	10571	60"
"2019-05-13 00:00:00	1.12358	1.12635	1.12191	1.1232	330198	3"
"2019-05-14 00:00:00	1.1232	1.12439	1.12011	1.12032	312735	3"
"2019-05-15 00:00:00	1.12031	1.12245	1.11779	1.12068	344244	3"
"2019-05-16 00:00:00	1.12069	1.12238	1.11662	1.11731	330365	3"
"2019-05-17 00:00:00	1.1173	1.11841	1.11551	1.11563	348245	3"
"2019-05-19 00:00:00	1.11598	1.11666	1.11598	1.11646	9338	12"
"2019-05-20 00:00:00	1.11646	1.11748	1.11506	1.11673	305005	3"
"2019-05-21 00:00:00	1.11673	1.1188	1.11419	1.11643	332998	2"
"2019-05-22 00:00:00	1.11643	1.11802	1.11485	1.11552	286020	3"
"2019-05-23 00:00:00	1.11553	1.11875	1.1107	1.11841	368213	3"
"2019-05-24 00:00:00	1.11841	1.12121	1.11771	1.12043	308643	3"
"2019-05-26 00:00:00	1.12068	1.12068	1.12068	1.12068	3	2"
"2019-05-27 00:00:00	1.12067	1.12151	1.11869	1.11934	192211	3"
"2019-05-28 00:00:00	1.11933	1.11983	1.11592	1.11681	306195	3"
"2019-05-29 00:00:00	1.11682	1.11724	1.11243	1.11366	354136	3"
"2019-05-30 00:00:00	1.11365	1.11433	1.1116	1.11295	300560	4"
"2019-05-31 00:00:00	1.11295	1.11797	1.11251	1.11678	412706	2"
"2019-06-02 00:00:00	1.11607	1.11741	1.11607	1.11736	11259	74"
"2019-06-03 00:00:00	1.11736	1.12619	1.11601	1.12457	373771	3"
"2019-06-04 00:00:00	1.12458	1.12774	1.12267	1.12536	410686	3"
"2019-06-05 00:00:00	1.12535	1.13065	1.122	1.12286	399171	3"
"2019-06-06 00:00:00	1.12286	1.1309	1.12008	1.12755	363158	3"
"2019-06-07 00:00:00	1.12756	1.13477	1.12512	1.13334	347009	4"
"2019-06-09 00:00:00	1.1322	1.13308	1.13143	1.1319	10595	20"
"2019-06-10 00:00:00	1.1319	1.13243	1.12902	1.13179	319887	3"
"2019-06-11 00:00:00	1.13179	1.13374	1.13013	1.13295	358237	4"
"2019-06-12 00:00:00	1.13295	1.13434	1.12824	1.12924	374899	3"
"2019-06-13 00:00:00	1.12924	1.13037	1.12683	1.12795	353184	3"
"2019-06-14 00:00:00	1.12794	1.12891	1.12024	1.1205	344528	2"
"2019-06-16 00:00:00	1.12089	1.12172	1.12088	1.12155	9786	31"
"2019-06-17 00:00:00	1.12155	1.1247	1.12037	1.12242	244338	3"
"2019-06-18 00:00:00	1.12244	1.12428	1.11813	1.11978	389088	3"
"2019-06-19 00:00:00	1.11978	1.12542	1.11871	1.12357	323584	3"
"2019-06-20 00:00:00	1.12357	1.13173	1.12351	1.12943	428188	3"
"2019-06-21 00:00:00	1.12943	1.13777	1.1283	1.13679	407205	4"
"2019-06-23 00:00:00	1.13695	1.13852	1.13662	1.1385	12484	34"
"2019-06-24 00:00:00	1.1385	1.14039	1.13725	1.13991	295614	3"
"2019-06-25 00:00:00	1.13993	1.14119	1.13442	1.13681	392509	3"
"2019-06-26 00:00:00	1.1368	1.13913	1.13474	1.13735	341504	3"
"2019-06-27 00:00:00	1.13734	1.13814	1.13477	1.13711	305258	4"
"2019-06-28 00:00:00	1.13711	1.13933	1.13506	1.13681	276355	3"
"2019-06-30 00:00:00	1.13595	1.1371	1.13581	1.13601	12059	12"
"2019-07-01 00:00:00	1.13601	1.1364	1.12801	1.12868	303821	3"
"2019-07-02 00:00:00	1.12868	1.13215	1.12751	1.12904	265705	3"
"2019-07-03 00:00:00	1.12904	1.13123	1.12686	1.12873	261461	4"
"2019-07-04 00:00:00	1.12873	1.12951	1.12731	1.12853	139732	3"
"2019-07-05 00:00:00	1.12853	1.1286	1.12073	1.12235	258057	3"
"2019-07-07 00:00:00	1.12215	1.12291	1.12215	1.12267	8230	51"
"2019-07-08 00:00:00	1.12267	1.12344	1.12069	1.12151	213393	3"
"2019-07-09 00:00:00	1.1215	1.12187	1.11933	1.12043	215621	3"
"2019-07-10 00:00:00	1.12043	1.12643	1.12018	1.12583	278495	3"
"2019-07-11 00:00:00	1.12585	1.12857	1.12451	1.12498	283376	3"
"2019-07-12 00:00:00	1.12498	1.12748	1.12381	1.12698	253360	3"
"2019-07-14 00:00:00	1.12666	1.12744	1.12626	1.1271	7059	67"
"2019-07-15 00:00:00	1.12711	1.12838	1.12532	1.12597	213583	3"
"2019-07-16 00:00:00	1.12598	1.12634	1.12018	1.12116	259576	3"
"2019-07-17 00:00:00	1.12117	1.12335	1.11997	1.12273	224763	3"
"2019-07-18 00:00:00	1.12273	1.1282	1.12051	1.1261	316729	3"
"2019-07-19 00:00:00	1.12608	1.12683	1.12033	1.12192	282447	3"
"2019-07-21 00:00:00	1.1215	1.12197	1.1214	1.12175	9741	24"
"2019-07-22 00:00:00	1.12175	1.12253	1.12037	1.12042	227141	3"
"2019-07-23 00:00:00	1.12042	1.1208	1.11457	1.11508	268183	3"
"2019-07-24 00:00:00	1.11508	1.11558	1.11269	1.11419	271754	3"
"2019-07-25 00:00:00	1.1142	1.11877	1.11013	1.11448	359881	3"
"2019-07-26 00:00:00	1.11447	1.11509	1.1112	1.11247	260347	3"
"2019-07-28 00:00:00	1.11246	1.11325	1.11223	1.11295	5742	20"
"2019-07-29 00:00:00	1.11295	1.11509	1.11128	1.11423	232853	3"
"2019-07-30 00:00:00	1.11424	1.1161	1.11321	1.11568	277033	3"
"2019-07-31 00:00:00	1.11568	1.1162	1.106	1.10715	355206	3"
"2019-08-01 00:00:00	1.10715	1.10958	1.10268	1.10788	467632	3"
"2019-08-02 00:00:00	1.10789	1.11164	1.10696	1.11057	464098	4"
"2019-08-04 00:00:00	1.11042	1.11138	1.11033	1.11075	12836	41"
"2019-08-05 00:00:00	1.11079	1.12453	1.11064	1.12418	476038	4"
"2019-08-06 00:00:00	1.12418	1.12497	1.11675	1.12054	417947	4"
"2019-08-07 00:00:00	1.12053	1.12417	1.11791	1.12039	451358	3"
"2019-08-08 00:00:00	1.12038	1.12323	1.11769	1.11861	340922	3"
"2019-08-09 00:00:00	1.11861	1.12229	1.11833	1.11969	284953	4"
"2019-08-11 00:00:00	1.11978	1.1208	1.11967	1.12073	7076	21"
"2019-08-12 00:00:00	1.12074	1.12306	1.11619	1.12162	319327	3"
"2019-08-13 00:00:00	1.12162	1.12285	1.11698	1.11764	377050	3"
"2019-08-14 00:00:00	1.11764	1.11908	1.11305	1.11428	345277	3"
"2019-08-15 00:00:00	1.11428	1.11583	1.10913	1.11103	416603	5"
"2019-08-16 00:00:00	1.11105	1.11113	1.10662	1.10899	239910	4"
"2019-08-18 00:00:00	1.10925	1.1101	1.10895	1.10919	7225	19"
"2019-08-19 00:00:00	1.10918	1.11137	1.1076	1.10814	198718	4"
"2019-08-20 00:00:00	1.10816	1.11066	1.10655	1.10972	202918	4"
"2019-08-21 00:00:00	1.1097	1.1107	1.10804	1.10901	170943	4"
"2019-08-22 00:00:00	1.10903	1.1113	1.10635	1.10836	215740	4"
"2019-08-23 00:00:00	1.10835	1.11532	1.10516	1.1136	234783	4"
"2019-08-25 00:00:00	1.11507	1.11639	1.11393	1.11433	15735	23"
"2019-08-26 00:00:00	1.11433	1.11529	1.10942	1.11013	276133	4"
"2019-08-27 00:00:00	1.11012	1.11159	1.10855	1.10893	211955	4"
"2019-08-28 00:00:00	1.10894	1.10978	1.10733	1.10855	211330	4"
"2019-08-29 00:00:00	1.10856	1.1093	1.10419	1.10589	208777	4"
"2019-08-30 00:00:00	1.10589	1.10599	1.09632	1.0988	165281	4"
"2019-09-01 00:00:00	1.09893	1.09962	1.09831	1.09904	3348	4"
"2019-09-02 00:00:00	1.09903	1.09931	1.0958	1.09641	46422	3"
"2019-09-03 00:00:00	1.09641	1.09786	1.0926	1.09725	134829	4"
"2019-09-04 00:00:00	1.09725	1.10383	1.09715	1.10347	161292	3"
"2019-09-05 00:00:00	1.10346	1.10847	1.10166	1.1034	173379	4"
"2019-09-06 00:00:00	1.1034	1.10572	1.10201	1.1025	155142	3"
"2019-09-08 00:00:00	1.1026	1.10275	1.10195	1.10201	3742	20"
"2019-09-09 00:00:00	1.10202	1.1068	1.10153	1.10469	134509	4"
"2019-09-10 00:00:00	1.10469	1.10595	1.10305	1.10501	131831	3"
"2019-09-11 00:00:00	1.10501	1.10555	1.09851	1.10135	127685	3"
"2019-09-12 00:00:00	1.10134	1.10871	1.09268	1.10561	201754	4"
"2019-09-13 00:00:00	1.1056	1.11094	1.1056	1.10707	159532	4"
"2019-09-15 00:00:00	1.10732	1.10863	1.10695	1.10831	5492	17"
"2019-09-16 00:00:00	1.10831	1.10843	1.09932	1.10031	142914	3"
"2019-09-17 00:00:00	1.1003	1.10755	1.09901	1.10736	170451	4"
"2019-09-18 00:00:00	1.10737	1.10746	1.10136	1.10291	157380	3"
"2019-09-19 00:00:00	1.10291	1.10735	1.10229	1.10446	198744	4"
"2019-09-20 00:00:00	1.10444	1.10676	1.09961	1.10169	173528	3"
"2019-09-22 00:00:00	1.10136	1.10197	1.10106	1.10185	4664	42"
"2019-09-23 00:00:00	1.10185	1.10253	1.09661	1.09939	178417	4"
"2019-09-24 00:00:00	1.09938	1.1024	1.09837	1.10135	183276	4"
"2019-09-25 00:00:00	1.10134	1.10168	1.09374	1.09511	196610	4"
"2019-09-26 00:00:00	1.09511	1.09672	1.09087	1.09222	191181	4"
"2019-09-27 00:00:00	1.09223	1.09586	1.09046	1.09367	176760	4"
"2019-09-29 00:00:00	1.09419	1.09461	1.09391	1.09422	3957	18"
"2019-09-30 00:00:00	1.09421	1.09478	1.08847	1.08993	175530	4"
"2019-10-01 00:00:00	1.08992	1.09428	1.0879	1.09339	214511	4"
"2019-10-02 00:00:00	1.0934	1.09636	1.0904	1.09605	200602	3"
"2019-10-03 00:00:00	1.09604	1.09992	1.09408	1.09744	219931	3"
"2019-10-04 00:00:00	1.09745	1.0999	1.0957	1.0976	184200	3"
"2019-10-06 00:00:00	1.09803	1.09838	1.09728	1.09832	4588	40"
"2019-10-07 00:00:00	1.09832	1.10004	1.09619	1.09715	167550	4"
"2019-10-08 00:00:00	1.09716	1.09958	1.09409	1.09597	217162	3"
"2019-10-09 00:00:00	1.09597	1.099	1.09548	1.09842	185452	4"
"2019-10-10 00:00:00	1.09841	1.10337	1.09797	1.10106	230083	3"
"2019-10-11 00:00:00	1.10105	1.10626	1.10007	1.10329	245435	4"
"2019-10-13 00:00:00	1.10316	1.10385	1.1025	1.10282	6679	52"
"2019-10-14 00:00:00	1.10281	1.10426	1.10128	1.10259	155447	4"
"2019-10-15 00:00:00	1.10258	1.10459	1.09912	1.10344	223317	4"
"2019-10-16 00:00:00	1.10344	1.10855	1.10223	1.10737	232692	3"
"2019-10-17 00:00:00	1.10738	1.11398	1.1065	1.11244	223616	3"
"2019-10-18 00:00:00	1.11245	1.11719	1.11145	1.11703	140626	4"
"2019-10-20 00:00:00	1.11607	1.11634	1.11494	1.11558	6314	22"
"2019-10-21 00:00:00	1.11559	1.11793	1.11386	1.11515	124243	3"
"2019-10-22 00:00:00	1.11517	1.11568	1.11176	1.11289	125256	3"
"2019-10-23 00:00:00	1.11288	1.11405	1.11061	1.11322	112984	2"
"2019-10-24 00:00:00	1.11322	1.11627	1.1093	1.11034	149020	2"
"2019-10-25 00:00:00	1.11035	1.11229	1.10729	1.1079	100753	3"
"2019-10-27 00:00:00	1.108	1.1084	1.10774	1.10839	3109	17"
"2019-10-28 00:00:00	1.10839	1.11065	1.1076	1.10982	106339	3"
"2019-10-29 00:00:00	1.10982	1.11183	1.10735	1.1112	122578	3"
"2019-10-30 00:00:00	1.11119	1.11554	1.10801	1.11521	137744	3"
"2019-10-31 00:00:00	1.11521	1.11755	1.11314	1.11561	149065	3"
"2019-11-01 00:00:00	1.11559	1.11718	1.11281	1.11641	126854	3"
"2019-11-03 00:00:00	1.11684	1.11696	1.11639	1.11661	1651	18"
"2019-11-04 00:00:00	1.1166	1.11753	1.11218	1.11279	109789	2"
"2019-11-05 00:00:00	1.11279	1.11401	1.10635	1.10738	152024	2"
"2019-11-06 00:00:00	1.10739	1.10928	1.10651	1.107	124115	4"
"2019-11-07 00:00:00	1.10699	1.10914	1.1036	1.10523	155085	3"
"2019-11-08 00:00:00	1.10524	1.10554	1.10167	1.10176	116889	3"
"2019-11-10 00:00:00	1.1023	1.10231	1.10191	1.10218	1365	20"
"2019-11-11 00:00:00	1.10217	1.1043	1.10163	1.10347	86703	3"
"2019-11-12 00:00:00	1.10347	1.10385	1.10025	1.1012	120038	3"
"2019-11-13 00:00:00	1.1012	1.10203	1.09953	1.10096	121190	3"
"2019-11-14 00:00:00	1.10096	1.10274	1.0989	1.10197	116541	3"
"2019-11-15 00:00:00	1.10198	1.10569	1.10145	1.10494	109548	2"
"2019-11-17 00:00:00	1.10489	1.10545	1.10487	1.10539	3893	23"
"2019-11-18 00:00:00	1.1054	1.10899	1.10533	1.10722	112908	2"
"2019-11-19 00:00:00	1.10721	1.10839	1.10626	1.10779	109982	2"
"2019-11-20 00:00:00	1.10781	1.10813	1.1053	1.10779	129500	2"
"2019-11-21 00:00:00	1.10779	1.10969	1.10522	1.10656	126595	3"
"2019-11-22 00:00:00	1.10657	1.10872	1.10143	1.10179	176390	2"
"2019-11-24 00:00:00	1.1017	1.10225	1.10162	1.10225	3679	16"
"2019-11-25 00:00:00	1.10225	1.10321	1.10035	1.10104	115087	2"
"2019-11-26 00:00:00	1.10105	1.10256	1.10071	1.1022	111065	3"
"2019-11-27 00:00:00	1.1022	1.10222	1.09922	1.10048	117368	3"
"2019-11-28 00:00:00	1.10049	1.10179	1.10003	1.10113	74298	2"
"2019-11-29 00:00:00	1.10113	1.10282	1.09811	1.1015	101430	3"
"2019-12-01 00:00:00	1.10229	1.10269	1.1017	1.10182	2967	11"
"2019-12-02 00:00:00	1.10182	1.10907	1.10029	1.10761	132807	2"
"2019-12-03 00:00:00	1.1076	1.10934	1.1066	1.10818	129712	2"
"2019-12-04 00:00:00	1.10819	1.11161	1.10666	1.10827	151501	2"
"2019-12-05 00:00:00	1.10824	1.1108	1.10793	1.11038	123805	3"
"2019-12-06 00:00:00	1.11039	1.11097	1.10398	1.10543	120864	3"
"2019-12-08 00:00:00	1.1058	1.10604	1.10562	1.10582	1992	13"
"2019-12-09 00:00:00	1.10581	1.10779	1.10533	1.10643	109033	2"
"2019-12-10 00:00:00	1.10642	1.10977	1.10628	1.10923	129526	2"
"2019-12-11 00:00:00	1.10923	1.11448	1.10701	1.11325	144934	2"
"2019-12-12 00:00:00	1.11326	1.11995	1.11029	1.11833	192601	3"
"2019-12-13 00:00:00	1.11833	1.1186	1.1112	1.11174	211782	3"
"2019-12-15 00:00:00	1.1128	1.11309	1.11225	1.11242	4383	22"
"2019-12-16 00:00:00	1.11241	1.11581	1.11229	1.11355	151076	3"
"2019-12-17 00:00:00	1.11355	1.11746	1.11293	1.11514	151625	3"
"2019-12-18 00:00:00	1.11512	1.11512	1.11105	1.11154	146606	2"
"2019-12-19 00:00:00	1.11154	1.11442	1.11072	1.11231	157725	3"
"2019-12-20 00:00:00	1.11231	1.11236	1.10662	1.10769	130723	3"
"2019-12-22 00:00:00	1.1081	1.10813	1.10766	1.10802	2563	22"
"2019-12-23 00:00:00	1.10801	1.10958	1.10699	1.10917	108283	3"
"2019-12-24 00:00:00	1.10918	1.10938	1.1069	1.10873	80980	4"
"2019-12-25 00:00:00	1.10873	1.10953	1.1073	1.10944	4957	10"
"2019-12-26 00:00:00	1.10944	1.11088	1.10821	1.11012	52512	4"
"2019-12-27 00:00:00	1.11013	1.11883	1.10987	1.11713	124593	3"
"2019-12-29 00:00:00	1.11736	1.11839	1.11718	1.11813	3220	72"
"2019-12-30 00:00:00	1.11812	1.12207	1.11806	1.12013	130776	2"
"2019-12-31 00:00:00	1.12013	1.12391	1.11987	1.12076	107774	2"
"2020-01-01 00:00:00	1.12106	1.12218	1.12106	1.12188	2622	46"
"2020-01-02 00:00:00	1.12188	1.12245	1.11635	1.11708	487248	3"
"2020-01-03 00:00:00	1.11707	1.11798	1.11249	1.11548	177422	3"
"2020-01-05 00:00:00	1.11656	1.11677	1.11589	1.11604	4401	35"
"2020-01-06 00:00:00	1.11603	1.12055	1.11571	1.11954	139986	3"
"2020-01-07 00:00:00	1.11953	1.1197	1.11335	1.1154	155625	3"
"2020-01-08 00:00:00	1.11539	1.11682	1.11016	1.11129	195248	3"
"2020-01-09 00:00:00	1.1113	1.11204	1.10924	1.11093	142847	3"
"2020-01-10 00:00:00	1.11092	1.11291	1.1085	1.11165	126777	3"
"2020-01-12 00:00:00	1.11141	1.11209	1.11128	1.11161	1899	22"
"2020-01-13 00:00:00	1.11161	1.11469	1.11125	1.11344	121444	3"
"2020-01-14 00:00:00	1.11344	1.11444	1.11045	1.11275	137190	3"
"2020-01-15 00:00:00	1.11276	1.11634	1.11185	1.11524	149735	3"
"2020-01-16 00:00:00	1.11524	1.11727	1.11279	1.11368	132792	3"
"2020-01-17 00:00:00	1.11368	1.11425	1.10862	1.1089	123860	3"
"2020-01-19 00:00:00	1.1091	1.10948	1.10889	1.10946	3280	27"
"2020-01-20 00:00:00	1.10946	1.11023	1.10766	1.10962	97617	2"
"2020-01-21 00:00:00	1.10963	1.11179	1.10809	1.10851	133297	2"
"2020-01-22 00:00:00	1.10851	1.10984	1.107	1.10957	134184	3"
"2020-01-23 00:00:00	1.10956	1.11087	1.10362	1.10554	170435	3"
"2020-01-24 00:00:00	1.10554	1.10617	1.10195	1.10224	123754	3"
"2020-01-26 00:00:00	1.10318	1.10343	1.10244	1.10245	10940	21"
"2020-01-27 00:00:00	1.10245	1.10375	1.10096	1.10193	126592	3"
"2020-01-28 00:00:00	1.10193	1.10252	1.09978	1.1022	122880	3"
"2020-01-29 00:00:00	1.1022	1.10276	1.09923	1.10138	122836	3"
"2020-01-30 00:00:00	1.10138	1.10393	1.10069	1.10285	143395	2"
"2020-01-31 00:00:00	1.10285	1.10954	1.10168	1.10944	141189	3"
"2020-02-02 00:00:00	1.10939	1.10939	1.10813	1.1089	4191	18"
"2020-02-03 00:00:00	1.1089	1.1089	1.10356	1.10623	134301	3"
"2020-02-04 00:00:00	1.10623	1.10641	1.10328	1.10446	113722	4"
"2020-02-05 00:00:00	1.10449	1.10479	1.09937	1.10003	122284	3"
"2020-02-06 00:00:00	1.10003	1.10138	1.09644	1.09806	102188	3"
"2020-02-07 00:00:00	1.09809	1.09849	1.09419	1.09438	130379	3"
"2020-02-09 00:00:00	1.09439	1.09507	1.09419	1.09491	3796	38"
"2020-02-10 00:00:00	1.09491	1.09574	1.09076	1.09101	103269	3"
"2020-02-11 00:00:00	1.09103	1.09248	1.08913	1.09189	96233	3"
"2020-02-12 00:00:00	1.09187	1.09255	1.08654	1.08756	252638	6"
"2020-02-13 00:00:00	1.08755	1.08887	1.0834	1.08413	336731	3"
"2020-02-14 00:00:00	1.08415	1.08611	1.08271	1.08299	118361	2"
"2020-02-16 00:00:00	1.08406	1.08416	1.08355	1.08411	3470	18"
"2020-02-17 00:00:00	1.08411	1.08509	1.08291	1.08366	74839	3"
"2020-02-18 00:00:00	1.08365	1.08372	1.07854	1.07949	131588	3"
"2020-02-19 00:00:00	1.07949	1.08115	1.07822	1.08096	105176	3"
"2020-02-20 00:00:00	1.08095	1.08211	1.07778	1.07875	154026	4"
"2020-02-21 00:00:00	1.07875	1.08635	1.07871	1.08456	187654	3"
"2020-02-23 00:00:00	1.08145	1.08419	1.08132	1.08384	7695	34"
"2020-02-24 00:00:00	1.08385	1.0872	1.0805	1.08485	174358	4"
"2020-02-25 00:00:00	1.08485	1.08902	1.083	1.08797	183233	3"
"2020-02-26 00:00:00	1.08796	1.09086	1.08549	1.08864	188227	3"
"2020-02-27 00:00:00	1.08865	1.10064	1.08848	1.09963	216936	3"
"2020-02-28 00:00:00	1.09964	1.1053	1.09509	1.10251	247663	3"
"2020-03-01 00:00:00	1.10423	1.10739	1.10393	1.10515	7533	43"
"2020-03-02 00:00:00	1.10516	1.11845	1.10362	1.11443	247038	3"
"2020-03-03 00:00:00	1.11443	1.12134	1.10953	1.11765	214831	4"
"2020-03-04 00:00:00	1.11765	1.11875	1.10955	1.1138	163862	3"
"2020-03-05 00:00:00	1.11382	1.12447	1.11195	1.12224	194629	4"
"2020-03-06 00:00:00	1.12224	1.13546	1.12112	1.12804	236547	3"
"2020-03-08 00:00:00	1.13473	1.13963	1.1335	1.13876	17978	64"
"2020-03-09 00:00:00	1.13876	1.14954	1.13559	1.13989	291484	4"
"2020-03-10 00:00:00	1.13989	1.14251	1.12749	1.13136	263081	6"
"2020-03-11 00:00:00	1.13136	1.13667	1.12501	1.12611	198271	6"
"2020-03-12 00:00:00	1.12612	1.13336	1.1055	1.11823	262653	6"
"2020-03-13 00:00:00	1.11822	1.12213	1.1055	1.10992	229628	7"
"2020-03-15 00:00:00	1.10705	1.11996	1.10705	1.1156	30728	44"
"2020-03-16 00:00:00	1.1156	1.12366	1.10849	1.11633	278546	21"
"2020-03-17 00:00:00	1.11632	1.11891	1.0955	1.1016	277098	4"
"2020-03-18 00:00:00	1.10161	1.10451	1.08016	1.09442	323485	8"
"2020-03-19 00:00:00	1.09442	1.0949	1.06542	1.06544	299830	10"
"2020-03-20 00:00:00	1.06543	1.08309	1.06375	1.06929	470361	9"
"2020-03-22 00:00:00	1.07011	1.07044	1.06357	1.06886	36038	68"
"2020-03-23 00:00:00	1.06886	1.08279	1.06577	1.07635	443006	10"
"2020-03-24 00:00:00	1.07633	1.08879	1.07457	1.07977	343207	7"
"2020-03-25 00:00:00	1.07978	1.08938	1.07599	1.08884	296534	7"
"2020-03-26 00:00:00	1.08882	1.10589	1.08742	1.10475	281332	5"
"2020-03-27 00:00:00	1.10475	1.11473	1.09533	1.11379	250789	7"
"2020-03-29 00:00:00	1.11172	1.1144	1.11049	1.11361	8315	77"
"2020-03-30 00:00:00	1.11361	1.11383	1.101	1.1029	193351	6"
"2020-03-31 00:00:00	1.10289	1.10427	1.09265	1.10259	319590	7"
"2020-04-01 00:00:00	1.1026	1.10361	1.09026	1.09513	272227	7"
"2020-04-02 00:00:00	1.09514	1.09644	1.08206	1.0846	293229	5"
"2020-04-03 00:00:00	1.08459	1.08553	1.07727	1.07955	264084	5"
"2020-04-05 00:00:00	1.08082	1.08214	1.08026	1.08053	23176	70"
"2020-04-06 00:00:00	1.08053	1.08354	1.07683	1.07988	274569	6"
"2020-04-07 00:00:00	1.07988	1.09263	1.07904	1.08935	281130	4"
"2020-04-08 00:00:00	1.08934	1.08969	1.08299	1.08599	231755	4"
"2020-04-09 00:00:00	1.08598	1.09516	1.08409	1.09226	263070	4"
"2020-04-10 00:00:00	1.09226	1.09524	1.09192	1.09326	143888	12"
"2020-04-12 00:00:00	1.09482	1.09482	1.09304	1.09315	7195	20"
"2020-04-13 00:00:00	1.09314	1.09678	1.08926	1.09198	164640	3"
"2020-04-14 00:00:00	1.09197	1.09907	1.09149	1.09834	226866	2"
"2020-04-15 00:00:00	1.09832	1.09872	1.08564	1.09037	241946	3"
"2020-04-16 00:00:00	1.09036	1.09072	1.08166	1.08584	281483	4"
"2020-04-17 00:00:00	1.08588	1.08926	1.08119	1.08711	249750	5"
"2020-04-19 00:00:00	1.08748	1.08777	1.08634	1.08635	7591	16"
"2020-04-20 00:00:00	1.08635	1.08967	1.08411	1.08637	209670	4"
"2020-04-21 00:00:00	1.08636	1.08802	1.08165	1.08563	265128	4"
"2020-04-22 00:00:00	1.08563	1.08852	1.08032	1.08062	216291	3"
"2020-04-23 00:00:00	1.08062	1.08466	1.0756	1.07743	280009	3"
"2020-04-24 00:00:00	1.07743	1.08294	1.07271	1.08196	228547	3"
"2020-04-26 00:00:00	1.08211	1.08228	1.08146	1.08209	5396	26"
"2020-04-27 00:00:00	1.08208	1.08602	1.08112	1.08245	208274	3"
"2020-04-28 00:00:00	1.08244	1.08884	1.08097	1.08324	211884	3"
"2020-04-29 00:00:00	1.08324	1.08856	1.08308	1.08772	215395	3"
"2020-04-30 00:00:00	1.0877	1.09726	1.0833	1.09448	291710	3"
"2020-05-01 00:00:00	1.09447	1.10187	1.09344	1.09777	184970	4"
"2020-05-03 00:00:00	1.09676	1.09736	1.09529	1.09608	10653	63"
"2020-05-04 00:00:00	1.09608	1.09609	1.08956	1.0903	214135	3"
"2020-05-05 00:00:00	1.09031	1.09258	1.08258	1.08384	236421	4"
"2020-05-06 00:00:00	1.08385	1.08438	1.07819	1.0798	241136	4"
"2020-05-07 00:00:00	1.0798	1.08408	1.07665	1.08361	233075	3"
"2020-05-08 00:00:00	1.0836	1.08756	1.08151	1.08371	163419	3"
"2020-05-10 00:00:00	1.08265	1.08395	1.08239	1.08377	8717	17"
"2020-05-11 00:00:00	1.08377	1.08504	1.08005	1.08093	212812	3"
"2020-05-12 00:00:00	1.08093	1.08851	1.07843	1.08454	207058	4"
"2020-05-13 00:00:00	1.08455	1.08965	1.08116	1.0821	229006	2"
"2020-05-14 00:00:00	1.0821	1.08239	1.07748	1.0806	214011	4"
"2020-05-15 00:00:00	1.08061	1.08509	1.07888	1.08183	198828	3"
"2020-05-17 00:00:00	1.08088	1.08231	1.08067	1.08186	6918	67"
"2020-05-18 00:00:00	1.08186	1.0927	1.07999	1.09139	204154	3"
"2020-05-19 00:00:00	1.09138	1.09759	1.09021	1.0926	247844	3"
"2020-05-20 00:00:00	1.09262	1.09989	1.09262	1.09796	211275	3"
"2020-05-21 00:00:00	1.09794	1.10083	1.09371	1.0949	175881	3"
"2020-05-22 00:00:00	1.09491	1.09535	1.08852	1.0898	156635	3"
"2020-05-24 00:00:00	1.08956	1.09083	1.08951	1.09079	4085	17"
"2020-05-25 00:00:00	1.0908	1.09144	1.08706	1.09016	98796	3"
"2020-05-26 00:00:00	1.09015	1.09957	1.08969	1.09784	207554	3"
"2020-05-27 00:00:00	1.09785	1.10307	1.0934	1.10166	319495	3"
"2020-05-28 00:00:00	1.10165	1.10934	1.09916	1.10779	231206	3"
"2020-05-29 00:00:00	1.10778	1.11451	1.10698	1.11036	373020	3"
"2020-05-31 00:00:00	1.11129	1.11195	1.11023	1.11156	9222	69"
"2020-06-01 00:00:00	1.11155	1.1154	1.11004	1.11251	240621	4"
"2020-06-02 00:00:00	1.11252	1.11959	1.11151	1.11851	276689	3"
"2020-06-03 00:00:00	1.1185	1.12577	1.11795	1.12349	242099	3"
"2020-06-04 00:00:00	1.1235	1.13623	1.11947	1.13354	275765	4"
"2020-06-05 00:00:00	1.13357	1.13836	1.12784	1.12911	263548	4"
"2020-06-07 00:00:00	1.12934	1.13198	1.1293	1.1316	6425	27"
"2020-06-08 00:00:00	1.1316	1.13185	1.12682	1.1304	199315	3"
"2020-06-09 00:00:00	1.1304	1.13638	1.12409	1.1332	237767	3"
"2020-06-10 00:00:00	1.1332	1.14224	1.13219	1.13667	252825	3"
"2020-06-11 00:00:00	1.13668	1.14036	1.1287	1.12879	306084	3"
"2020-06-12 00:00:00	1.12881	1.13405	1.12125	1.1255	296442	4"
"2020-06-14 00:00:00	1.12329	1.12582	1.12262	1.12515	17512	16"
"2020-06-15 00:00:00	1.12516	1.1338	1.12267	1.13375	281651	3"
"2020-06-16 00:00:00	1.13376	1.13532	1.12278	1.12648	237647	3"
"2020-06-17 00:00:00	1.12649	1.12939	1.12068	1.12419	248307	4"
"2020-06-18 00:00:00	1.12419	1.12613	1.11854	1.12076	234918	3"
"2020-06-19 00:00:00	1.12075	1.12542	1.1168	1.11759	232217	4"
"2020-06-21 00:00:00	1.11835	1.11874	1.11684	1.11766	6136	39"
"2020-06-22 00:00:00	1.11766	1.12809	1.11737	1.12776	184249	4"
"2020-06-23 00:00:00	1.12775	1.13486	1.1233	1.13124	233941	4"
"2020-06-24 00:00:00	1.13124	1.13257	1.12481	1.12499	231643	4"
"2020-06-25 00:00:00	1.125	1.12597	1.11903	1.12179	240794	3"
"2020-06-26 00:00:00	1.12179	1.12393	1.11951	1.1217	162429	4"
"2020-06-28 00:00:00	1.12149	1.1228	1.12149	1.12219	5283	58"
"2020-06-29 00:00:00	1.12219	1.12879	1.12193	1.12467	181086	4"
"2020-06-30 00:00:00	1.12466	1.12619	1.1191	1.12335	194390	4"
"2020-07-01 00:00:00	1.12336	1.12751	1.11848	1.12511	189149	3"
"2020-07-02 00:00:00	1.12511	1.13026	1.12233	1.12372	183478	3"
"2020-07-03 00:00:00	1.12373	1.12518	1.12192	1.12464	140506	4"
"2020-07-05 00:00:00	1.12433	1.12494	1.12411	1.12466	2530	26"
"2020-07-06 00:00:00	1.12467	1.13454	1.12467	1.13123	145701	3"
"2020-07-07 00:00:00	1.13123	1.13325	1.12588	1.12744	162692	3"
"2020-07-08 00:00:00	1.12745	1.13518	1.12623	1.13372	163848	3"
"2020-07-09 00:00:00	1.13372	1.13706	1.12801	1.12879	195462	3"
"2020-07-10 00:00:00	1.12881	1.13247	1.12547	1.1299	178152	3"
"2020-07-12 00:00:00	1.13039	1.13173	1.13026	1.13085	5808	26"
"2020-07-13 00:00:00	1.13086	1.13748	1.13008	1.13447	248161	4"
"2020-07-14 00:00:00	1.13447	1.14123	1.13251	1.14099	354215	4"
"2020-07-15 00:00:00	1.141	1.1452	1.1391	1.14168	303174	4"
"2020-07-16 00:00:00	1.14168	1.14417	1.13704	1.13878	293650	3"
"2020-07-17 00:00:00	1.13877	1.14436	1.13774	1.14269	168995	4"
"2020-07-19 00:00:00	1.14084	1.14456	1.14084	1.14421	7686	82"
"2020-07-20 00:00:00	1.14421	1.14677	1.14023	1.14557	284685	3"
"2020-07-21 00:00:00	1.14559	1.15423	1.14228	1.1535	385754	3"
"2020-07-22 00:00:00	1.1535	1.16013	1.15068	1.15646	468593	4"
"2020-07-23 00:00:00	1.15647	1.16268	1.15403	1.15952	357357	4"
"2020-07-24 00:00:00	1.15953	1.1658	1.15812	1.16546	407292	3"
"2020-07-26 00:00:00	1.1643	1.16555	1.16413	1.16495	16073	24"
"2020-07-27 00:00:00	1.16496	1.17813	1.16494	1.17682	338708	4"
"2020-07-28 00:00:00	1.17681	1.17736	1.16987	1.17185	336540	3"
"2020-07-29 00:00:00	1.17185	1.18061	1.17139	1.17806	341913	4"
"2020-07-30 00:00:00	1.17809	1.18762	1.17308	1.18719	354848	4"
"2020-07-31 00:00:00	1.18718	1.19087	1.17617	1.17753	553540	4"
"2020-08-02 00:00:00	1.17725	1.17966	1.17717	1.1781	7704	31"
"2020-08-03 00:00:00	1.17809	1.17887	1.16959	1.17603	312768	4"
"2020-08-04 00:00:00	1.17603	1.18148	1.17211	1.18136	449655	4"
"2020-08-05 00:00:00	1.18135	1.19048	1.17992	1.1872	1039928	3"
"2020-08-06 00:00:00	1.18721	1.1916	1.18179	1.18752	1280282	3"
"2020-08-07 00:00:00	1.18753	1.18818	1.17551	1.17862	430363	4"
"2020-08-09 00:00:00	1.17886	1.17896	1.17732	1.1781	7017	37"
"2020-08-10 00:00:00	1.1781	1.18006	1.17357	1.1736	299076	4"
"2020-08-11 00:00:00	1.1736	1.1808	1.17219	1.17347	587901	4"
"2020-08-12 00:00:00	1.17348	1.1817	1.1711	1.17939	625341	4"
"2020-08-13 00:00:00	1.17939	1.18641	1.17934	1.18155	453065	4"
"2020-08-14 00:00:00	1.18153	1.18503	1.17817	1.18414	329638	3"
"2020-08-16 00:00:00	1.18389	1.18528	1.18324	1.18518	3812	64"
"2020-08-17 00:00:00	1.18518	1.18809	1.18286	1.18745	302913	4"
"2020-08-18 00:00:00	1.18745	1.19656	1.18742	1.19464	326671	4"
"2020-08-19 00:00:00	1.19463	1.19526	1.18302	1.18437	530325	3"
"2020-08-20 00:00:00	1.1844	1.18711	1.18019	1.18695	426158	4"
"2020-08-21 00:00:00	1.18694	1.18828	1.17541	1.17949	382696	4"
"2020-08-23 00:00:00	1.17911	1.18065	1.17911	1.17981	6344	81"
"2020-08-24 00:00:00	1.17981	1.18495	1.17841	1.17934	214796	4"
"2020-08-25 00:00:00	1.17934	1.18435	1.17841	1.18339	421874	4"
"2020-08-26 00:00:00	1.1834	1.18406	1.17721	1.184	274334	4"
"2020-08-27 00:00:00	1.18403	1.19018	1.17623	1.18205	467463	3"
"2020-08-28 00:00:00	1.18205	1.19197	1.18109	1.19018	567105	4"
"2020-08-30 00:00:00	1.18998	1.19202	1.18996	1.19171	8337	67"
"2020-08-31 00:00:00	1.1917	1.1966	1.1884	1.19367	995810	4"
"2020-09-01 00:00:00	1.19368	1.20113	1.19013	1.19226	376211	3"
"2020-09-02 00:00:00	1.19224	1.19239	1.18221	1.18457	739073	4"
"2020-09-03 00:00:00	1.18458	1.18646	1.17889	1.18412	892495	4"
"2020-09-04 00:00:00	1.18413	1.18654	1.17809	1.18371	952444	4"
"2020-09-06 00:00:00	1.18432	1.18469	1.18319	1.18342	15550	32"
"2020-09-07 00:00:00	1.18342	1.18486	1.18116	1.18188	471442	4"
"2020-09-08 00:00:00	1.18187	1.18273	1.1757	1.17667	908457	4"
"2020-09-09 00:00:00	1.17667	1.18339	1.17527	1.18037	842889	4"
"2020-09-10 00:00:00	1.18035	1.19175	1.18004	1.18234	1083345	3"
"2020-09-11 00:00:00	1.18237	1.18741	1.18237	1.18453	905065	3"
"2020-09-13 00:00:00	1.18348	1.18473	1.18347	1.18404	20612	15"
"2020-09-14 00:00:00	1.18404	1.1888	1.18319	1.18671	900798	3"
"2020-09-15 00:00:00	1.1867	1.19005	1.18395	1.18419	893131	4"
"2020-09-16 00:00:00	1.1842	1.18825	1.17876	1.18045	998109	3"
"2020-09-17 00:00:00	1.18043	1.18561	1.17373	1.18468	1401773	4"
"2020-09-18 00:00:00	1.18468	1.18705	1.1826	1.18385	1078631	4"
"2020-09-20 00:00:00	1.18369	1.18498	1.18369	1.18456	29090	42"
"2020-09-21 00:00:00	1.18455	1.18717	1.17317	1.17626	1313004	3"
"2020-09-22 00:00:00	1.17627	1.17715	1.16916	1.17059	1027218	3"
"2020-09-23 00:00:00	1.1706	1.17188	1.16513	1.16568	1089510	3"
"2020-09-24 00:00:00	1.16567	1.16869	1.16265	1.16735	1080761	4"
"2020-09-25 00:00:00	1.16735	1.1685	1.16121	1.16277	973131	4"
"2020-09-27 00:00:00	1.16271	1.16377	1.16206	1.16341	14367	15"
"2020-09-28 00:00:00	1.16341	1.16799	1.1615	1.16768	1029121	3"
"2020-09-29 00:00:00	1.16768	1.17457	1.16652	1.17414	978170	4"
"2020-09-30 00:00:00	1.17414	1.17548	1.16847	1.17232	1342334	4"
"2020-10-01 00:00:00	1.17234	1.17696	1.17171	1.17439	1320034	3"
"2020-10-02 00:00:00	1.17439	1.17445	1.16956	1.17157	1382599	3"
"2020-10-04 00:00:00	1.1711	1.17201	1.17053	1.17195	34538	40"
"2020-10-05 00:00:00	1.17195	1.17975	1.17176	1.17891	1035160	4"
"2020-10-06 00:00:00	1.17889	1.18077	1.17302	1.17371	1216173	3"
"2020-10-07 00:00:00	1.1737	1.17818	1.17249	1.17657	1176371	3"
"2020-10-08 00:00:00	1.17657	1.17816	1.17326	1.17668	1112872	3"
"2020-10-09 00:00:00	1.17667	1.1831	1.17576	1.18248	1032618	4"
"2020-10-11 00:00:00	1.18103	1.18226	1.18102	1.18157	28737	35"
"2020-10-12 00:00:00	1.18156	1.18266	1.17867	1.18129	950522	3"
"2020-10-13 00:00:00	1.18127	1.18139	1.17304	1.1742	1201647	3"
"2020-10-14 00:00:00	1.17419	1.1771	1.17199	1.17447	1142152	3"
"2020-10-15 00:00:00	1.17444	1.17578	1.16884	1.17064	1050049	2"
"2020-10-16 00:00:00	1.17065	1.17462	1.16939	1.17132	929532	3"
"2020-10-18 00:00:00	1.17181	1.17209	1.17112	1.17156	8784	56"
"2020-10-19 00:00:00	1.17154	1.17936	1.17031	1.17683	689675	3"
"2020-10-20 00:00:00	1.17683	1.18407	1.17598	1.1829	811258	3"
"2020-10-21 00:00:00	1.18289	1.18807	1.1828	1.18516	948221	3"
"2020-10-22 00:00:00	1.18516	1.18668	1.18114	1.18146	932253	3"
"2020-10-23 00:00:00	1.18143	1.18648	1.17866	1.18572	878059	3"
"2020-10-25 00:00:00	1.18546	1.18605	1.18392	1.18479	21796	39"
"2020-10-26 00:00:00	1.18479	1.18504	1.18032	1.18091	845760	3"
"2020-10-27 00:00:00	1.18092	1.18387	1.17695	1.17815	814000	2"
"2020-10-28 00:00:00	1.17818	1.17879	1.17178	1.17482	1028904	3"
"2020-10-29 00:00:00	1.17482	1.17587	1.16501	1.16783	779709	3"
"2020-10-30 00:00:00	1.16782	1.17042	1.164	1.16431	900547	3"
"2020-11-01 00:00:00	1.16498	1.16503	1.16386	1.16416	10972	39"
"2020-11-02 00:00:00	1.16415	1.16557	1.16221	1.16404	827464	3"
"2020-11-03 00:00:00	1.16405	1.17639	1.16372	1.17616	660777	3"
"2020-11-04 00:00:00	1.17617	1.17704	1.16026	1.17321	1295230	4"
"2020-11-05 00:00:00	1.17321	1.18596	1.17107	1.18167	954533	4"
"2020-11-06 00:00:00	1.18169	1.18908	1.17952	1.187	499448	4"
"2020-11-08 00:00:00	1.18898	1.1895	1.18833	1.18924	11418	8"
"2020-11-09 00:00:00	1.18924	1.19199	1.17952	1.1824	695857	3"
"2020-11-10 00:00:00	1.1824	1.18432	1.17799	1.18184	627031	4"
"2020-11-11 00:00:00	1.18183	1.18327	1.17454	1.17792	422653	3"
"2020-11-12 00:00:00	1.17792	1.18231	1.17585	1.18038	454106	4"
"2020-11-13 00:00:00	1.18039	1.18374	1.17989	1.1831	378812	3"
"2020-11-15 00:00:00	1.18411	1.18488	1.18288	1.18448	9467	21"
"2020-11-16 00:00:00	1.18447	1.18689	1.18141	1.18592	388903	4"
"2020-11-17 00:00:00	1.18593	1.18937	1.18425	1.18636	335345	3"
"2020-11-18 00:00:00	1.18637	1.18908	1.18448	1.18451	358183	4"
"2020-11-19 00:00:00	1.18452	1.18825	1.18161	1.18653	416514	4"
"2020-11-20 00:00:00	1.18655	1.18908	1.18498	1.18544	386960	4"
"2020-11-22 00:00:00	1.18538	1.18659	1.18528	1.18654	7553	38"
"2020-11-23 00:00:00	1.18655	1.1906	1.17997	1.18422	375068	3"
"2020-11-24 00:00:00	1.18422	1.18978	1.18384	1.18974	450088	4"
"2020-11-25 00:00:00	1.18976	1.19297	1.18818	1.19162	434676	3"
"2020-11-26 00:00:00	1.19164	1.19409	1.18852	1.19109	310771	4"
"2020-11-27 00:00:00	1.1911	1.19641	1.19094	1.1962	294695	3"
"2020-11-29 00:00:00	1.19614	1.19738	1.1961	1.19721	5690	13"
"2020-11-30 00:00:00	1.19722	1.20032	1.19236	1.19374	428158	3"
"2020-12-01 00:00:00	1.19372	1.20765	1.19353	1.20706	329953	4"
"2020-12-02 00:00:00	1.20707	1.21183	1.20399	1.21138	355708	3"
"2020-12-03 00:00:00	1.21137	1.21746	1.2101	1.21449	370344	4"
"2020-12-04 00:00:00	1.21449	1.21773	1.21101	1.21202	419215	4"
"2020-12-06 00:00:00	1.21308	1.21324	1.21195	1.212	7103	18"
"2020-12-07 00:00:00	1.21199	1.21662	1.20784	1.21092	402011	4"
"2020-12-08 00:00:00	1.21091	1.21339	1.20953	1.21094	342812	3"
"2020-12-09 00:00:00	1.21095	1.21475	1.20587	1.20784	239324	3"
"2020-12-10 00:00:00	1.20784	1.21588	1.20784	1.21433	236023	3"
"2020-12-11 00:00:00	1.21434	1.21629	1.21053	1.21086	192921	5"
"2020-12-13 00:00:00	1.21367	1.21435	1.21324	1.21331	5048	23"
"2020-12-14 00:00:00	1.21331	1.21767	1.21155	1.21486	160650	4"
"2020-12-15 00:00:00	1.21485	1.21689	1.2121	1.21543	143327	4"
"2020-12-16 00:00:00	1.21543	1.22121	1.2125	1.21961	173035	4"
"2020-12-17 00:00:00	1.21961	1.22726	1.21898	1.22614	169622	4"
"2020-12-18 00:00:00	1.22613	1.22687	1.22255	1.22559	159209	4"
"2020-12-20 00:00:00	1.2221	1.22348	1.22113	1.22118	5812	56"
"2020-12-21 00:00:00	1.22118	1.22529	1.21296	1.22346	232245	4"
"2020-12-22 00:00:00	1.22347	1.2257	1.2152	1.21872	203062	5"
"2020-12-23 00:00:00	1.21871	1.2221	1.21538	1.21939	186486	5"
"2020-12-24 00:00:00	1.2194	1.22156	1.21773	1.2182	150079	5"
"2020-12-25 00:00:00	1.21816	1.22031	1.21709	1.21922	3972	31"
"2020-12-27 00:00:00	1.2186	1.22072	1.21811	1.22038	6150	43"
"2020-12-28 00:00:00	1.22039	1.22502	1.21811	1.22196	137281	5"
"2020-12-29 00:00:00	1.22196	1.2275	1.22193	1.22519	152122	5"
"2020-12-30 00:00:00	1.2252	1.23101	1.22511	1.22984	157643	5"
"2020-12-31 00:00:00	1.22986	1.23092	1.22091	1.22141	162462	4"
"2021-01-03 00:00:00	1.22396	1.22527	1.22296	1.225	6993	14"
"2021-01-04 00:00:00	1.22499	1.23096	1.22385	1.22525	244590	3"
"2021-01-05 00:00:00	1.22525	1.23056	1.2247	1.22984	193568	4"
"2021-01-06 00:00:00	1.22985	1.23494	1.22655	1.23382	269841	5"
"2021-01-07 00:00:00	1.23384	1.23443	1.2245	1.22691	195081	4"
"2021-01-08 00:00:00	1.2269	1.22845	1.21929	1.22174	235959	3"
"2021-01-10 00:00:00	1.22175	1.22284	1.21821	1.2187	15994	29"
"2021-01-11 00:00:00	1.21869	1.21998	1.21321	1.21605	185522	4"
"2021-01-12 00:00:00	1.21605	1.22097	1.21371	1.22085	157612	4"
"2021-01-13 00:00:00	1.22087	1.22227	1.21399	1.21619	172756	4"
"2021-01-14 00:00:00	1.21618	1.21784	1.2111	1.21506	194304	4"
"2021-01-15 00:00:00	1.21505	1.21624	1.20747	1.20748	164726	4"
"2021-01-17 00:00:00	1.20838	1.20865	1.2066	1.20662	5844	21"
"2021-01-18 00:00:00	1.20661	1.20867	1.20535	1.20776	119427	3"
"2021-01-19 00:00:00	1.20775	1.21448	1.20772	1.21391	178243	4"
"2021-01-20 00:00:00	1.21392	1.21581	1.20767	1.21144	168194	4"
"2021-01-21 00:00:00	1.21145	1.2173	1.21093	1.21654	164677	4"
"2021-01-22 00:00:00	1.21654	1.21894	1.21515	1.21667	139063	4"
"2021-01-24 00:00:00	1.21688	1.21716	1.21622	1.21668	4785	29"
"2021-01-25 00:00:00	1.2167	1.21832	1.21158	1.21426	162055	4"
"2021-01-26 00:00:00	1.21427	1.21758	1.21076	1.21632	146248	4"
"2021-01-27 00:00:00	1.21632	1.21696	1.20585	1.21027	202704	5"
"2021-01-28 00:00:00	1.21028	1.21424	1.20807	1.21209	198573	5"
"2021-01-29 00:00:00	1.21209	1.2156	1.20944	1.21298	191335	4"
"2021-01-31 00:00:00	1.21297	1.21326	1.21204	1.21227	6874	21"
"2021-02-01 00:00:00	1.21225	1.21363	1.2056	1.20676	165579	4"
"2021-02-02 00:00:00	1.20676	1.20877	1.20115	1.20365	147918	4"
"2021-02-03 00:00:00	1.20365	1.205	1.2004	1.20412	119403	4"
"2021-02-04 00:00:00	1.20413	1.20427	1.19574	1.19662	123762	4"
"2021-02-05 00:00:00	1.19659	1.20498	1.19522	1.20481	120896	4"
"2021-02-07 00:00:00	1.20375	1.2055	1.20356	1.20483	15706	24"
"2021-02-08 00:00:00	1.20484	1.2066	1.20196	1.20522	104210	4"
"2021-02-09 00:00:00	1.20522	1.21218	1.20491	1.21161	133520	4"
"2021-02-10 00:00:00	1.21162	1.2144	1.21088	1.2119	130007	3"
"2021-02-11 00:00:00	1.21189	1.21494	1.21134	1.21304	88213	3"
"2021-02-12 00:00:00	1.21306	1.21332	1.20815	1.21177	81711	4"
"2021-02-14 00:00:00	1.21244	1.21251	1.21191	1.21204	3242	15"
"2021-02-15 00:00:00	1.21206	1.21451	1.21167	1.2132	67366	4"
"2021-02-16 00:00:00	1.21319	1.21693	1.20859	1.2088	122517	3"
"2021-02-17 00:00:00	1.20879	1.20982	1.20232	1.20455	127767	3"
"2021-02-18 00:00:00	1.20454	1.20958	1.20355	1.20917	118507	4"
"2021-02-19 00:00:00	1.20917	1.21444	1.20823	1.21167	118592	4"
"2021-02-21 00:00:00	1.21151	1.21292	1.21141	1.21247	5497	35"
"2021-02-22 00:00:00	1.21246	1.21693	1.20911	1.21638	133420	4"
"2021-02-23 00:00:00	1.21637	1.21801	1.21353	1.21506	123325	4"
"2021-02-24 00:00:00	1.21506	1.21745	1.21092	1.21693	161194	3"
"2021-02-25 00:00:00	1.21696	1.22433	1.21559	1.21577	235417	4"
"2021-02-26 00:00:00	1.21579	1.21826	1.20621	1.20704	305266	4"
"2021-02-28 00:00:00	1.20702	1.20919	1.20699	1.20903	8259	19"
"2021-03-01 00:00:00	1.20905	1.21011	1.20276	1.20484	153286	3"
"2021-03-02 00:00:00	1.20485	1.20943	1.19916	1.20848	162640	4"
"2021-03-03 00:00:00	1.2085	1.21132	1.20427	1.20464	182518	4"
"2021-03-04 00:00:00	1.20463	1.2063	1.19605	1.19672	215954	3"
"2021-03-05 00:00:00	1.19671	1.19687	1.18932	1.19128	242307	3"
"2021-03-07 00:00:00	1.19177	1.19319	1.19168	1.19263	6670	22"
"2021-03-08 00:00:00	1.19262	1.19321	1.18442	1.18508	184867	3"
"2021-03-09 00:00:00	1.18509	1.19156	1.18355	1.18967	167729	3"
"2021-03-10 00:00:00	1.18967	1.19296	1.18688	1.19242	153889	3"
"2021-03-11 00:00:00	1.19242	1.19899	1.19156	1.19808	153567	3"
"2021-03-12 00:00:00	1.19809	1.19884	1.19099	1.19476	152752	4"
"2021-03-14 00:00:00	1.19451	1.19542	1.19433	1.195	6580	42"
"2021-03-15 00:00:00	1.19501	1.19674	1.1911	1.19263	121808	3"
"2021-03-16 00:00:00	1.19263	1.19518	1.18819	1.1902	127996	3"
"2021-03-17 00:00:00	1.19018	1.19873	1.18861	1.19825	137383	3"
"2021-03-18 00:00:00	1.19827	1.19888	1.19061	1.19174	178354	3"
"2021-03-19 00:00:00	1.19175	1.19371	1.18738	1.19031	135305	3"
"2021-03-21 00:00:00	1.18712	1.189	1.18708	1.18835	7681	34"
"2021-03-22 00:00:00	1.18837	1.19468	1.18744	1.19322	113511	3"
"2021-03-23 00:00:00	1.19323	1.19407	1.1836	1.18396	123356	3"
"2021-03-24 00:00:00	1.18399	1.18508	1.18089	1.18127	126127	3"
"2021-03-25 00:00:00	1.18128	1.18277	1.17617	1.17756	137238	4"
"2021-03-26 00:00:00	1.17756	1.18049	1.17716	1.17918	94801	3"
"2021-03-28 00:00:00	1.17917	1.17935	1.17855	1.17874	3741	41"
"2021-03-29 00:00:00	1.17874	1.17939	1.17606	1.17685	107828	3"
"2021-03-30 00:00:00	1.17684	1.17737	1.17112	1.17231	101754	2"
"2021-03-31 00:00:00	1.1723	1.17598	1.1704	1.1727	109017	4"
"2021-04-01 00:00:00	1.17271	1.17825	1.17125	1.17772	100344	3"
"2021-04-02 00:00:00	1.17772	1.17866	1.1749	1.17603	70449	4"
"2021-04-04 00:00:00	1.17544	1.17678	1.17532	1.17676	5393	51"
"2021-04-05 00:00:00	1.17674	1.18194	1.17379	1.18169	60579	4"
"2021-04-06 00:00:00	1.18168	1.18776	1.17951	1.18737	92604	3"
"2021-04-07 00:00:00	1.18737	1.19147	1.18608	1.18723	94216	3"
"2021-04-08 00:00:00	1.18724	1.19274	1.18609	1.19153	88310	4"
"2021-04-09 00:00:00	1.19151	1.19201	1.18669	1.18977	83839	3"
"2021-04-11 00:00:00	1.18903	1.19038	1.18901	1.18958	3367	29"
"2021-04-12 00:00:00	1.18957	1.1919	1.1871	1.19115	79062	3"
"2021-04-13 00:00:00	1.19117	1.19557	1.18776	1.19538	99195	3"
"2021-04-14 00:00:00	1.19541	1.19872	1.19509	1.19832	94063	3"
"2021-04-15 00:00:00	1.1983	1.19932	1.1956	1.19692	88843	3"
"2021-04-16 00:00:00	1.19692	1.19946	1.19503	1.19805	76096	3"
"2021-04-18 00:00:00	1.19722	1.19771	1.19679	1.19689	3334	24"
"2021-04-19 00:00:00	1.19688	1.2048	1.19424	1.20424	97832	3"
"2021-04-20 00:00:00	1.20424	1.20797	1.20224	1.20324	97180	4"
"2021-04-21 00:00:00	1.20323	1.20436	1.19985	1.20372	85570	3"
"2021-04-22 00:00:00	1.20372	1.20694	1.19936	1.20143	106787	3"
"2021-04-23 00:00:00	1.20144	1.20999	1.20127	1.20938	80340	4"
"2021-04-25 00:00:00	1.20913	1.20981	1.20888	1.20892	3834	18"
"2021-04-26 00:00:00	1.20893	1.21167	1.20608	1.20793	80015	3"
"2021-04-27 00:00:00	1.20794	1.20927	1.20567	1.20892	81994	3"
"2021-04-28 00:00:00	1.2089	1.21353	1.2056	1.21348	104881	4"
"2021-04-29 00:00:00	1.2135	1.21498	1.21021	1.21245	99082	3"
"2021-04-30 00:00:00	1.21243	1.21265	1.20165	1.20169	97912	4"
"2021-05-02 00:00:00	1.20309	1.20328	1.20245	1.20271	2669	31"
"2021-05-03 00:00:00	1.20272	1.2076	1.2013	1.20588	81086	3"
"2021-05-04 00:00:00	1.2059	1.20598	1.19989	1.20144	108211	3"
"2021-05-05 00:00:00	1.20145	1.20265	1.19859	1.20074	83333	3"
"2021-05-06 00:00:00	1.20076	1.20716	1.19929	1.20651	94634	3"
"2021-05-07 00:00:00	1.20651	1.21713	1.20527	1.21615	128353	3"
"2021-05-09 00:00:00	1.21601	1.21769	1.216	1.21704	5874	89"
"2021-05-10 00:00:00	1.21704	1.21782	1.21271	1.21405	99036	3"
"2021-05-11 00:00:00	1.21406	1.21815	1.2123	1.2144	104647	3"
"2021-05-12 00:00:00	1.21441	1.2152	1.20655	1.20777	164458	3"
"2021-05-13 00:00:00	1.20776	1.2106	1.20514	1.20767	123840	3"
"2021-05-14 00:00:00	1.20768	1.21477	1.20708	1.2142	97541	4"
"2021-05-16 00:00:00	1.2145	1.21511	1.21368	1.21498	2803	20"
"2021-05-17 00:00:00	1.21497	1.21687	1.21259	1.21563	81158	3"
"2021-05-18 00:00:00	1.21561	1.22339	1.21534	1.22223	95068	4"
"2021-05-19 00:00:00	1.22225	1.22451	1.21598	1.21704	122052	4"
"2021-05-20 00:00:00	1.21704	1.223	1.21689	1.22249	91322	4"
"2021-05-21 00:00:00	1.2225	1.22396	1.21607	1.21778	95445	3"
"2021-05-23 00:00:00	1.21778	1.21843	1.21722	1.21805	4778	69"
"2021-05-24 00:00:00	1.21805	1.22298	1.21749	1.2214	79882	3"
"2021-05-25 00:00:00	1.2214	1.22664	1.22113	1.22468	96706	3"
"2021-05-26 00:00:00	1.22468	1.22629	1.2182	1.2192	91009	3"
"2021-05-27 00:00:00	1.2192	1.22149	1.21751	1.21927	86094	3"
"2021-05-28 00:00:00	1.21927	1.22048	1.21325	1.21905	95930	3"
"2021-05-30 00:00:00	1.2199	1.21998	1.2189	1.21892	2698	26"
"2021-05-31 00:00:00	1.21893	1.22343	1.21832	1.22325	58587	4"
"2021-06-01 00:00:00	1.22325	1.22542	1.2211	1.22174	81752	3"
"2021-06-02 00:00:00	1.22172	1.22265	1.2164	1.22094	77805	3"
"2021-06-03 00:00:00	1.22094	1.22141	1.21181	1.213	97685	4"
"2021-06-04 00:00:00	1.21299	1.21856	1.21039	1.21644	91527	3"
"2021-06-06 00:00:00	1.21601	1.21676	1.21596	1.21666	2343	54"
"2021-06-07 00:00:00	1.21665	1.22017	1.21448	1.21905	56786	3"
"2021-06-08 00:00:00	1.21905	1.21941	1.21642	1.21724	76155	3"
"2021-06-09 00:00:00	1.21725	1.22179	1.21714	1.21784	53539	3"
"2021-06-10 00:00:00	1.21782	1.21945	1.21433	1.21725	114783	3"
"2021-06-11 00:00:00	1.21726	1.21929	1.20925	1.21072	76232	3"
"2021-06-13 00:00:00	1.21045	1.21121	1.21027	1.21095	3100	60"
"2021-06-14 00:00:00	1.21096	1.21305	1.20942	1.21218	57006	3"
"2021-06-15 00:00:00	1.21218	1.21473	1.21013	1.21245	69763	3"
"2021-06-16 00:00:00	1.21246	1.21347	1.19865	1.1995	120465	3"
"2021-06-17 00:00:00	1.19949	1.20062	1.18916	1.1913	137587	3"
"2021-06-18 00:00:00	1.19129	1.19249	1.18472	1.18592	137535	4"
"2021-06-20 00:00:00	1.18542	1.18754	1.18542	1.18705	6665	51"
"2021-06-21 00:00:00	1.18703	1.19213	1.18476	1.19119	111976	3"
"2021-06-22 00:00:00	1.19119	1.19526	1.18808	1.19364	90408	4"
"2021-06-23 00:00:00	1.19364	1.197	1.19113	1.19296	89389	3"
"2021-06-24 00:00:00	1.19297	1.19562	1.19176	1.19278	81793	3"
"2021-06-25 00:00:00	1.19278	1.19751	1.19261	1.19347	73327	4"
"2021-06-27 00:00:00	1.19296	1.19419	1.19296	1.19414	2973	77"
"2021-06-28 00:00:00	1.19415	1.19444	1.19022	1.19286	83003	3"
"2021-06-29 00:00:00	1.19287	1.19295	1.18775	1.19002	87518	3"
"2021-06-30 00:00:00	1.19003	1.1909	1.1845	1.18558	98228	3"
"2021-07-01 00:00:00	1.18559	1.18842	1.18373	1.18457	97912	3"
"2021-07-02 00:00:00	1.18455	1.18741	1.1807	1.18622	93309	3"
"2021-07-04 00:00:00	1.18598	1.18685	1.18555	1.18556	4995	49"
"2021-07-05 00:00:00	1.18556	1.18804	1.18513	1.18624	59952	3"
"2021-07-06 00:00:00	1.18623	1.18951	1.18068	1.18221	98080	4"
"2021-07-07 00:00:00	1.18222	1.18364	1.17815	1.17929	98323	3"
"2021-07-08 00:00:00	1.17928	1.18678	1.17834	1.18463	137236	4"
"2021-07-09 00:00:00	1.18463	1.1881	1.18249	1.1871	95244	3"
"2021-07-11 00:00:00	1.18751	1.18768	1.1865	1.18722	4249	41"
"2021-07-12 00:00:00	1.18722	1.18802	1.1836	1.18627	75999	3"
"2021-07-13 00:00:00	1.18627	1.18751	1.17721	1.17748	92564	3"
"2021-07-14 00:00:00	1.17747	1.18387	1.17717	1.18329	80269	4"
"2021-07-15 00:00:00	1.18329	1.18506	1.17962	1.18112	79835	3"
"2021-07-16 00:00:00	1.18114	1.18221	1.17921	1.18047	71395	4"
"2021-07-18 00:00:00	1.18054	1.18138	1.18033	1.18125	2513	73"
"2021-07-19 00:00:00	1.18125	1.18244	1.17636	1.17917	103862	3"
"2021-07-20 00:00:00	1.17917	1.18024	1.17555	1.17813	104231	3"
"2021-07-21 00:00:00	1.17811	1.18046	1.17518	1.17922	78220	3"
"2021-07-22 00:00:00	1.17925	1.18304	1.17572	1.17722	115936	4"
"2021-07-23 00:00:00	1.17722	1.17865	1.17544	1.17683	66111	4"
"2021-07-25 00:00:00	1.17681	1.17743	1.17671	1.17728	1814	59"
"2021-07-26 00:00:00	1.17729	1.18172	1.17632	1.18047	74774	4"
"2021-07-27 00:00:00	1.18046	1.18409	1.17698	1.18203	70121	4"
"2021-07-28 00:00:00	1.18205	1.18494	1.17721	1.18454	95641	3"
"2021-07-29 00:00:00	1.18453	1.18942	1.18406	1.18903	65085	5"
"2021-07-30 00:00:00	1.18902	1.19085	1.18515	1.18667	78398	4"
"2021-08-01 00:00:00	1.18641	1.18694	1.18621	1.18661	1653	84"
"2021-08-02 00:00:00	1.18662	1.18968	1.18587	1.1874	65769	4"
"2021-08-03 00:00:00	1.18738	1.18932	1.18535	1.18694	60687	4"
"2021-08-04 00:00:00	1.18693	1.18996	1.18326	1.18371	59264	3"
"2021-08-05 00:00:00	1.18373	1.18572	1.1828	1.18332	52837	4"
"2021-08-06 00:00:00	1.18332	1.18333	1.17543	1.17596	55144	4"
"2021-08-08 00:00:00	1.1758	1.1761	1.17422	1.17474	6183	73"
"2021-08-09 00:00:00	1.17477	1.17689	1.17344	1.1736	48540	4"
"2021-08-10 00:00:00	1.17359	1.17427	1.17095	1.17195	75425	4"
"2021-08-11 00:00:00	1.17195	1.17541	1.17059	1.17417	61063	3"
"2021-08-12 00:00:00	1.17415	1.17481	1.17236	1.17356	45718	5"
"2021-08-13 00:00:00	1.17357	1.18045	1.17302	1.17933	42835	3"
"2021-08-15 00:00:00	1.17934	1.18007	1.17915	1.1794	2805	43"
"2021-08-16 00:00:00	1.17939	1.18006	1.17672	1.17776	43716	4"
"2021-08-17 00:00:00	1.17776	1.17846	1.17017	1.17091	59347	4"
"2021-08-18 00:00:00	1.17092	1.17427	1.16936	1.17026	59242	4"
"2021-08-19 00:00:00	1.17027	1.17041	1.16656	1.16763	63232	3"
"2021-08-20 00:00:00	1.16762	1.17044	1.16638	1.16951	50369	4"
"2021-08-22 00:00:00	1.16935	1.17008	1.16925	1.16968	3924	72"
"2021-08-23 00:00:00	1.16969	1.17501	1.1695	1.17441	55639	3"
"2021-08-24 00:00:00	1.17439	1.1765	1.17272	1.17526	47189	5"
"2021-08-25 00:00:00	1.17527	1.17745	1.1726	1.17717	59283	3"
"2021-08-26 00:00:00	1.17716	1.17789	1.17458	1.17533	64912	5"
"2021-08-27 00:00:00	1.17534	1.18022	1.17348	1.1791	90971	5"
"2021-08-29 00:00:00	1.17937	1.18003	1.17898	1.17983	1432	61"
"2021-08-30 00:00:00	1.17982	1.18097	1.17827	1.17965	54564	3"
"2021-08-31 00:00:00	1.17961	1.1845	1.17952	1.18098	66321	4"
"2021-09-01 00:00:00	1.18098	1.18571	1.17935	1.18407	63149	4"
"2021-09-02 00:00:00	1.18407	1.1876	1.18342	1.18736	49915	3"
"2021-09-03 00:00:00	1.18736	1.1909	1.18655	1.18773	71347	3"
"2021-09-05 00:00:00	1.1876	1.18862	1.1876	1.18854	1593	88"
"2021-09-06 00:00:00	1.18854	1.18857	1.18557	1.18731	41224	4"
"2021-09-07 00:00:00	1.1873	1.18851	1.18358	1.18429	68101	3"
"2021-09-08 00:00:00	1.18428	1.18511	1.18019	1.18188	77651	4"
"2021-09-09 00:00:00	1.18186	1.18412	1.18051	1.1823	81333	3"
"2021-09-10 00:00:00	1.1823	1.1851	1.18092	1.18101	64092	3"
"2021-09-12 00:00:00	1.18111	1.18157	1.18087	1.18115	1830	66"
"2021-09-13 00:00:00	1.18114	1.18169	1.177	1.18096	59808	4"
"2021-09-14 00:00:00	1.18095	1.18458	1.18	1.18023	70371	4"
"2021-09-15 00:00:00	1.18024	1.18318	1.17991	1.1819	68103	3"
"2021-09-16 00:00:00	1.18189	1.18204	1.17504	1.17648	67660	4"
"2021-09-17 00:00:00	1.17647	1.17888	1.17235	1.17239	69255	4"
"2021-09-19 00:00:00	1.17288	1.17305	1.17232	1.17292	1303	43"
"2021-09-20 00:00:00	1.17293	1.17364	1.17001	1.17266	85315	3"
"2021-09-21 00:00:00	1.17267	1.17486	1.17147	1.17228	69861	3"
"2021-09-22 00:00:00	1.17228	1.17555	1.16843	1.1687	84023	4"
"2021-09-23 00:00:00	1.16871	1.175	1.16834	1.17398	79470	3"
"2021-09-24 00:00:00	1.17397	1.17476	1.17005	1.17181	56269	4"
"2021-09-26 00:00:00	1.17253	1.17261	1.1716	1.17224	4069	34"
"2021-09-27 00:00:00	1.17224	1.1725	1.16846	1.16956	110025	5"
"2021-09-28 00:00:00	1.16956	1.17031	1.16682	1.1686	115382	4"
"2021-09-29 00:00:00	1.16858	1.169	1.15894	1.16014	108741	3"
"2021-09-30 00:00:00	1.16015	1.16096	1.15624	1.15736	101737	4"
"2021-10-01 00:00:00	1.15735	1.16072	1.15628	1.15923	88879	3"
"2021-10-03 00:00:00	1.15954	1.1611	1.15931	1.16065	3240	85"
"2021-10-04 00:00:00	1.16065	1.164	1.15876	1.1616	75426	3"
"2021-10-05 00:00:00	1.16161	1.16198	1.15804	1.15955	71112	4"
"2021-10-06 00:00:00	1.15954	1.15977	1.15291	1.15549	90783	3"
"2021-10-07 00:00:00	1.15548	1.1572	1.15474	1.15592	57575	3"
"2021-10-08 00:00:00	1.15591	1.15861	1.15413	1.15721	68518	3"
"2021-10-10 00:00:00	1.15674	1.15759	1.15636	1.15653	2485	77"
"2021-10-11 00:00:00	1.15655	1.15867	1.15478	1.15532	54963	3"
"2021-10-12 00:00:00	1.15533	1.15703	1.15242	1.15304	64932	3"
"2021-10-13 00:00:00	1.15305	1.15994	1.15299	1.15968	77213	3"
"2021-10-14 00:00:00	1.15966	1.16242	1.15839	1.15903	94235	4"
"2021-10-15 00:00:00	1.15903	1.16185	1.15881	1.15983	90919	4"
"2021-10-17 00:00:00	1.15903	1.16052	1.15903	1.15963	3643	30"
"2021-10-18 00:00:00	1.15965	1.16223	1.15717	1.16131	70002	4"
"2021-10-19 00:00:00	1.16133	1.16693	1.1613	1.16313	60875	4"
"2021-10-20 00:00:00	1.16313	1.16586	1.16168	1.16523	62797	4"
"2021-10-21 00:00:00	1.16522	1.16674	1.16194	1.16246	74254	3"
"2021-10-22 00:00:00	1.16249	1.16556	1.1621	1.16395	107162	3"
"2021-10-24 00:00:00	1.16382	1.1645	1.16356	1.16391	1857	67"
"2021-10-25 00:00:00	1.16393	1.16649	1.15907	1.16087	74216	3"
"2021-10-26 00:00:00	1.16087	1.16257	1.15848	1.15962	66852	4"
"2021-10-27 00:00:00	1.15962	1.16259	1.15849	1.15982	77745	3"
"2021-10-28 00:00:00	1.15984	1.16921	1.15821	1.16821	108846	3"
"2021-10-29 00:00:00	1.16821	1.16899	1.1535	1.15529	96374	3"
"2021-10-31 00:00:00	1.15576	1.15642	1.15553	1.15562	2846	47"
"2021-11-01 00:00:00	1.15562	1.1609	1.1546	1.15995	76964	3"
"2021-11-02 00:00:00	1.15996	1.16133	1.15751	1.1579	69826	4"
"2021-11-03 00:00:00	1.1579	1.16164	1.15622	1.16152	100256	4"
"2021-11-04 00:00:00	1.16152	1.1616	1.15282	1.15552	85764	3"
"2021-11-05 00:00:00	1.15553	1.15731	1.15132	1.15631	90784	4"
"2021-11-07 00:00:00	1.15566	1.15698	1.15559	1.15682	7963	41"
"2021-11-08 00:00:00	1.15681	1.15949	1.15503	1.15877	57896	3"
"2021-11-09 00:00:00	1.15877	1.16087	1.15698	1.1594	68662	3"
"2021-11-10 00:00:00	1.1594	1.15952	1.14759	1.14856	101937	4"
"2021-11-11 00:00:00	1.14856	1.14875	1.14428	1.14474	68519	3"
"2021-11-12 00:00:00	1.14477	1.1462	1.14328	1.14413	68754	4"
"2021-11-14 00:00:00	1.14473	1.14473	1.14411	1.14412	1104	35"
"2021-11-15 00:00:00	1.1441	1.14638	1.13562	1.13668	77648	4"
"2021-11-16 00:00:00	1.1367	1.13856	1.13089	1.13179	90620	4"
"2021-11-17 00:00:00	1.1318	1.13321	1.12635	1.13178	84534	3"
"2021-11-18 00:00:00	1.13178	1.1374	1.13137	1.13676	79086	4"
"2021-11-19 00:00:00	1.13677	1.13692	1.12499	1.12794	115118	4"
"2021-11-21 00:00:00	1.12873	1.12907	1.12715	1.12752	2809	28"
"2021-11-22 00:00:00	1.12752	1.12904	1.12306	1.12417	96436	4"
"2021-11-23 00:00:00	1.12415	1.1275	1.12259	1.12445	95147	3"
"2021-11-24 00:00:00	1.12444	1.12552	1.11859	1.12025	100451	3"
"2021-11-25 00:00:00	1.12025	1.12296	1.12025	1.12091	52745	4"
"2021-11-26 00:00:00	1.12091	1.13301	1.12067	1.13071	135990	3"
"2021-11-28 00:00:00	1.13004	1.13134	1.12803	1.12925	7127	23"
"2021-11-29 00:00:00	1.12925	1.13003	1.12583	1.12925	97316	4"
"2021-11-30 00:00:00	1.12925	1.13828	1.12349	1.13299	162825	3"
"2021-12-01 00:00:00	1.13298	1.13596	1.13025	1.13187	116514	3"
"2021-12-02 00:00:00	1.13189	1.13476	1.12953	1.13057	86981	4"
"2021-12-03 00:00:00	1.13057	1.13333	1.12665	1.13117	120078	3"
"2021-12-05 00:00:00	1.13046	1.13129	1.13014	1.1304	4166	26"
"2021-12-06 00:00:00	1.1304	1.13101	1.12663	1.12834	74963	3"
"2021-12-07 00:00:00	1.12833	1.12984	1.12275	1.12723	69266	4"
"2021-12-08 00:00:00	1.12725	1.13547	1.12667	1.13441	86382	4"
"2021-12-09 00:00:00	1.13441	1.13442	1.12783	1.12936	60464	4"
"2021-12-10 00:00:00	1.12935	1.13239	1.12651	1.13146	72815	3"
"2021-12-12 00:00:00	1.131	1.13192	1.13038	1.13106	2019	79"
"2021-12-13 00:00:00	1.13106	1.1314	1.126	1.12834	71924	4"
"2021-12-14 00:00:00	1.12834	1.13238	1.12535	1.12575	79144	3"
"2021-12-15 00:00:00	1.12575	1.12991	1.12215	1.12902	114369	4"
"2021-12-16 00:00:00	1.12903	1.13603	1.12811	1.13336	81934	4"
"2021-12-17 00:00:00	1.13335	1.13488	1.1235	1.1237	71994	4"
"2021-12-19 00:00:00	1.12371	1.12439	1.12344	1.12428	1888	60"
"2021-12-20 00:00:00	1.12426	1.13037	1.12363	1.12771	69760	4"
"2021-12-21 00:00:00	1.12771	1.13026	1.12607	1.12871	62672	4"
"2021-12-22 00:00:00	1.12872	1.13423	1.12644	1.13265	62053	4"
"2021-12-23 00:00:00	1.13263	1.13422	1.129	1.13228	68005	3"
"2021-12-24 00:00:00	1.13227	1.13433	1.13031	1.13102	192209	6"
"2021-12-26 00:00:00	1.13101	1.1326	1.13076	1.13231	2802	90"
"2021-12-27 00:00:00	1.13233	1.13344	1.13028	1.13294	38897	4"
"2021-12-28 00:00:00	1.13293	1.13331	1.12895	1.1313	44450	5"
"2021-12-29 00:00:00	1.13131	1.13688	1.12737	1.13595	66811	4"
"2021-12-30 00:00:00	1.13595	1.13597	1.12984	1.13222	55406	4"
"2021-12-31 00:00:00	1.13219	1.13863	1.13032	1.13667	48337	4"
"2022-01-02 00:00:00	1.1369	1.13782	1.13649	1.13727	2817	86"
"2022-01-03 00:00:00	1.13726	1.13755	1.12797	1.13017	83809	4"
"2022-01-04 00:00:00	1.13016	1.13224	1.12721	1.12827	101714	5"
"2022-01-05 00:00:00	1.12826	1.13463	1.12769	1.13105	97815	4"
"2022-01-06 00:00:00	1.13104	1.13318	1.12845	1.12949	108723	4"
"2022-01-07 00:00:00	1.12947	1.13647	1.12899	1.13593	83272	4"
"2022-01-09 00:00:00	1.13515	1.13602	1.13497	1.13534	4989	24"
"2022-01-10 00:00:00	1.13533	1.1358	1.12847	1.13299	88758	4"
"2022-01-11 00:00:00	1.13297	1.13752	1.1313	1.13658	67567	5"
"2022-01-12 00:00:00	1.13657	1.14526	1.13547	1.14394	79096	4"
"2022-01-13 00:00:00	1.14393	1.14817	1.14357	1.14564	72099	4"
"2022-01-14 00:00:00	1.14564	1.14827	1.13984	1.1409	75127	3"
"2022-01-16 00:00:00	1.14118	1.14156	1.14056	1.14112	2655	80"
"2022-01-17 00:00:00	1.14111	1.14344	1.13917	1.141	48796	3"
"2022-01-18 00:00:00	1.14099	1.14214	1.13146	1.13286	89419	4"
"2022-01-19 00:00:00	1.13289	1.13571	1.13187	1.13429	71206	4"
"2022-01-20 00:00:00	1.13427	1.13688	1.13031	1.13128	76310	5"
"2022-01-21 00:00:00	1.13129	1.13596	1.13009	1.13418	70299	3"
"2022-01-23 00:00:00	1.13396	1.1345	1.13365	1.13409	3556	63"
"2022-01-24 00:00:00	1.1341	1.1341	1.12904	1.13236	101154	5"
"2022-01-25 00:00:00	1.13235	1.1324	1.12631	1.13028	82892	4"
"2022-01-26 00:00:00	1.13028	1.13107	1.12354	1.12405	103107	4"
"2022-01-27 00:00:00	1.12405	1.12432	1.11312	1.11445	107566	4"
"2022-01-28 00:00:00	1.11446	1.11735	1.11213	1.1145	107496	3"
"2022-01-30 00:00:00	1.11422	1.11524	1.1138	1.11519	2785	37"
"2022-01-31 00:00:00	1.11519	1.12478	1.1144	1.12292	97023	4"
"2022-02-01 00:00:00	1.12293	1.12786	1.12209	1.1273	86146	4"
"2022-02-02 00:00:00	1.12728	1.133	1.12665	1.12992	69268	4"
"2022-02-03 00:00:00	1.12992	1.14514	1.12672	1.14355	130901	5"
"2022-02-04 00:00:00	1.14352	1.14837	1.14115	1.14477	104194	4"
"2022-02-06 00:00:00	1.14638	1.14646	1.14513	1.14544	2997	36"
"2022-02-07 00:00:00	1.14545	1.14587	1.14151	1.1441	89957	4"
"2022-02-08 00:00:00	1.14411	1.14487	1.13961	1.14205	76719	3"
"2022-02-09 00:00:00	1.14208	1.14477	1.14024	1.14211	67307	3"
"2022-02-10 00:00:00	1.14211	1.14948	1.13748	1.14112	119376	4"
"2022-02-11 00:00:00	1.1411	1.1418	1.13296	1.13463	131873	5"
"2022-02-13 00:00:00	1.13369	1.13672	1.13365	1.13643	11034	27"
"2022-02-14 00:00:00	1.13642	1.1369	1.12799	1.13056	119552	3"
"2022-02-15 00:00:00	1.13057	1.13681	1.13031	1.13551	93196	5"
"2022-02-16 00:00:00	1.1355	1.13957	1.13449	1.13728	86240	3"
"2022-02-17 00:00:00	1.13726	1.1386	1.1323	1.13637	120504	4"
"2022-02-18 00:00:00	1.13636	1.13769	1.1314	1.13203	84889	4"
"2022-02-20 00:00:00	1.13186	1.13253	1.13131	1.13164	4047	45"
"2022-02-21 00:00:00	1.1317	1.13905	1.12963	1.13092	78905	4"
"2022-02-22 00:00:00	1.13092	1.13667	1.1288	1.13287	110959	4"
"2022-02-23 00:00:00	1.13286	1.13588	1.13001	1.13053	70136	4"
"2022-02-24 00:00:00	1.13055	1.1306	1.11062	1.11905	224377	4"
"2022-02-25 00:00:00	1.11906	1.12739	1.11659	1.12719	142592	4"
"2022-02-27 00:00:00	1.11237	1.11882	1.11225	1.118	27450	49"
"2022-02-28 00:00:00	1.11801	1.12464	1.11421	1.12141	172334	6"
"2022-03-01 00:00:00	1.1214	1.12329	1.10896	1.11322	142107	5"
"2022-03-02 00:00:00	1.11321	1.11437	1.10573	1.11123	167070	4"
"2022-03-03 00:00:00	1.11119	1.11152	1.10334	1.10656	108901	5"
"2022-03-04 00:00:00	1.10656	1.10665	1.08856	1.09311	160045	5"
"2022-03-06 00:00:00	1.09199	1.09287	1.08634	1.08736	11051	24"
"2022-03-07 00:00:00	1.08734	1.09325	1.08059	1.0866	240228	4"
"2022-03-08 00:00:00	1.0866	1.09582	1.08489	1.08978	204117	4"
"2022-03-09 00:00:00	1.08984	1.10951	1.08965	1.10733	137069	5"
"2022-03-10 00:00:00	1.10732	1.11212	1.0976	1.10133	176460	4"
"2022-03-11 00:00:00	1.10132	1.10435	1.09018	1.09099	170886	5"
"2022-03-13 00:00:00	1.09205	1.09387	1.09099	1.09316	10325	64"
"2022-03-14 00:00:00	1.09317	1.09938	1.09005	1.09426	193943	5"
"2022-03-15 00:00:00	1.09426	1.10196	1.0926	1.09667	230307	5"
"2022-03-16 00:00:00	1.09668	1.10466	1.095	1.10214	247686	4"
"2022-03-17 00:00:00	1.10216	1.11375	1.10201	1.1099	156210	4"
"2022-03-18 00:00:00	1.10991	1.11186	1.1003	1.10492	158697	4"
"2022-03-20 00:00:00	1.10561	1.10584	1.10408	1.10424	7803	61"
"2022-03-21 00:00:00	1.10423	1.10701	1.10102	1.10167	147088	6"
"2022-03-22 00:00:00	1.10166	1.10457	1.09608	1.10293	216645	4"
"2022-03-23 00:00:00	1.10296	1.10397	1.09639	1.10058	154731	4"
"2022-03-24 00:00:00	1.10058	1.10136	1.09659	1.10083	169412	4"
"2022-03-25 00:00:00	1.10086	1.10376	1.09797	1.09805	200806	5"
"2022-03-27 00:00:00	1.09845	1.09869	1.09772	1.09812	11804	58"
"2022-03-28 00:00:00	1.09814	1.09995	1.09446	1.09911	206029	5"
"2022-03-29 00:00:00	1.09911	1.1137	1.0969	1.10909	271953	4"
"2022-03-30 00:00:00	1.1091	1.1171	1.10878	1.11613	275564	4"
"2022-03-31 00:00:00	1.11611	1.11848	1.10608	1.10726	186689	4"
"2022-04-01 00:00:00	1.10727	1.10757	1.10279	1.10427	185473	4"
"2022-04-03 00:00:00	1.10301	1.10456	1.10301	1.10454	3375	78"
"2022-04-04 00:00:00	1.10458	1.10544	1.09603	1.09749	91177	5"
"2022-04-05 00:00:00	1.09748	1.09886	1.09	1.09058	84873	6"
"2022-04-06 00:00:00	1.09058	1.09379	1.08745	1.08975	131973	4"
"2022-04-07 00:00:00	1.08975	1.09383	1.08602	1.0864	183590	5"
"2022-04-08 00:00:00	1.08638	1.08917	1.08364	1.08744	114954	5"
"2022-04-10 00:00:00	1.09202	1.09202	1.08841	1.08841	10480	41"
"2022-04-11 00:00:00	1.08842	1.09332	1.08727	1.08769	133208	5"
"2022-04-12 00:00:00	1.08769	1.09036	1.08211	1.0826	232649	4"
"2022-04-13 00:00:00	1.08259	1.08973	1.08088	1.0895	219770	3"
"2022-04-14 00:00:00	1.08951	1.09233	1.07575	1.08209	290589	4"
"2022-04-15 00:00:00	1.08211	1.08236	1.07964	1.08057	146611	18"
"2022-04-17 00:00:00	1.08029	1.08216	1.08009	1.08139	18370	43"
"2022-04-18 00:00:00	1.08138	1.08156	1.07698	1.07799	146890	4"
"2022-04-19 00:00:00	1.07799	1.08145	1.0761	1.07941	191598	4"
"2022-04-20 00:00:00	1.07942	1.0867	1.07838	1.08493	157747	4"
"2022-04-21 00:00:00	1.08491	1.09362	1.08234	1.08349	245175	4"
"2022-04-22 00:00:00	1.08349	1.08515	1.07707	1.07947	212075	5"
"2022-04-24 00:00:00	1.08041	1.08153	1.0796	1.08093	13957	118"
"2022-04-25 00:00:00	1.08093	1.08119	1.06966	1.07124	287508	4"
"2022-04-26 00:00:00	1.07124	1.07386	1.06348	1.06424	228735	4"
"2022-04-27 00:00:00	1.06425	1.06546	1.05145	1.05541	252843	4"
"2022-04-28 00:00:00	1.05541	1.05647	1.0471	1.05029	273835	4"
"2022-04-29 00:00:00	1.05032	1.05928	1.05019	1.05409	218564	5"
"2022-05-01 00:00:00	1.05444	1.05597	1.05343	1.05349	22362	60"
"2022-05-02 00:00:00	1.05347	1.05682	1.04901	1.05096	249802	5"
"2022-05-03 00:00:00	1.05095	1.05776	1.04921	1.05251	218560	3"
"2022-05-04 00:00:00	1.05252	1.06309	1.05059	1.06202	310241	4"
"2022-05-05 00:00:00	1.06206	1.06417	1.04925	1.05394	319134	3"
"2022-05-06 00:00:00	1.05394	1.05988	1.04826	1.05452	379187	4"
"2022-05-08 00:00:00	1.05398	1.05426	1.05307	1.0532	12168	86"
"2022-05-09 00:00:00	1.05319	1.05924	1.04951	1.05631	248341	3"
"2022-05-10 00:00:00	1.05633	1.05852	1.05253	1.05289	229401	3"
"2022-05-11 00:00:00	1.05289	1.05771	1.05017	1.05117	321307	4"
"2022-05-12 00:00:00	1.05116	1.05292	1.03539	1.03784	352384	5"
"2022-05-13 00:00:00	1.03783	1.04195	1.03496	1.04116	146734	5"
"2022-05-15 00:00:00	1.03952	1.04138	1.03906	1.0398	15223	231"
"2022-05-16 00:00:00	1.03984	1.0443	1.03889	1.0439	194185	4"
"2022-05-17 00:00:00	1.0439	1.05556	1.04318	1.05487	237886	4"
"2022-05-18 00:00:00	1.05485	1.05636	1.04597	1.04729	143214	5"
"2022-05-19 00:00:00	1.04729	1.0607	1.0465	1.05795	271511	5"
"2022-05-20 00:00:00	1.05795	1.0599	1.05328	1.0561	178564	4"
"2022-05-22 00:00:00	1.05601	1.05777	1.05552	1.05689	17376	75"
"2022-05-23 00:00:00	1.05688	1.06973	1.05679	1.06837	217209	5"
"2022-05-24 00:00:00	1.06836	1.07485	1.06608	1.07326	162455	4"
"2022-05-25 00:00:00	1.07326	1.07365	1.06421	1.06869	180369	4"
"2022-05-26 00:00:00	1.06866	1.07344	1.06624	1.07324	154693	5"
"2022-05-27 00:00:00	1.07324	1.0765	1.06968	1.07317	131294	4"
"2022-05-29 00:00:00	1.07347	1.0736	1.07261	1.0729	8187	65"
"2022-05-30 00:00:00	1.07291	1.07867	1.07267	1.07729	135170	5"
"2022-05-31 00:00:00	1.07731	1.07744	1.06789	1.0734	242941	4"
"2022-06-01 00:00:00	1.0734	1.07393	1.06271	1.06509	174063	4"
"2022-06-02 00:00:00	1.06509	1.0751	1.06447	1.075	125084	3"
"2022-06-03 00:00:00	1.075	1.07643	1.0704	1.07169	105024	4"
"2022-06-05 00:00:00	1.07167	1.07298	1.07117	1.07252	8367	184"
"2022-06-06 00:00:00	1.07254	1.07518	1.06838	1.06896	121387	4"
"2022-06-07 00:00:00	1.06896	1.07142	1.06519	1.06972	171180	4"
"2022-06-08 00:00:00	1.06975	1.07484	1.06713	1.07168	149960	4"
"2022-06-09 00:00:00	1.07168	1.07738	1.0611	1.0619	244834	5"
"2022-06-10 00:00:00	1.0619	1.06422	1.05057	1.05137	182085	4"
"2022-06-12 00:00:00	1.0513	1.05201	1.04861	1.04907	29208	42"
"2022-06-13 00:00:00	1.04907	1.04955	1.03997	1.04148	267664	5"
"2022-06-14 00:00:00	1.04148	1.04846	1.0397	1.04367	254876	4"
"2022-06-15 00:00:00	1.04368	1.05077	1.0359	1.04573	389862	4"
"2022-06-16 00:00:00	1.04573	1.06014	1.03808	1.05464	331900	5"
"2022-06-17 00:00:00	1.05465	1.0552	1.04444	1.04934	272410	4"
"2022-06-19 00:00:00	1.04731	1.04926	1.04729	1.04898	6419	55"
"2022-06-20 00:00:00	1.04897	1.05458	1.04848	1.05172	158764	5"
"2022-06-21 00:00:00	1.05173	1.05824	1.05131	1.05312	177049	4"
"2022-06-22 00:00:00	1.05311	1.06057	1.04687	1.05646	241056	5"
"2022-06-23 00:00:00	1.05646	1.0581	1.04826	1.05192	292510	5"
"2022-06-24 00:00:00	1.05192	1.05712	1.0512	1.05519	150657	5"
"2022-06-26 00:00:00	1.05479	1.05746	1.05457	1.05665	13874	105"
"2022-06-27 00:00:00	1.05665	1.0615	1.05502	1.05797	197789	4"
"2022-06-28 00:00:00	1.05797	1.06061	1.05032	1.0522	276169	5"
"2022-06-29 00:00:00	1.05219	1.05354	1.04352	1.04456	304392	5"
"2022-06-30 00:00:00	1.04456	1.04887	1.03824	1.04783	261479	5"
"2022-07-01 00:00:00	1.04783	1.04783	1.03658	1.04262	165750	5"
"2022-07-03 00:00:00	1.04174	1.0437	1.04142	1.04322	7593	152"
"2022-07-04 00:00:00	1.04322	1.04627	1.0417	1.04326	166734	5"
"2022-07-05 00:00:00	1.04325	1.04485	1.0235	1.02565	287918	5"
"2022-07-06 00:00:00	1.02564	1.02765	1.01614	1.01843	259769	4"
"2022-07-07 00:00:00	1.01841	1.02209	1.01439	1.01683	117518	5"
"2022-07-08 00:00:00	1.01682	1.01912	1.0072	1.01822	222561	5"
"2022-07-10 00:00:00	1.01697	1.01834	1.01648	1.01672	6188	140"
"2022-07-11 00:00:00	1.01674	1.01675	1.00336	1.00458	305614	6"
"2022-07-12 00:00:00	1.00456	1.00738	0.99999	1.003	340183	4"
"2022-07-13 00:00:00	1.003	1.01222	0.99979	1.00342	391911	5"
"2022-07-14 00:00:00	1.00341	1.00503	0.99521	1.00263	482203	4"
"2022-07-15 00:00:00	1.00263	1.00979	1.00068	1.00821	251946	5"
"2022-07-17 00:00:00	1.00811	1.00978	1.00785	1.00972	8001	53"
"2022-07-18 00:00:00	1.00972	1.02011	1.00812	1.01463	227748	5"
"2022-07-19 00:00:00	1.01464	1.0269	1.01195	1.02307	284251	5"
"2022-07-20 00:00:00	1.02308	1.02729	1.01553	1.01807	216218	6"
"2022-07-21 00:00:00	1.01808	1.02781	1.01531	1.022	297972	4"
"2022-07-22 00:00:00	1.022	1.02553	1.01297	1.02119	322504	4"
"2022-07-24 00:00:00	1.02083	1.02185	1.01989	1.01991	15457	65"
"2022-07-25 00:00:00	1.01992	1.02578	1.01784	1.02229	311392	5"
"2022-07-26 00:00:00	1.02229	1.025	1.01074	1.01285	262722	6"
"2022-07-27 00:00:00	1.01285	1.02206	1.00966	1.02052	253438	5"
"2022-07-28 00:00:00	1.02052	1.02343	1.01138	1.01918	307902	4"
"2022-07-29 00:00:00	1.0192	1.02542	1.0146	1.02248	420709	5"
"2022-07-31 00:00:00	1.02098	1.0224	1.02053	1.02102	22908	133"
"2022-08-01 00:00:00	1.02102	1.02751	1.02075	1.02627	531554	6"
"2022-08-02 00:00:00	1.02629	1.02939	1.01545	1.01563	646775	6"
"2022-08-03 00:00:00	1.01562	1.02102	1.01226	1.01565	615301	5"
"2022-08-04 00:00:00	1.01563	1.02537	1.01542	1.02472	464596	5"
"2022-08-05 00:00:00	1.02472	1.02482	1.01415	1.01825	376918	5"
"2022-08-07 00:00:00	1.01726	1.01786	1.01691	1.01719	8898	61"
"2022-08-08 00:00:00	1.01718	1.02217	1.0159	1.01978	229708	6"
"2022-08-09 00:00:00	1.01976	1.02472	1.01885	1.02079	248238	5"
"2022-08-10 00:00:00	1.02077	1.03685	1.0202	1.02986	430040	6"
"2022-08-11 00:00:00	1.02986	1.03642	1.02752	1.03203	481458	6"
"2022-08-12 00:00:00	1.03202	1.03251	1.0238	1.0259	399301	5"
"2022-08-14 00:00:00	1.02551	1.02629	1.02534	1.02534	14566	82"
"2022-08-15 00:00:00	1.02533	1.02682	1.01533	1.01613	402574	6"
"2022-08-16 00:00:00	1.01614	1.01948	1.01225	1.01694	420085	5"
"2022-08-17 00:00:00	1.01696	1.02029	1.01453	1.01773	433019	5"
"2022-08-18 00:00:00	1.01774	1.01929	1.00795	1.00893	393063	5"
"2022-08-19 00:00:00	1.00893	1.00954	1.00318	1.00326	371416	5"
"2022-08-21 00:00:00	1.00366	1.00404	1.00302	1.0036	24610	98"
"2022-08-22 00:00:00	1.00361	1.00466	0.9926	0.9938	417890	6"
"2022-08-23 00:00:00	0.99381	1.00181	0.99002	0.99662	525647	5"
"2022-08-24 00:00:00	0.99661	0.99993	0.99099	0.99677	470313	6"
"2022-08-25 00:00:00	0.99677	1.00334	0.9949	0.99706	498643	5"
"2022-08-26 00:00:00	0.99704	1.00898	0.99463	0.99623	418090	5"
"2022-08-28 00:00:00	0.99657	0.9967	0.99349	0.99359	27557	15"
"2022-08-29 00:00:00	0.99362	1.00291	0.99141	1.00107	408621	5"
"2022-08-30 00:00:00	1.00105	1.00547	0.99818	1.00234	539444	5"
"2022-08-31 00:00:00	1.00233	1.0079	0.99712	1.0038	558595	5"
"2022-09-01 00:00:00	1.0038	1.00485	0.99107	0.99514	533872	5"
"2022-09-02 00:00:00	0.99515	1.00335	0.99449	0.99515	537398	5"
"2022-09-04 00:00:00	0.99285	0.99347	0.9903	0.99077	31954	53"
"2022-09-05 00:00:00	0.99075	0.99518	0.98772	0.995	392837	5"
"2022-09-06 00:00:00	0.99501	0.99862	0.98638	0.9897	611596	5"
"2022-09-07 00:00:00	0.98971	1.00128	0.98756	0.99976	527846	6"
"2022-09-08 00:00:00	0.99981	1.00294	0.99303	1.00097	512440	6"
"2022-09-09 00:00:00	1.00096	1.01131	1.00083	1.00425	346942	5"
"2022-09-11 00:00:00	1.01039	1.01039	1.00596	1.00702	23797	53"
"2022-09-12 00:00:00	1.00703	1.01977	1.00629	1.0129	387454	5"
"2022-09-13 00:00:00	1.0129	1.0187	0.99554	0.99778	549652	6"
"2022-09-14 00:00:00	0.99779	1.00234	0.99595	0.9982	635062	6"
"2022-09-15 00:00:00	0.99819	1.00177	0.99556	0.99874	491280	5"
"2022-09-16 00:00:00	0.99876	1.00363	0.99448	1.00146	493550	5"
"2022-09-18 00:00:00	1.00072	1.00285	1.00047	1.0022	18424	96"
"2022-09-19 00:00:00	1.00219	1.00322	0.99657	1.00297	382034	5"
"2022-09-20 00:00:00	1.00297	1.00504	0.9955	0.9971	427112	5"
"2022-09-21 00:00:00	0.9971	0.9975	0.98128	0.98313	652430	6"
"2022-09-22 00:00:00	0.98316	0.99074	0.9808	0.98383	784106	5"
"2022-09-23 00:00:00	0.98384	0.98517	0.9668	0.96885	704840	5"
"2022-09-25 00:00:00	0.96666	0.97098	0.96666	0.96855	33420	66"
"2022-09-26 00:00:00	0.96854	0.97013	0.95503	0.962	1023468	6"
"2022-09-27 00:00:00	0.96201	0.96707	0.95689	0.95953	687172	6"
"2022-09-28 00:00:00	0.95953	0.97508	0.95357	0.97054	964531	6"
"2022-09-29 00:00:00	0.97055	0.98437	0.96353	0.98291	712727	4"
"2022-09-30 00:00:00	0.98292	0.98537	0.97346	0.98013	555826	5"
"2022-10-02 00:00:00	0.97933	0.98086	0.97891	0.97932	29279	102"
"2022-10-03 00:00:00	0.97931	0.98445	0.97525	0.98334	702908	6"
"2022-10-04 00:00:00	0.98335	0.99995	0.9806	0.99836	585303	6"
"2022-10-05 00:00:00	0.99839	0.99947	0.98346	0.99116	551139	5"
"2022-10-06 00:00:00	0.99115	0.99264	0.97862	0.97888	714953	6"
"2022-10-07 00:00:00	0.97888	0.98167	0.97259	0.97388	638962	6"
"2022-10-09 00:00:00	0.97336	0.97395	0.97274	0.97342	28966	65"
"2022-10-10 00:00:00	0.97343	0.97531	0.96815	0.9711	487471	6"
"2022-10-11 00:00:00	0.97112	0.97745	0.96698	0.97004	779381	6"
"2022-10-12 00:00:00	0.97004	0.97346	0.96678	0.97046	759743	6"
"2022-10-13 00:00:00	0.97046	0.98057	0.96315	0.97671	792608	5"
"2022-10-14 00:00:00	0.97669	0.98086	0.9707	0.97182	788496	5"
"2022-10-16 00:00:00	0.97201	0.9743	0.97182	0.97395	33263	67"
"2022-10-17 00:00:00	0.97395	0.9852	0.97197	0.98435	635338	6"
"2022-10-18 00:00:00	0.98434	0.98755	0.98124	0.98625	706947	5"
"2022-10-19 00:00:00	0.98625	0.98667	0.97571	0.97652	669098	6"
"2022-10-20 00:00:00	0.97653	0.98454	0.97544	0.97782	713240	5"
"2022-10-21 00:00:00	0.97785	0.98689	0.97048	0.98613	880021	4"
"2022-10-23 00:00:00	0.98712	0.9899	0.98308	0.98595	85665	41"
"2022-10-24 00:00:00	0.98594	0.98935	0.98067	0.98842	871402	7"
"2022-10-25 00:00:00	0.98842	0.99768	0.98484	0.99616	672158	5"
"2022-10-26 00:00:00	0.99617	1.00934	0.99434	1.00932	653229	6"
"2022-10-27 00:00:00	1.00932	1.00934	0.99575	0.99668	603280	5"
"2022-10-28 00:00:00	0.99668	0.9998	0.99265	0.99631	611401	6"
"2022-10-30 00:00:00	0.99464	0.9962	0.99454	0.99543	30264	69"
"2022-10-31 00:00:00	0.99543	0.99656	0.98717	0.98856	450840	6"
"2022-11-01 00:00:00	0.98856	0.99539	0.98527	0.98772	409015	5"
"2022-11-02 00:00:00	0.98772	0.99757	0.98098	0.98138	586641	5"
"2022-11-03 00:00:00	0.98141	0.98394	0.97299	0.97488	592787	5"
"2022-11-04 00:00:00	0.97491	0.99664	0.97472	0.9956	632817	6"
"2022-11-06 00:00:00	0.99036	0.99446	0.99001	0.99281	37533	45"
"2022-11-07 00:00:00	0.99282	1.0034	0.99175	1.00173	584246	6"
"2022-11-08 00:00:00	1.00172	1.00963	0.99715	1.00804	524201	5"
"2022-11-09 00:00:00	1.00804	1.0088	0.99927	1.0019	619172	6"
"2022-11-10 00:00:00	1.0019	1.02218	0.99354	1.01914	702951	5"
"2022-11-11 00:00:00	1.01915	1.0364	1.0163	1.03538	649662	6"
"2022-11-13 00:00:00	1.03354	1.03411	1.03141	1.03266	27161	51"
"2022-11-14 00:00:00	1.03266	1.03584	1.02713	1.03196	630290	8"
"2022-11-15 00:00:00	1.03196	1.04808	1.02799	1.03572	858240	5"
"2022-11-16 00:00:00	1.03574	1.04384	1.03307	1.03932	830624	5"
"2022-11-17 00:00:00	1.03933	1.04065	1.03051	1.03607	603569	6"
"2022-11-18 00:00:00	1.03606	1.03959	1.03134	1.03235	532616	5"
"2022-11-20 00:00:00	1.03227	1.0333	1.03213	1.03304	17529	47"
"2022-11-21 00:00:00	1.03304	1.03327	1.02227	1.0245	569648	7"
"2022-11-22 00:00:00	1.02451	1.03106	1.02417	1.03104	496685	5"
"2022-11-23 00:00:00	1.03105	1.04191	1.02963	1.04175	598472	5"
"2022-11-24 00:00:00	1.04178	1.04484	1.03816	1.04074	449357	6"
"2022-11-25 00:00:00	1.04074	1.04291	1.03546	1.03926	468118	7"
"2022-11-27 00:00:00	1.03716	1.03809	1.03653	1.03666	18143	34"
"2022-11-28 00:00:00	1.03667	1.04967	1.033	1.03433	458332	8"
"2022-11-29 00:00:00	1.03432	1.03942	1.03188	1.03235	673309	6"
"2022-11-30 00:00:00	1.03234	1.04299	1.029	1.04229	746350	6"
"2022-12-01 00:00:00	1.04228	1.05393	1.03929	1.05278	774297	7"
"2022-12-02 00:00:00	1.05278	1.05448	1.0428	1.05325	680638	6"
"2022-12-04 00:00:00	1.05303	1.05436	1.05303	1.05433	17034	45"
"2022-12-05 00:00:00	1.05437	1.05948	1.048	1.04963	572648	6"
"2022-12-06 00:00:00	1.04966	1.05326	1.04591	1.04671	607329	5"
"2022-12-07 00:00:00	1.04671	1.05496	1.04431	1.05117	590686	6"
"2022-12-08 00:00:00	1.05118	1.05647	1.04895	1.05555	527456	6"
"2022-12-09 00:00:00	1.05554	1.05881	1.05027	1.05316	507629	5"
"2022-12-11 00:00:00	1.05264	1.05372	1.05179	1.05209	12889	53"
"2022-12-12 00:00:00	1.05209	1.058	1.05057	1.05413	425944	8"
"2022-12-13 00:00:00	1.05412	1.06731	1.05278	1.06242	501159	5"
"2022-12-14 00:00:00	1.06241	1.0695	1.06187	1.06757	535302	5"
"2022-12-15 00:00:00	1.06758	1.07361	1.05921	1.06385	538039	3"
"2022-12-16 00:00:00	1.06386	1.0663	1.05839	1.05839	457657	5"
"2022-12-18 00:00:00	1.05895	1.05959	1.05824	1.05842	23420	60"
"2022-12-19 00:00:00	1.05842	1.06578	1.05757	1.06121	351932	5"
"2022-12-20 00:00:00	1.0612	1.06584	1.05788	1.0625	590155	5"
"2022-12-21 00:00:00	1.0625	1.06455	1.05901	1.06077	402214	5"
"2022-12-22 00:00:00	1.06077	1.06593	1.0573	1.0601	383306	5"
"2022-12-23 00:00:00	1.0601	1.06328	1.05867	1.06172	375061	9"
"2022-12-25 00:00:00	1.06114	1.06237	1.06064	1.06191	4629	90"
"2022-12-26 00:00:00	1.06196	1.06459	1.05979	1.06397	52289	52"
"2022-12-27 00:00:00	1.06398	1.06694	1.06113	1.06369	281481	5"
"2022-12-28 00:00:00	1.06369	1.06742	1.06065	1.06288	349667	6"
"2022-12-29 00:00:00	1.06287	1.06902	1.06109	1.06601	316408	5"
"2022-12-30 00:00:00	1.06602	1.07131	1.06385	1.07026	393445	5"
"2023-01-01 00:00:00	1.0697	1.07066	1.06788	1.07005	7406	120"
"2023-01-02 00:00:00	1.07007	1.07087	1.06499	1.06765	132610	112"
"2023-01-03 00:00:00	1.06764	1.06801	1.05194	1.05455	524150	5"
"2023-01-04 00:00:00	1.05453	1.06354	1.0545	1.06061	429928	5"
"2023-01-05 00:00:00	1.06058	1.06314	1.05148	1.05208	455229	5"
"2023-01-06 00:00:00	1.05209	1.0648	1.04823	1.06413	432916	5"
"2023-01-08 00:00:00	1.06406	1.06628	1.06381	1.06627	14357	50"
"2023-01-09 00:00:00	1.06628	1.07605	1.06513	1.07326	409030	4"
"2023-01-10 00:00:00	1.07324	1.07592	1.07119	1.07382	404917	5"
"2023-01-11 00:00:00	1.07383	1.07762	1.07254	1.07652	402486	5"
"2023-01-12 00:00:00	1.07652	1.08668	1.07297	1.08595	640649	6"
"2023-01-13 00:00:00	1.08595	1.08679	1.07803	1.08302	480444	5"
"2023-01-15 00:00:00	1.08288	1.0835	1.08201	1.08225	12223	53"
"2023-01-16 00:00:00	1.08224	1.08741	1.08013	1.08294	296368	6"
"2023-01-17 00:00:00	1.08294	1.08693	1.07744	1.07893	489692	6"
"2023-01-18 00:00:00	1.07891	1.08873	1.07661	1.07972	365142	5"
"2023-01-19 00:00:00	1.07974	1.08398	1.07821	1.08333	211431	6"
"2023-01-20 00:00:00	1.08332	1.08587	1.08022	1.08549	156495	6"
"2023-01-22 00:00:00	1.08678	1.08696	1.08611	1.08643	11691	28"
"2023-01-23 00:00:00	1.08639	1.09267	1.08461	1.08711	177247	5"
"2023-01-24 00:00:00	1.08711	1.08978	1.08349	1.08897	320396	4"
"2023-01-25 00:00:00	1.08899	1.09236	1.08571	1.09206	390903	5"
"2023-01-26 00:00:00	1.09206	1.09293	1.08505	1.0893	370180	5"
"2023-01-27 00:00:00	1.0893	1.09001	1.08377	1.08649	300755	6"
"2023-01-29 00:00:00	1.08643	1.08724	1.08595	1.08717	3624	30"
"2023-01-30 00:00:00	1.08718	1.09137	1.08389	1.08499	208037	5"
"2023-01-31 00:00:00	1.085	1.08747	1.08019	1.08606	309286	5"
"2023-02-01 00:00:00	1.08605	1.10327	1.0852	1.10124	460761	5"
"2023-02-02 00:00:00	1.10123	1.10266	1.08851	1.09043	479780	6"
"2023-02-03 00:00:00	1.09044	1.09399	1.07924	1.07929	509141	5"
"2023-02-05 00:00:00	1.0782	1.07981	1.07817	1.07891	17051	22"
"2023-02-06 00:00:00	1.0789	1.07987	1.07092	1.07289	367702	6"
"2023-02-07 00:00:00	1.07288	1.07664	1.0669	1.07301	497515	4"
"2023-02-08 00:00:00	1.07303	1.07607	1.07092	1.07151	341166	5"
"2023-02-09 00:00:00	1.07152	1.07907	1.07093	1.0739	344320	5"
"2023-02-10 00:00:00	1.07391	1.07525	1.06661	1.06754	401909	4"
"2023-02-12 00:00:00	1.06808	1.06821	1.06708	1.06771	9209	45"
"2023-02-13 00:00:00	1.06771	1.07322	1.06553	1.07308	316053	5"
"2023-02-14 00:00:00	1.07308	1.08044	1.07066	1.0735	544864	4"
"2023-02-15 00:00:00	1.07351	1.07443	1.06604	1.06912	441190	5"
"2023-02-16 00:00:00	1.06913	1.07222	1.06544	1.06653	451022	5"
"2023-02-17 00:00:00	1.06653	1.06982	1.06126	1.06929	406116	5"
"2023-02-19 00:00:00	1.06849	1.06933	1.06822	1.06838	16737	66"
"2023-02-20 00:00:00	1.0684	1.07044	1.06701	1.06821	221424	5"
"2023-02-21 00:00:00	1.06821	1.0698	1.06372	1.06512	444087	5"
"2023-02-22 00:00:00	1.06513	1.06638	1.05989	1.06053	374774	5"
"2023-02-23 00:00:00	1.06053	1.06275	1.05769	1.05972	380037	5"
"2023-02-24 00:00:00	1.05973	1.06141	1.05359	1.0545	468224	6"
"2023-02-26 00:00:00	1.05451	1.0555	1.05439	1.05533	6405	60"
"2023-02-27 00:00:00	1.05533	1.06198	1.05328	1.06094	331444	5"
"2023-02-28 00:00:00	1.06094	1.06451	1.05726	1.05766	316235	5"
"2023-03-01 00:00:00	1.05767	1.06913	1.05651	1.06684	463409	6"
"2023-03-02 00:00:00	1.06684	1.06726	1.05764	1.05983	431367	5"
"2023-03-03 00:00:00	1.05982	1.06384	1.05882	1.06337	363832	5"
"2023-03-05 00:00:00	1.06228	1.06288	1.06228	1.06254	8871	32"
"2023-03-06 00:00:00	1.06255	1.06942	1.06219	1.06854	333201	5"
"2023-03-07 00:00:00	1.06853	1.06943	1.0546	1.05481	464528	5"
"2023-03-08 00:00:00	1.05482	1.05738	1.05241	1.05488	401566	6"
"2023-03-09 00:00:00	1.05488	1.0591	1.05378	1.05856	354111	5"
"2023-03-10 00:00:00	1.05855	1.07004	1.05738	1.06387	574192	5"
"2023-03-12 00:00:00	1.06808	1.0703	1.0674	1.0681	47130	35"
"2023-03-13 00:00:00	1.06811	1.07484	1.065	1.07228	757329	5"
"2023-03-14 00:00:00	1.07228	1.07494	1.06787	1.07267	579271	5"
"2023-03-15 00:00:00	1.07267	1.07597	1.05158	1.05814	683834	5"
"2023-03-16 00:00:00	1.05814	1.06353	1.0551	1.06135	609326	5"
"2023-03-17 00:00:00	1.06136	1.06852	1.06116	1.06647	329382	3"
"2023-03-19 00:00:00	1.06885	1.06886	1.06661	1.06804	12106	45"
"2023-03-20 00:00:00	1.06806	1.07309	1.06311	1.07185	483790	4"
"2023-03-21 00:00:00	1.07185	1.07886	1.07038	1.07727	397999	3"
"2023-03-22 00:00:00	1.07725	1.09124	1.0759	1.08688	459063	4"
"2023-03-23 00:00:00	1.08689	1.09296	1.0824	1.08345	524220	3"
"2023-03-24 00:00:00	1.08347	1.0837	1.07131	1.07566	537565	3"
"2023-03-26 00:00:00	1.07752	1.07798	1.07648	1.07776	18000	18"
"2023-03-27 00:00:00	1.07775	1.08076	1.07449	1.08062	334569	3"
"2023-03-28 00:00:00	1.08061	1.08485	1.08033	1.08388	332251	3"
"2023-03-29 00:00:00	1.0839	1.08713	1.08177	1.08425	306745	3"
"2023-03-30 00:00:00	1.08424	1.09262	1.08235	1.09041	286141	3"
"2023-03-31 00:00:00	1.0904	1.09257	1.08368	1.08386	347824	3"
"2023-04-02 00:00:00	1.08398	1.0844	1.08011	1.08023	19593	52"
"2023-04-03 00:00:00	1.08024	1.09165	1.07882	1.09066	336845	4"
"2023-04-04 00:00:00	1.09067	1.09733	1.08828	1.09575	373191	3"
"2023-04-05 00:00:00	1.09576	1.09695	1.0891	1.09029	337708	2"
"2023-04-06 00:00:00	1.09029	1.09375	1.08845	1.09194	275649	3"
"2023-04-07 00:00:00	1.09195	1.0924	1.08762	1.09029	82561	3"
"2023-04-09 00:00:00	1.0898	1.09134	1.0898	1.09129	9995	96"
"2023-04-10 00:00:00	1.09132	1.09171	1.08313	1.08687	209443	4"
"2023-04-11 00:00:00	1.08687	1.09279	1.0867	1.09163	296029	3"
"2023-04-12 00:00:00	1.09163	1.10004	1.09147	1.09968	333074	3"
"2023-04-13 00:00:00	1.09967	1.10676	1.09767	1.10516	295954	4"
"2023-04-14 00:00:00	1.10517	1.10758	1.09722	1.09922	339936	3"
"2023-04-16 00:00:00	1.09888	1.09942	1.09832	1.09843	10761	50"
"2023-04-17 00:00:00	1.09844	1.09997	1.09091	1.09244	292657	3"
"2023-04-18 00:00:00	1.09245	1.09828	1.09222	1.09748	287234	3"
"2023-04-19 00:00:00	1.09749	1.0984	1.09172	1.09516	313164	3"
"2023-04-20 00:00:00	1.09517	1.09895	1.09334	1.09676	336199	3"
"2023-04-21 00:00:00	1.09676	1.09936	1.0938	1.09874	323563	3"
"2023-04-23 00:00:00	1.09913	1.09962	1.09864	1.09916	10200	16"
"2023-04-24 00:00:00	1.09916	1.1057	1.09658	1.1057	295866	2"
"2023-04-25 00:00:00	1.10573	1.1067	1.09641	1.09779	344208	3"
"2023-04-26 00:00:00	1.09778	1.10952	1.09683	1.1045	394520	3"
"2023-04-27 00:00:00	1.1045	1.10634	1.0992	1.10315	345804	3"
"2023-04-28 00:00:00	1.10315	1.10449	1.09624	1.10144	413661	3"
"2023-04-30 00:00:00	1.1024	1.1027	1.101	1.10105	12345	54"
"2023-05-01 00:00:00	1.10106	1.10355	1.09643	1.09687	245755	3"
"2023-05-02 00:00:00	1.09687	1.10137	1.09422	1.10107	354489	3"
"2023-05-03 00:00:00	1.1011	1.10916	1.10048	1.10685	406547	3"
"2023-05-04 00:00:00	1.10686	1.10917	1.0986	1.10229	451722	3"
"2023-05-05 00:00:00	1.10229	1.10477	1.09667	1.10162	331812	3"
"2023-05-07 00:00:00	1.10209	1.10228	1.10141	1.10181	11059	69"
"2023-05-08 00:00:00	1.10182	1.10535	1.09953	1.09965	248348	3"
"2023-05-09 00:00:00	1.09962	1.10007	1.0941	1.09645	276982	3"
"2023-05-10 00:00:00	1.09644	1.10068	1.09414	1.09824	321988	3"
"2023-05-11 00:00:00	1.09826	1.09981	1.09	1.09122	366846	3"
"2023-05-12 00:00:00	1.09122	1.09354	1.08476	1.08477	269782	3"
"2023-05-14 00:00:00	1.0861	1.08618	1.08453	1.08527	7654	25"
"2023-05-15 00:00:00	1.08526	1.08908	1.0848	1.08735	266445	3"
"2023-05-16 00:00:00	1.08736	1.09046	1.0855	1.08653	328202	3"
"2023-05-17 00:00:00	1.08653	1.08736	1.08102	1.08378	327774	3"
"2023-05-18 00:00:00	1.08377	1.08479	1.07624	1.07749	315432	3"
"2023-05-19 00:00:00	1.07749	1.08287	1.076	1.08019	358645	3"
"2023-05-21 00:00:00	1.08043	1.08241	1.08043	1.08218	8383	71"
"2023-05-22 00:00:00	1.08219	1.08313	1.07955	1.08104	337018	3"
"2023-05-23 00:00:00	1.08105	1.08204	1.07601	1.07691	330246	3"
"2023-05-24 00:00:00	1.0769	1.08012	1.07421	1.07555	385438	3"
"2023-05-25 00:00:00	1.07556	1.07556	1.07073	1.07234	357663	3"
"2023-05-26 00:00:00	1.07233	1.07585	1.07018	1.07227	330320	3"
"2023-05-28 00:00:00	1.07201	1.07292	1.07158	1.07214	11627	30"
"2023-05-29 00:00:00	1.07214	1.07434	1.07054	1.07067	140599	3"
"2023-05-30 00:00:00	1.07067	1.07465	1.06725	1.07316	333124	3"
"2023-05-31 00:00:00	1.07316	1.07356	1.06352	1.06933	330356	3"
"2023-06-01 00:00:00	1.06934	1.07684	1.06617	1.07604	336324	3"
"2023-06-02 00:00:00	1.07603	1.07789	1.0705	1.07063	292319	3"
"2023-06-04 00:00:00	1.07098	1.07107	1.06937	1.06967	12348	47"
"2023-06-05 00:00:00	1.0697	1.07224	1.06744	1.07113	254750	3"
"2023-06-06 00:00:00	1.07112	1.07328	1.06669	1.06984	241566	3"
"2023-06-07 00:00:00	1.06985	1.07396	1.06682	1.07069	250359	4"
"2023-06-08 00:00:00	1.0707	1.07869	1.07009	1.07818	255511	3"
"2023-06-09 00:00:00	1.07819	1.0785	1.07428	1.07456	223924	3"
"2023-06-11 00:00:00	1.07459	1.07515	1.07431	1.07499	6871	71"
"2023-06-12 00:00:00	1.07499	1.079	1.0733	1.07622	261307	3"
"2023-06-13 00:00:00	1.07621	1.08234	1.07591	1.07895	300942	3"
"2023-06-14 00:00:00	1.07896	1.0864	1.07739	1.08427	306829	3"
"2023-06-15 00:00:00	1.08427	1.09525	1.08036	1.09455	317368	3"
"2023-06-16 00:00:00	1.09455	1.09704	1.09178	1.09376	291965	3"
"2023-06-18 00:00:00	1.09302	1.09429	1.09301	1.09397	7845	121"
"2023-06-19 00:00:00	1.09398	1.09462	1.0907	1.09235	197158	3"
"2023-06-20 00:00:00	1.09234	1.09461	1.08921	1.09198	343028	3"
"2023-06-21 00:00:00	1.09197	1.09923	1.09058	1.09915	352561	3"
"2023-06-22 00:00:00	1.09916	1.10122	1.09485	1.09554	332254	2"
"2023-06-23 00:00:00	1.09555	1.09585	1.08443	1.08905	340802	3"
"2023-06-25 00:00:00	1.09042	1.0907	1.08978	1.09062	15095	29"
"2023-06-26 00:00:00	1.09064	1.092	1.08873	1.09099	265853	3"
"2023-06-27 00:00:00	1.09097	1.09766	1.09021	1.09575	333929	3"
"2023-06-28 00:00:00	1.09574	1.09621	1.08968	1.09151	345617	3"
"2023-06-29 00:00:00	1.09151	1.09414	1.08601	1.08673	345957	3"
"2023-06-30 00:00:00	1.08673	1.09317	1.08352	1.09095	361724	3"
"2023-07-02 00:00:00	1.09094	1.0913	1.09064	1.09075	8635	49"
"2023-07-03 00:00:00	1.09075	1.09339	1.08702	1.09128	282280	4"
"2023-07-04 00:00:00	1.09127	1.09163	1.08768	1.08824	164443	3"
"2023-07-05 00:00:00	1.08827	1.09078	1.08509	1.08551	288019	3"
"2023-07-06 00:00:00	1.08554	1.09006	1.08337	1.08896	399508	3"
"2023-07-07 00:00:00	1.08895	1.09731	1.08669	1.09646	356995	3"
"2023-07-09 00:00:00	1.09593	1.09697	1.09563	1.09669	12033	58"
"2023-07-10 00:00:00	1.0967	1.10058	1.09434	1.10052	306354	3"
"2023-07-11 00:00:00	1.10053	1.10269	1.09768	1.10136	304271	3"
"2023-07-12 00:00:00	1.10137	1.11405	1.10119	1.11405	368377	3"
"2023-07-13 00:00:00	1.11406	1.12296	1.11298	1.12234	356636	3"
"2023-07-14 00:00:00	1.12235	1.12448	1.12041	1.12235	334020	3"
"2023-07-16 00:00:00	1.12284	1.1234	1.12232	1.12273	9701	75"
"2023-07-17 00:00:00	1.12271	1.12487	1.12033	1.12373	216804	3"
"2023-07-18 00:00:00	1.12374	1.12756	1.12089	1.12281	349556	3"
"2023-07-19 00:00:00	1.12282	1.124	1.11742	1.12049	334460	3"
"2023-07-20 00:00:00	1.12048	1.12291	1.11184	1.11344	312290	3"
"2023-07-21 00:00:00	1.11345	1.11449	1.11079	1.11244	266398	3"
"2023-07-23 00:00:00	1.11197	1.11321	1.11197	1.11243	6829	91"
"2023-07-24 00:00:00	1.11244	1.11469	1.10597	1.1063	328345	3"
"2023-07-25 00:00:00	1.1063	1.10868	1.10207	1.10499	305305	3"
"2023-07-26 00:00:00	1.105	1.11066	1.10377	1.10779	358696	3"
"2023-07-27 00:00:00	1.10778	1.11496	1.09658	1.09781	478218	3"
"2023-07-28 00:00:00	1.0978	1.10475	1.09435	1.10125	430192	3"
"2023-07-30 00:00:00	1.10206	1.10282	1.10095	1.10238	8127	66"
"2023-07-31 00:00:00	1.10239	1.10458	1.09931	1.09966	302690	3"
"2023-08-01 00:00:00	1.09967	1.10192	1.09523	1.10075	308911	3"
"2023-08-02 00:00:00	1.10078	1.1008	1.09178	1.09435	372260	3"
"2023-08-03 00:00:00	1.09433	1.09628	1.09122	1.0951	397500	3"
"2023-08-04 00:00:00	1.09509	1.10419	1.09349	1.10029	349190	3"
"2023-08-06 00:00:00	1.10141	1.10151	1.1001	1.10024	12281	66"
"2023-08-07 00:00:00	1.10024	1.10117	1.09654	1.10026	229163	3"
"2023-08-08 00:00:00	1.10026	1.10111	1.0929	1.09592	308557	3"
"2023-08-09 00:00:00	1.09592	1.09953	1.09552	1.09771	275664	3"
"2023-08-10 00:00:00	1.09771	1.1065	1.09673	1.09815	358171	3"
"2023-08-11 00:00:00	1.09815	1.10049	1.09429	1.09433	295043	3"
"2023-08-13 00:00:00	1.09493	1.09517	1.09401	1.09432	6857	86"
"2023-08-14 00:00:00	1.09431	1.096	1.08747	1.09077	301227	3"
"2023-08-15 00:00:00	1.09076	1.09524	1.08969	1.09038	338771	3"
"2023-08-16 00:00:00	1.09038	1.09345	1.08714	1.08743	306087	3"
"2023-08-17 00:00:00	1.08744	1.0918	1.08563	1.08743	247690	3"
"2023-08-18 00:00:00	1.08742	1.08938	1.0845	1.08678	281367	3"
"2023-08-20 00:00:00	1.08672	1.08785	1.08664	1.08749	7344	65"
"2023-08-21 00:00:00	1.08747	1.09136	1.08695	1.08975	246269	2"
"2023-08-22 00:00:00	1.08974	1.09303	1.08329	1.08464	238740	3"
"2023-08-23 00:00:00	1.08465	1.08713	1.08025	1.08654	301989	3"
"2023-08-24 00:00:00	1.08655	1.08764	1.07928	1.0799	259011	3"
"2023-08-25 00:00:00	1.07989	1.08417	1.07658	1.07906	279167	3"
"2023-08-27 00:00:00	1.07957	1.0801	1.07933	1.07968	8930	32"
"2023-08-28 00:00:00	1.07969	1.08298	1.07961	1.08255	187940	2"
"2023-08-29 00:00:00	1.08255	1.08919	1.07822	1.08691	276114	3"
"2023-08-30 00:00:00	1.08691	1.09454	1.08551	1.09294	306966	3"
"2023-08-31 00:00:00	1.09292	1.09394	1.08347	1.08424	277054	2"
"2023-09-01 00:00:00	1.08422	1.08819	1.07716	1.07717	290718	2"
"2023-09-03 00:00:00	1.07748	1.07815	1.07716	1.07756	5039	72"
"2023-09-04 00:00:00	1.07758	1.08087	1.07731	1.07913	125159	3"
"2023-09-05 00:00:00	1.07912	1.07982	1.07062	1.07244	284963	2"
"2023-09-06 00:00:00	1.07246	1.07488	1.07025	1.07238	272316	3"
"2023-09-07 00:00:00	1.07238	1.07317	1.06861	1.06973	220599	3"
"2023-09-08 00:00:00	1.06975	1.07438	1.06941	1.06974	249977	3"
"2023-09-10 00:00:00	1.07147	1.07204	1.07075	1.07162	10922	17"
"2023-09-11 00:00:00	1.07165	1.07593	1.07099	1.07476	222000	3"
"2023-09-12 00:00:00	1.07476	1.07692	1.07055	1.07531	224376	2"
"2023-09-13 00:00:00	1.0753	1.07648	1.0711	1.07327	302238	2"
"2023-09-14 00:00:00	1.07327	1.07521	1.06318	1.0635	308775	3"
"2023-09-15 00:00:00	1.06349	1.06877	1.06332	1.06576	252456	3"
"2023-09-17 00:00:00	1.06588	1.0669	1.06578	1.06679	5657	69"
"2023-09-18 00:00:00	1.0668	1.06986	1.06546	1.06919	191336	2"
"2023-09-19 00:00:00	1.06918	1.0718	1.06746	1.06813	193377	3"
"2023-09-20 00:00:00	1.06814	1.07368	1.06478	1.06498	279923	3"
"2023-09-21 00:00:00	1.06498	1.06734	1.06167	1.06603	312982	3"
"2023-09-22 00:00:00	1.06603	1.06716	1.0615	1.06419	262653	3"
"2023-09-24 00:00:00	1.06513	1.06518	1.06424	1.06482	7850	85"
"2023-09-25 00:00:00	1.06482	1.06555	1.05753	1.05912	214108	3"
"2023-09-26 00:00:00	1.05912	1.0609	1.0562	1.05691	237554	2"
"2023-09-27 00:00:00	1.05691	1.0574	1.0488	1.05052	299986	3"
"2023-09-28 00:00:00	1.05053	1.05788	1.0491	1.05621	344715	3"
"2023-09-29 00:00:00	1.05622	1.06169	1.05579	1.05694	313685	2"
"2023-10-01 00:00:00	1.05672	1.05721	1.05578	1.0564	12291	56"
"2023-10-02 00:00:00	1.05641	1.05919	1.04752	1.04798	288250	3"
"2023-10-03 00:00:00	1.04798	1.04933	1.04483	1.04686	318473	2"
"2023-10-04 00:00:00	1.04684	1.05321	1.04514	1.05069	333185	2"
"2023-10-05 00:00:00	1.05068	1.05518	1.05	1.05462	296451	2"
"2023-10-06 00:00:00	1.05463	1.05999	1.04824	1.05828	379205	2"
"2023-10-08 00:00:00	1.05529	1.05682	1.05494	1.05661	12825	32"
"2023-10-09 00:00:00	1.05662	1.05796	1.05194	1.05786	234988	3"
"2023-10-10 00:00:00	1.05788	1.06198	1.05542	1.06042	374339	2"
"2023-10-11 00:00:00	1.06043	1.06346	1.05806	1.06234	326297	3"
"2023-10-12 00:00:00	1.06234	1.06397	1.05257	1.05355	290362	3"
"2023-10-13 00:00:00	1.05358	1.05584	1.04954	1.05073	301267	3"
"2023-10-15 00:00:00	1.05083	1.05253	1.05025	1.0522	12664	111"
"2023-10-16 00:00:00	1.05221	1.05627	1.05156	1.05543	220095	2"
"2023-10-17 00:00:00	1.05543	1.05948	1.05328	1.05727	281288	3"
"2023-10-18 00:00:00	1.05726	1.05941	1.05231	1.05379	288203	3"
"2023-10-19 00:00:00	1.05381	1.06163	1.05282	1.05863	362885	3"
"2023-10-20 00:00:00	1.05862	1.06035	1.05649	1.05927	263167	3"
"2023-10-22 00:00:00	1.0595	1.05968	1.05883	1.05896	8353	46"
"2023-10-23 00:00:00	1.05893	1.06779	1.05714	1.06698	268375	3"
"2023-10-24 00:00:00	1.06699	1.06942	1.0583	1.05949	270326	3"
"2023-10-25 00:00:00	1.05952	1.06067	1.05601	1.05661	247536	3"
"2023-10-26 00:00:00	1.05661	1.05691	1.05221	1.05638	287112	2"
"2023-10-27 00:00:00	1.05637	1.0597	1.05354	1.05605	215595	3"
"2023-10-29 00:00:00	1.05644	1.05749	1.05588	1.05618	7602	121"
"2023-10-30 00:00:00	1.05618	1.0625	1.05471	1.06138	228354	3"
"2023-10-31 00:00:00	1.06139	1.06748	1.05574	1.0578	318725	3"
"2023-11-01 00:00:00	1.05778	1.05867	1.05167	1.05866	375003	3"
"2023-11-02 00:00:00	1.05866	1.06675	1.05837	1.06155	285188	3"
"2023-11-03 00:00:00	1.06158	1.07467	1.06146	1.07295	277703	3"
"2023-11-05 00:00:00	1.07232	1.07334	1.07207	1.07313	3878	47"
"2023-11-06 00:00:00	1.07316	1.07562	1.07149	1.07182	206912	3"
"2023-11-07 00:00:00	1.07184	1.07193	1.0664	1.06956	244609	3"
"2023-11-08 00:00:00	1.06956	1.0716	1.06593	1.07112	228079	2"
"2023-11-09 00:00:00	1.07113	1.07254	1.06601	1.06669	278638	3"
"2023-11-10 00:00:00	1.06671	1.06927	1.0656	1.06848	223179	3"
"2023-11-12 00:00:00	1.06818	1.06906	1.06799	1.06905	5577	50"
"2023-11-13 00:00:00	1.06902	1.07061	1.0665	1.07012	184353	3"
"2023-11-14 00:00:00	1.07013	1.08875	1.06928	1.08777	297807	3"
"2023-11-15 00:00:00	1.08776	1.08858	1.08315	1.08541	276387	4"
"2023-11-16 00:00:00	1.08542	1.08955	1.083	1.08529	261790	3"
"2023-11-17 00:00:00	1.0853	1.09148	1.08247	1.09138	256587	3"
"2023-11-19 00:00:00	1.09095	1.0911	1.09054	1.09055	6799	44"
"2023-11-20 00:00:00	1.09054	1.09517	1.08974	1.09446	229163	3"
"2023-11-21 00:00:00	1.09447	1.09651	1.09001	1.09169	266625	3"
"2023-11-22 00:00:00	1.0917	1.09229	1.08522	1.08878	290491	3"
"2023-11-23 00:00:00	1.0888	1.09303	1.0887	1.09038	158996	3"
"2023-11-24 00:00:00	1.09037	1.09486	1.08949	1.09341	176750	3"
"2023-11-26 00:00:00	1.09438	1.09474	1.09384	1.09396	4635	23"
"2023-11-27 00:00:00	1.09397	1.09592	1.09251	1.09589	246250	3"
"2023-11-28 00:00:00	1.09589	1.10088	1.09344	1.10039	294811	3"
"2023-11-29 00:00:00	1.10041	1.10171	1.09601	1.09732	263728	3"
"2023-11-30 00:00:00	1.09731	1.09838	1.08794	1.08916	339794	2"
"2023-12-01 00:00:00	1.08917	1.09127	1.08287	1.08788	340570	3"
"2023-12-03 00:00:00	1.08771	1.08948	1.08766	1.08857	14945	47"
"2023-12-04 00:00:00	1.08858	1.08865	1.0804	1.08373	306535	3"
"2023-12-05 00:00:00	1.08373	1.08474	1.07781	1.07932	336566	3"
"2023-12-06 00:00:00	1.07933	1.08047	1.07586	1.07661	269719	2"
"2023-12-07 00:00:00	1.07664	1.08175	1.07552	1.07895	351025	3"
"2023-12-08 00:00:00	1.07896	1.08005	1.07236	1.07592	364100	3"
"2023-12-10 00:00:00	1.07592	1.07676	1.07556	1.07651	3848	42"
"2023-12-11 00:00:00	1.07653	1.07789	1.07415	1.07653	234558	3"
"2023-12-12 00:00:00	1.07653	1.08279	1.07612	1.07982	278599	3"
"2023-12-13 00:00:00	1.07983	1.08965	1.07731	1.08825	340456	3"
"2023-12-14 00:00:00	1.08826	1.10092	1.08791	1.09932	482535	3"
"2023-12-15 00:00:00	1.09934	1.10036	1.08885	1.08922	358985	3"
"2023-12-17 00:00:00	1.08973	1.0898	1.0892	1.08948	6406	38"
"2023-12-18 00:00:00	1.08948	1.09311	1.08939	1.09231	246910	3"
"2023-12-19 00:00:00	1.09231	1.09873	1.09148	1.09792	282074	3"
"2023-12-20 00:00:00	1.09793	1.09793	1.09298	1.09432	263424	3"
"2023-12-21 00:00:00	1.09433	1.10125	1.09352	1.10056	349858	3"
"2023-12-22 00:00:00	1.10057	1.10401	1.09938	1.10135	348633	3"
"2023-12-24 00:00:00	1.10108	1.10159	1.10108	1.10149	94	83"
"2023-12-25 00:00:00	1.10149	1.1023	1.09933	1.10186	7815	55"
"2023-12-26 00:00:00	1.10187	1.1045	1.10085	1.10422	182181	4"
"2023-12-27 00:00:00	1.10422	1.11226	1.10286	1.11082	208829	3"
"2023-12-28 00:00:00	1.11081	1.11394	1.10552	1.10677	272572	3"
"2023-12-29 00:00:00	1.10678	1.10842	1.10339	1.10374	293532	3"
"2024-01-01 00:00:00	1.10427	1.10447	1.10356	1.10365	3928	53"
"2024-01-02 00:00:00	1.10366	1.10432	1.09375	1.09416	277215	4"
"2024-01-03 00:00:00	1.09416	1.09654	1.08929	1.09258	327371	3"
"2024-01-04 00:00:00	1.09259	1.09721	1.0916	1.09462	281479	3"
"2024-01-05 00:00:00	1.09461	1.09984	1.08767	1.09392	356936	2"
"2024-01-07 00:00:00	1.09386	1.09456	1.09349	1.09415	4676	138"
"2024-01-08 00:00:00	1.09413	1.09788	1.09226	1.09497	252662	4"
"2024-01-09 00:00:00	1.09497	1.09663	1.09103	1.09317	275843	3"
"2024-01-10 00:00:00	1.09316	1.09747	1.09228	1.0974	257611	4"
"2024-01-11 00:00:00	1.09742	1.1	1.09302	1.09824	419642	4"
"2024-01-12 00:00:00	1.09823	1.09868	1.09359	1.09483	308576	3"
"2024-01-14 00:00:00	1.0948	1.09502	1.0944	1.09451	5573	36"
"2024-01-15 00:00:00	1.09451	1.09675	1.09335	1.09449	200073	3"
"2024-01-16 00:00:00	1.09447	1.09461	1.0862	1.08784	397037	3"
"2024-01-17 00:00:00	1.08786	1.0886	1.08445	1.0886	342270	3"
"2024-01-18 00:00:00	1.08861	1.09067	1.08466	1.08799	365215	3"
"2024-01-19 00:00:00	1.088	1.08983	1.08656	1.0896	258477	3"
"2024-01-21 00:00:00	1.08906	1.08976	1.08878	1.0892	5146	20"
"2024-01-22 00:00:00	1.0892	1.09094	1.08768	1.08772	233842	4"
"2024-01-23 00:00:00	1.08776	1.09162	1.08215	1.08572	278336	2"
"2024-01-24 00:00:00	1.08573	1.09323	1.08514	1.0881	357217	3"
"2024-01-25 00:00:00	1.08811	1.09018	1.08216	1.08454	364074	3"
"2024-01-26 00:00:00	1.08455	1.08854	1.08128	1.08504	288629	2"
"2024-01-28 00:00:00	1.08468	1.0849	1.08414	1.08422	11515	31"
"2024-01-29 00:00:00	1.08423	1.085	1.07958	1.08336	221227	3"
"2024-01-30 00:00:00	1.08336	1.08573	1.08119	1.08428	289257	2"
"2024-01-31 00:00:00	1.08429	1.08874	1.07949	1.08039	444643	3"
"2024-02-01 00:00:00	1.08039	1.08761	1.07799	1.08742	420181	3"
"2024-02-02 00:00:00	1.08741	1.08974	1.07804	1.07849	341672	4"
"2024-02-04 00:00:00	1.07854	1.07858	1.07698	1.07796	10487	23"
"2024-02-05 00:00:00	1.07796	1.07861	1.07231	1.0741	269550	3"
"2024-02-06 00:00:00	1.07409	1.07623	1.07225	1.07566	284142	3"
"2024-02-07 00:00:00	1.07569	1.07838	1.07556	1.07754	288840	3"
"2024-02-08 00:00:00	1.07754	1.07889	1.07416	1.07776	255931	2"
"2024-02-09 00:00:00	1.07775	1.07951	1.07621	1.07821	262267	3"
"2024-02-11 00:00:00	1.07767	1.07983	1.07766	1.07979	12133	63"
"2024-02-12 00:00:00	1.0798	1.08055	1.07559	1.07717	197303	3"
"2024-02-13 00:00:00	1.07718	1.07985	1.07005	1.07083	294606	3"
"2024-02-14 00:00:00	1.07083	1.07344	1.06949	1.07319	257104	3"
"2024-02-15 00:00:00	1.07321	1.07847	1.07246	1.07726	300692	2"
"2024-02-16 00:00:00	1.07726	1.07874	1.07319	1.07749	261132	2"
"2024-02-18 00:00:00	1.07718	1.0785	1.07718	1.0784	4105	37"
"2024-02-19 00:00:00	1.07838	1.07894	1.07621	1.07754	127168	3"
"2024-02-20 00:00:00	1.07753	1.08387	1.07615	1.08098	277747	2"
"2024-02-21 00:00:00	1.081	1.08243	1.07899	1.08202	247379	2"
"2024-02-22 00:00:00	1.08201	1.08882	1.08026	1.08253	232501	3"
"2024-02-23 00:00:00	1.08253	1.08395	1.08117	1.08174	176738	3"
"2024-02-25 00:00:00	1.08318	1.08322	1.08182	1.0819	3850	28"
"2024-02-26 00:00:00	1.08188	1.08597	1.08126	1.08503	158886	2"
"2024-02-27 00:00:00	1.08504	1.08659	1.0833	1.0841	132213	2"
"2024-02-28 00:00:00	1.08411	1.08458	1.07966	1.08383	184658	2"
"2024-02-29 00:00:00	1.08384	1.08558	1.07958	1.08055	257109	2"
"2024-03-01 00:00:00	1.08055	1.08432	1.07981	1.08368	205235	2"
"2024-03-03 00:00:00	1.08359	1.0844	1.0835	1.08416	9792	56"
"2024-03-04 00:00:00	1.08417	1.08667	1.08377	1.08541	149954	2"
"2024-03-05 00:00:00	1.0854	1.0876	1.08403	1.08555	160840	2"
"2024-03-06 00:00:00	1.08554	1.09153	1.08421	1.08995	194111	2"
"2024-03-07 00:00:00	1.08994	1.09513	1.08678	1.09509	201541	2"
"2024-03-08 00:00:00	1.0951	1.09812	1.09183	1.09348	222224	2"
"2024-03-10 00:00:00	1.09411	1.09436	1.09359	1.09426	8997	81"
"2024-03-11 00:00:00	1.09427	1.0948	1.09145	1.09304	177769	2"
"2024-03-12 00:00:00	1.09306	1.09438	1.09023	1.09267	267192	3"
"2024-03-13 00:00:00	1.09268	1.09638	1.09201	1.0953	227121	3"
"2024-03-14 00:00:00	1.09529	1.09547	1.08806	1.08827	250893	3"
"2024-03-15 00:00:00	1.08828	1.08996	1.0873	1.08869	182728	2"
"2024-03-17 00:00:00	1.08905	1.08911	1.08817	1.08835	7444	25"
"2024-03-18 00:00:00	1.08836	1.09061	1.08661	1.08732	147353	3"
"2024-03-19 00:00:00	1.08732	1.08765	1.08347	1.08616	186289	3"
"2024-03-20 00:00:00	1.08617	1.09374	1.08364	1.09373	221955	2"
"2024-03-21 00:00:00	1.09373	1.09426	1.08554	1.08618	187180	2"
"2024-03-22 00:00:00	1.08622	1.08679	1.08017	1.08065	182011	3"
"2024-03-24 00:00:00	1.08068	1.08104	1.08046	1.08071	4201	31"
"2024-03-25 00:00:00	1.08071	1.08424	1.08021	1.0837	140109	3"
"2024-03-26 00:00:00	1.0837	1.08643	1.08242	1.08325	149472	2"
"2024-03-27 00:00:00	1.08326	1.0839	1.08101	1.08123	149770	2"
"2024-03-28 00:00:00	1.08123	1.08265	1.07751	1.07911	196499	2"
"2024-03-29 00:00:00	1.07912	1.08051	1.07678	1.07898	166405	10"
"2024-03-31 00:00:00	1.07882	1.07965	1.07848	1.0793	8408	37"
"2024-04-01 00:00:00	1.07932	1.07987	1.07309	1.07372	128429	3"
"2024-04-02 00:00:00	1.0737	1.0779	1.07246	1.07679	188684	2"
"2024-04-03 00:00:00	1.07678	1.08407	1.0764	1.0838	198901	2"
"2024-04-04 00:00:00	1.0838	1.08765	1.08317	1.08364	204809	2"
"2024-04-05 00:00:00	1.08363	1.08479	1.07913	1.08352	229600	2"
"2024-04-07 00:00:00	1.08347	1.08379	1.08272	1.08297	6614	39"
"2024-04-08 00:00:00	1.08297	1.08634	1.08208	1.0862	173627	2"
"2024-04-09 00:00:00	1.0862	1.0885	1.08477	1.08588	165777	2"
"2024-04-10 00:00:00	1.08587	1.08665	1.07288	1.0741	264829	2"
"2024-04-11 00:00:00	1.07411	1.07564	1.06992	1.0726	235847	2"
"2024-04-12 00:00:00	1.0726	1.07281	1.06226	1.06385	200785	2"
"2024-04-14 00:00:00	1.06352	1.06514	1.06309	1.0646	11820	34"
"2024-04-15 00:00:00	1.06461	1.06651	1.06202	1.06247	229855	3"
"2024-04-16 00:00:00	1.06246	1.06535	1.0601	1.0621	280763	2"
"2024-04-17 00:00:00	1.0621	1.06796	1.0606	1.06689	187920	2"
"2024-04-18 00:00:00	1.0669	1.069	1.06402	1.06425	177781	2"
"2024-04-19 00:00:00	1.06424	1.06775	1.06104	1.06526	282974	2"
"2024-04-21 00:00:00	1.06495	1.06614	1.06456	1.06575	5353	73"
"2024-04-22 00:00:00	1.06577	1.06706	1.06239	1.06537	132703	2"
"2024-04-23 00:00:00	1.06537	1.07112	1.06385	1.07024	181942	2"
"2024-04-24 00:00:00	1.07025	1.07142	1.06779	1.06999	148324	2"
"2024-04-25 00:00:00	1.07001	1.07402	1.06783	1.07267	185172	2"
"2024-04-26 00:00:00	1.07267	1.07527	1.06738	1.06911	178888	2"
"2024-04-28 00:00:00	1.06898	1.0707	1.06898	1.07069	8215	78"
"2024-04-29 00:00:00	1.0707	1.07337	1.06902	1.07147	231970	2"
"2024-04-30 00:00:00	1.07146	1.07353	1.06635	1.06659	210556	3"
"2024-05-01 00:00:00	1.0666	1.07326	1.06494	1.0717	223300	2"
"2024-05-02 00:00:00	1.0717	1.07308	1.06742	1.07298	208123	2"
"2024-05-03 00:00:00	1.073	1.08124	1.07243	1.07594	233585	2"
"2024-05-05 00:00:00	1.076	1.07646	1.07575	1.07583	4344	47"
"2024-05-06 00:00:00	1.07582	1.07907	1.07553	1.07672	124099	2"
"2024-05-07 00:00:00	1.07671	1.07873	1.07473	1.07498	143267	3"
"2024-05-08 00:00:00	1.07498	1.07574	1.0735	1.07468	129162	2"
"2024-05-09 00:00:00	1.07468	1.07858	1.07239	1.07817	150702	2"
"2024-05-10 00:00:00	1.07817	1.079	1.07603	1.07694	122828	3"
"2024-05-12 00:00:00	1.07721	1.07752	1.07663	1.07702	6527	35"
"2024-05-13 00:00:00	1.07701	1.08068	1.07658	1.0792	112688	2"
"2024-05-14 00:00:00	1.07922	1.08256	1.07669	1.08138	124586	2"
"2024-05-15 00:00:00	1.08137	1.08901	1.0813	1.08883	159633	2"
"2024-05-16 00:00:00	1.08883	1.08949	1.08544	1.08677	139366	2"
"2024-05-17 00:00:00	1.08679	1.08784	1.08356	1.08674	109198	2"
"2024-05-19 00:00:00	1.08664	1.08741	1.0864	1.08724	4143	34"
"2024-05-20 00:00:00	1.08725	1.08844	1.0854	1.08602	110144	2"
"2024-05-21 00:00:00	1.08603	1.08747	1.08425	1.0854	158801	3"
"2024-05-22 00:00:00	1.08539	1.08633	1.08174	1.0825	160669	3"
"2024-05-23 00:00:00	1.08251	1.0861	1.08048	1.08116	179591	2"
"2024-05-24 00:00:00	1.08115	1.08578	1.08054	1.0846	118486	2"
"2024-05-26 00:00:00	1.0845	1.08513	1.0843	1.08466	3253	86"
"2024-05-27 00:00:00	1.08467	1.08674	1.08405	1.08614	85156	1"
"2024-05-28 00:00:00	1.08615	1.0889	1.08511	1.08512	166388	2"
"2024-05-29 00:00:00	1.08512	1.08588	1.07996	1.08011	165304	2"
"2024-05-30 00:00:00	1.08011	1.08451	1.07883	1.08312	183101	2"
"2024-05-31 00:00:00	1.08312	1.08822	1.08112	1.0845	182085	3"
"2024-06-02 00:00:00	1.08462	1.08544	1.08453	1.08526	7741	73"
"2024-06-03 00:00:00	1.08526	1.09098	1.08278	1.09071	173488	2"
"2024-06-04 00:00:00	1.09072	1.0916	1.0859	1.08817	181022	2"
"2024-06-05 00:00:00	1.08816	1.08915	1.08544	1.08739	154641	2"
"2024-06-06 00:00:00	1.08738	1.0902	1.08619	1.08916	156121	3"
"2024-06-07 00:00:00	1.08915	1.09018	1.07993	1.08017	223645	2"
"2024-06-09 00:00:00	1.07783	1.07798	1.07644	1.07788	10907	35"
"2024-06-10 00:00:00	1.07788	1.07814	1.07327	1.07633	161487	1"
"2024-06-11 00:00:00	1.07635	1.07734	1.07194	1.07399	179239	2"
"2024-06-12 00:00:00	1.07398	1.08521	1.07346	1.08127	299912	2"
"2024-06-13 00:00:00	1.08126	1.08163	1.07328	1.07374	207503	2"
"2024-06-14 00:00:00	1.07374	1.07449	1.06676	1.07025	241046	3"
"2024-06-16 00:00:00	1.07028	1.07089	1.06995	1.07025	9711	32"
"2024-06-17 00:00:00	1.07026	1.0741	1.06863	1.07398	179854	2"
"2024-06-18 00:00:00	1.074	1.07615	1.07099	1.07386	162461	2"
"2024-06-19 00:00:00	1.07385	1.07533	1.07248	1.0747	98343	2"
"2024-06-20 00:00:00	1.07469	1.07483	1.07012	1.07059	172393	2"
"2024-06-21 00:00:00	1.07059	1.07205	1.0671	1.06918	190145	2"
"2024-06-23 00:00:00	1.06849	1.06955	1.06849	1.06877	6848	63"
"2024-06-24 00:00:00	1.06878	1.07463	1.06837	1.07322	134182	2"
"2024-06-25 00:00:00	1.07322	1.07441	1.06906	1.07091	143347	2"
"2024-06-26 00:00:00	1.0709	1.07179	1.0666	1.06797	178060	2"
"2024-06-27 00:00:00	1.06798	1.07264	1.0677	1.07076	191723	2"
"2024-06-28 00:00:00	1.07078	1.07246	1.06852	1.07119	223607	2"
"2024-06-30 00:00:00	1.07438	1.07455	1.0732	1.07349	9803	22"
"2024-07-01 00:00:00	1.0735	1.07763	1.07197	1.07365	216707	2"
"2024-07-02 00:00:00	1.07364	1.07491	1.071	1.0748	184069	2"
"2024-07-03 00:00:00	1.0748	1.08168	1.07363	1.0791	182628	2"
"2024-07-04 00:00:00	1.0791	1.0814	1.07836	1.08103	93797	2"
"2024-07-05 00:00:00	1.08105	1.08426	1.07993	1.0837	202198	2"
"2024-07-07 00:00:00	1.08014	1.08329	1.07998	1.08256	15083	40"
"2024-07-08 00:00:00	1.08255	1.0845	1.08146	1.08305	189909	2"
"2024-07-09 00:00:00	1.08307	1.08333	1.08054	1.08142	189254	3"
"2024-07-10 00:00:00	1.08142	1.08365	1.08108	1.08333	166135	2"
"2024-07-11 00:00:00	1.08332	1.08999	1.08322	1.0874	253727	2"
"2024-07-12 00:00:00	1.0874	1.09113	1.08617	1.09054	216832	2"
"2024-07-14 00:00:00	1.08852	1.0895	1.08818	1.08856	11548	51"
"2024-07-15 00:00:00	1.08857	1.09222	1.08833	1.08981	213069	3"
"2024-07-16 00:00:00	1.0898	1.09054	1.08715	1.0902	217520	2"
"2024-07-17 00:00:00	1.09019	1.0948	1.0895	1.09402	244741	2"
"2024-07-18 00:00:00	1.09402	1.09407	1.08935	1.09003	230670	2"
"2024-07-19 00:00:00	1.09002	1.09003	1.08756	1.08779	199446	2"
"2024-07-21 00:00:00	1.08861	1.09027	1.08807	1.08988	13131	40"
"2024-07-22 00:00:00	1.08988	1.08998	1.0873	1.08889	192600	2"
"2024-07-23 00:00:00	1.08888	1.08967	1.08438	1.08496	189398	2"
"2024-07-24 00:00:00	1.08495	1.08664	1.08256	1.08378	228205	3"
"2024-07-25 00:00:00	1.08379	1.08699	1.08282	1.08513	274997	3"
"2024-07-26 00:00:00	1.08514	1.08681	1.0842	1.08547	162991	2"
"2024-07-28 00:00:00	1.08553	1.08599	1.08527	1.08527	8309	41"
"2024-07-29 00:00:00	1.08524	1.087	1.08028	1.0819	164236	3"
"2024-07-30 00:00:00	1.08191	1.08356	1.07982	1.08157	197098	2"
"2024-07-31 00:00:00	1.08156	1.08493	1.08019	1.08238	310176	2"
"2024-08-01 00:00:00	1.08235	1.08354	1.07774	1.07864	315513	2"
"2024-08-02 00:00:00	1.07864	1.09265	1.07818	1.09098	359862	3"
"2024-08-04 00:00:00	1.09225	1.09234	1.09028	1.09103	18972	19"
"2024-08-05 00:00:00	1.09104	1.10088	1.08923	1.09505	641411	3"
"2024-08-06 00:00:00	1.09506	1.09631	1.09037	1.09259	392866	2"
"2024-08-07 00:00:00	1.09259	1.09366	1.09053	1.09273	222859	2"
"2024-08-08 00:00:00	1.09275	1.09451	1.08814	1.09149	232050	3"
"2024-08-09 00:00:00	1.09147	1.09313	1.0909	1.09167	138598	2"
"2024-08-11 00:00:00	1.09142	1.09196	1.091	1.09127	7494	41"
"2024-08-12 00:00:00	1.09125	1.09393	1.09116	1.09361	150355	2"
"2024-08-13 00:00:00	1.0936	1.09996	1.09137	1.09959	181942	2"
"2024-08-14 00:00:00	1.09958	1.10473	1.09863	1.10116	228917	2"
"2024-08-15 00:00:00	1.10117	1.10154	1.09495	1.09723	180963	2"
"2024-08-16 00:00:00	1.09723	1.10296	1.09718	1.10211	142237	2"
"2024-08-18 00:00:00	1.10265	1.1034	1.10227	1.10246	7463	20"
"2024-08-19 00:00:00	1.10246	1.10875	1.10231	1.10854	203566	2"
"2024-08-20 00:00:00	1.10855	1.11317	1.10719	1.11275	284696	3"
"2024-08-21 00:00:00	1.11274	1.1174	1.10992	1.11548	178185	2"
"2024-08-22 00:00:00	1.11549	1.11646	1.1098	1.1116	132171	3"
"2024-08-23 00:00:00	1.11159	1.12008	1.11055	1.1191	135898	3"
"2024-08-25 00:00:00	1.11854	1.11948	1.11854	1.11892	5785	83"
"2024-08-26 00:00:00	1.11892	1.12015	1.115	1.11644	190719	3"
"2024-08-27 00:00:00	1.11646	1.11905	1.11501	1.11769	165105	2"
"2024-08-28 00:00:00	1.11769	1.118	1.1105	1.11244	191989	2"
"2024-08-29 00:00:00	1.11245	1.11399	1.10556	1.108	239688	2"
"2024-08-30 00:00:00	1.10802	1.1095	1.10438	1.10456	267029	2"
"2024-09-01 00:00:00	1.10462	1.10496	1.1044	1.10446	8177	71"
"2024-09-02 00:00:00	1.10445	1.10773	1.10419	1.1067	133709	2"
"2024-09-03 00:00:00	1.10671	1.10702	1.10263	1.10485	254603	2"
"2024-09-04 00:00:00	1.10485	1.10951	1.104	1.10801	213738	2"
"2024-09-05 00:00:00	1.108	1.11197	1.10746	1.1111	235672	2"
"2024-09-06 00:00:00	1.11111	1.11556	1.10656	1.10825	353016	3"
"2024-09-08 00:00:00	1.10781	1.10908	1.10781	1.10867	13897	54"
"2024-09-09 00:00:00	1.10864	1.1091	1.10331	1.10352	207900	2"
"2024-09-10 00:00:00	1.10352	1.10496	1.10151	1.102	188032	3"
"2024-09-11 00:00:00	1.102	1.10549	1.10019	1.10102	283649	2"
"2024-09-12 00:00:00	1.10101	1.10791	1.10055	1.10789	262999	3"
"2024-09-13 00:00:00	1.10786	1.11017	1.10721	1.10732	226140	2"
"2024-09-15 00:00:00	1.10757	1.10894	1.10743	1.10873	8289	81"
"2024-09-16 00:00:00	1.10872	1.11374	1.10867	1.11291	197614	3"
"2024-09-17 00:00:00	1.11291	1.11461	1.11109	1.1122	263987	2"
"2024-09-18 00:00:00	1.11221	1.11891	1.10966	1.11139	331002	3"
"2024-09-19 00:00:00	1.1114	1.11787	1.10683	1.11593	391016	2"
"2024-09-20 00:00:00	1.11593	1.11818	1.1136	1.11626	290385	2"
"2024-09-22 00:00:00	1.1158	1.11647	1.1158	1.11591	6475	78"
"2024-09-23 00:00:00	1.11589	1.11672	1.10831	1.11109	266430	3"
"2024-09-24 00:00:00	1.1111	1.1191	1.11033	1.11909	261990	2"
"2024-09-25 00:00:00	1.11907	1.1214	1.11215	1.11296	236797	2"
"2024-09-26 00:00:00	1.11297	1.11893	1.11257	1.11769	239756	3"
"2024-09-27 00:00:00	1.1177	1.1203	1.11248	1.11619	334310	2"
"2024-09-29 00:00:00	1.11582	1.11723	1.11526	1.11689	8646	68"
"2024-09-30 00:00:00	1.11688	1.12089	1.11136	1.11365	290777	2"
"2024-10-01 00:00:00	1.11365	1.11439	1.10458	1.10644	285075	3"
"2024-10-02 00:00:00	1.10645	1.10828	1.10325	1.10458	259653	2"
"2024-10-03 00:00:00	1.10459	1.10468	1.10082	1.10351	326833	3"
"2024-10-04 00:00:00	1.1035	1.10395	1.09512	1.09739	274019	3"
"2024-10-06 00:00:00	1.0962	1.09717	1.0962	1.09705	12482	72"
"2024-10-07 00:00:00	1.09705	1.09868	1.09542	1.09742	267157	2"
"2024-10-08 00:00:00	1.09742	1.09971	1.09608	1.09753	227364	3"
"2024-10-09 00:00:00	1.09754	1.09787	1.09362	1.09394	175349	3"
"2024-10-10 00:00:00	1.09422	1.09548	1.09	1.09334	275190	4"
"2024-10-11 00:00:00	1.09335	1.09537	1.0926	1.09353	178701	3"
"2024-10-13 00:00:00	1.0931	1.09335	1.09221	1.0923	7263	24"
"2024-10-14 00:00:00	1.09231	1.09366	1.08881	1.0909	172297	2"
"2024-10-15 00:00:00	1.0909	1.09167	1.08819	1.08832	171943	3"
"2024-10-16 00:00:00	1.08832	1.09014	1.08532	1.08587	182060	3"
"2024-10-17 00:00:00	1.08588	1.08737	1.0811	1.08291	258617	2"
"2024-10-18 00:00:00	1.08291	1.08694	1.08274	1.08655	200338	2"
"2024-10-20 00:00:00	1.08605	1.08717	1.08605	1.08681	5090	18"
"2024-10-21 00:00:00	1.08682	1.08688	1.08111	1.08153	185319	2"
"2024-10-22 00:00:00	1.08151	1.0838	1.07926	1.07962	195245	3"
"2024-10-23 00:00:00	1.07962	1.08066	1.07612	1.07803	236731	2"
"2024-10-24 00:00:00	1.07804	1.08298	1.07706	1.08237	255090	2"
"2024-10-25 00:00:00	1.08239	1.08392	1.0793	1.07945	156023	3"
"2024-10-27 00:00:00	1.07933	1.08015	1.07866	1.0796	13450	28"
"2024-10-28 00:00:00	1.0796	1.08276	1.07819	1.08176	204876	2"
"2024-10-29 00:00:00	1.08175	1.08263	1.07688	1.08197	259002	3"
"2024-10-30 00:00:00	1.08196	1.08713	1.08079	1.08582	295537	3"
"2024-10-31 00:00:00	1.08581	1.08881	1.08441	1.08839	280173	3"
"2024-11-01 00:00:00	1.08838	1.09057	1.08317	1.08327	277728	2"
"2024-11-03 00:00:00	1.08778	1.08811	1.08719	1.08727	11344	27"
"2024-11-04 00:00:00	1.08728	1.09147	1.08699	1.08735	265961	3"
"2024-11-05 00:00:00	1.08736	1.09369	1.08724	1.09339	201809	3"
"2024-11-06 00:00:00	1.09338	1.09339	1.06824	1.07315	827134	4"
"2024-11-07 00:00:00	1.07316	1.08247	1.07129	1.07954	392319	3"
"2024-11-08 00:00:00	1.07954	1.07974	1.06868	1.07182	361900	2"
"2024-11-10 00:00:00	1.07093	1.07169	1.07075	1.07132	6684	43"
"2024-11-11 00:00:00	1.07131	1.07277	1.06286	1.06631	217689	2"
"2024-11-12 00:00:00	1.0663	1.06631	1.05951	1.06166	300444	2"
"2024-11-13 00:00:00	1.06166	1.0654	1.05556	1.05657	300051	3"
"2024-11-14 00:00:00	1.05656	1.05825	1.0496	1.05295	378316	2"
"2024-11-15 00:00:00	1.05295	1.0593	1.05163	1.05394	365379	3"
"2024-11-17 00:00:00	1.0528	1.05384	1.0528	1.05362	4534	29"
"2024-11-18 00:00:00	1.05362	1.06071	1.05302	1.05945	241140	3"
"2024-11-19 00:00:00	1.05945	1.0608	1.05233	1.0607	375106	3"
"2024-11-20 00:00:00	1.0607	1.06097	1.05068	1.05456	283612	3"
"2024-11-21 00:00:00	1.05457	1.05548	1.04622	1.0469	346413	2"
"2024-11-22 00:00:00	1.04689	1.04981	1.03325	1.04193	385048	3"
"2024-11-24 00:00:00	1.04806	1.05013	1.04618	1.04793	23696	24"
"2024-11-25 00:00:00	1.04792	1.05303	1.04428	1.04437	410996	3"
"2024-11-26 00:00:00	1.04437	1.05447	1.0425	1.04918	449976	3"
"2024-11-27 00:00:00	1.04918	1.05876	1.04744	1.05619	372117	2"
"2024-11-28 00:00:00	1.05619	1.05627	1.05275	1.056	244861	3"
"2024-11-29 00:00:00	1.05601	1.05971	1.05414	1.05748	369610	2"
"2024-12-01 00:00:00	1.05711	1.05733	1.05336	1.05439	11419	63"
"2024-12-02 00:00:00	1.05439	1.05463	1.04607	1.05008	432322	3"
"2024-12-03 00:00:00	1.05008	1.0535	1.04807	1.05099	356546	3"
"2024-12-04 00:00:00	1.05098	1.05439	1.04723	1.05123	384100	3"
"2024-12-05 00:00:00	1.05124	1.05896	1.05081	1.05865	307268	3"
"2024-12-06 00:00:00	1.05864	1.06298	1.05423	1.05673	328123	2"
"2024-12-08 00:00:00	1.05544	1.05692	1.05544	1.05656	5851	44"
"2024-12-09 00:00:00	1.05657	1.05944	1.0532	1.05541	266698	2"
"2024-12-10 00:00:00	1.05542	1.0568	1.04984	1.05311	254604	3"
"2024-12-11 00:00:00	1.05312	1.05393	1.04802	1.05061	331623	3"
"2024-12-12 00:00:00	1.05059	1.05308	1.04637	1.04736	242510	2"
"2024-12-13 00:00:00	1.04736	1.05241	1.04531	1.05017	177462	3"
"2024-12-15 00:00:00	1.04854	1.05107	1.04847	1.05096	8104	84"
"2024-12-16 00:00:00	1.05095	1.05247	1.04745	1.0517	205934	3"
"2024-12-17 00:00:00	1.0517	1.05343	1.0479	1.04944	148975	4"
"2024-12-18 00:00:00	1.04943	1.05127	1.03439	1.03506	195086	3"
"2024-12-19 00:00:00	1.03506	1.04222	1.03504	1.03643	271624	2"
"2024-12-20 00:00:00	1.03644	1.04474	1.03429	1.04254	275369	3"
"2024-12-22 00:00:00	1.04308	1.04451	1.04279	1.04336	7544	43"
"2024-12-23 00:00:00	1.04335	1.04452	1.03842	1.0404	210176	3"
"2024-12-24 00:00:00	1.04041	1.04098	1.03835	1.03952	145354	4"
"2024-12-25 00:00:00	1.03952	1.04106	1.03951	1.03991	5889	96"
"2024-12-26 00:00:00	1.0399	1.04301	1.03905	1.04216	143610	3"
"2024-12-27 00:00:00	1.04216	1.0444	1.04049	1.04225	223380	4"
"2024-12-29 00:00:00	1.04247	1.04346	1.04247	1.04292	3147	82"
"2024-12-30 00:00:00	1.04297	1.04583	1.03717	1.04056	219254	3"
"2024-12-31 00:00:00	1.04057	1.04243	1.0344	1.03526	169569	4"
"2025-01-01 00:00:00	1.03503	1.03577	1.03462	1.03507	5885	78"
"2025-01-02 00:00:00	1.03508	1.03756	1.02237	1.02678	209222	5"
"2025-01-03 00:00:00	1.02679	1.03099	1.02646	1.03066	128886	2"
"2025-01-05 00:00:00	1.03015	1.0308	1.02932	1.03051	2256	58"
"2025-01-06 00:00:00	1.03051	1.04367	1.02955	1.03831	239255	3"
"2025-01-07 00:00:00	1.03831	1.04343	1.03388	1.03415	263551	3"
"2025-01-08 00:00:00	1.03416	1.03575	1.02731	1.03132	312194	3"
"2025-01-09 00:00:00	1.03133	1.03214	1.02836	1.02964	208253	2"
"2025-01-10 00:00:00	1.02965	1.03118	1.02127	1.024	270309	3"
"2025-01-12 00:00:00	1.02357	1.02468	1.02357	1.02429	5846	82"
"2025-01-13 00:00:00	1.0243	1.02774	1.01772	1.02639	248516	2"
"2025-01-14 00:00:00	1.02637	1.03086	1.02384	1.03062	195247	3"
"2025-01-15 00:00:00	1.03061	1.03544	1.0259	1.0295	233022	2"
"2025-01-16 00:00:00	1.0295	1.03149	1.02604	1.03014	249562	3"
"2025-01-17 00:00:00	1.03012	1.03306	1.02652	1.0271	234813	3"
"2025-01-19 00:00:00	1.02792	1.02812	1.02663	1.02804	7296	47"
"2025-01-20 00:00:00	1.02805	1.04342	1.02782	1.04208	233238	3"
"2025-01-21 00:00:00	1.04209	1.04353	1.0342	1.04057	212087	3"
"2025-01-22 00:00:00	1.04057	1.04573	1.03998	1.04077	173606	4"
"2025-01-23 00:00:00	1.04076	1.04378	1.03719	1.04156	183443	4"
"2025-01-24 00:00:00	1.04155	1.05213	1.04115	1.04919	197963	4"
"2025-01-26 00:00:00	1.04763	1.04851	1.04651	1.04673	4932	57"
"2025-01-27 00:00:00	1.04673	1.0533	1.04283	1.04369	249889	5"
"2025-01-28 00:00:00	1.04369	1.04564	1.04137	1.04271	183459	6"
"2025-01-29 00:00:00	1.04272	1.04434	1.03822	1.04245	208176	4"
"2025-01-30 00:00:00	1.04244	1.04677	1.0385	1.03966	189476	4"
"2025-01-31 00:00:00	1.03968	1.0434	1.03496	1.03602	233331	4"
"2025-02-02 00:00:00	1.02327	1.02698	1.02324	1.02467	21259	38"
"2025-02-03 00:00:00	1.02467	1.03503	1.02103	1.03279	274258	7"
"2025-02-04 00:00:00	1.03279	1.03874	1.02721	1.03712	175615	6"
"2025-02-05 00:00:00	1.03712	1.04424	1.03696	1.03985	161801	5"
"2025-02-06 00:00:00	1.03985	1.04053	1.03523	1.0385	137315	5"
"2025-02-07 00:00:00	1.03849	1.04124	1.03049	1.0326	188241	5"
"2025-02-09 00:00:00	1.02918	1.03134	1.02839	1.03095	8755	39"
"2025-02-10 00:00:00	1.03096	1.03363	1.02982	1.03005	124339	5"
"2025-02-11 00:00:00	1.03006	1.03813	1.02919	1.0363	133868	7"
"2025-02-12 00:00:00	1.03638	1.04298	1.03168	1.0392	192931	6"
"2025-02-13 00:00:00	1.0392	1.04685	1.03727	1.04614	199507	5"
"2025-02-14 00:00:00	1.04614	1.0514	1.0447	1.04913	107830	5"
"2025-02-16 00:00:00	1.04858	1.04938	1.04847	1.04883	2561	42"
"2025-02-17 00:00:00	1.04886	1.05062	1.04667	1.04848	53783	4"
"2025-02-18 00:00:00	1.04847	1.04862	1.0435	1.04479	75190	5"
"2025-02-19 00:00:00	1.0448	1.04613	1.04009	1.04206	111377	5"
"2025-02-20 00:00:00	1.04205	1.05054	1.04185	1.05001	155507	6"
"2025-02-21 00:00:00	1.04999	1.05047	1.04492	1.0457	152176	5"
"2025-02-23 00:00:00	1.04706	1.04846	1.04618	1.04736	6814	46"
"2025-02-24 00:00:00	1.04738	1.05282	1.04527	1.04611	162054	6"
"2025-02-25 00:00:00	1.04611	1.05227	1.0456	1.05204	162922	6"
"2025-02-26 00:00:00	1.05205	1.05287	1.04747	1.04876	191211	5"
"2025-02-27 00:00:00	1.04877	1.04893	1.03882	1.03936	188826	7"
"2025-02-28 00:00:00	1.03936	1.04198	1.03597	1.03747	188430	6"
"2025-03-02 00:00:00	1.04032	1.04208	1.03992	1.04119	8693	18"
"2025-03-03 00:00:00	1.04119	1.05036	1.03883	1.04851	198335	6"
"2025-03-04 00:00:00	1.04851	1.06369	1.04708	1.0623	246466	7"
"2025-03-05 00:00:00	1.0623	1.07965	1.06018	1.07941	286736	6"
"2025-03-06 00:00:00	1.07942	1.08534	1.07655	1.07871	273696	5"
"2025-03-07 00:00:00	1.07872	1.08884	1.0781	1.08292	227425	4"
"2025-03-09 00:00:00	1.08312	1.08653	1.08269	1.086	12990	84"
"2025-03-10 00:00:00	1.08602	1.08744	1.08051	1.0839	218813	5"
"2025-03-11 00:00:00	1.0839	1.09471	1.08354	1.09136	199698	7"
"2025-03-12 00:00:00	1.09137	1.09314	1.08755	1.08852	201504	5"
"2025-03-13 00:00:00	1.08852	1.0897	1.08222	1.08548	180274	6"
"2025-03-14 00:00:00	1.08543	1.09125	1.08304	1.08765	164334	5"
"2025-03-16 00:00:00	1.08766	1.0885	1.08744	1.08792	6557	73"
"2025-03-17 00:00:00	1.08794	1.09297	1.08685	1.0918	135357	6"
"2025-03-18 00:00:00	1.0918	1.09545	1.08924	1.09385	169593	5"
"2025-03-19 00:00:00	1.09386	1.09449	1.08603	1.09115	172839	5"
"2025-03-20 00:00:00	1.09116	1.09171	1.08145	1.08532	162746	5"
"2025-03-21 00:00:00	1.08535	1.08611	1.0797	1.08121	155295	6"
"2025-03-23 00:00:00	1.0813	1.08367	1.08115	1.08358	5680	42"
"2025-03-24 00:00:00	1.08358	1.08579	1.07813	1.08022	160316	5"
"2025-03-25 00:00:00	1.08022	1.083	1.07767	1.07888	179602	5"
"2025-03-26 00:00:00	1.07889	1.08025	1.07328	1.07409	142142	5"
"2025-03-27 00:00:00	1.07411	1.0821	1.07407	1.08006	134245	6"
"2025-03-28 00:00:00	1.08005	1.08447	1.07644	1.08237	123192	7"
"2025-03-30 00:00:00	1.08228	1.0829	1.08049	1.08234	11786	75"
"2025-03-31 00:00:00	1.08235	1.08492	1.07838	1.08173	164759	6"
"2025-04-01 00:00:00	1.08174	1.08299	1.07782	1.0794	140246	5"
"2025-04-02 00:00:00	1.07947	1.09242	1.078	1.09041	173642	5"
"2025-04-03 00:00:00	1.09038	1.11462	1.08795	1.1045	298198	8"
"2025-04-04 00:00:00	1.10448	1.11076	1.09242	1.09573	409651	6"
"2025-04-06 00:00:00	1.08894	1.10006	1.08792	1.09832	27772	86"
"2025-04-07 00:00:00	1.09833	1.10498	1.09007	1.09146	417099	7"
"2025-04-08 00:00:00	1.09147	1.09916	1.08886	1.09773	297955	5"
"2025-04-09 00:00:00	1.09771	1.10948	1.09132	1.09507	489359	7"
"2025-04-10 00:00:00	1.09504	1.12623	1.09499	1.12576	337385	6"
"2025-04-11 00:00:00	1.12574	1.14736	1.12466	1.13554	446820	8"
"2025-04-13 00:00:00	1.13108	1.13546	1.13108	1.1342	21990	112"
"2025-04-14 00:00:00	1.13419	1.14244	1.12956	1.1336	257710	8"
"2025-04-15 00:00:00	1.1336	1.13789	1.12639	1.12932	228883	7"
"2025-04-16 00:00:00	1.1293	1.14127	1.12925	1.13953	253334	7"
"2025-04-17 00:00:00	1.13955	1.13967	1.13349	1.13715	202027	7"
"2025-04-18 00:00:00	1.13717	1.13972	1.13578	1.13901	408540	12"
"2025-04-20 00:00:00	1.13946	1.14582	1.13925	1.14488	22107	43"
"2025-04-21 00:00:00	1.14491	1.15729	1.14488	1.15137	201092	8"
"2025-04-22 00:00:00	1.15139	1.1547	1.13077	1.13504	271032	6"
"2025-04-23 00:00:00	1.13502	1.14399	1.13102	1.13292	247704	7"
"2025-04-24 00:00:00	1.13293	1.13975	1.13212	1.13725	163074	6"
"2025-04-25 00:00:00	1.13725	1.13885	1.13155	1.13628	165181	6"
"2025-04-27 00:00:00	1.13636	1.13644	1.13398	1.13448	6617	72"
"2025-04-28 00:00:00	1.13449	1.14248	1.13292	1.14075	134135	5"
"2025-04-29 00:00:00	1.14076	1.14199	1.137	1.13902	151250	6"
"2025-04-30 00:00:00	1.13904	1.13994	1.1317	1.13219	170064	7"
"2025-05-01 00:00:00	1.13221	1.13409	1.12657	1.12955	139098	6"
"2025-05-02 00:00:00	1.12955	1.13808	1.1274	1.12946	186861	7"
"2025-05-04 00:00:00	1.12987	1.13278	1.12905	1.1321	8833	116"
"2025-05-05 00:00:00	1.13212	1.13646	1.12969	1.1312	175672	4"
"2025-05-06 00:00:00	1.13121	1.13808	1.12797	1.13397	175581	6"
"2025-05-07 00:00:00	1.13396	1.1378	1.12917	1.13027	185137	8"
"2025-05-08 00:00:00	1.13032	1.13361	1.12118	1.12267	195701	5"
"2025-05-09 00:00:00	1.12268	1.12928	1.11964	1.1246	139743	7"
"2025-05-11 00:00:00	1.119	1.12363	1.119	1.12276	10692	67"
"2025-05-12 00:00:00	1.12281	1.12426	1.10651	1.10953	232056	7"
"2025-05-13 00:00:00	1.10954	1.11971	1.10948	1.11856	166503	7"
"2025-05-14 00:00:00	1.11858	1.12655	1.11645	1.11812	196975	7"
"2025-05-15 00:00:00	1.11811	1.12279	1.117	1.11918	150641	5"
"2025-05-16 00:00:00	1.11915	1.12195	1.11308	1.11612	135021	5"
"2025-05-18 00:00:00	1.11749	1.11939	1.11711	1.11884	7868	83"
"2025-05-19 00:00:00	1.11885	1.12879	1.11721	1.12321	153711	7"
"2025-05-20 00:00:00	1.1232	1.129	1.12178	1.12881	135157	5"
"2025-05-21 00:00:00	1.12881	1.13628	1.12866	1.13318	160871	5"
"2025-05-22 00:00:00	1.13318	1.13448	1.12558	1.12819	163376	6"
"2025-05-23 00:00:00	1.12818	1.13754	1.12787	1.13592	144720	6"
"2025-05-25 00:00:00	1.13617	1.13816	1.13585	1.13744	12730	70"
"2025-05-26 00:00:00	1.13747	1.14185	1.13688	1.13883	108207	7"
"2025-05-27 00:00:00	1.13885	1.14071	1.1323	1.13366	145454	6"
"2025-05-28 00:00:00	1.13367	1.13454	1.12103	1.12296	172441	7"
"2025-05-29 00:00:00	1.12294	1.13843	1.1223	1.13765	174280	6"
"2025-05-30 00:00:00	1.13768	1.13897	1.13123	1.13453	160625	6"
"2025-06-01 00:00:00	1.13439	1.13602	1.13435	1.13526	9269	88"
"2025-06-02 00:00:00	1.13527	1.14538	1.13524	1.14531	139504	7"
"2025-06-03 00:00:00	1.1453	1.14544	1.13639	1.1384	122601	6"
"2025-06-04 00:00:00	1.13838	1.14344	1.13568	1.14205	145269	5"
"2025-06-05 00:00:00	1.14209	1.14948	1.14045	1.14533	157409	6"
"2025-06-06 00:00:00	1.14532	1.14572	1.13715	1.13935	142919	6"
"2025-06-08 00:00:00	1.13952	1.14111	1.13903	1.14061	4788	65"
"2025-06-09 00:00:00	1.14063	1.14391	1.13864	1.14261	98869	7"
"2025-06-10 00:00:00	1.1426	1.14475	1.13729	1.14372	114622	6"
"2025-06-11 00:00:00	1.14375	1.15129	1.14052	1.15099	107094	5"
"2025-06-12 00:00:00	1.15102	1.16311	1.15017	1.16084	133371	5"
"2025-06-13 00:00:00	1.16083	1.16143	1.1489	1.15457	170760	7"
"2025-06-15 00:00:00	1.15309	1.15469	1.15256	1.15376	13637	37"
"2025-06-16 00:00:00	1.15376	1.16147	1.15238	1.15534	135938	6"
"2025-06-17 00:00:00	1.15536	1.15796	1.14743	1.14816	143945	6"
"2025-06-18 00:00:00	1.14817	1.153	1.14608	1.14758	153026	6"
"2025-06-19 00:00:00	1.14758	1.15125	1.14461	1.15113	101795	5"
"2025-06-20 00:00:00	1.15112	1.15439	1.1495	1.15189	102480	6"
"2025-06-22 00:00:00	1.14602	1.15073	1.14544	1.14995	10412	49"
"2025-06-23 00:00:00	1.14995	1.16082	1.14533	1.15979	166498	6"
"2025-06-24 00:00:00	1.15977	1.16417	1.15798	1.16121	129665	6"
"2025-06-25 00:00:00	1.1612	1.16845	1.15898	1.16831	96774	5"
"2025-06-26 00:00:00	1.16832	1.17449	1.16673	1.1693	112716	6"
"2025-06-27 00:00:00	1.16931	1.17539	1.16837	1.17162	96526	5"
"2025-06-29 00:00:00	1.17287	1.17385	1.17215	1.17263	6397	22"
"2025-06-30 00:00:00	1.17264	1.17907	1.17075	1.17863	105394	7"
"2025-07-01 00:00:00	1.17862	1.18298	1.17611	1.1805	115175	4"
"2025-07-02 00:00:00	1.18048	1.18098	1.17467	1.17985	109724	5"
"2025-07-03 00:00:00	1.17985	1.181	1.17169	1.17688	108593	5"
"2025-07-04 00:00:00	1.1769	1.17873	1.17561	1.17719	84103	6"
"2025-07-06 00:00:00	1.17793	1.17825	1.17732	1.178	2635	86"
"2025-07-07 00:00:00	1.17805	1.17901	1.16868	1.17363	106847	4"
"2025-07-08 00:00:00	1.17365	1.1765	1.16825	1.17233	108952	5"
"2025-07-09 00:00:00	1.17233	1.17396	1.16895	1.17378	86956	5"
"2025-07-10 00:00:00	1.17375	1.17494	1.16623	1.17018	107754	5"
"2025-07-11 00:00:00	1.17016	1.17138	1.16645	1.16852	85602	3"
"2025-07-13 00:00:00	1.16658	1.16843	1.16611	1.16822	6001	65"
"2025-07-14 00:00:00	1.16822	1.16978	1.16541	1.1665	83758	5"
"2025-07-15 00:00:00	1.1665	1.16925	1.15927	1.1607	119118	7"
"2025-07-16 00:00:00	1.16073	1.17212	1.15623	1.16353	149179	4"
"2025-07-17 00:00:00	1.16353	1.16361	1.15566	1.1615	107177	6"
"2025-07-18 00:00:00	1.16151	1.16716	1.16119	1.16207	75631	4"
"2025-07-20 00:00:00	1.16236	1.1634	1.16221	1.16294	4812	141"
"2025-07-21 00:00:00	1.16296	1.17166	1.16145	1.16945	84609	4"
"2025-07-22 00:00:00	1.1695	1.17607	1.16788	1.17378	77154	6"
"2025-07-23 00:00:00	1.17377	1.17789	1.17109	1.17733	96107	6"
"2025-07-24 00:00:00	1.17732	1.17887	1.17303	1.17545	89714	4"
"2025-07-25 00:00:00	1.17548	1.17609	1.17028	1.17396	84422	4"
"2025-07-27 00:00:00	1.17552	1.17686	1.17507	1.17554	4394	35"
"2025-07-28 00:00:00	1.17554	1.177	1.1585	1.15963	94374	6"
"2025-07-29 00:00:00	1.1596	1.15989	1.15188	1.15506	106375	4"
"2025-07-30 00:00:00	1.15506	1.15725	1.14008	1.14278	154083	4"
"2025-07-31 00:00:00	1.14278	1.14606	1.14058	1.14217	96425	7"
"2025-08-01 00:00:00	1.14217	1.15969	1.13915	1.1583	147607	4"
"2025-08-03 00:00:00	1.1591	1.15963	1.15779	1.15876	6442	30"
"2025-08-04 00:00:00	1.15876	1.15887	1.15497	1.15838	101169	3"
"2025-08-05 00:00:00	1.1584	1.15876	1.15277	1.15784	96372	5"
"2025-08-06 00:00:00	1.15781	1.16683	1.15642	1.1663	86778	4"
"2025-08-07 00:00:00	1.16628	1.16986	1.16108	1.16768	131288	4"
"2025-08-08 00:00:00	1.16768	1.16792	1.16287	1.16368	78988	4"
"2025-08-10 00:00:00	1.16444	1.16508	1.16426	1.16475	2969	38"
"2025-08-11 00:00:00	1.16474	1.16754	1.159	1.1616	119124	3"
"2025-08-12 00:00:00	1.16162	1.16971	1.15986	1.16775	120860	5"
"2025-08-13 00:00:00	1.16774	1.17301	1.16703	1.1712	84716	3"
"2025-08-14 00:00:00	1.1712	1.1715	1.16309	1.16504	130434	5"
"2025-08-15 00:00:00	1.16506	1.17151	1.16467	1.17026	75595	3"
"2025-08-17 00:00:00	1.17101	1.17157	1.17038	1.17059	2823	35"
"2025-08-18 00:00:00	1.17061	1.17106	1.16561	1.16679	67114	4"
"2025-08-19 00:00:00	1.16678	1.16928	1.1639	1.16415	67269	4"
"2025-08-20 00:00:00	1.16413	1.16736	1.16221	1.16507	72265	4"
"2025-08-21 00:00:00	1.16507	1.16626	1.1601	1.16122	89666	5"
"2025-08-22 00:00:00	1.16122	1.17425	1.15828	1.17148	100766	4"
"2025-08-24 00:00:00	1.17203	1.17259	1.17074	1.17083	2793	44"
"2025-08-25 00:00:00	1.17077	1.17204	1.16028	1.16144	71366	3"
"2025-08-26 00:00:00	1.16145	1.16652	1.16021	1.16368	116988	3"
"2025-08-27 00:00:00	1.1637	1.16477	1.1574	1.16473	94214	4"
"2025-08-28 00:00:00	1.16474	1.16972	1.16289	1.16785	86929	3"
"2025-08-29 00:00:00	1.16786	1.17089	1.16507	1.16826	88930	4"
"2025-08-31 00:00:00	1.16935	1.16959	1.16845	1.169	2233	37"
"2025-09-01 00:00:00	1.16899	1.17362	1.16879	1.17147	54366	4"
"2025-09-02 00:00:00	1.17148	1.17156	1.16127	1.16327	162227	4"
"2025-09-03 00:00:00	1.16327	1.1682	1.16081	1.16608	120761	4"
"2025-09-04 00:00:00	1.16611	1.16694	1.16298	1.16567	86468	4"
"2025-09-05 00:00:00	1.16566	1.17593	1.16522	1.17141	105272	4"
"2025-09-07 00:00:00	1.17111	1.17197	1.17036	1.17121	5250	30"
"2025-09-08 00:00:00	1.17122	1.17728	1.17046	1.17684	73961	4"
"2025-09-09 00:00:00	1.17685	1.17799	1.16972	1.1702	122644	5"
"2025-09-10 00:00:00	1.1702	1.17306	1.16824	1.17024	94314	5"
"2025-09-11 00:00:00	1.17023	1.1746	1.16589	1.17329	103376	3"
"2025-09-12 00:00:00	1.17329	1.17475	1.17013	1.17301	88628	5"
"2025-09-14 00:00:00	1.17303	1.17344	1.17249	1.17253	2185	73"
"2025-09-15 00:00:00	1.17256	1.17744	1.1716	1.17628	77216	4"
"2025-09-16 00:00:00	1.17627	1.18783	1.17572	1.18709	113778	4"
"2025-09-17 00:00:00	1.18711	1.19186	1.18077	1.18251	131265	3"
"2025-09-18 00:00:00	1.18253	1.18482	1.175	1.17889	149072	4"
"2025-09-19 00:00:00	1.1789	1.17925	1.17286	1.17405	92021	3"
"2025-09-21 00:00:00	1.17449	1.17477	1.17357	1.17365	2817	82"
"2025-09-22 00:00:00	1.17363	1.18037	1.17262	1.18004	81201	4"
"2025-09-23 00:00:00	1.18002	1.18199	1.17787	1.18153	98755	6"
"2025-09-24 00:00:00	1.18153	1.18163	1.1728	1.17423	107339	5"
"2025-09-25 00:00:00	1.17422	1.17538	1.16454	1.16616	109656	3"
"2025-09-26 00:00:00	1.16615	1.17072	1.16579	1.17005	90240	4"
"2025-09-28 00:00:00	1.16986	1.17097	1.16986	1.17048	3581	86"
"2025-09-29 00:00:00	1.17047	1.17544	1.17044	1.17305	87617	3"
"2025-09-30 00:00:00	1.17307	1.17615	1.17119	1.17344	98033	3"
"2025-10-01 00:00:00	1.17342	1.17785	1.17154	1.17327	140370	5"
"2025-10-02 00:00:00	1.17325	1.17583	1.16829	1.17244	88816	5"
"2025-10-03 00:00:00	1.17245	1.17591	1.17146	1.17382	78875	3"
"2025-10-05 00:00:00	1.17209	1.17275	1.1706	1.17116	10244	36"
"2025-10-06 00:00:00	1.17121	1.17307	1.16516	1.17092	124396	5"
"2025-10-07 00:00:00	1.17093	1.1711	1.16474	1.16526	82776	5"
"2025-10-08 00:00:00	1.16527	1.1653	1.15983	1.1629	94301	4"
"2025-10-09 00:00:00	1.16289	1.1648	1.1542	1.15652	109975	3"
"2025-10-10 00:00:00	1.1565	1.16305	1.1559	1.16149	105433	4"
"2025-10-12 00:00:00	1.16138	1.1615	1.15918	1.16015	7594	89"
"2025-10-13 00:00:00	1.16012	1.16297	1.15574	1.15658	78554	4"
"2025-10-14 00:00:00	1.15657	1.16148	1.15423	1.16032	107595	3"
"2025-10-15 00:00:00	1.1603	1.16519	1.16017	1.16456	91908	4"
"2025-10-16 00:00:00	1.16455	1.16994	1.16425	1.16988	111257	6"
"2025-10-17 00:00:00	1.16989	1.17283	1.16496	1.16509	136498	5"
"2025-10-19 00:00:00	1.16646	1.16655	1.16515	1.16578	6343	35"
"2025-10-20 00:00:00	1.16579	1.16753	1.16382	1.16439	76416	4"
"2025-10-21 00:00:00	1.16438	1.1655	1.15975	1.15993	115196	4"
"2025-10-22 00:00:00	1.15996	1.16224	1.15767	1.16071	83215	4"
"2025-10-23 00:00:00	1.16071	1.16213	1.15853	1.16171	69104	4"
"2025-10-24 00:00:00	1.1617	1.1649	1.16008	1.16266	84406	3"
"2025-10-26 00:00:00	1.16346	1.16362	1.16253	1.1631	4605	21"
"2025-10-27 00:00:00	1.16308	1.16547	1.16176	1.16508	60970	4"
"2025-10-28 00:00:00	1.16508	1.16686	1.16255	1.16568	82135	4"
"2025-10-29 00:00:00	1.16568	1.1666	1.15773	1.16028	125327	5"
"2025-10-30 00:00:00	1.16027	1.16374	1.1547	1.15714	108575	4"
"2025-10-31 00:00:00	1.15714	1.15775	1.15214	1.1537	73383	6"
"2025-11-02 00:00:00	1.15294	1.15383	1.1525	1.15274	11741	46"
"2025-11-03 00:00:00	1.15273	1.15413	1.1505	1.15184	75041	4"
"2025-11-04 00:00:00	1.15183	1.15334	1.14729	1.1485	83152	4"
"2025-11-05 00:00:00	1.14849	1.14978	1.14687	1.14957	83743	4"
"2025-11-06 00:00:00	1.14956	1.15522	1.1493	1.15485	95502	3"
"2025-11-07 00:00:00	1.15485	1.1591	1.15294	1.15656	81184	3"
"2025-11-09 00:00:00	1.15562	1.15582	1.15413	1.15433	5696	66"
"2025-11-10 00:00:00	1.15434	1.15829	1.15409	1.15565	68007	4"
"2025-11-11 00:00:00	1.15566	1.16057	1.15468	1.15867	68682	5"
"2025-11-12 00:00:00	1.15865	1.15977	1.15627	1.15915	70588	4"
"2025-11-13 00:00:00	1.15915	1.16559	1.15789	1.163	97401	5"
"2025-11-14 00:00:00	1.163	1.16536	1.1606	1.16172	102271	3"
"2025-11-16 00:00:00	1.16143	1.16244	1.16114	1.16147	2729	73"
"2025-11-17 00:00:00	1.16147	1.16149	1.15818	1.15899	72482	3"
"2025-11-18 00:00:00	1.15898	1.16076	1.15713	1.158	93327	3"
"2025-11-19 00:00:00	1.158	1.15971	1.15178	1.15392	99196	4"
"2025-11-20 00:00:00	1.15392	1.15499	1.15013	1.15334	101733	3"
"2025-11-21 00:00:00	1.15338	1.15524	1.14909	1.15155	115624	5"
"2025-11-23 00:00:00	1.15128	1.15143	1.15058	1.15073	2708	117"
"2025-11-24 00:00:00	1.15074	1.15503	1.15018	1.152	71181	3"
"2025-11-25 00:00:00	1.15201	1.15859	1.15114	1.15648	108586	5"
"2025-11-26 00:00:00	1.15648	1.16021	1.1547	1.16017	108005	3"
"2025-11-27 00:00:00	1.16018	1.16132	1.15763	1.15996	51642	4"
"2025-11-28 00:00:00	1.15995	1.16075	1.1555	1.15973	177657	4"
"2025-11-30 00:00:00	1.1594	1.16078	1.15912	1.1601	3306	25"
"2025-12-01 00:00:00	1.16011	1.16522	1.15893	1.16066	93045	4"
"2025-12-02 00:00:00	1.16069	1.1629	1.1591	1.1628	74054	4"
"2025-12-03 00:00:00	1.1628	1.16775	1.16277	1.16661	95663	4"
"2025-12-04 00:00:00	1.16662	1.16819	1.16409	1.16431	79501	3"
"2025-12-05 00:00:00	1.16433	1.16717	1.16279	1.16388	75183	3"
"2025-12-07 00:00:00	1.16373	1.16461	1.16341	1.16404	3357	83"
"2025-12-08 00:00:00	1.16406	1.16718	1.16163	1.16407	76007	3"
"2025-12-09 00:00:00	1.16405	1.16571	1.16149	1.16278	78853	4"
"2025-12-10 00:00:00	1.1628	1.17027	1.16214	1.17013	111492	3"
"2025-12-11 00:00:00	1.17013	1.17627	1.16821	1.17407	101980	4"
"2025-12-12 00:00:00	1.17407	1.17497	1.17195	1.17396	90918	3"
"2025-12-14 00:00:00	1.17358	1.17406	1.17277	1.17369	4070	56"
"2025-12-15 00:00:00	1.1737	1.17688	1.17264	1.17533	93552	3"
"2025-12-16 00:00:00	1.17535	1.1804	1.1735	1.17492	114081	3"
"2025-12-17 00:00:00	1.1749	1.1758	1.1703	1.17414	109576	4"
"2025-12-18 00:00:00	1.17415	1.17627	1.17123	1.17246	107383	3"
"2025-12-19 00:00:00	1.17247	1.17377	1.17021	1.17103	84270	4"
"2025-12-21 00:00:00	1.17149	1.17169	1.17058	1.17103	5529	74"
"2025-12-22 00:00:00	1.17098	1.17693	1.17093	1.17634	76074	4"
"2025-12-23 00:00:00	1.17635	1.18021	1.17628	1.17946	94471	4"
"2025-12-24 00:00:00	1.17946	1.18079	1.17695	1.17714	84855	4"
"2025-12-25 00:00:00	1.17708	1.17843	1.17663	1.17833	9764	154"
"2025-12-26 00:00:00	1.17839	1.17966	1.17615	1.1768	83267	6"
"2025-12-28 00:00:00	1.17631	1.17777	1.17631	1.17722	3048	121"
"2025-12-29 00:00:00	1.17723	1.1789	1.17493	1.17722	96550	7"
"2025-12-30 00:00:00	1.17721	1.17797	1.17431	1.17456	67166	5"
"2025-12-31 00:00:00	1.17455	1.17592	1.17199	1.17455	86559	3"
"2026-01-01 00:00:00	1.17387	1.17507	1.17387	1.17506	3654	131"
"2026-01-02 00:00:00	1.17509	1.17649	1.17132	1.17199	88827	4"
"2026-01-04 00:00:00	1.17203	1.17219	1.16999	1.1705	4250	78"
"2026-01-05 00:00:00	1.1705	1.17286	1.16588	1.17144	108144	3"
"2026-01-06 00:00:00	1.17144	1.17428	1.16837	1.16868	101231	4"
"2026-01-07 00:00:00	1.1687	1.17025	1.16727	1.16767	90865	4"
"2026-01-08 00:00:00	1.16768	1.16828	1.16425	1.16578	65457	3"
"2026-01-09 00:00:00	1.16579	1.16604	1.16179	1.16298	83134	4"
"2026-01-11 00:00:00	1.16296	1.16348	1.1623	1.16235	1679	71"
"2026-01-12 00:00:00	1.16237	1.16984	1.16216	1.16673	86656	4"
"2026-01-13 00:00:00	1.16673	1.16776	1.1634	1.1642	84586	3"
"2026-01-14 00:00:00	1.16421	1.16615	1.16354	1.16449	84810	3"
"2026-01-15 00:00:00	1.1645	1.16455	1.1593	1.16088	83235	3"
"2026-01-16 00:00:00	1.16087	1.16273	1.15843	1.1595	97514	4"
"2026-01-18 00:00:00	1.15815	1.16268	1.15777	1.16241	9013	32"
"2026-01-19 00:00:00	1.1624	1.16487	1.16043	1.16393	85739	3"
"2026-01-20 00:00:00	1.16395	1.17688	1.16324	1.1727	164048	5"
"2026-01-21 00:00:00	1.1727	1.1743	1.16697	1.16728	129685	5"
"2026-01-22 00:00:00	1.16727	1.17591	1.16727	1.17538	90796	3"
"2026-01-23 00:00:00	1.17537	1.18336	1.17283	1.1828	113874	3"
"2026-01-25 00:00:00	1.18661	1.18976	1.18506	1.18602	10059	27"
"2026-01-26 00:00:00	1.18601	1.19069	1.18347	1.18738	149488	4"
"2026-01-27 00:00:00	1.18736	1.20822	1.18502	1.20227	195924	4"
"2026-01-28 00:00:00	1.20227	1.20257	1.18957	1.19808	189140	3"
"2026-01-29 00:00:00	1.19807	1.19964	1.19059	1.19674	183817	3"
"2026-01-30 00:00:00	1.19673	1.19729	1.18489	1.1849	227194	3"
"2026-02-01 00:00:00	1.18492	1.18569	1.18395	1.18461	10395	38"
"2026-02-02 00:00:00	1.18464	1.18747	1.17758	1.17987	189072	3"
"2026-02-03 00:00:00	1.17986	1.18288	1.178	1.18155	123427	3"
"2026-02-04 00:00:00	1.18155	1.18379	1.17903	1.18015	123469	3"
"2026-02-05 00:00:00	1.18014	1.18218	1.17749	1.17764	133256	4"
"2026-02-06 00:00:00	1.17763	1.1826	1.17654	1.18115	93919	4"
"2026-02-08 00:00:00	1.18106	1.18277	1.18097	1.18266	5030	42"
"2026-02-09 00:00:00	1.18267	1.19266	1.18159	1.19036	129331	3"
"2026-02-10 00:00:00	1.19035	1.19285	1.18866	1.18876	109629	3"
"2026-02-11 00:00:00	1.18877	1.19272	1.18331	1.18746	144202	3"
"2026-02-12 00:00:00	1.18747	1.18899	1.18522	1.18691	127487	3"
"2026-02-13 00:00:00	1.18689	1.18846	1.18469	1.18655	101344	3"
"2026-02-15 00:00:00	1.18751	1.18755	1.18631	1.18667	2705	26"
"2026-02-16 00:00:00	1.18667	1.18703	1.18462	1.18503	48298	3"
"2026-02-17 00:00:00	1.18505	1.18573	1.18049	1.18507	89542	4"
"2026-02-18 00:00:00	1.18507	1.18535	1.17818	1.17885	84249	4"
"2026-02-19 00:00:00	1.17884	1.18075	1.17418	1.17682	97900	3"
"2026-02-20 00:00:00	1.17683	1.18074	1.17432	1.17814	125580	3"
"2026-02-22 00:00:00	1.17906	1.18346	1.17901	1.18333	5744	92"
"2026-02-23 00:00:00	1.18333	1.18344	1.17744	1.17929	105379	3"
"2026-02-24 00:00:00	1.17928	1.17963	1.1766	1.17738	85575	4"
"2026-02-25 00:00:00	1.17738	1.18163	1.17709	1.1815	80527	4"
"2026-02-26 00:00:00	1.18149	1.18288	1.17737	1.18031	88863	3"
"2026-02-27 00:00:00	1.1803	1.18268	1.17887	1.18122	98359	4"
"2026-03-01 00:00:00	1.17751	1.17876	1.17568	1.1759	9669	32"
"2026-03-02 00:00:00	1.1759	1.17958	1.16717	1.16944	169753	4"
"2026-03-03 00:00:00	1.16945	1.17067	1.153	1.16104	227804	4"
"2026-03-04 00:00:00	1.16106	1.16546	1.15745	1.16346	161959	4"
"2026-03-05 00:00:00	1.16346	1.16473	1.15587	1.16064	194116	5"
"2026-03-06 00:00:00	1.16064	1.16213	1.15457	1.1617	184595	4"
"2026-03-08 00:00:00	1.15442	1.15573	1.1521	1.15243	17027	73"
"2026-03-09 00:00:00	1.15241	1.15732	1.15069	1.15601	120717	4"
