"Time	Open	High	Low	Close	Volume"
"2017-12-12 00:00:00	1.33468	1.33799	1.33034	1.33192	158761	12"
"2017-12-13 00:00:00	1.33192	1.34299	1.33114	1.34089	181740	9"
"2017-12-14 00:00:00	1.34089	1.34658	1.33921	1.34321	202513	11"
"2017-12-15 00:00:00	1.34321	1.34474	1.33013	1.33269	185555	12"
"2017-12-17 00:00:00	1.33095	1.33225	1.33095	1.33152	5627	109"
"2017-12-18 00:00:00	1.33155	1.34182	1.33101	1.33784	163189	17"
"2017-12-19 00:00:00	1.33785	1.34021	1.33309	1.33853	187476	10"
"2017-12-20 00:00:00	1.33853	1.34199	1.33679	1.33697	166902	12"
"2017-12-21 00:00:00	1.33697	1.33872	1.33311	1.33776	157381	8"
"2017-12-22 00:00:00	1.3377	1.33971	1.3346	1.33541	152858	15"
"2017-12-24 00:00:00	1.33449	1.3348	1.33449	1.33478	343	380"
"2017-12-25 00:00:00	1.33478	1.3394	1.33478	1.33733	6107	365"
"2017-12-26 00:00:00	1.33734	1.3389	1.33473	1.33738	133339	14"
"2017-12-27 00:00:00	1.33737	1.34295	1.33672	1.34023	150766	9"
"2017-12-28 00:00:00	1.34023	1.34563	1.33974	1.34393	141610	13"
"2017-12-29 00:00:00	1.34402	1.3544	1.34382	1.34944	152940	7"
"2018-01-01 00:00:00	1.35065	1.3521	1.34945	1.35096	6566	41"
"2018-01-02 00:00:00	1.35095	1.36001	1.35075	1.35939	165418	11"
"2018-01-03 00:00:00	1.35938	1.36124	1.34948	1.35107	166334	10"
"2018-01-04 00:00:00	1.35106	1.35595	1.35052	1.35513	158123	9"
"2018-01-05 00:00:00	1.35513	1.35823	1.35231	1.3564	153134	12"
"2018-01-07 00:00:00	1.35556	1.35787	1.35553	1.35755	5531	110"
"2018-01-08 00:00:00	1.35755	1.35853	1.35229	1.35696	126262	12"
"2018-01-09 00:00:00	1.35697	1.35822	1.35063	1.35299	144629	9"
"2018-01-10 00:00:00	1.35298	1.35618	1.34816	1.35115	174886	10"
"2018-01-11 00:00:00	1.35115	1.35546	1.34579	1.35407	179149	9"
"2018-01-12 00:00:00	1.35408	1.3744	1.35376	1.37277	193276	10"
"2018-01-14 00:00:00	1.37279	1.37425	1.37253	1.37311	5312	39"
"2018-01-15 00:00:00	1.37317	1.38193	1.37294	1.37935	171266	10"
"2018-01-16 00:00:00	1.37936	1.38052	1.37417	1.37969	189740	10"
"2018-01-17 00:00:00	1.37969	1.3942	1.37566	1.38246	214331	11"
"2018-01-18 00:00:00	1.38246	1.3913	1.38044	1.38923	213342	10"
"2018-01-19 00:00:00	1.38924	1.39449	1.38383	1.38479	201871	8"
"2018-01-21 00:00:00	1.38879	1.38947	1.38741	1.38903	7512	79"
"2018-01-22 00:00:00	1.38903	1.39905	1.38569	1.39835	190161	11"
"2018-01-23 00:00:00	1.39835	1.40273	1.39158	1.40115	206772	8"
"2018-01-24 00:00:00	1.40117	1.42627	1.40005	1.42197	253515	10"
"2018-01-25 00:00:00	1.42197	1.43451	1.40827	1.4149	321631	10"
"2018-01-26 00:00:00	1.4149	1.42854	1.41364	1.41562	277615	9"
"2018-01-28 00:00:00	1.41347	1.41522	1.41289	1.41501	7051	89"
"2018-01-29 00:00:00	1.41501	1.41579	1.4025	1.40722	250302	13"
"2018-01-30 00:00:00	1.40722	1.41665	1.39798	1.41548	262083	11"
"2018-01-31 00:00:00	1.41548	1.42325	1.41216	1.41986	272885	11"
"2018-02-01 00:00:00	1.41987	1.42781	1.41594	1.42656	255628	10"
"2018-02-02 00:00:00	1.42656	1.42777	1.41013	1.41213	257654	10"
"2018-02-04 00:00:00	1.41001	1.41128	1.4082	1.411	9720	34"
"2018-02-05 00:00:00	1.41101	1.41501	1.39421	1.39435	269025	9"
"2018-02-06 00:00:00	1.39437	1.39992	1.38363	1.39572	319683	10"
"2018-02-07 00:00:00	1.39572	1.39937	1.38482	1.38787	252421	11"
"2018-02-08 00:00:00	1.38787	1.40671	1.38454	1.39354	331146	13"
"2018-02-09 00:00:00	1.39356	1.39871	1.37642	1.38239	291714	12"
"2018-02-11 00:00:00	1.38081	1.38272	1.38041	1.38234	7196	117"
"2018-02-12 00:00:00	1.38234	1.38758	1.37958	1.38484	216881	12"
"2018-02-13 00:00:00	1.38484	1.39239	1.38323	1.38836	225957	13"
"2018-02-14 00:00:00	1.38836	1.40164	1.37996	1.40144	263243	11"
"2018-02-15 00:00:00	1.40146	1.41088	1.39989	1.41042	253320	15"
"2018-02-16 00:00:00	1.41042	1.41444	1.39964	1.40298	227722	12"
"2018-02-18 00:00:00	1.40108	1.40378	1.40101	1.40313	6207	101"
"2018-02-19 00:00:00	1.40313	1.40488	1.39584	1.39919	181986	13"
"2018-02-20 00:00:00	1.39918	1.40242	1.39311	1.39989	218244	12"
"2018-02-21 00:00:00	1.39986	1.40082	1.39039	1.39101	250671	11"
"2018-02-22 00:00:00	1.391	1.39885	1.38565	1.39506	234916	10"
"2018-02-23 00:00:00	1.39507	1.40049	1.39044	1.39656	183440	10"
"2018-02-25 00:00:00	1.39844	1.39856	1.39634	1.3968	4972	82"
"2018-02-26 00:00:00	1.3968	1.40696	1.3928	1.39637	145878	12"
"2018-02-27 00:00:00	1.39637	1.39962	1.38574	1.39042	175718	11"
"2018-02-28 00:00:00	1.39042	1.39158	1.37488	1.37543	185026	10"
"2018-03-01 00:00:00	1.37543	1.37846	1.37115	1.37749	209574	11"
"2018-03-02 00:00:00	1.37749	1.38166	1.37554	1.3798	188235	12"
"2018-03-04 00:00:00	1.37886	1.38133	1.37775	1.37948	11879	118"
"2018-03-05 00:00:00	1.37948	1.38769	1.37664	1.38487	178159	11"
"2018-03-06 00:00:00	1.38489	1.39291	1.38163	1.38987	182872	8"
"2018-03-07 00:00:00	1.38985	1.39118	1.38459	1.39042	174115	12"
"2018-03-08 00:00:00	1.39041	1.39098	1.37807	1.38031	179302	10"
"2018-03-09 00:00:00	1.38031	1.38886	1.37878	1.38447	162797	11"
"2018-03-11 00:00:00	1.385	1.38576	1.38417	1.38552	5011	57"
"2018-03-12 00:00:00	1.38552	1.39174	1.3841	1.39045	127097	9"
"2018-03-13 00:00:00	1.39047	1.39938	1.38745	1.39709	153509	11"
"2018-03-14 00:00:00	1.3971	1.39955	1.39255	1.39691	146880	12"
"2018-03-15 00:00:00	1.39689	1.39884	1.39213	1.39368	183828	10"
"2018-03-16 00:00:00	1.39364	1.39807	1.38891	1.39432	128703	9"
"2018-03-18 00:00:00	1.39353	1.39485	1.39346	1.39427	4821	106"
"2018-03-19 00:00:00	1.39427	1.40881	1.39128	1.40242	170561	9"
"2018-03-20 00:00:00	1.40241	1.40664	1.39826	1.40036	142181	9"
"2018-03-21 00:00:00	1.40035	1.41504	1.40014	1.41425	176218	11"
"2018-03-22 00:00:00	1.41425	1.42175	1.40756	1.4112	189961	11"
"2018-03-23 00:00:00	1.41121	1.41717	1.40849	1.41305	150246	10"
"2018-03-25 00:00:00	1.41326	1.41564	1.41296	1.41476	4238	147"
"2018-03-26 00:00:00	1.41476	1.42442	1.41448	1.42374	125237	10"
"2018-03-27 00:00:00	1.42372	1.4244	1.40659	1.41761	148557	9"
"2018-03-28 00:00:00	1.41761	1.42001	1.40703	1.40824	147575	12"
"2018-03-29 00:00:00	1.40824	1.40959	1.40106	1.40237	149083	10"
"2018-03-30 00:00:00	1.40233	1.40594	1.40088	1.40088	93553	52"
"2018-04-01 00:00:00	1.40224	1.40379	1.40193	1.40355	6372	78"
"2018-04-02 00:00:00	1.40355	1.40775	1.40259	1.40464	97579	15"
"2018-04-03 00:00:00	1.40464	1.40883	1.40208	1.40688	132535	10"
"2018-04-04 00:00:00	1.40688	1.40962	1.40146	1.40874	142401	11"
"2018-04-05 00:00:00	1.40874	1.40968	1.39652	1.4006	150720	9"
"2018-04-06 00:00:00	1.4006	1.41055	1.39827	1.40814	138030	10"
"2018-04-08 00:00:00	1.40866	1.40916	1.40818	1.409	4048	92"
"2018-04-09 00:00:00	1.409	1.41644	1.40782	1.4133	122657	10"
"2018-04-10 00:00:00	1.41327	1.41878	1.41199	1.41812	129146	10"
"2018-04-11 00:00:00	1.41811	1.4223	1.41608	1.41872	120133	9"
"2018-04-12 00:00:00	1.41871	1.42464	1.41451	1.42389	128366	10"
"2018-04-13 00:00:00	1.42389	1.42961	1.42205	1.42372	100937	10"
"2018-04-15 00:00:00	1.42397	1.42476	1.42291	1.42454	5163	58"
"2018-04-16 00:00:00	1.42453	1.43438	1.42366	1.434	98613	8"
"2018-04-17 00:00:00	1.434	1.43763	1.42826	1.42964	122657	11"
"2018-04-18 00:00:00	1.42963	1.43142	1.41728	1.42018	122991	9"
"2018-04-19 00:00:00	1.42017	1.42454	1.40684	1.40838	140168	11"
"2018-04-20 00:00:00	1.40838	1.40873	1.39965	1.40002	126667	9"
"2018-04-22 00:00:00	1.3999	1.40073	1.39915	1.40014	6452	73"
"2018-04-23 00:00:00	1.40017	1.40307	1.39261	1.39371	112154	10"
"2018-04-24 00:00:00	1.39372	1.39965	1.39177	1.39937	110168	9"
"2018-04-25 00:00:00	1.39937	1.39937	1.3921	1.39354	102794	9"
"2018-04-26 00:00:00	1.39357	1.3998	1.38947	1.39175	136163	10"
"2018-04-27 00:00:00	1.39175	1.39342	1.3747	1.37785	124958	9"
"2018-04-29 00:00:00	1.37711	1.37779	1.37684	1.37688	5468	36"
"2018-04-30 00:00:00	1.37688	1.37922	1.37125	1.37718	112801	10"
"2018-05-01 00:00:00	1.37719	1.37725	1.3588	1.36082	122415	11"
"2018-05-02 00:00:00	1.36082	1.36656	1.35546	1.35717	169223	10"
"2018-05-03 00:00:00	1.35717	1.36293	1.35377	1.35713	165916	8"
"2018-05-04 00:00:00	1.35713	1.35856	1.34861	1.35253	127312	9"
"2018-05-06 00:00:00	1.35327	1.3539	1.35298	1.35311	3215	61"
"2018-05-07 00:00:00	1.35312	1.35751	1.35151	1.35679	110355	9"
"2018-05-08 00:00:00	1.35678	1.35926	1.34843	1.35527	153168	9"
"2018-05-09 00:00:00	1.35527	1.36068	1.3499	1.35429	141799	8"
"2018-05-10 00:00:00	1.35427	1.36174	1.34598	1.35213	179693	8"
"2018-05-11 00:00:00	1.35212	1.35957	1.35017	1.35407	121987	10"
"2018-05-13 00:00:00	1.35393	1.35517	1.35373	1.35497	3537	145"
"2018-05-14 00:00:00	1.35496	1.36079	1.35425	1.35606	105610	12"
"2018-05-15 00:00:00	1.35609	1.35718	1.34511	1.34994	157470	11"
"2018-05-16 00:00:00	1.34993	1.35515	1.34554	1.35468	158901	9"
"2018-05-17 00:00:00	1.35468	1.35688	1.34741	1.35102	694647	9"
"2018-05-18 00:00:00	1.35103	1.3528	1.34548	1.34679	118735	9"
"2018-05-20 00:00:00	1.3459	1.34825	1.34589	1.34758	3902	80"
"2018-05-21 00:00:00	1.34758	1.34758	1.33907	1.34309	125629	12"
"2018-05-22 00:00:00	1.34306	1.34911	1.34123	1.34405	136384	10"
"2018-05-23 00:00:00	1.34407	1.34422	1.3305	1.33695	187721	10"
"2018-05-24 00:00:00	1.33695	1.34216	1.33497	1.33823	174564	10"
"2018-05-25 00:00:00	1.33823	1.33837	1.32928	1.32946	155380	9"
"2018-05-27 00:00:00	1.33138	1.33201	1.33023	1.33077	7358	41"
"2018-05-28 00:00:00	1.33077	1.33408	1.32961	1.33118	124390	9"
"2018-05-29 00:00:00	1.3312	1.3325	1.32044	1.32535	192504	9"
"2018-05-30 00:00:00	1.32535	1.33069	1.32418	1.32838	171458	11"
"2018-05-31 00:00:00	1.32838	1.33478	1.32771	1.32887	182227	9"
"2018-06-01 00:00:00	1.32888	1.33617	1.32538	1.33449	149204	8"
"2018-06-03 00:00:00	1.3331	1.33542	1.33306	1.33528	4499	291"
"2018-06-04 00:00:00	1.33528	1.33985	1.32947	1.33155	111792	9"
"2018-06-05 00:00:00	1.33155	1.34155	1.33019	1.34061	150008	10"
"2018-06-06 00:00:00	1.34062	1.34429	1.33968	1.34195	133691	10"
"2018-06-07 00:00:00	1.34195	1.34722	1.33714	1.34154	156050	8"
"2018-06-08 00:00:00	1.3416	1.3439	1.33544	1.34081	131746	9"
"2018-06-10 00:00:00	1.34058	1.3414	1.34047	1.3413	2987	134"
"2018-06-11 00:00:00	1.3413	1.34413	1.33444	1.33711	109703	11"
"2018-06-12 00:00:00	1.33711	1.34243	1.33418	1.33734	141890	7"
"2018-06-13 00:00:00	1.33734	1.3389	1.33079	1.33811	139891	11"
"2018-06-14 00:00:00	1.33811	1.34463	1.32532	1.32543	174698	9"
"2018-06-15 00:00:00	1.32541	1.32978	1.3211	1.32763	145667	10"
"2018-06-17 00:00:00	1.32557	1.3279	1.32557	1.32755	11435	106"
"2018-06-18 00:00:00	1.32756	1.32757	1.32257	1.32577	121928	10"
"2018-06-19 00:00:00	1.32579	1.32726	1.31507	1.31728	163640	10"
"2018-06-20 00:00:00	1.31728	1.3217	1.31458	1.31718	152583	9"
"2018-06-21 00:00:00	1.31718	1.32698	1.31018	1.32446	210048	11"
"2018-06-22 00:00:00	1.32445	1.33146	1.32444	1.32593	157780	11"
"2018-06-24 00:00:00	1.3249	1.32711	1.32332	1.32611	8487	123"
"2018-06-25 00:00:00	1.32615	1.32904	1.32212	1.32771	153811	10"
"2018-06-26 00:00:00	1.32774	1.32918	1.31922	1.32201	183302	10"
"2018-06-27 00:00:00	1.322	1.32336	1.31063	1.31193	233674	10"
"2018-06-28 00:00:00	1.31191	1.31199	1.30495	1.30745	198522	10"
"2018-06-29 00:00:00	1.30743	1.32136	1.30686	1.3204	196882	10"
"2018-07-01 00:00:00	1.31825	1.32082	1.31825	1.32075	8891	119"
"2018-07-02 00:00:00	1.32073	1.32073	1.3095	1.31419	161935	12"
"2018-07-03 00:00:00	1.31417	1.32064	1.31145	1.31938	176440	9"
"2018-07-04 00:00:00	1.31937	1.32495	1.31705	1.32275	153934	10"
"2018-07-05 00:00:00	1.32275	1.32748	1.32036	1.32217	165263	9"
"2018-07-06 00:00:00	1.32215	1.32898	1.32031	1.32844	143014	10"
"2018-07-08 00:00:00	1.33179	1.33186	1.32855	1.32946	11746	61"
"2018-07-09 00:00:00	1.32947	1.33625	1.31889	1.32536	183482	9"
"2018-07-10 00:00:00	1.32535	1.33008	1.3223	1.3258	163871	9"
"2018-07-11 00:00:00	1.3258	1.32852	1.31994	1.32059	187962	8"
"2018-07-12 00:00:00	1.32059	1.32448	1.31695	1.31783	159591	10"
"2018-07-13 00:00:00	1.31785	1.32383	1.31025	1.32323	149163	8"
"2018-07-15 00:00:00	1.32272	1.32318	1.3224	1.32267	3230	56"
"2018-07-16 00:00:00	1.32266	1.32928	1.32167	1.32362	145648	10"
"2018-07-17 00:00:00	1.3236	1.32687	1.30689	1.31047	173363	10"
"2018-07-18 00:00:00	1.31049	1.31169	1.301	1.30772	172143	10"
"2018-07-19 00:00:00	1.30772	1.30831	1.29574	1.30227	184009	10"
"2018-07-20 00:00:00	1.30225	1.31401	1.29948	1.31287	171405	9"
"2018-07-22 00:00:00	1.31229	1.31478	1.31183	1.31456	6269	81"
"2018-07-23 00:00:00	1.31453	1.3158	1.30821	1.31031	139634	8"
"2018-07-24 00:00:00	1.31029	1.31591	1.30714	1.3149	152814	6"
"2018-07-25 00:00:00	1.31488	1.32013	1.31328	1.31988	160543	9"
"2018-07-26 00:00:00	1.31989	1.32132	1.31017	1.31083	153700	11"
"2018-07-27 00:00:00	1.31083	1.3131	1.30822	1.30967	120311	9"
"2018-07-29 00:00:00	1.30989	1.31192	1.30988	1.31098	10907	274"
"2018-07-30 00:00:00	1.31098	1.31521	1.3097	1.31355	106447	10"
"2018-07-31 00:00:00	1.31355	1.31726	1.30894	1.31185	149727	10"
"2018-08-01 00:00:00	1.31182	1.3144	1.30951	1.31242	126821	10"
"2018-08-02 00:00:00	1.31242	1.3126	1.30112	1.30158	142844	8"
"2018-08-03 00:00:00	1.30161	1.30429	1.29753	1.30011	129930	11"
"2018-08-05 00:00:00	1.29948	1.30074	1.29948	1.30014	3618	303"
"2018-08-06 00:00:00	1.30017	1.30049	1.29198	1.29433	99429	10"
"2018-08-07 00:00:00	1.29431	1.29736	1.29237	1.29452	108582	9"
"2018-08-08 00:00:00	1.29452	1.29597	1.28535	1.28771	126204	6"
"2018-08-09 00:00:00	1.28772	1.29117	1.28182	1.28283	138679	9"
"2018-08-10 00:00:00	1.28283	1.28366	1.27228	1.27663	202539	7"
"2018-08-12 00:00:00	1.27421	1.27794	1.27421	1.27595	8181	136"
"2018-08-13 00:00:00	1.27596	1.27913	1.27299	1.27588	154229	9"
"2018-08-14 00:00:00	1.27586	1.28271	1.27046	1.27175	151710	11"
"2018-08-15 00:00:00	1.27175	1.27352	1.26617	1.26923	144932	8"
"2018-08-16 00:00:00	1.26924	1.27539	1.26858	1.2712	145519	10"
"2018-08-17 00:00:00	1.27122	1.27524	1.26978	1.27466	128157	7"
"2018-08-19 00:00:00	1.2742	1.27504	1.27395	1.2746	3771	86"
"2018-08-20 00:00:00	1.2746	1.28044	1.27293	1.28039	107973	10"
"2018-08-21 00:00:00	1.28039	1.29242	1.27986	1.29049	150703	8"
"2018-08-22 00:00:00	1.29051	1.29362	1.28685	1.29052	132723	9"
"2018-08-23 00:00:00	1.29052	1.29093	1.28026	1.28091	124296	7"
"2018-08-24 00:00:00	1.2809	1.2881	1.27992	1.28452	123470	7"
"2018-08-26 00:00:00	1.28365	1.28648	1.28348	1.28578	6613	104"
"2018-08-27 00:00:00	1.28578	1.29009	1.28287	1.2897	115943	8"
"2018-08-28 00:00:00	1.2897	1.29317	1.28615	1.2869	123414	8"
"2018-08-29 00:00:00	1.2869	1.30361	1.28451	1.30352	162725	8"
"2018-08-30 00:00:00	1.30354	1.30433	1.29849	1.30109	143058	7"
"2018-08-31 00:00:00	1.30109	1.30287	1.29449	1.29528	135392	9"
"2018-09-02 00:00:00	1.29095	1.29309	1.29095	1.29213	5713	65"
"2018-09-03 00:00:00	1.29212	1.29336	1.28547	1.28679	126186	6"
"2018-09-04 00:00:00	1.28679	1.28708	1.281	1.28574	148411	8"
"2018-09-05 00:00:00	1.28577	1.29822	1.27851	1.2914	158884	10"
"2018-09-06 00:00:00	1.29139	1.29622	1.2896	1.29244	141847	8"
"2018-09-07 00:00:00	1.29244	1.30278	1.29081	1.29137	147053	10"
"2018-09-09 00:00:00	1.29179	1.29292	1.29155	1.29287	3689	112"
"2018-09-10 00:00:00	1.29287	1.30514	1.28967	1.30267	128584	10"
"2018-09-11 00:00:00	1.30267	1.30869	1.29641	1.30157	141120	10"
"2018-09-12 00:00:00	1.30154	1.30821	1.29791	1.30439	146597	11"
"2018-09-13 00:00:00	1.30439	1.31233	1.30261	1.31103	142448	10"
"2018-09-14 00:00:00	1.311	1.31435	1.30565	1.30664	130233	9"
"2018-09-16 00:00:00	1.30683	1.30761	1.30672	1.30707	3010	85"
"2018-09-17 00:00:00	1.30707	1.31646	1.30698	1.31451	144899	10"
"2018-09-18 00:00:00	1.31451	1.31753	1.31185	1.31662	146886	6"
"2018-09-19 00:00:00	1.31662	1.32146	1.30974	1.314	167940	8"
"2018-09-20 00:00:00	1.314	1.3298	1.31388	1.32698	157865	11"
"2018-09-21 00:00:00	1.32698	1.32765	1.30558	1.30764	167850	4"
"2018-09-23 00:00:00	1.30775	1.30841	1.30708	1.30792	4673	101"
"2018-09-24 00:00:00	1.30791	1.31667	1.30628	1.31157	133622	11"
"2018-09-25 00:00:00	1.31157	1.31933	1.30947	1.31793	138059	9"
"2018-09-26 00:00:00	1.31793	1.32171	1.31381	1.31698	149908	11"
"2018-09-27 00:00:00	1.31698	1.31779	1.3072	1.30758	142998	11"
"2018-09-28 00:00:00	1.30758	1.30899	1.30002	1.30278	123495	10"
"2018-09-30 00:00:00	1.30371	1.30389	1.30245	1.3038	3103	102"
"2018-10-01 00:00:00	1.30377	1.31153	1.30119	1.30428	141198	9"
"2018-10-02 00:00:00	1.30428	1.30482	1.29409	1.29788	154025	10"
"2018-10-03 00:00:00	1.29788	1.30226	1.29237	1.294	178941	12"
"2018-10-04 00:00:00	1.29398	1.30411	1.2922	1.30221	168098	10"
"2018-10-05 00:00:00	1.30221	1.31226	1.30032	1.31136	151361	9"
"2018-10-07 00:00:00	1.3123	1.31288	1.30898	1.31257	11354	80"
"2018-10-08 00:00:00	1.31257	1.31326	1.30279	1.3092	142202	14"
"2018-10-09 00:00:00	1.30921	1.31578	1.30328	1.31565	171183	10"
"2018-10-10 00:00:00	1.31564	1.32158	1.31361	1.32043	166771	9"
"2018-10-11 00:00:00	1.32043	1.32468	1.31816	1.32331	216605	9"
"2018-10-12 00:00:00	1.32331	1.32575	1.31458	1.31516	176987	10"
"2018-10-14 00:00:00	1.30854	1.31099	1.30811	1.31027	10288	80"
"2018-10-15 00:00:00	1.31026	1.31815	1.31013	1.31538	163672	9"
"2018-10-16 00:00:00	1.31538	1.32362	1.31407	1.31873	153229	9"
"2018-10-17 00:00:00	1.31873	1.31923	1.30911	1.31013	148761	10"
"2018-10-18 00:00:00	1.31013	1.31311	1.30137	1.30178	147945	6"
"2018-10-19 00:00:00	1.3018	1.31037	1.30109	1.30666	137169	8"
"2018-10-21 00:00:00	1.30703	1.30749	1.30512	1.30661	5793	110"
"2018-10-22 00:00:00	1.30661	1.30899	1.29532	1.29648	146825	9"
"2018-10-23 00:00:00	1.29649	1.30439	1.29368	1.29794	163361	9"
"2018-10-24 00:00:00	1.29793	1.29904	1.28668	1.28836	174976	8"
"2018-10-25 00:00:00	1.28838	1.29192	1.27968	1.28203	163394	10"
"2018-10-26 00:00:00	1.28203	1.28411	1.27772	1.2826	183542	9"
"2018-10-28 00:00:00	1.28212	1.28347	1.28212	1.28304	3464	61"
"2018-10-29 00:00:00	1.28304	1.28528	1.27908	1.28015	147551	10"
"2018-10-30 00:00:00	1.28016	1.28123	1.26905	1.27069	138479	10"
"2018-10-31 00:00:00	1.27069	1.28303	1.27005	1.2767	146332	11"
"2018-11-01 00:00:00	1.27669	1.30349	1.27642	1.30026	172013	12"
"2018-11-02 00:00:00	1.30024	1.30406	1.29513	1.29617	150709	9"
"2018-11-04 00:00:00	1.3021	1.30215	1.29988	1.30052	6820	47"
"2018-11-05 00:00:00	1.30053	1.30675	1.29641	1.30572	135941	10"
"2018-11-06 00:00:00	1.30573	1.31139	1.30208	1.31133	143850	9"
"2018-11-07 00:00:00	1.31129	1.31744	1.30731	1.31266	190027	11"
"2018-11-08 00:00:00	1.31264	1.31496	1.30447	1.30655	157842	10"
"2018-11-09 00:00:00	1.30653	1.30681	1.2958	1.29729	146785	11"
"2018-11-11 00:00:00	1.2913	1.29386	1.29105	1.29377	8691	59"
"2018-11-12 00:00:00	1.29378	1.29465	1.28271	1.28541	170154	10"
"2018-11-13 00:00:00	1.28542	1.30469	1.28515	1.3014	200996	13"
"2018-11-14 00:00:00	1.30141	1.30718	1.28798	1.29836	215836	12"
"2018-11-15 00:00:00	1.29836	1.30298	1.27232	1.27652	238901	10"
"2018-11-16 00:00:00	1.27653	1.28773	1.27643	1.28261	183987	9"
"2018-11-18 00:00:00	1.28443	1.28443	1.28234	1.28333	6297	41"
"2018-11-19 00:00:00	1.28332	1.28835	1.27939	1.28557	158402	15"
"2018-11-20 00:00:00	1.28557	1.28826	1.27741	1.27869	164334	11"
"2018-11-21 00:00:00	1.27871	1.28193	1.27638	1.2776	145260	13"
"2018-11-22 00:00:00	1.27758	1.2927	1.27716	1.28759	125376	14"
"2018-11-23 00:00:00	1.28757	1.28821	1.27981	1.28006	129968	14"
"2018-11-25 00:00:00	1.28215	1.28297	1.28096	1.28121	4431	81"
"2018-11-26 00:00:00	1.28122	1.28637	1.27955	1.28125	141158	25"
"2018-11-27 00:00:00	1.28126	1.28194	1.27249	1.27422	192232	11"
"2018-11-28 00:00:00	1.27423	1.28467	1.2732	1.28219	171908	10"
"2018-11-29 00:00:00	1.28219	1.28494	1.27551	1.27847	164816	11"
"2018-11-30 00:00:00	1.27844	1.28092	1.2735	1.27509	159518	14"
"2018-12-02 00:00:00	1.27644	1.27644	1.27326	1.27515	7848	57"
"2018-12-03 00:00:00	1.27515	1.28242	1.26985	1.27246	148980	11"
"2018-12-04 00:00:00	1.27246	1.28394	1.26582	1.27187	185472	10"
"2018-12-05 00:00:00	1.27185	1.2798	1.26717	1.27244	155831	12"
"2018-12-06 00:00:00	1.27243	1.28118	1.26992	1.27795	188435	10"
"2018-12-07 00:00:00	1.27792	1.279	1.271	1.27296	145339	12"
"2018-12-09 00:00:00	1.27048	1.27261	1.27033	1.27187	9123	29"
"2018-12-10 00:00:00	1.27186	1.27598	1.25065	1.25595	182745	10"
"2018-12-11 00:00:00	1.25595	1.26382	1.24796	1.24918	184309	11"
"2018-12-12 00:00:00	1.24918	1.26712	1.24766	1.26241	199353	15"
"2018-12-13 00:00:00	1.26241	1.26861	1.26097	1.26531	149535	8"
"2018-12-14 00:00:00	1.26531	1.26535	1.2529	1.25813	154672	13"
"2018-12-16 00:00:00	1.26008	1.26013	1.25629	1.25838	11243	38"
"2018-12-17 00:00:00	1.25837	1.2647	1.25734	1.26139	166050	18"
"2018-12-18 00:00:00	1.26146	1.27053	1.26099	1.2654	171703	14"
"2018-12-19 00:00:00	1.2654	1.26787	1.26064	1.26257	257261	15"
"2018-12-20 00:00:00	1.26256	1.27073	1.26129	1.26677	301692	14"
"2018-12-21 00:00:00	1.26676	1.26977	1.26173	1.26247	297363	27"
"2018-12-23 00:00:00	1.26452	1.26507	1.26383	1.26496	6662	49"
"2018-12-24 00:00:00	1.26491	1.27382	1.26344	1.26862	220590	16"
"2018-12-25 00:00:00	1.26861	1.27077	1.26465	1.26865	14281	330"
"2018-12-26 00:00:00	1.26865	1.27186	1.26287	1.26473	139033	17"
"2018-12-27 00:00:00	1.26473	1.26745	1.26157	1.26445	319870	10"
"2018-12-28 00:00:00	1.26445	1.2708	1.26348	1.26943	187863	12"
"2018-12-30 00:00:00	1.26918	1.27026	1.26875	1.26894	6307	139"
"2018-12-31 00:00:00	1.26892	1.28145	1.26799	1.27526	162951	15"
"2019-01-01 00:00:00	1.27459	1.27544	1.27227	1.27528	4668	237"
"2019-01-02 00:00:00	1.27528	1.27729	1.2425	1.25149	243220	14"
"2019-01-03 00:00:00	1.25151	1.26472	1.25143	1.26268	269555	19"
"2019-01-04 00:00:00	1.26268	1.27443	1.26157	1.2717	248210	14"
"2019-01-06 00:00:00	1.27187	1.27399	1.27113	1.27318	6446	147"
"2019-01-07 00:00:00	1.27319	1.2789	1.27202	1.27849	188008	13"
"2019-01-08 00:00:00	1.27849	1.2797	1.27066	1.27383	208113	11"
"2019-01-09 00:00:00	1.27383	1.28033	1.27157	1.27982	275202	13"
"2019-01-10 00:00:00	1.27984	1.28008	1.27278	1.27526	237044	13"
"2019-01-11 00:00:00	1.27526	1.28655	1.27096	1.28347	239370	14"
"2019-01-13 00:00:00	1.28516	1.28641	1.28476	1.28476	6185	48"
"2019-01-14 00:00:00	1.28476	1.29304	1.28187	1.28742	232679	12"
"2019-01-15 00:00:00	1.28742	1.29156	1.26688	1.28707	276472	15"
"2019-01-16 00:00:00	1.28708	1.28971	1.28247	1.28868	224253	11"
"2019-01-17 00:00:00	1.28868	1.30006	1.28319	1.29827	219323	15"
"2019-01-18 00:00:00	1.29828	1.2993	1.28567	1.28696	198657	10"
"2019-01-20 00:00:00	1.28724	1.28782	1.28474	1.28511	4340	92"
"2019-01-21 00:00:00	1.28511	1.29105	1.28301	1.28901	166388	12"
"2019-01-22 00:00:00	1.28901	1.29751	1.28549	1.29553	212448	10"
"2019-01-23 00:00:00	1.29553	1.30817	1.2942	1.30816	234413	13"
"2019-01-24 00:00:00	1.30815	1.31281	1.3012	1.31194	234687	10"
"2019-01-25 00:00:00	1.31194	1.32172	1.30616	1.31984	255707	13"
"2019-01-27 00:00:00	1.31837	1.32109	1.31836	1.32073	6706	64"
"2019-01-28 00:00:00	1.32074	1.32088	1.31367	1.31598	205883	11"
"2019-01-29 00:00:00	1.31598	1.31995	1.30559	1.30794	276640	10"
"2019-01-30 00:00:00	1.30794	1.31451	1.30539	1.31156	250102	9"
"2019-01-31 00:00:00	1.31156	1.31599	1.30972	1.31082	234971	13"
"2019-02-01 00:00:00	1.31081	1.31147	1.3043	1.30739	204773	12"
"2019-02-03 00:00:00	1.30618	1.30811	1.30571	1.30763	12016	107"
"2019-02-04 00:00:00	1.30763	1.31034	1.30262	1.30265	212468	14"
"2019-02-05 00:00:00	1.30265	1.30516	1.29245	1.29566	195886	10"
"2019-02-06 00:00:00	1.29568	1.29791	1.2925	1.29333	199555	13"
"2019-02-07 00:00:00	1.29333	1.29961	1.2854	1.29483	209451	12"
"2019-02-08 00:00:00	1.29483	1.29759	1.29211	1.29441	169064	9"
"2019-02-10 00:00:00	1.29277	1.29372	1.29248	1.29364	4387	146"
"2019-02-11 00:00:00	1.2936	1.29386	1.28447	1.28631	217295	13"
"2019-02-12 00:00:00	1.28632	1.29092	1.28325	1.28905	198791	12"
"2019-02-13 00:00:00	1.28902	1.29584	1.28426	1.28542	220998	10"
"2019-02-14 00:00:00	1.28542	1.28774	1.27727	1.27974	221498	10"
"2019-02-15 00:00:00	1.27973	1.28977	1.27844	1.28865	204581	12"
"2019-02-17 00:00:00	1.29028	1.29066	1.28996	1.29037	5933	146"
"2019-02-18 00:00:00	1.29037	1.29385	1.28913	1.29226	219995	10"
"2019-02-19 00:00:00	1.29224	1.30728	1.28959	1.30589	215587	7"
"2019-02-20 00:00:00	1.30591	1.31088	1.30117	1.30439	233649	11"
"2019-02-21 00:00:00	1.30437	1.3095	1.30246	1.30401	246229	11"
"2019-02-22 00:00:00	1.304	1.30799	1.2968	1.30494	205529	9"
"2019-02-24 00:00:00	1.30713	1.30761	1.30488	1.3064	10013	51"
"2019-02-25 00:00:00	1.3064	1.31485	1.30507	1.31268	228997	13"
"2019-02-26 00:00:00	1.31266	1.32878	1.31221	1.32581	303773	8"
"2019-02-27 00:00:00	1.32586	1.33499	1.3233	1.33172	287331	11"
"2019-02-28 00:00:00	1.33173	1.33192	1.32531	1.32639	252303	11"
"2019-03-01 00:00:00	1.32639	1.32864	1.31716	1.31983	233865	10"
"2019-03-03 00:00:00	1.32446	1.32469	1.32291	1.32375	10342	72"
"2019-03-04 00:00:00	1.32375	1.32541	1.31663	1.31779	218973	10"
"2019-03-05 00:00:00	1.31776	1.31985	1.30975	1.31553	223771	13"
"2019-03-06 00:00:00	1.31551	1.31833	1.31237	1.31802	197107	9"
"2019-03-07 00:00:00	1.31802	1.31847	1.30679	1.309	237044	10"
"2019-03-08 00:00:00	1.30899	1.31083	1.29896	1.30111	220641	10"
"2019-03-10 00:00:00	1.29646	1.29938	1.29608	1.29842	7524	127"
"2019-03-11 00:00:00	1.29843	1.32889	1.29604	1.32453	276472	8"
"2019-03-12 00:00:00	1.32453	1.32458	1.30046	1.30638	261180	11"
"2019-03-13 00:00:00	1.30636	1.33808	1.30627	1.32863	262550	11"
"2019-03-14 00:00:00	1.32862	1.3331	1.32071	1.3257	281498	10"
"2019-03-15 00:00:00	1.3257	1.33	1.32023	1.32884	231073	10"
"2019-03-17 00:00:00	1.3295	1.32999	1.32892	1.32956	4451	40"
"2019-03-18 00:00:00	1.32956	1.32998	1.31841	1.32642	210233	11"
"2019-03-19 00:00:00	1.32642	1.33105	1.32406	1.32688	204115	12"
"2019-03-20 00:00:00	1.32688	1.32689	1.31459	1.32042	279533	13"
"2019-03-21 00:00:00	1.32041	1.32269	1.30039	1.31293	261155	14"
"2019-03-22 00:00:00	1.31293	1.32236	1.30806	1.32058	242267	12"
"2019-03-24 00:00:00	1.32127	1.32173	1.31767	1.32053	4929	68"
"2019-03-25 00:00:00	1.32053	1.32456	1.31596	1.32119	235208	12"
"2019-03-26 00:00:00	1.32119	1.32613	1.3157	1.32091	220025	9"
"2019-03-27 00:00:00	1.32091	1.32687	1.3142	1.31514	284573	14"
"2019-03-28 00:00:00	1.31513	1.31982	1.3034	1.30535	265714	15"
"2019-03-29 00:00:00	1.30533	1.31353	1.29776	1.30294	228202	13"
"2019-03-31 00:00:00	1.30368	1.30428	1.30054	1.3021	5660	79"
"2019-04-01 00:00:00	1.30206	1.31496	1.30093	1.30669	235275	12"
"2019-04-02 00:00:00	1.3067	1.31492	1.30131	1.31262	262675	13"
"2019-04-03 00:00:00	1.31262	1.31956	1.31207	1.31755	225104	13"
"2019-04-04 00:00:00	1.31755	1.31907	1.30596	1.30728	227575	14"
"2019-04-05 00:00:00	1.30728	1.31216	1.29866	1.30338	184289	14"
"2019-04-07 00:00:00	1.30337	1.30398	1.30197	1.30378	7327	116"
"2019-04-08 00:00:00	1.30376	1.30739	1.3033	1.30603	194902	14"
"2019-04-09 00:00:00	1.30605	1.3121	1.30302	1.30543	199975	13"
"2019-04-10 00:00:00	1.30544	1.31198	1.30474	1.30971	196520	14"
"2019-04-11 00:00:00	1.30971	1.3109	1.30501	1.30544	170855	12"
"2019-04-12 00:00:00	1.30543	1.31325	1.30502	1.30634	143888	15"
"2019-04-14 00:00:00	1.30737	1.30831	1.30691	1.30829	4416	117"
"2019-04-15 00:00:00	1.30829	1.31188	1.30786	1.3099	138081	8"
"2019-04-16 00:00:00	1.3099	1.31003	1.30389	1.30435	148770	11"
"2019-04-17 00:00:00	1.30436	1.30669	1.30283	1.30377	142160	12"
"2019-04-18 00:00:00	1.30377	1.30522	1.29784	1.29909	195801	12"
"2019-04-19 00:00:00	1.29913	1.30092	1.29783	1.29815	293757	19"
"2019-04-21 00:00:00	1.29892	1.29969	1.29845	1.29918	3977	146"
"2019-04-22 00:00:00	1.29918	1.29976	1.2975	1.29803	69009	12"
"2019-04-23 00:00:00	1.29805	1.30188	1.29277	1.29369	151676	14"
"2019-04-24 00:00:00	1.29369	1.29635	1.28875	1.29024	168359	15"
"2019-04-25 00:00:00	1.29023	1.29163	1.28654	1.28938	162854	14"
"2019-04-26 00:00:00	1.28938	1.29433	1.28744	1.29106	139614	11"
"2019-04-28 00:00:00	1.29137	1.29244	1.29106	1.29183	3884	217"
"2019-04-29 00:00:00	1.29184	1.29467	1.29046	1.29313	129532	13"
"2019-04-30 00:00:00	1.29313	1.30485	1.2926	1.30393	155200	15"
"2019-05-01 00:00:00	1.3039	1.3102	1.30336	1.30527	142507	10"
"2019-05-02 00:00:00	1.30527	1.30801	1.30178	1.30312	192464	10"
"2019-05-03 00:00:00	1.30314	1.31762	1.2988	1.31694	150592	11"
"2019-05-05 00:00:00	1.31388	1.31704	1.31375	1.31499	8648	86"
"2019-05-06 00:00:00	1.31499	1.31503	1.3081	1.30968	138477	13"
"2019-05-07 00:00:00	1.3097	1.3131	1.30392	1.30671	139944	10"
"2019-05-08 00:00:00	1.30669	1.308	1.29868	1.30076	159840	11"
"2019-05-09 00:00:00	1.30076	1.30355	1.29673	1.30084	149611	10"
"2019-05-10 00:00:00	1.30087	1.30471	1.29908	1.29997	146973	10"
"2019-05-12 00:00:00	1.29924	1.30115	1.29924	1.30075	5969	149"
"2019-05-13 00:00:00	1.30076	1.30407	1.29409	1.2963	129290	11"
"2019-05-14 00:00:00	1.29629	1.29703	1.2903	1.29059	122839	11"
"2019-05-15 00:00:00	1.2906	1.29229	1.2826	1.2846	128031	10"
"2019-05-16 00:00:00	1.28459	1.28515	1.27878	1.27961	107244	13"
"2019-05-17 00:00:00	1.27961	1.27967	1.27118	1.2715	126565	13"
"2019-05-19 00:00:00	1.27331	1.27358	1.27239	1.27299	3826	85"
"2019-05-20 00:00:00	1.273	1.27571	1.27144	1.27273	103402	10"
"2019-05-21 00:00:00	1.27273	1.28137	1.26849	1.27066	142200	11"
"2019-05-22 00:00:00	1.27066	1.27193	1.26239	1.26631	138946	8"
"2019-05-23 00:00:00	1.26629	1.26836	1.26049	1.26626	156890	12"
"2019-05-24 00:00:00	1.26626	1.27323	1.26471	1.27111	132925	12"
"2019-05-27 00:00:00	1.27224	1.27476	1.2667	1.26804	131948	11"
"2019-05-28 00:00:00	1.26803	1.2702	1.265	1.26583	138661	10"
"2019-05-29 00:00:00	1.26582	1.2671	1.26115	1.26285	140844	10"
"2019-05-30 00:00:00	1.26287	1.26401	1.25803	1.26059	115096	10"
"2019-05-31 00:00:00	1.2606	1.26443	1.2559	1.26291	143547	12"
"2019-06-02 00:00:00	1.26277	1.26389	1.26168	1.26386	4392	73"
"2019-06-03 00:00:00	1.26382	1.26738	1.26102	1.26632	149590	11"
"2019-06-04 00:00:00	1.26631	1.27142	1.26418	1.27029	154955	9"
"2019-06-05 00:00:00	1.27029	1.27436	1.26755	1.26873	157241	11"
"2019-06-06 00:00:00	1.26872	1.27419	1.26685	1.26942	163562	10"
"2019-06-07 00:00:00	1.26942	1.27627	1.26882	1.27354	145562	11"
"2019-06-09 00:00:00	1.27197	1.27357	1.27197	1.27215	6001	157"
"2019-06-10 00:00:00	1.27215	1.2727	1.26527	1.26901	132830	12"
"2019-06-11 00:00:00	1.269	1.27319	1.26699	1.27237	174088	13"
"2019-06-12 00:00:00	1.27238	1.27583	1.26811	1.26921	171846	11"
"2019-06-13 00:00:00	1.2692	1.27077	1.26618	1.26788	155070	12"
"2019-06-14 00:00:00	1.26786	1.26818	1.25796	1.25891	174539	9"
"2019-06-16 00:00:00	1.25784	1.25951	1.25746	1.25933	6131	70"
"2019-06-17 00:00:00	1.25932	1.26054	1.25304	1.25408	121839	13"
"2019-06-18 00:00:00	1.2541	1.25686	1.25058	1.25655	191905	8"
"2019-06-19 00:00:00	1.25655	1.26733	1.25423	1.26526	169582	12"
"2019-06-20 00:00:00	1.26526	1.27264	1.26515	1.27071	208191	12"
"2019-06-21 00:00:00	1.27072	1.27462	1.26421	1.27403	204247	9"
"2019-06-23 00:00:00	1.2729	1.27514	1.2729	1.27514	5454	39"
"2019-06-24 00:00:00	1.27514	1.27665	1.27077	1.27383	138595	10"
"2019-06-25 00:00:00	1.27384	1.27836	1.26715	1.269	164494	9"
"2019-06-26 00:00:00	1.26897	1.27071	1.26622	1.26947	208258	9"
"2019-06-27 00:00:00	1.26947	1.27247	1.26596	1.26732	181826	9"
"2019-06-28 00:00:00	1.26732	1.27345	1.2665	1.26916	159637	11"
"2019-06-30 00:00:00	1.26968	1.27025	1.26888	1.2693	7294	92"
"2019-07-01 00:00:00	1.2693	1.27053	1.26316	1.2644	152534	10"
"2019-07-02 00:00:00	1.26443	1.26455	1.25837	1.25972	140337	9"
"2019-07-03 00:00:00	1.25972	1.26	1.2557	1.25824	135344	11"
"2019-07-04 00:00:00	1.25824	1.25911	1.25683	1.25825	100822	11"
"2019-07-05 00:00:00	1.25824	1.25873	1.24808	1.25209	144631	9"
"2019-07-07 00:00:00	1.25251	1.25291	1.25229	1.25239	3954	54"
"2019-07-08 00:00:00	1.25238	1.25396	1.24996	1.25151	108761	11"
"2019-07-09 00:00:00	1.25144	1.25181	1.24393	1.24573	127551	12"
"2019-07-10 00:00:00	1.24572	1.25206	1.24435	1.25056	158488	11"
"2019-07-11 00:00:00	1.25056	1.25713	1.25049	1.25202	167139	12"
"2019-07-12 00:00:00	1.25206	1.25786	1.25199	1.25705	146164	11"
"2019-07-14 00:00:00	1.25515	1.25781	1.25397	1.25704	7515	270"
"2019-07-15 00:00:00	1.25705	1.25759	1.25099	1.25158	99644	11"
"2019-07-16 00:00:00	1.2516	1.25192	1.23959	1.24093	160042	10"
"2019-07-17 00:00:00	1.24093	1.24562	1.23816	1.24335	137421	11"
"2019-07-18 00:00:00	1.24335	1.25581	1.24276	1.25422	156147	10"
"2019-07-19 00:00:00	1.25423	1.25545	1.24757	1.24972	106375	9"
"2019-07-21 00:00:00	1.24746	1.25193	1.24746	1.25111	7776	318"
"2019-07-22 00:00:00	1.2511	1.2513	1.24551	1.24717	99281	11"
"2019-07-23 00:00:00	1.2472	1.24815	1.24174	1.2437	123622	12"
"2019-07-24 00:00:00	1.24368	1.2522	1.24263	1.24848	122059	11"
"2019-07-25 00:00:00	1.24847	1.25174	1.24365	1.24525	168370	12"
"2019-07-26 00:00:00	1.24524	1.24591	1.23757	1.23805	119701	12"
"2019-07-28 00:00:00	1.23737	1.23828	1.23737	1.23746	2537	29"
"2019-07-29 00:00:00	1.23749	1.23809	1.2212	1.22161	143070	11"
"2019-07-30 00:00:00	1.22161	1.22212	1.21185	1.21569	176541	12"
"2019-07-31 00:00:00	1.21571	1.22491	1.21334	1.21526	223546	14"
"2019-08-01 00:00:00	1.21527	1.21713	1.20791	1.21231	249566	13"
"2019-08-02 00:00:00	1.21231	1.21692	1.20898	1.21572	239676	11"
"2019-08-04 00:00:00	1.21579	1.21579	1.2127	1.21496	8680	155"
"2019-08-05 00:00:00	1.21493	1.21882	1.21013	1.2156	222757	12"
"2019-08-06 00:00:00	1.21557	1.22093	1.21365	1.21698	212984	15"
"2019-08-07 00:00:00	1.21699	1.21906	1.21207	1.21394	213520	12"
"2019-08-08 00:00:00	1.21394	1.21825	1.20949	1.2142	180464	14"
"2019-08-09 00:00:00	1.2142	1.21475	1.20214	1.20214	149148	13"
"2019-08-11 00:00:00	1.20448	1.20501	1.20148	1.20191	18062	114"
"2019-08-12 00:00:00	1.20191	1.21063	1.20167	1.20767	206814	14"
"2019-08-13 00:00:00	1.20768	1.20975	1.20416	1.20622	224523	11"
"2019-08-14 00:00:00	1.20623	1.21006	1.20444	1.20594	209190	11"
"2019-08-15 00:00:00	1.20593	1.21503	1.20502	1.20902	235403	11"
"2019-08-16 00:00:00	1.20904	1.21753	1.2081	1.21425	170553	13"
"2019-08-18 00:00:00	1.21533	1.21608	1.21422	1.21581	4286	110"
"2019-08-19 00:00:00	1.21583	1.21725	1.21044	1.21275	149972	16"
"2019-08-20 00:00:00	1.21276	1.21796	1.20639	1.21613	168033	12"
"2019-08-21 00:00:00	1.21614	1.21748	1.2112	1.21314	150607	14"
"2019-08-22 00:00:00	1.21312	1.2273	1.21081	1.22509	189156	12"
"2019-08-23 00:00:00	1.22504	1.22935	1.21941	1.22824	199874	11"
"2019-08-25 00:00:00	1.22649	1.22856	1.22593	1.22602	15218	33"
"2019-08-26 00:00:00	1.22605	1.22846	1.22075	1.22214	223565	13"
"2019-08-27 00:00:00	1.22213	1.23097	1.22085	1.22802	181314	13"
"2019-08-28 00:00:00	1.22803	1.22874	1.21556	1.22174	210617	9"
"2019-08-29 00:00:00	1.22173	1.22321	1.21719	1.21831	179829	10"
"2019-08-30 00:00:00	1.21834	1.22255	1.21389	1.21573	175207	12"
"2019-09-01 00:00:00	1.21472	1.21637	1.21381	1.21578	5515	202"
"2019-09-02 00:00:00	1.21579	1.21743	1.20355	1.20642	166562	12"
"2019-09-03 00:00:00	1.20642	1.21052	1.19581	1.20901	219896	13"
"2019-09-04 00:00:00	1.20901	1.22592	1.20842	1.22454	199580	14"
"2019-09-05 00:00:00	1.22454	1.23537	1.22097	1.23241	202766	14"
"2019-09-06 00:00:00	1.23242	1.23431	1.22791	1.228	174592	15"
"2019-09-08 00:00:00	1.22703	1.22883	1.22679	1.22838	5408	36"
"2019-09-09 00:00:00	1.22836	1.23853	1.2233	1.23451	167278	12"
"2019-09-10 00:00:00	1.23449	1.23792	1.23066	1.23571	149469	15"
"2019-09-11 00:00:00	1.23569	1.23706	1.23121	1.2334	148178	12"
"2019-09-12 00:00:00	1.23337	1.23663	1.2283	1.23282	193387	14"
"2019-09-13 00:00:00	1.23288	1.25056	1.23267	1.24974	166349	14"
"2019-09-15 00:00:00	1.24741	1.25037	1.24741	1.24957	4993	83"
"2019-09-16 00:00:00	1.24954	1.24973	1.23988	1.24249	141273	13"
"2019-09-17 00:00:00	1.24248	1.25271	1.23921	1.2501	147839	13"
"2019-09-18 00:00:00	1.25009	1.2512	1.24388	1.24686	152173	10"
"2019-09-19 00:00:00	1.24688	1.256	1.24379	1.25225	171262	14"
"2019-09-20 00:00:00	1.25225	1.25821	1.24592	1.24751	203837	12"
"2019-09-22 00:00:00	1.24657	1.24738	1.24645	1.24694	4962	30"
"2019-09-23 00:00:00	1.24695	1.24903	1.24126	1.24327	170799	12"
"2019-09-24 00:00:00	1.24326	1.25028	1.24139	1.24848	168399	10"
"2019-09-25 00:00:00	1.24848	1.2487	1.23438	1.23581	183327	10"
"2019-09-26 00:00:00	1.23582	1.23801	1.23023	1.2328	166621	9"
"2019-09-27 00:00:00	1.2328	1.23362	1.22707	1.22851	150300	10"
"2019-09-29 00:00:00	1.22901	1.22993	1.22821	1.22919	3807	127"
"2019-09-30 00:00:00	1.22917	1.23458	1.22754	1.22888	152171	11"
"2019-10-01 00:00:00	1.22889	1.23389	1.22044	1.2291	191740	10"
"2019-10-02 00:00:00	1.22912	1.23241	1.22266	1.2304	199660	12"
"2019-10-03 00:00:00	1.23039	1.24127	1.22653	1.23408	188547	12"
"2019-10-04 00:00:00	1.23406	1.23567	1.22758	1.23291	142628	12"
"2019-10-06 00:00:00	1.23068	1.23358	1.23047	1.23342	6496	76"
"2019-10-07 00:00:00	1.23342	1.23364	1.22835	1.22868	139703	11"
"2019-10-08 00:00:00	1.22872	1.23021	1.21949	1.22194	186933	11"
"2019-10-09 00:00:00	1.22193	1.22913	1.21975	1.22113	161872	11"
"2019-10-10 00:00:00	1.22113	1.24687	1.22082	1.24298	209797	12"
"2019-10-11 00:00:00	1.24298	1.2707	1.24069	1.26408	231094	10"
"2019-10-13 00:00:00	1.26242	1.26449	1.26138	1.26164	8363	136"
"2019-10-14 00:00:00	1.26166	1.26496	1.25156	1.26082	177957	11"
"2019-10-15 00:00:00	1.26079	1.2799	1.26024	1.27592	221702	16"
"2019-10-16 00:00:00	1.27592	1.28772	1.26556	1.28187	224512	11"
"2019-10-17 00:00:00	1.28188	1.29892	1.2749	1.28641	220493	12"
"2019-10-18 00:00:00	1.28642	1.29849	1.28391	1.29802	170597	15"
"2019-10-20 00:00:00	1.29498	1.29505	1.28742	1.29026	20845	46"
"2019-10-21 00:00:00	1.29022	1.3012	1.28876	1.29709	180435	24"
"2019-10-22 00:00:00	1.29709	1.29999	1.28616	1.28829	226865	14"
"2019-10-23 00:00:00	1.28829	1.29214	1.28407	1.29203	184616	17"
"2019-10-24 00:00:00	1.29201	1.295	1.2788	1.28382	183852	14"
"2019-10-25 00:00:00	1.28382	1.28627	1.2804	1.28234	124530	12"
"2019-10-27 00:00:00	1.28111	1.28338	1.28107	1.28274	6745	64"
"2019-10-28 00:00:00	1.28272	1.28761	1.28106	1.28557	133159	13"
"2019-10-29 00:00:00	1.28555	1.29047	1.28062	1.28644	164447	16"
"2019-10-30 00:00:00	1.28644	1.29073	1.28448	1.2901	157095	13"
"2019-10-31 00:00:00	1.2901	1.29756	1.29009	1.29383	179101	14"
"2019-11-01 00:00:00	1.29383	1.29723	1.29269	1.29368	140409	12"
"2019-11-03 00:00:00	1.29268	1.29403	1.29268	1.29364	3905	45"
"2019-11-04 00:00:00	1.29364	1.29424	1.28758	1.28886	120019	10"
"2019-11-05 00:00:00	1.28883	1.29172	1.28587	1.28798	144445	10"
"2019-11-06 00:00:00	1.28797	1.2897	1.28437	1.28551	112968	12"
"2019-11-07 00:00:00	1.28551	1.28777	1.27938	1.28194	155076	11"
"2019-11-08 00:00:00	1.28193	1.28226	1.27684	1.27714	113431	12"
"2019-11-10 00:00:00	1.27978	1.27978	1.27883	1.27944	3532	75"
"2019-11-11 00:00:00	1.27943	1.28981	1.27853	1.28533	115947	10"
"2019-11-12 00:00:00	1.28533	1.28735	1.28151	1.28502	121014	12"
"2019-11-13 00:00:00	1.28501	1.28588	1.28216	1.2853	122551	13"
"2019-11-14 00:00:00	1.2853	1.28882	1.28245	1.28815	113688	10"
"2019-11-15 00:00:00	1.28813	1.29189	1.28671	1.28998	99141	14"
"2019-11-17 00:00:00	1.29239	1.2924	1.29093	1.2919	8982	17"
"2019-11-18 00:00:00	1.2919	1.29854	1.29156	1.29488	113312	11"
"2019-11-19 00:00:00	1.29484	1.29697	1.29101	1.2928	110570	17"
"2019-11-20 00:00:00	1.29279	1.29287	1.28872	1.29252	110654	11"
"2019-11-21 00:00:00	1.29252	1.29699	1.28929	1.29188	129988	11"
"2019-11-22 00:00:00	1.29187	1.29284	1.28232	1.28283	123978	11"
"2019-11-24 00:00:00	1.28554	1.28554	1.28431	1.28508	3496	30"
"2019-11-25 00:00:00	1.28506	1.29115	1.28406	1.28959	103822	11"
"2019-11-26 00:00:00	1.28957	1.29031	1.28348	1.286	107769	13"
"2019-11-27 00:00:00	1.286	1.29501	1.28271	1.2929	119403	10"
"2019-11-28 00:00:00	1.29295	1.29506	1.28991	1.29114	111860	10"
"2019-11-29 00:00:00	1.29111	1.29419	1.28787	1.29132	104758	13"
"2019-12-01 00:00:00	1.29093	1.29167	1.29092	1.29116	4051	21"
"2019-12-02 00:00:00	1.29115	1.29487	1.28959	1.29393	108276	12"
"2019-12-03 00:00:00	1.29392	1.30115	1.29302	1.29965	124012	10"
"2019-12-04 00:00:00	1.29966	1.31204	1.29822	1.31086	140285	9"
"2019-12-05 00:00:00	1.31088	1.31662	1.3105	1.31574	121409	13"
"2019-12-06 00:00:00	1.31576	1.3165	1.31003	1.31319	113009	10"
"2019-12-08 00:00:00	1.3134	1.31414	1.31327	1.31379	4255	43"
"2019-12-09 00:00:00	1.31378	1.31804	1.3133	1.31453	109519	11"
"2019-12-10 00:00:00	1.31452	1.32151	1.31067	1.31287	135326	12"
"2019-12-11 00:00:00	1.31287	1.32136	1.31114	1.31992	132617	12"
"2019-12-12 00:00:00	1.31992	1.35149	1.30503	1.34728	207765	11"
"2019-12-13 00:00:00	1.34728	1.35075	1.33053	1.33266	229316	13"
"2019-12-15 00:00:00	1.33349	1.33544	1.33348	1.33532	9468	88"
"2019-12-16 00:00:00	1.33532	1.34218	1.32351	1.3267	159397	12"
"2019-12-17 00:00:00	1.32672	1.33006	1.3099	1.31217	197633	14"
"2019-12-18 00:00:00	1.31218	1.31289	1.30594	1.30842	204302	13"
"2019-12-19 00:00:00	1.30842	1.3133	1.29897	1.30167	193403	12"
"2019-12-20 00:00:00	1.30166	1.30791	1.29783	1.29952	130645	11"
"2019-12-22 00:00:00	1.30019	1.30136	1.29856	1.30051	10901	33"
"2019-12-23 00:00:00	1.30053	1.30317	1.29045	1.29432	139784	12"
"2019-12-24 00:00:00	1.29432	1.29702	1.29085	1.29301	121950	12"
"2019-12-25 00:00:00	1.293	1.29733	1.29275	1.29694	4253	59"
"2019-12-26 00:00:00	1.29694	1.30156	1.29596	1.30008	84165	16"
"2019-12-27 00:00:00	1.30008	1.31169	1.2968	1.30758	130549	12"
"2019-12-29 00:00:00	1.30848	1.30976	1.30576	1.30897	3517	130"
"2019-12-30 00:00:00	1.30894	1.315	1.30854	1.31109	132592	12"
"2019-12-31 00:00:00	1.31107	1.3284	1.31054	1.32559	144725	14"
"2020-01-01 00:00:00	1.32463	1.32608	1.32457	1.32497	13079	54"
"2020-01-02 00:00:00	1.32497	1.32661	1.31152	1.31467	236690	11"
"2020-01-03 00:00:00	1.31466	1.316	1.30531	1.30787	172338	12"
"2020-01-05 00:00:00	1.30808	1.30855	1.30633	1.30768	6456	134"
"2020-01-06 00:00:00	1.30767	1.31785	1.30638	1.31711	146562	14"
"2020-01-07 00:00:00	1.31708	1.3212	1.30948	1.31134	173968	11"
"2020-01-08 00:00:00	1.31135	1.31694	1.30799	1.31051	200783	15"
"2020-01-09 00:00:00	1.31047	1.31233	1.30126	1.30691	188161	13"
"2020-01-10 00:00:00	1.30691	1.30968	1.30422	1.30569	144384	12"
"2020-01-12 00:00:00	1.30347	1.30441	1.30287	1.30432	3995	29"
"2020-01-13 00:00:00	1.30432	1.3045	1.29608	1.29859	148135	12"
"2020-01-14 00:00:00	1.29858	1.30329	1.29542	1.30211	148022	13"
"2020-01-15 00:00:00	1.30211	1.30582	1.2985	1.30392	138964	10"
"2020-01-16 00:00:00	1.30395	1.30828	1.30252	1.3076	138653	14"
"2020-01-17 00:00:00	1.30758	1.31184	1.3005	1.30058	146595	12"
"2020-01-19 00:00:00	1.29915	1.30071	1.29915	1.30051	4403	49"
"2020-01-20 00:00:00	1.30052	1.30132	1.29617	1.30035	95090	15"
"2020-01-21 00:00:00	1.30037	1.30831	1.29952	1.30451	137613	13"
"2020-01-22 00:00:00	1.30451	1.31525	1.30343	1.31435	165261	10"
"2020-01-23 00:00:00	1.31435	1.31508	1.30966	1.31186	134584	13"
"2020-01-24 00:00:00	1.31185	1.31739	1.30565	1.30701	147582	10"
"2020-01-26 00:00:00	1.30799	1.30799	1.30606	1.30606	8112	22"
"2020-01-27 00:00:00	1.30606	1.3105	1.30395	1.30588	117845	11"
"2020-01-28 00:00:00	1.30588	1.30649	1.29752	1.30231	115531	13"
"2020-01-29 00:00:00	1.3023	1.30273	1.29892	1.30207	97494	10"
"2020-01-30 00:00:00	1.30207	1.31099	1.29773	1.30846	149657	11"
"2020-01-31 00:00:00	1.30846	1.3209	1.30835	1.32014	144599	12"
"2020-02-02 00:00:00	1.31766	1.31837	1.31717	1.31807	6862	43"
"2020-02-03 00:00:00	1.31806	1.3182	1.29827	1.29963	159842	10"
"2020-02-04 00:00:00	1.29963	1.30464	1.2941	1.30302	165877	9"
"2020-02-05 00:00:00	1.30302	1.30697	1.2956	1.29949	165999	11"
"2020-02-06 00:00:00	1.29949	1.29986	1.29211	1.29299	129981	10"
"2020-02-07 00:00:00	1.29296	1.29589	1.28813	1.28818	150625	10"
"2020-02-09 00:00:00	1.28843	1.28916	1.28822	1.28893	5665	146"
"2020-02-10 00:00:00	1.28894	1.29459	1.28716	1.29154	131198	9"
"2020-02-11 00:00:00	1.29154	1.29679	1.28941	1.29557	130032	10"
"2020-02-12 00:00:00	1.29554	1.29914	1.29511	1.29573	816877	14"
"2020-02-13 00:00:00	1.29574	1.30693	1.29439	1.30447	901462	9"
"2020-02-14 00:00:00	1.30445	1.30634	1.30009	1.30455	618446	7"
"2020-02-16 00:00:00	1.30324	1.30537	1.30295	1.30509	3334	133"
"2020-02-17 00:00:00	1.30509	1.3051	1.29977	1.30055	101687	10"
"2020-02-18 00:00:00	1.30055	1.30486	1.29705	1.29987	155994	9"
"2020-02-19 00:00:00	1.29987	1.30229	1.29072	1.29255	147435	12"
"2020-02-20 00:00:00	1.29255	1.29281	1.28488	1.28803	121837	12"
"2020-02-21 00:00:00	1.28803	1.29806	1.28785	1.29529	155393	13"
"2020-02-23 00:00:00	1.29449	1.29543	1.29423	1.29513	5764	48"
"2020-02-24 00:00:00	1.29513	1.2954	1.28864	1.29239	171208	10"
"2020-02-25 00:00:00	1.29238	1.30179	1.2914	1.3002	184183	12"
"2020-02-26 00:00:00	1.3002	1.30077	1.28927	1.29054	192241	11"
"2020-02-27 00:00:00	1.29055	1.29462	1.28599	1.2887	214353	12"
"2020-02-28 00:00:00	1.2887	1.29195	1.27255	1.28125	246794	12"
"2020-03-01 00:00:00	1.27879	1.28219	1.27746	1.28038	10819	58"
"2020-03-02 00:00:00	1.28039	1.28503	1.27387	1.2766	260818	13"
"2020-03-03 00:00:00	1.2766	1.28438	1.27581	1.28194	268520	14"
"2020-03-04 00:00:00	1.28195	1.28725	1.27698	1.28707	190685	12"
"2020-03-05 00:00:00	1.28707	1.29683	1.28603	1.29487	169012	13"
"2020-03-06 00:00:00	1.29489	1.30517	1.29488	1.30459	261308	13"
"2020-03-08 00:00:00	1.30726	1.31053	1.30691	1.3096	16289	129"
"2020-03-09 00:00:00	1.30958	1.32003	1.30342	1.30726	353355	14"
"2020-03-10 00:00:00	1.30727	1.30884	1.28654	1.29048	319252	18"
"2020-03-11 00:00:00	1.29048	1.29765	1.28035	1.28168	236896	16"
"2020-03-12 00:00:00	1.28166	1.28487	1.24899	1.25708	330172	17"
"2020-03-13 00:00:00	1.25706	1.2624	1.22597	1.22673	345672	37"
"2020-03-15 00:00:00	1.22617	1.24214	1.22617	1.23971	45224	108"
"2020-03-16 00:00:00	1.23964	1.23991	1.22015	1.22655	394032	24"
"2020-03-17 00:00:00	1.22655	1.22695	1.20009	1.21152	428173	27"
"2020-03-18 00:00:00	1.21155	1.21294	1.14497	1.1608	395457	19"
"2020-03-19 00:00:00	1.16084	1.1793	1.14095	1.14901	434045	31"
"2020-03-20 00:00:00	1.149	1.19334	1.14755	1.16301	381367	32"
"2020-03-22 00:00:00	1.16693	1.16792	1.15314	1.16176	33335	112"
"2020-03-23 00:00:00	1.16178	1.17133	1.14462	1.15948	419734	63"
"2020-03-24 00:00:00	1.15945	1.17989	1.15792	1.17884	412188	17"
"2020-03-25 00:00:00	1.17884	1.1973	1.16383	1.18466	391441	20"
"2020-03-26 00:00:00	1.18466	1.22292	1.18182	1.21914	395457	33"
"2020-03-27 00:00:00	1.21924	1.24851	1.21436	1.24448	390278	30"
"2020-03-29 00:00:00	1.24283	1.24542	1.23914	1.24495	12552	255"
"2020-03-30 00:00:00	1.24496	1.24656	1.23166	1.23673	266504	28"
"2020-03-31 00:00:00	1.23673	1.24725	1.22419	1.24047	647613	32"
"2020-04-01 00:00:00	1.24047	1.2438	1.23297	1.23797	569220	33"
"2020-04-02 00:00:00	1.23797	1.24751	1.23482	1.23904	544072	24"
"2020-04-03 00:00:00	1.23904	1.23949	1.22051	1.2264	452843	21"
"2020-04-05 00:00:00	1.22296	1.22641	1.22102	1.22164	27718	155"
"2020-04-06 00:00:00	1.22164	1.23269	1.21645	1.22303	420476	29"
"2020-04-07 00:00:00	1.22303	1.23839	1.22177	1.2336	440440	25"
"2020-04-08 00:00:00	1.23359	1.24192	1.22876	1.23902	295206	23"
"2020-04-09 00:00:00	1.23902	1.24829	1.23602	1.24524	371836	18"
"2020-04-10 00:00:00	1.24524	1.24862	1.24419	1.24449	287804	46"
"2020-04-12 00:00:00	1.24506	1.24718	1.24455	1.24593	14059	77"
"2020-04-13 00:00:00	1.24583	1.25364	1.24527	1.25195	231396	22"
"2020-04-14 00:00:00	1.25193	1.2647	1.25088	1.26241	236196	21"
"2020-04-15 00:00:00	1.26242	1.26242	1.24365	1.25178	231300	17"
"2020-04-16 00:00:00	1.25177	1.25243	1.24075	1.24867	278374	18"
"2020-04-17 00:00:00	1.24864	1.25219	1.24065	1.24939	273502	21"
"2020-04-19 00:00:00	1.24935	1.24996	1.24843	1.24843	3991	110"
"2020-04-20 00:00:00	1.24844	1.24918	1.24162	1.24396	204311	17"
"2020-04-21 00:00:00	1.24395	1.24415	1.22469	1.23006	245071	17"
"2020-04-22 00:00:00	1.23004	1.23856	1.22742	1.23216	188054	15"
"2020-04-23 00:00:00	1.23216	1.24146	1.23076	1.23513	225371	19"
"2020-04-24 00:00:00	1.2351	1.23769	1.22978	1.23654	196417	18"
"2020-04-26 00:00:00	1.23627	1.23686	1.23626	1.23667	3438	78"
"2020-04-27 00:00:00	1.23667	1.24543	1.23593	1.24207	156232	14"
"2020-04-28 00:00:00	1.24204	1.2518	1.24034	1.24341	158108	15"
"2020-04-29 00:00:00	1.24342	1.24851	1.23886	1.24696	162544	13"
"2020-04-30 00:00:00	1.24696	1.26429	1.24284	1.25805	219832	12"
"2020-05-01 00:00:00	1.25805	1.25812	1.24828	1.24869	165507	15"
"2020-05-03 00:00:00	1.24851	1.24868	1.24488	1.24548	9482	36"
"2020-05-04 00:00:00	1.24548	1.24756	1.2405	1.24445	160608	11"
"2020-05-05 00:00:00	1.24446	1.24835	1.242	1.24432	174683	11"
"2020-05-06 00:00:00	1.24435	1.24498	1.2322	1.23236	228279	14"
"2020-05-07 00:00:00	1.23237	1.24181	1.22657	1.23732	193527	10"
"2020-05-08 00:00:00	1.23732	1.24667	1.23559	1.24033	122287	10"
"2020-05-10 00:00:00	1.23965	1.24169	1.2387	1.24163	6011	82"
"2020-05-11 00:00:00	1.24163	1.24372	1.22828	1.23311	194070	13"
"2020-05-12 00:00:00	1.23309	1.23778	1.22508	1.2251	201257	9"
"2020-05-13 00:00:00	1.22512	1.23396	1.22096	1.22379	225944	10"
"2020-05-14 00:00:00	1.22379	1.22408	1.21653	1.22331	213037	15"
"2020-05-15 00:00:00	1.2233	1.22385	1.20998	1.21003	202183	11"
"2020-05-17 00:00:00	1.20824	1.20981	1.20745	1.20844	16794	61"
"2020-05-18 00:00:00	1.20844	1.22271	1.20838	1.21994	191408	15"
"2020-05-19 00:00:00	1.21994	1.22961	1.21834	1.22551	195975	8"
"2020-05-20 00:00:00	1.22554	1.22874	1.2221	1.22359	173047	10"
"2020-05-21 00:00:00	1.22363	1.22494	1.21853	1.22217	169948	12"
"2020-05-22 00:00:00	1.22218	1.22334	1.21613	1.21665	152931	12"
"2020-05-24 00:00:00	1.21734	1.21876	1.2164	1.21854	5760	95"
"2020-05-25 00:00:00	1.21853	1.22032	1.21635	1.22015	168717	13"
"2020-05-26 00:00:00	1.22015	1.23628	1.21968	1.23313	199867	8"
"2020-05-27 00:00:00	1.23314	1.23538	1.22043	1.22625	266209	10"
"2020-05-28 00:00:00	1.22627	1.23443	1.22335	1.23182	227028	11"
"2020-05-29 00:00:00	1.23178	1.23939	1.22903	1.23454	287394	10"
"2020-05-31 00:00:00	1.23236	1.23538	1.23235	1.23448	9555	61"
"2020-06-01 00:00:00	1.23455	1.25065	1.2343	1.24856	208236	11"
"2020-06-02 00:00:00	1.24856	1.25831	1.24782	1.25801	232904	12"
"2020-06-03 00:00:00	1.25801	1.26149	1.25532	1.25734	323367	11"
"2020-06-04 00:00:00	1.25735	1.2633	1.25004	1.26054	364171	7"
"2020-06-05 00:00:00	1.26054	1.27309	1.25825	1.26656	343242	10"
"2020-06-07 00:00:00	1.26767	1.27294	1.2664	1.27184	8408	174"
"2020-06-08 00:00:00	1.27183	1.27403	1.26276	1.2734	238271	12"
"2020-06-09 00:00:00	1.2734	1.27554	1.2618	1.2709	302934	10"
"2020-06-10 00:00:00	1.27089	1.28127	1.27059	1.2711	416402	11"
"2020-06-11 00:00:00	1.27113	1.27502	1.25696	1.25724	470221	13"
"2020-06-12 00:00:00	1.25723	1.2653	1.24734	1.25396	452957	10"
"2020-06-14 00:00:00	1.25112	1.25204	1.24855	1.25083	29051	127"
"2020-06-15 00:00:00	1.25083	1.26379	1.2454	1.26373	423845	13"
"2020-06-16 00:00:00	1.26376	1.26871	1.25523	1.25816	467075	12"
"2020-06-17 00:00:00	1.25817	1.25885	1.25105	1.25495	364171	12"
"2020-06-18 00:00:00	1.25496	1.25625	1.24013	1.2424	352584	13"
"2020-06-19 00:00:00	1.24241	1.24556	1.23424	1.23476	277796	13"
"2020-06-21 00:00:00	1.23419	1.2359	1.23377	1.23454	11839	118"
"2020-06-22 00:00:00	1.23452	1.25071	1.2335	1.24999	273289	11"
"2020-06-23 00:00:00	1.24999	1.25317	1.24317	1.25241	312202	13"
"2020-06-24 00:00:00	1.25244	1.25425	1.24108	1.24118	344148	12"
"2020-06-25 00:00:00	1.2412	1.24639	1.23886	1.24239	283575	10"
"2020-06-26 00:00:00	1.24242	1.24365	1.23142	1.23343	205752	13"
"2020-06-28 00:00:00	1.23442	1.23482	1.23253	1.23401	6167	52"
"2020-06-29 00:00:00	1.23401	1.23892	1.22514	1.23104	207814	9"
"2020-06-30 00:00:00	1.23105	1.24015	1.22573	1.23874	241907	8"
"2020-07-01 00:00:00	1.23874	1.24902	1.23592	1.24637	233343	10"
"2020-07-02 00:00:00	1.24636	1.25298	1.2456	1.24656	215594	9"
"2020-07-03 00:00:00	1.24655	1.24879	1.24377	1.24798	193461	13"
"2020-07-05 00:00:00	1.2464	1.24775	1.24536	1.24736	3895	128"
"2020-07-06 00:00:00	1.24736	1.25201	1.24732	1.24944	188220	8"
"2020-07-07 00:00:00	1.24943	1.25921	1.24622	1.25404	216968	9"
"2020-07-08 00:00:00	1.25406	1.2623	1.25084	1.26125	214323	9"
"2020-07-09 00:00:00	1.26124	1.26691	1.2598	1.26049	227342	11"
"2020-07-10 00:00:00	1.26049	1.26638	1.25666	1.26202	202418	9"
"2020-07-12 00:00:00	1.26126	1.26373	1.2612	1.26259	5560	246"
"2020-07-13 00:00:00	1.26257	1.2666	1.255	1.25514	193295	11"
"2020-07-14 00:00:00	1.25513	1.25743	1.24797	1.25684	369061	7"
"2020-07-15 00:00:00	1.25686	1.26493	1.25633	1.25903	230700	10"
"2020-07-16 00:00:00	1.25902	1.26248	1.25196	1.2558	271139	10"
"2020-07-17 00:00:00	1.25583	1.25742	1.25115	1.25654	135835	10"
"2020-07-19 00:00:00	1.25449	1.25719	1.2533	1.25702	4241	153"
"2020-07-20 00:00:00	1.257	1.26652	1.25178	1.26607	179886	11"
"2020-07-21 00:00:00	1.26607	1.27679	1.26499	1.27317	205436	9"
"2020-07-22 00:00:00	1.27322	1.27435	1.26436	1.27266	255729	11"
"2020-07-23 00:00:00	1.27268	1.27598	1.26726	1.27294	247465	9"
"2020-07-24 00:00:00	1.27294	1.28033	1.27168	1.27926	222172	9"
"2020-07-26 00:00:00	1.27903	1.28013	1.2774	1.2794	8333	92"
"2020-07-27 00:00:00	1.27938	1.29028	1.27933	1.28878	255257	10"
"2020-07-28 00:00:00	1.28878	1.29525	1.28379	1.29238	233629	9"
"2020-07-29 00:00:00	1.29238	1.30133	1.29116	1.29786	248685	8"
"2020-07-30 00:00:00	1.29786	1.31199	1.29441	1.3115	285909	11"
"2020-07-31 00:00:00	1.3115	1.31699	1.30701	1.30836	322374	9"
"2020-08-02 00:00:00	1.30755	1.31043	1.30662	1.30987	13368	96"
"2020-08-03 00:00:00	1.30987	1.31124	1.30044	1.30776	297721	16"
"2020-08-04 00:00:00	1.30774	1.31078	1.29809	1.30843	215527	11"
"2020-08-05 00:00:00	1.30845	1.31612	1.30575	1.31247	238839	12"
"2020-08-06 00:00:00	1.31248	1.31855	1.31183	1.31368	325912	11"
"2020-08-07 00:00:00	1.31369	1.31472	1.30092	1.30509	266962	12"
"2020-08-09 00:00:00	1.30535	1.30654	1.30371	1.30501	6496	82"
"2020-08-10 00:00:00	1.30501	1.31031	1.30187	1.3076	253181	11"
"2020-08-11 00:00:00	1.3076	1.31316	1.30412	1.30507	271131	11"
"2020-08-12 00:00:00	1.30508	1.30674	1.3005	1.30456	272047	13"
"2020-08-13 00:00:00	1.30458	1.31246	1.30429	1.30695	229646	9"
"2020-08-14 00:00:00	1.30695	1.31423	1.30479	1.30829	197650	10"
"2020-08-16 00:00:00	1.3091	1.31062	1.30876	1.31046	4431	120"
"2020-08-17 00:00:00	1.31046	1.31216	1.30738	1.31058	182370	12"
"2020-08-18 00:00:00	1.31058	1.32542	1.31054	1.32524	259265	11"
"2020-08-19 00:00:00	1.32522	1.32671	1.3091	1.31092	276073	10"
"2020-08-20 00:00:00	1.31091	1.32245	1.30641	1.3218	286816	11"
"2020-08-21 00:00:00	1.32181	1.32549	1.30588	1.30881	346067	10"
"2020-08-23 00:00:00	1.30798	1.31011	1.30798	1.30921	5854	78"
"2020-08-24 00:00:00	1.30922	1.31489	1.30532	1.30702	221130	12"
"2020-08-25 00:00:00	1.30703	1.31703	1.30585	1.31496	236192	11"
"2020-08-26 00:00:00	1.31495	1.32195	1.31168	1.32187	218433	11"
"2020-08-27 00:00:00	1.32188	1.32844	1.31606	1.31998	379541	10"
"2020-08-28 00:00:00	1.31997	1.33562	1.31858	1.33488	315139	9"
"2020-08-30 00:00:00	1.33328	1.33578	1.33328	1.33548	7596	130"
"2020-08-31 00:00:00	1.33547	1.33952	1.33008	1.33629	710562	13"
"2020-09-01 00:00:00	1.33631	1.34821	1.3356	1.33996	396543	9"
"2020-09-02 00:00:00	1.33994	1.34004	1.32829	1.33474	327192	10"
"2020-09-03 00:00:00	1.33475	1.33477	1.32421	1.32632	329350	10"
"2020-09-04 00:00:00	1.32634	1.33187	1.31756	1.32782	341131	10"
"2020-09-06 00:00:00	1.32468	1.32657	1.32389	1.32462	10934	101"
"2020-09-07 00:00:00	1.32463	1.32573	1.31401	1.31603	205584	12"
"2020-09-08 00:00:00	1.31603	1.31654	1.29496	1.29641	337382	9"
"2020-09-09 00:00:00	1.29646	1.30231	1.28845	1.29981	324351	11"
"2020-09-10 00:00:00	1.2998	1.30347	1.27731	1.28066	438461	12"
"2020-09-11 00:00:00	1.28068	1.28654	1.27621	1.27942	274452	11"
"2020-09-13 00:00:00	1.27733	1.28117	1.27664	1.28065	5742	96"
"2020-09-14 00:00:00	1.28062	1.29191	1.27905	1.2848	208178	12"
"2020-09-15 00:00:00	1.28481	1.2926	1.28143	1.28829	230389	10"
"2020-09-16 00:00:00	1.28826	1.3007	1.28748	1.296	276512	12"
"2020-09-17 00:00:00	1.29601	1.29986	1.28645	1.29747	378461	7"
"2020-09-18 00:00:00	1.29746	1.29996	1.29139	1.29143	251000	11"
"2020-09-20 00:00:00	1.29237	1.29382	1.29088	1.2932	9778	162"
"2020-09-21 00:00:00	1.2932	1.29663	1.2775	1.28174	317233	11"
"2020-09-22 00:00:00	1.28174	1.28669	1.27105	1.27423	326176	11"
"2020-09-23 00:00:00	1.27423	1.27768	1.26748	1.27134	316707	11"
"2020-09-24 00:00:00	1.27133	1.2781	1.26903	1.27555	335427	12"
"2020-09-25 00:00:00	1.27554	1.28054	1.26871	1.27395	230644	10"
"2020-09-27 00:00:00	1.27617	1.27719	1.27536	1.2764	6071	91"
"2020-09-28 00:00:00	1.2764	1.29298	1.27508	1.28729	254140	10"
"2020-09-29 00:00:00	1.28731	1.29026	1.28222	1.28644	267981	11"
"2020-09-30 00:00:00	1.28643	1.29424	1.28052	1.29157	330170	11"
"2020-10-01 00:00:00	1.29159	1.29782	1.28191	1.28852	324715	12"
"2020-10-02 00:00:00	1.28853	1.29537	1.28365	1.29274	361684	11"
"2020-10-04 00:00:00	1.29337	1.29353	1.29128	1.29286	12470	81"
"2020-10-05 00:00:00	1.29287	1.29934	1.28994	1.29924	219245	11"
"2020-10-06 00:00:00	1.29924	1.3007	1.28662	1.28832	308518	13"
"2020-10-07 00:00:00	1.28832	1.29293	1.2845	1.29157	275565	10"
"2020-10-08 00:00:00	1.29157	1.297	1.28908	1.2939	224693	11"
"2020-10-09 00:00:00	1.29388	1.30486	1.29208	1.30433	214085	11"
"2020-10-11 00:00:00	1.30234	1.30372	1.3023	1.30301	7214	58"
"2020-10-12 00:00:00	1.30298	1.30825	1.30051	1.30641	183707	12"
"2020-10-13 00:00:00	1.30641	1.30676	1.29215	1.29342	244171	11"
"2020-10-14 00:00:00	1.29342	1.30641	1.28623	1.30113	266936	10"
"2020-10-15 00:00:00	1.30116	1.30297	1.28901	1.29031	256028	12"
"2020-10-16 00:00:00	1.29031	1.29619	1.28618	1.29082	324669	9"
"2020-10-18 00:00:00	1.28924	1.29282	1.2892	1.29254	8153	142"
"2020-10-19 00:00:00	1.29255	1.3024	1.29219	1.29471	288723	11"
"2020-10-20 00:00:00	1.29472	1.29796	1.2911	1.29556	227496	10"
"2020-10-21 00:00:00	1.29558	1.31766	1.29536	1.31288	418783	14"
"2020-10-22 00:00:00	1.31287	1.31497	1.30702	1.30774	707716	10"
"2020-10-23 00:00:00	1.30776	1.31223	1.30187	1.30391	533648	11"
"2020-10-25 00:00:00	1.30563	1.30578	1.30241	1.30527	29717	53"
"2020-10-26 00:00:00	1.30527	1.30745	1.29925	1.30151	824044	12"
"2020-10-27 00:00:00	1.30151	1.30794	1.30008	1.30302	528742	9"
"2020-10-28 00:00:00	1.30301	1.30632	1.29162	1.29887	490687	8"
"2020-10-29 00:00:00	1.29886	1.30254	1.28804	1.29307	504592	11"
"2020-10-30 00:00:00	1.29307	1.29879	1.28987	1.29472	495604	8"
"2020-11-01 00:00:00	1.29243	1.29387	1.29178	1.29254	9392	37"
"2020-11-02 00:00:00	1.29253	1.29424	1.28538	1.29215	412160	10"
"2020-11-03 00:00:00	1.29213	1.31307	1.29146	1.31189	307247	9"
"2020-11-04 00:00:00	1.31186	1.31397	1.2914	1.29653	901813	15"
"2020-11-05 00:00:00	1.29656	1.31567	1.29389	1.31378	678941	12"
"2020-11-06 00:00:00	1.31377	1.31769	1.30922	1.31477	661920	13"
"2020-11-08 00:00:00	1.31592	1.3182	1.31479	1.31793	28328	43"
"2020-11-09 00:00:00	1.31794	1.32078	1.31179	1.31684	881930	9"
"2020-11-10 00:00:00	1.31683	1.32778	1.31568	1.32607	595744	11"
"2020-11-11 00:00:00	1.32605	1.33132	1.31908	1.32232	289369	8"
"2020-11-12 00:00:00	1.32229	1.32281	1.31061	1.31204	255907	12"
"2020-11-13 00:00:00	1.31205	1.31996	1.31088	1.31983	193090	12"
"2020-11-15 00:00:00	1.3166	1.32236	1.3166	1.32189	7395	124"
"2020-11-16 00:00:00	1.32189	1.3242	1.31652	1.3221	206695	10"
"2020-11-17 00:00:00	1.32211	1.32725	1.31928	1.3256	167149	13"
"2020-11-18 00:00:00	1.3256	1.33121	1.32435	1.32512	145720	11"
"2020-11-19 00:00:00	1.32509	1.32787	1.31957	1.32468	206424	12"
"2020-11-20 00:00:00	1.3247	1.32975	1.3247	1.32817	160504	9"
"2020-11-22 00:00:00	1.32927	1.33045	1.328	1.33031	8313	38"
"2020-11-23 00:00:00	1.33028	1.33975	1.32633	1.33257	174470	14"
"2020-11-24 00:00:00	1.33256	1.33801	1.32927	1.33612	189391	12"
"2020-11-25 00:00:00	1.33612	1.33931	1.33038	1.33827	183356	12"
"2020-11-26 00:00:00	1.33829	1.33975	1.33217	1.33528	132930	12"
"2020-11-27 00:00:00	1.3353	1.33814	1.32875	1.33068	188982	11"
"2020-11-29 00:00:00	1.3331	1.33348	1.33049	1.33315	9268	49"
"2020-11-30 00:00:00	1.33317	1.33846	1.33048	1.33348	212881	11"
"2020-12-01 00:00:00	1.33351	1.3442	1.33153	1.3421	203748	9"
"2020-12-02 00:00:00	1.3422	1.34409	1.32872	1.33678	213804	12"
"2020-12-03 00:00:00	1.33681	1.34997	1.33528	1.34515	231100	14"
"2020-12-04 00:00:00	1.34515	1.35391	1.34098	1.34332	270262	13"
"2020-12-06 00:00:00	1.34092	1.34211	1.34092	1.34144	8848	29"
"2020-12-07 00:00:00	1.34143	1.34373	1.32243	1.33548	250880	13"
"2020-12-08 00:00:00	1.3355	1.33932	1.32896	1.33643	251838	11"
"2020-12-09 00:00:00	1.33642	1.34778	1.33235	1.3365	209272	12"
"2020-12-10 00:00:00	1.33652	1.33894	1.3245	1.33015	234532	12"
"2020-12-11 00:00:00	1.33016	1.33239	1.31339	1.32203	227047	14"
"2020-12-13 00:00:00	1.33603	1.33633	1.33146	1.33157	17317	90"
"2020-12-14 00:00:00	1.33156	1.34451	1.32897	1.33249	188460	11"
"2020-12-15 00:00:00	1.33248	1.34688	1.32798	1.34465	210227	14"
"2020-12-16 00:00:00	1.34466	1.35545	1.34339	1.35019	153774	14"
"2020-12-17 00:00:00	1.35018	1.36244	1.34948	1.35681	113781	11"
"2020-12-18 00:00:00	1.35691	1.3573	1.34712	1.35142	141726	11"
"2020-12-20 00:00:00	1.34004	1.34409	1.33939	1.34005	10837	66"
"2020-12-21 00:00:00	1.34016	1.34995	1.31875	1.34466	210469	13"
"2020-12-22 00:00:00	1.34465	1.34569	1.33036	1.3401	182261	12"
"2020-12-23 00:00:00	1.34009	1.35704	1.33704	1.35122	213427	17"
"2020-12-24 00:00:00	1.35123	1.36188	1.35021	1.35357	235503	19"
"2020-12-25 00:00:00	1.35357	1.3587	1.35308	1.35408	670	252"
"2020-12-27 00:00:00	1.35452	1.35719	1.35424	1.35694	6577	66"
"2020-12-28 00:00:00	1.35702	1.35753	1.3429	1.3464	136787	13"
"2020-12-29 00:00:00	1.34639	1.35224	1.34591	1.34967	170955	13"
"2020-12-30 00:00:00	1.34967	1.363	1.34927	1.36286	186913	14"
"2020-12-31 00:00:00	1.36286	1.36859	1.36037	1.3663	209151	13"
"2021-01-03 00:00:00	1.36455	1.36831	1.36454	1.36803	6805	107"
"2021-01-04 00:00:00	1.36809	1.37039	1.35412	1.35705	184645	11"
"2021-01-05 00:00:00	1.35708	1.36417	1.3554	1.36268	153554	11"
"2021-01-06 00:00:00	1.36269	1.36707	1.35384	1.36234	197234	8"
"2021-01-07 00:00:00	1.36234	1.3633	1.35325	1.35684	145139	12"
"2021-01-08 00:00:00	1.35683	1.36356	1.35378	1.35621	151506	14"
"2021-01-10 00:00:00	1.35588	1.35697	1.35095	1.35182	5853	67"
"2021-01-11 00:00:00	1.35181	1.35347	1.34503	1.35225	121180	11"
"2021-01-12 00:00:00	1.35225	1.367	1.3504	1.36664	111175	13"
"2021-01-13 00:00:00	1.36665	1.37009	1.36113	1.36471	119580	10"
"2021-01-14 00:00:00	1.36471	1.37107	1.3616	1.36822	115261	11"
"2021-01-15 00:00:00	1.3682	1.36977	1.35721	1.35769	104907	11"
"2021-01-17 00:00:00	1.35922	1.35996	1.35691	1.35702	4986	140"
"2021-01-18 00:00:00	1.35702	1.35894	1.35193	1.3582	84952	13"
"2021-01-19 00:00:00	1.35822	1.36471	1.35809	1.36437	87473	11"
"2021-01-20 00:00:00	1.36436	1.37186	1.3623	1.36662	91205	12"
"2021-01-21 00:00:00	1.36663	1.37456	1.36583	1.37283	92720	10"
"2021-01-22 00:00:00	1.37284	1.37359	1.36355	1.36784	81575	10"
"2021-01-24 00:00:00	1.36763	1.36909	1.36722	1.3685	3223	86"
"2021-01-25 00:00:00	1.36853	1.37232	1.36484	1.36765	85927	9"
"2021-01-26 00:00:00	1.36768	1.37442	1.36092	1.3741	83009	11"
"2021-01-27 00:00:00	1.37408	1.37585	1.36588	1.36705	130157	6"
"2021-01-28 00:00:00	1.36702	1.37457	1.36298	1.37244	116683	11"
"2021-01-29 00:00:00	1.37244	1.37512	1.3657	1.37023	134631	12"
"2021-01-31 00:00:00	1.37052	1.37078	1.36935	1.36971	6082	18"
"2021-02-01 00:00:00	1.3697	1.37574	1.3656	1.36751	102445	10"
"2021-02-02 00:00:00	1.36752	1.37101	1.36108	1.3659	89770	13"
"2021-02-03 00:00:00	1.3659	1.36832	1.36189	1.36493	78776	11"
"2021-02-04 00:00:00	1.36494	1.36978	1.35655	1.36719	107886	11"
"2021-02-05 00:00:00	1.3672	1.37397	1.36657	1.37291	73449	11"
"2021-02-07 00:00:00	1.37151	1.37398	1.37135	1.37372	13406	53"
"2021-02-08 00:00:00	1.37371	1.37491	1.368	1.3745	61579	12"
"2021-02-09 00:00:00	1.3745	1.38203	1.37419	1.3815	74783	11"
"2021-02-10 00:00:00	1.38153	1.38658	1.38023	1.38302	80507	7"
"2021-02-11 00:00:00	1.38302	1.38593	1.38001	1.38109	59750	9"
"2021-02-12 00:00:00	1.38107	1.38623	1.37754	1.38497	57305	10"
"2021-02-14 00:00:00	1.38482	1.38712	1.38482	1.38687	10436	67"
"2021-02-15 00:00:00	1.38685	1.39188	1.38653	1.39138	60434	11"
"2021-02-16 00:00:00	1.39135	1.39515	1.3869	1.3885	86190	8"
"2021-02-17 00:00:00	1.3885	1.39037	1.38294	1.38658	95790	9"
"2021-02-18 00:00:00	1.38657	1.39859	1.38395	1.3967	88964	9"
"2021-02-19 00:00:00	1.3967	1.40359	1.39511	1.40059	76394	8"
"2021-02-21 00:00:00	1.4011	1.40312	1.40058	1.40272	5671	59"
"2021-02-22 00:00:00	1.40273	1.40861	1.39803	1.40673	80671	7"
"2021-02-23 00:00:00	1.40673	1.41203	1.40541	1.4119	79115	8"
"2021-02-24 00:00:00	1.4119	1.42415	1.40819	1.41461	94455	8"
"2021-02-25 00:00:00	1.41459	1.4182	1.4	1.40033	144933	8"
"2021-02-26 00:00:00	1.40035	1.40214	1.38876	1.39244	168609	7"
"2021-02-28 00:00:00	1.3929	1.39792	1.39286	1.39734	11555	108"
"2021-03-01 00:00:00	1.39735	1.3999	1.39035	1.39285	101812	8"
"2021-03-02 00:00:00	1.39285	1.39768	1.38587	1.39536	101766	7"
"2021-03-03 00:00:00	1.39542	1.40061	1.39207	1.39208	125839	8"
"2021-03-04 00:00:00	1.39208	1.40171	1.38801	1.38933	150148	8"
"2021-03-05 00:00:00	1.3893	1.39062	1.37784	1.38357	152502	10"
"2021-03-07 00:00:00	1.38114	1.38654	1.38059	1.38505	14838	147"
"2021-03-08 00:00:00	1.38505	1.3859	1.37999	1.38212	118594	8"
"2021-03-09 00:00:00	1.38213	1.39253	1.38016	1.3887	107513	10"
"2021-03-10 00:00:00	1.3887	1.39378	1.38453	1.393	111772	11"
"2021-03-11 00:00:00	1.393	1.39956	1.39186	1.39874	91041	9"
"2021-03-12 00:00:00	1.39872	1.40045	1.38632	1.39129	97612	9"
"2021-03-14 00:00:00	1.39143	1.39318	1.39122	1.39294	4457	108"
"2021-03-15 00:00:00	1.39298	1.39495	1.3853	1.38981	87456	8"
"2021-03-16 00:00:00	1.38981	1.39059	1.38089	1.3902	81515	7"
"2021-03-17 00:00:00	1.3902	1.39759	1.38506	1.39749	99018	7"
"2021-03-18 00:00:00	1.3975	1.40012	1.38971	1.39227	117958	9"
"2021-03-19 00:00:00	1.39228	1.39591	1.38301	1.38662	94728	8"
"2021-03-21 00:00:00	1.3835	1.3847	1.38292	1.38333	4973	117"
"2021-03-22 00:00:00	1.38334	1.38767	1.38174	1.38587	62520	7"
"2021-03-23 00:00:00	1.38593	1.38619	1.37234	1.37311	87944	7"
"2021-03-24 00:00:00	1.37312	1.37424	1.36738	1.36883	82880	7"
"2021-03-25 00:00:00	1.36885	1.37482	1.367	1.37461	84066	8"
"2021-03-26 00:00:00	1.37469	1.38123	1.37418	1.37855	65356	9"
"2021-03-28 00:00:00	1.37904	1.37966	1.37777	1.379	2539	73"
"2021-03-29 00:00:00	1.379	1.38469	1.37551	1.37739	75309	7"
"2021-03-30 00:00:00	1.37739	1.37831	1.37058	1.37457	78966	8"
"2021-03-31 00:00:00	1.37456	1.38116	1.3716	1.37854	74918	8"
"2021-04-01 00:00:00	1.37855	1.38373	1.37457	1.38332	76308	7"
"2021-04-02 00:00:00	1.38333	1.38521	1.38095	1.38272	127871	9"
"2021-04-04 00:00:00	1.3821	1.38318	1.38169	1.38298	6071	143"
"2021-04-05 00:00:00	1.38295	1.39148	1.38126	1.39121	46783	9"
"2021-04-06 00:00:00	1.39121	1.39186	1.38017	1.38297	79074	8"
"2021-04-07 00:00:00	1.38299	1.38397	1.37241	1.37412	87392	7"
"2021-04-08 00:00:00	1.37413	1.37822	1.37185	1.3733	71295	8"
"2021-04-09 00:00:00	1.37333	1.37503	1.36696	1.37054	68315	7"
"2021-04-11 00:00:00	1.37025	1.37138	1.36962	1.37076	3395	133"
"2021-04-12 00:00:00	1.37076	1.37766	1.36689	1.37532	66552	6"
"2021-04-13 00:00:00	1.37532	1.37688	1.36941	1.37586	70924	8"
"2021-04-14 00:00:00	1.37587	1.38085	1.37493	1.37775	66013	9"
"2021-04-15 00:00:00	1.37774	1.38088	1.37612	1.37831	68495	7"
"2021-04-16 00:00:00	1.37831	1.38437	1.37159	1.38261	71578	7"
"2021-04-18 00:00:00	1.3828	1.38365	1.38169	1.38173	2905	103"
"2021-04-19 00:00:00	1.38175	1.39926	1.38094	1.39911	91570	7"
"2021-04-20 00:00:00	1.3991	1.40089	1.3926	1.39375	67890	7"
"2021-04-21 00:00:00	1.39377	1.39494	1.38853	1.39308	62873	8"
"2021-04-22 00:00:00	1.39305	1.39495	1.38234	1.38386	77972	8"
"2021-04-23 00:00:00	1.38387	1.38952	1.38352	1.38736	67571	7"
"2021-04-25 00:00:00	1.38668	1.38807	1.38642	1.38644	2846	96"
"2021-04-26 00:00:00	1.38645	1.39292	1.38645	1.38943	69645	8"
"2021-04-27 00:00:00	1.38943	1.39239	1.38582	1.39027	67265	7"
"2021-04-28 00:00:00	1.39028	1.39564	1.38607	1.39539	76035	8"
"2021-04-29 00:00:00	1.39542	1.39764	1.39317	1.395	80970	8"
"2021-04-30 00:00:00	1.39501	1.39581	1.38023	1.38077	79317	6"
"2021-05-02 00:00:00	1.38116	1.38224	1.38063	1.38183	2874	125"
"2021-05-03 00:00:00	1.38192	1.39315	1.38008	1.39028	66576	7"
"2021-05-04 00:00:00	1.39028	1.3905	1.38382	1.38869	96998	8"
"2021-05-05 00:00:00	1.38869	1.3926	1.38759	1.39083	62771	7"
"2021-05-06 00:00:00	1.39082	1.39405	1.38569	1.38953	87923	7"
"2021-05-07 00:00:00	1.38953	1.40056	1.38896	1.39811	94203	7"
"2021-05-09 00:00:00	1.40035	1.40442	1.39938	1.40402	3296	22"
"2021-05-10 00:00:00	1.404	1.41582	1.40148	1.41306	86631	8"
"2021-05-11 00:00:00	1.41307	1.41665	1.41036	1.41352	89515	7"
"2021-05-12 00:00:00	1.41351	1.41527	1.40499	1.40619	109936	8"
"2021-05-13 00:00:00	1.4062	1.40778	1.40053	1.40457	100876	8"
"2021-05-14 00:00:00	1.40457	1.41108	1.40359	1.40945	68930	8"
"2021-05-16 00:00:00	1.40956	1.41041	1.40947	1.41006	1457	134"
"2021-05-17 00:00:00	1.41004	1.41477	1.40769	1.41475	73567	9"
"2021-05-18 00:00:00	1.41475	1.422	1.41451	1.41869	71282	7"
"2021-05-19 00:00:00	1.41869	1.42004	1.40995	1.41069	99169	8"
"2021-05-20 00:00:00	1.41068	1.41938	1.41009	1.41846	91741	7"
"2021-05-21 00:00:00	1.41848	1.42336	1.41401	1.41409	76253	7"
"2021-05-23 00:00:00	1.41468	1.4157	1.41386	1.41398	6276	183"
"2021-05-24 00:00:00	1.41397	1.41714	1.4111	1.41548	67300	6"
"2021-05-25 00:00:00	1.41549	1.42107	1.41153	1.41424	87231	7"
"2021-05-26 00:00:00	1.41424	1.41758	1.41119	1.41149	74191	7"
"2021-05-27 00:00:00	1.41146	1.42188	1.40913	1.42028	97539	7"
"2021-05-28 00:00:00	1.42029	1.42053	1.4136	1.41834	93984	7"
"2021-05-30 00:00:00	1.41793	1.41927	1.41788	1.4179	1550	145"
"2021-05-31 00:00:00	1.41791	1.42284	1.41636	1.42266	61239	7"
"2021-06-01 00:00:00	1.42265	1.42491	1.41452	1.41553	96361	7"
"2021-06-02 00:00:00	1.41552	1.4183	1.41115	1.41707	85737	8"
"2021-06-03 00:00:00	1.41709	1.42026	1.40861	1.41076	122029	8"
"2021-06-04 00:00:00	1.41077	1.42002	1.40827	1.41553	94490	7"
"2021-06-06 00:00:00	1.41544	1.41707	1.41474	1.41639	3045	27"
"2021-06-07 00:00:00	1.41639	1.41906	1.4111	1.41753	82080	6"
"2021-06-08 00:00:00	1.41755	1.41843	1.41207	1.41487	78061	6"
"2021-06-09 00:00:00	1.41485	1.4189	1.41094	1.41107	67642	8"
"2021-06-10 00:00:00	1.41108	1.4178	1.4073	1.417	111385	8"
"2021-06-11 00:00:00	1.417	1.41851	1.40953	1.41056	82766	7"
"2021-06-13 00:00:00	1.40994	1.41188	1.40994	1.41173	2958	142"
"2021-06-14 00:00:00	1.41172	1.41237	1.40699	1.4109	75998	10"
"2021-06-15 00:00:00	1.4109	1.41286	1.40341	1.40804	79051	11"
"2021-06-16 00:00:00	1.40803	1.41324	1.39802	1.39886	116993	10"
"2021-06-17 00:00:00	1.39887	1.40085	1.38955	1.39374	116302	8"
"2021-06-18 00:00:00	1.39375	1.3944	1.37914	1.38003	127395	9"
"2021-06-20 00:00:00	1.38068	1.38229	1.37948	1.38158	3720	86"
"2021-06-21 00:00:00	1.38159	1.39369	1.37859	1.39238	117388	10"
"2021-06-22 00:00:00	1.39237	1.39633	1.386	1.39488	87362	10"
"2021-06-23 00:00:00	1.39486	1.40011	1.39237	1.39663	86740	9"
"2021-06-24 00:00:00	1.39664	1.39863	1.38892	1.39157	98924	11"
"2021-06-25 00:00:00	1.39158	1.39351	1.38711	1.38779	72192	11"
"2021-06-27 00:00:00	1.38794	1.38959	1.38744	1.38957	3099	209"
"2021-06-28 00:00:00	1.38958	1.39393	1.38705	1.38782	71059	8"
"2021-06-29 00:00:00	1.38782	1.38802	1.38137	1.38398	80259	8"
"2021-06-30 00:00:00	1.38397	1.38726	1.37982	1.38279	85334	9"
"2021-07-01 00:00:00	1.3828	1.38342	1.37515	1.37585	99244	9"
"2021-07-02 00:00:00	1.37584	1.38444	1.37313	1.38244	99116	11"
"2021-07-04 00:00:00	1.38189	1.38369	1.38189	1.3831	3686	132"
"2021-07-05 00:00:00	1.38309	1.38617	1.38167	1.38529	81292	10"
"2021-07-06 00:00:00	1.38529	1.38981	1.37727	1.38037	100770	8"
"2021-07-07 00:00:00	1.38038	1.38414	1.37537	1.37992	106240	10"
"2021-07-08 00:00:00	1.37996	1.38015	1.37414	1.37893	146101	12"
"2021-07-09 00:00:00	1.37899	1.39088	1.37552	1.38924	149851	9"
"2021-07-11 00:00:00	1.38911	1.39008	1.38844	1.38982	4275	120"
"2021-07-12 00:00:00	1.38982	1.39097	1.38387	1.38858	118305	8"
"2021-07-13 00:00:00	1.38859	1.39051	1.37998	1.38052	111814	10"
"2021-07-14 00:00:00	1.38052	1.38917	1.38011	1.38558	108686	9"
"2021-07-15 00:00:00	1.38559	1.38988	1.38046	1.38277	100012	9"
"2021-07-16 00:00:00	1.38278	1.38617	1.37565	1.37565	81005	9"
"2021-07-18 00:00:00	1.37677	1.37706	1.37569	1.37629	3639	128"
"2021-07-19 00:00:00	1.37631	1.37636	1.36545	1.36684	126436	7"
"2021-07-20 00:00:00	1.36685	1.36892	1.35717	1.3634	104169	10"
"2021-07-21 00:00:00	1.36339	1.37227	1.35908	1.37115	77092	10"
"2021-07-22 00:00:00	1.37114	1.37869	1.36904	1.37722	83781	13"
"2021-07-23 00:00:00	1.37722	1.37796	1.37196	1.37449	67907	11"
"2021-07-25 00:00:00	1.37503	1.37642	1.37491	1.37565	1894	133"
"2021-07-26 00:00:00	1.37567	1.38333	1.37366	1.38257	70122	8"
"2021-07-27 00:00:00	1.38256	1.38941	1.37664	1.38817	88411	10"
"2021-07-28 00:00:00	1.38816	1.39109	1.3843	1.39055	72248	10"
"2021-07-29 00:00:00	1.39055	1.39816	1.38977	1.39632	53568	9"
"2021-07-30 00:00:00	1.39632	1.39832	1.38877	1.38959	59214	11"
"2021-08-01 00:00:00	1.38963	1.39037	1.38921	1.3895	1218	150"
"2021-08-02 00:00:00	1.38952	1.39323	1.38753	1.38906	57165	9"
"2021-08-03 00:00:00	1.38905	1.39385	1.38823	1.39167	57688	9"
"2021-08-04 00:00:00	1.39166	1.39574	1.38849	1.38893	58940	10"
"2021-08-05 00:00:00	1.38892	1.39488	1.38719	1.3927	66135	9"
"2021-08-06 00:00:00	1.3927	1.39327	1.38608	1.38693	49617	8"
"2021-08-08 00:00:00	1.38702	1.38841	1.38578	1.38663	9015	134"
"2021-08-09 00:00:00	1.38662	1.38942	1.38406	1.38465	48630	12"
"2021-08-10 00:00:00	1.38465	1.38721	1.38272	1.3835	44186	9"
"2021-08-11 00:00:00	1.3835	1.38875	1.38023	1.38661	51368	10"
"2021-08-12 00:00:00	1.38659	1.38782	1.37945	1.38106	42044	7"
"2021-08-13 00:00:00	1.38106	1.38749	1.37904	1.38576	33649	8"
"2021-08-15 00:00:00	1.38553	1.38727	1.38552	1.38634	2583	148"
"2021-08-16 00:00:00	1.38631	1.38783	1.38277	1.38403	46798	11"
"2021-08-17 00:00:00	1.38404	1.38406	1.37231	1.37396	49154	9"
"2021-08-18 00:00:00	1.37395	1.37859	1.37309	1.37424	43621	9"
"2021-08-19 00:00:00	1.37431	1.37496	1.36275	1.36297	59177	8"
"2021-08-20 00:00:00	1.36298	1.3641	1.36019	1.36144	43505	8"
"2021-08-22 00:00:00	1.36156	1.36299	1.36096	1.3624	2208	143"
"2021-08-23 00:00:00	1.36241	1.37319	1.3624	1.37228	45298	10"
"2021-08-24 00:00:00	1.37225	1.37474	1.36936	1.37243	44983	12"
"2021-08-25 00:00:00	1.37244	1.37664	1.36962	1.37639	42682	10"
"2021-08-26 00:00:00	1.37638	1.37675	1.36891	1.36998	51025	10"
"2021-08-27 00:00:00	1.36997	1.37807	1.36796	1.37544	64042	11"
"2021-08-29 00:00:00	1.37553	1.37655	1.37497	1.37622	3779	111"
"2021-08-30 00:00:00	1.3762	1.37749	1.37337	1.37584	33499	14"
"2021-08-31 00:00:00	1.37583	1.38077	1.37426	1.37518	64090	9"
"2021-09-01 00:00:00	1.3752	1.3798	1.37309	1.37708	53700	8"
"2021-09-02 00:00:00	1.37708	1.38398	1.37668	1.38359	41195	9"
"2021-09-03 00:00:00	1.38359	1.38915	1.38177	1.386	59733	10"
"2021-09-05 00:00:00	1.38553	1.38677	1.38464	1.38572	2144	145"
"2021-09-06 00:00:00	1.38575	1.38592	1.38181	1.38382	54970	10"
"2021-09-07 00:00:00	1.38381	1.38564	1.37674	1.37786	63416	10"
"2021-09-08 00:00:00	1.37785	1.37903	1.37261	1.37665	59099	9"
"2021-09-09 00:00:00	1.37664	1.38625	1.3753	1.3838	65562	9"
"2021-09-10 00:00:00	1.38384	1.38883	1.38258	1.38299	57040	9"
"2021-09-12 00:00:00	1.38303	1.38411	1.38303	1.38383	2091	158"
"2021-09-13 00:00:00	1.38391	1.38508	1.37968	1.3837	50497	9"
"2021-09-14 00:00:00	1.38368	1.3913	1.38033	1.38076	60959	10"
"2021-09-15 00:00:00	1.38073	1.38536	1.37922	1.38478	51014	10"
"2021-09-16 00:00:00	1.38476	1.38493	1.37642	1.37974	50131	9"
"2021-09-17 00:00:00	1.37973	1.38125	1.37256	1.37283	51745	9"
"2021-09-19 00:00:00	1.37346	1.37487	1.37238	1.3728	2531	200"
"2021-09-20 00:00:00	1.3728	1.37297	1.36405	1.36617	65811	11"
"2021-09-21 00:00:00	1.36616	1.36927	1.3641	1.36569	59041	10"
"2021-09-22 00:00:00	1.3657	1.36893	1.3609	1.36157	77014	10"
"2021-09-23 00:00:00	1.36157	1.37505	1.36119	1.37203	68128	9"
"2021-09-24 00:00:00	1.37204	1.37364	1.36576	1.3673	48825	9"
"2021-09-26 00:00:00	1.36617	1.36722	1.36603	1.36678	2569	82"
"2021-09-27 00:00:00	1.36682	1.37287	1.36577	1.37002	60644	11"
"2021-09-28 00:00:00	1.37003	1.3717	1.35203	1.35411	88803	11"
"2021-09-29 00:00:00	1.35409	1.35544	1.34116	1.34267	74234	11"
"2021-09-30 00:00:00	1.34268	1.3517	1.34153	1.34683	78029	10"
"2021-10-01 00:00:00	1.34683	1.35753	1.34333	1.35423	82970	9"
"2021-10-03 00:00:00	1.35544	1.35754	1.35384	1.35696	2323	131"
"2021-10-04 00:00:00	1.35698	1.36401	1.35314	1.36063	74378	8"
"2021-10-05 00:00:00	1.36067	1.36477	1.35841	1.36256	65950	10"
"2021-10-06 00:00:00	1.36255	1.36309	1.35436	1.35918	81587	10"
"2021-10-07 00:00:00	1.35917	1.36383	1.35702	1.36189	60296	10"
"2021-10-08 00:00:00	1.36192	1.36577	1.35832	1.36087	64779	9"
"2021-10-10 00:00:00	1.36171	1.36265	1.36085	1.36154	2446	102"
"2021-10-11 00:00:00	1.36156	1.36735	1.35841	1.35907	53446	10"
"2021-10-12 00:00:00	1.35907	1.36371	1.35681	1.35763	60498	11"
"2021-10-13 00:00:00	1.35766	1.36686	1.35756	1.3668	68631	10"
"2021-10-14 00:00:00	1.36678	1.37341	1.36579	1.36679	46826	11"
"2021-10-15 00:00:00	1.36678	1.37731	1.36675	1.37439	55936	10"
"2021-10-17 00:00:00	1.37484	1.37649	1.37445	1.37603	6164	122"
"2021-10-18 00:00:00	1.37604	1.37632	1.37088	1.37352	48224	9"
"2021-10-19 00:00:00	1.37355	1.38334	1.37353	1.3792	49418	9"
"2021-10-20 00:00:00	1.37922	1.38343	1.3742	1.38216	51267	10"
"2021-10-21 00:00:00	1.38214	1.38328	1.37759	1.37911	57431	9"
"2021-10-22 00:00:00	1.37912	1.38149	1.37354	1.37514	77878	8"
"2021-10-24 00:00:00	1.37455	1.37644	1.3737	1.37615	2050	111"
"2021-10-25 00:00:00	1.37617	1.37918	1.37413	1.3763	62884	10"
"2021-10-26 00:00:00	1.37632	1.38293	1.37565	1.37651	68391	10"
"2021-10-27 00:00:00	1.37652	1.37808	1.37092	1.37314	76686	8"
"2021-10-28 00:00:00	1.37316	1.38149	1.37219	1.37983	83397	9"
"2021-10-29 00:00:00	1.37982	1.38035	1.36678	1.36762	79867	10"
"2021-10-31 00:00:00	1.36764	1.36888	1.36698	1.3682	2225	214"
"2021-11-01 00:00:00	1.36821	1.3693	1.36416	1.3654	69082	10"
"2021-11-02 00:00:00	1.3654	1.36676	1.36053	1.36156	64146	11"
"2021-11-03 00:00:00	1.36158	1.36984	1.36072	1.36937	71923	10"
"2021-11-04 00:00:00	1.36935	1.36941	1.34707	1.35074	85082	8"
"2021-11-05 00:00:00	1.35076	1.35086	1.3424	1.34928	71214	11"
"2021-11-07 00:00:00	1.34764	1.34924	1.34758	1.34901	7908	57"
"2021-11-08 00:00:00	1.349	1.35795	1.34498	1.35632	61531	10"
"2021-11-09 00:00:00	1.35632	1.36071	1.35238	1.35594	63843	11"
"2021-11-10 00:00:00	1.35593	1.35645	1.34004	1.34118	90411	11"
"2021-11-11 00:00:00	1.34114	1.34327	1.33581	1.33646	71933	10"
"2021-11-12 00:00:00	1.33645	1.3426	1.33528	1.3414	58427	11"
"2021-11-14 00:00:00	1.34127	1.34191	1.3409	1.3416	4250	60"
"2021-11-15 00:00:00	1.3416	1.34493	1.34027	1.34098	63084	9"
"2021-11-16 00:00:00	1.34097	1.34725	1.34097	1.34246	72538	11"
"2021-11-17 00:00:00	1.34246	1.3496	1.3396	1.34881	77132	12"
"2021-11-18 00:00:00	1.34882	1.35133	1.34636	1.34984	68019	11"
"2021-11-19 00:00:00	1.34984	1.35094	1.34072	1.34486	89855	11"
"2021-11-21 00:00:00	1.34495	1.34543	1.34295	1.34325	7211	143"
"2021-11-22 00:00:00	1.34324	1.34494	1.3384	1.3397	88000	12"
"2021-11-23 00:00:00	1.33971	1.34091	1.33419	1.33745	82692	11"
"2021-11-24 00:00:00	1.33746	1.33896	1.33156	1.33292	84845	11"
"2021-11-25 00:00:00	1.33295	1.33533	1.33048	1.33124	77057	12"
"2021-11-26 00:00:00	1.33121	1.3365	1.3278	1.33283	190859	9"
"2021-11-28 00:00:00	1.33357	1.33433	1.33266	1.33401	3998	82"
"2021-11-29 00:00:00	1.33402	1.33628	1.32872	1.33138	86109	9"
"2021-11-30 00:00:00	1.33138	1.33702	1.31943	1.32952	157699	12"
"2021-12-01 00:00:00	1.32954	1.33516	1.32613	1.32771	103751	7"
"2021-12-02 00:00:00	1.32772	1.33335	1.32711	1.32993	95727	9"
"2021-12-03 00:00:00	1.32994	1.33098	1.32084	1.32264	106964	8"
"2021-12-05 00:00:00	1.32136	1.32488	1.32136	1.32349	3927	108"
"2021-12-06 00:00:00	1.32347	1.32861	1.3222	1.32619	74227	10"
"2021-12-07 00:00:00	1.3262	1.32892	1.32088	1.32449	70211	11"
"2021-12-08 00:00:00	1.32449	1.3261	1.31612	1.32085	99275	13"
"2021-12-09 00:00:00	1.32086	1.32243	1.31704	1.32237	64261	12"
"2021-12-10 00:00:00	1.32236	1.32751	1.31872	1.32683	68279	11"
"2021-12-12 00:00:00	1.32399	1.32602	1.32399	1.32568	4404	72"
"2021-12-13 00:00:00	1.32567	1.32685	1.32069	1.32126	63653	9"
"2021-12-14 00:00:00	1.32127	1.32563	1.31907	1.32291	57764	9"
"2021-12-15 00:00:00	1.32293	1.32824	1.31715	1.32616	81754	12"
"2021-12-16 00:00:00	1.32615	1.33741	1.32411	1.3322	89036	14"
"2021-12-17 00:00:00	1.33225	1.33391	1.32303	1.3234	73530	12"
"2021-12-19 00:00:00	1.32366	1.32436	1.32217	1.32286	2538	92"
"2021-12-20 00:00:00	1.32285	1.32441	1.3173	1.32088	67436	8"
"2021-12-21 00:00:00	1.32087	1.32706	1.31974	1.32678	55738	12"
"2021-12-22 00:00:00	1.32678	1.33631	1.32398	1.33501	52676	12"
"2021-12-23 00:00:00	1.33501	1.34377	1.33423	1.34029	51130	12"
"2021-12-24 00:00:00	1.34032	1.3419	1.33772	1.33821	303721	45"
"2021-12-26 00:00:00	1.33865	1.34063	1.33865	1.34019	1670	151"
"2021-12-27 00:00:00	1.34022	1.34452	1.33912	1.34406	37546	12"
"2021-12-28 00:00:00	1.34408	1.34614	1.34148	1.34329	36163	11"
"2021-12-29 00:00:00	1.34329	1.34993	1.34082	1.34964	42377	10"
"2021-12-30 00:00:00	1.34962	1.35215	1.34538	1.34968	41197	13"
"2021-12-31 00:00:00	1.34969	1.355	1.34651	1.35177	47676	15"
"2022-01-02 00:00:00	1.35199	1.35338	1.35199	1.35216	1857	147"
"2022-01-03 00:00:00	1.35209	1.35291	1.34304	1.3482	58669	11"
"2022-01-04 00:00:00	1.3482	1.3557	1.34592	1.35297	70449	13"
"2022-01-05 00:00:00	1.35296	1.35982	1.35221	1.35543	86211	13"
"2022-01-06 00:00:00	1.35543	1.35585	1.349	1.35323	82659	11"
"2022-01-07 00:00:00	1.35323	1.35969	1.3527	1.35827	67994	13"
"2022-01-09 00:00:00	1.35734	1.35934	1.35734	1.3591	3786	110"
"2022-01-10 00:00:00	1.3591	1.36032	1.35317	1.35791	78168	11"
"2022-01-11 00:00:00	1.35791	1.36362	1.35612	1.36323	59065	11"
"2022-01-12 00:00:00	1.36321	1.37143	1.36205	1.37055	52392	10"
"2022-01-13 00:00:00	1.37054	1.37487	1.37004	1.37128	56485	13"
"2022-01-14 00:00:00	1.37128	1.37424	1.3653	1.36695	70321	11"
"2022-01-16 00:00:00	1.36744	1.36765	1.36654	1.36725	3738	64"
"2022-01-17 00:00:00	1.36725	1.36895	1.36371	1.3647	51946	9"
"2022-01-18 00:00:00	1.36469	1.36611	1.35725	1.35993	76955	10"
"2022-01-19 00:00:00	1.35994	1.36486	1.35876	1.36082	66329	11"
"2022-01-20 00:00:00	1.36089	1.36616	1.35865	1.35964	69735	12"
"2022-01-21 00:00:00	1.35964	1.36019	1.35452	1.35504	75502	9"
"2022-01-23 00:00:00	1.3545	1.3555	1.35447	1.35546	3498	87"
"2022-01-24 00:00:00	1.35549	1.3565	1.344	1.34882	98796	9"
"2022-01-25 00:00:00	1.34879	1.35184	1.34358	1.35092	93420	8"
"2022-01-26 00:00:00	1.35092	1.35245	1.34442	1.34667	104821	12"
"2022-01-27 00:00:00	1.34666	1.34668	1.33577	1.33872	109825	11"
"2022-01-28 00:00:00	1.33872	1.34327	1.33649	1.33901	105351	9"
"2022-01-30 00:00:00	1.33908	1.34045	1.33854	1.34022	2055	95"
"2022-01-31 00:00:00	1.34022	1.346	1.33927	1.34441	89090	9"
"2022-02-01 00:00:00	1.3444	1.35278	1.3434	1.35243	74599	8"
"2022-02-02 00:00:00	1.35239	1.35874	1.35164	1.35641	72085	10"
"2022-02-03 00:00:00	1.35641	1.36275	1.35377	1.35974	116668	7"
"2022-02-04 00:00:00	1.35972	1.36144	1.35046	1.35211	108993	10"
"2022-02-06 00:00:00	1.35374	1.35483	1.35297	1.35324	2007	79"
"2022-02-07 00:00:00	1.35325	1.35504	1.349	1.35366	91255	9"
"2022-02-08 00:00:00	1.35368	1.35636	1.35073	1.35464	80450	10"
"2022-02-09 00:00:00	1.35467	1.35891	1.35266	1.35322	55511	9"
"2022-02-10 00:00:00	1.35323	1.36432	1.3523	1.3549	108992	10"
"2022-02-11 00:00:00	1.35489	1.36094	1.35136	1.35557	128085	10"
"2022-02-13 00:00:00	1.35507	1.35711	1.35474	1.35685	5786	79"
"2022-02-14 00:00:00	1.35684	1.35715	1.34948	1.35319	124317	10"
"2022-02-15 00:00:00	1.35318	1.35666	1.34862	1.35401	102872	10"
"2022-02-16 00:00:00	1.354	1.36009	1.35383	1.35815	84807	10"
"2022-02-17 00:00:00	1.35811	1.36378	1.35549	1.36141	112596	9"
"2022-02-18 00:00:00	1.36139	1.36425	1.35727	1.35839	96181	10"
"2022-02-20 00:00:00	1.35834	1.35971	1.35834	1.35907	2559	130"
"2022-02-21 00:00:00	1.35909	1.36381	1.35814	1.35945	91335	9"
"2022-02-22 00:00:00	1.35945	1.36047	1.35381	1.35878	105407	11"
"2022-02-23 00:00:00	1.35878	1.36203	1.35355	1.35445	87481	11"
"2022-02-24 00:00:00	1.35444	1.35463	1.32726	1.33711	203227	11"
"2022-02-25 00:00:00	1.33712	1.34386	1.33665	1.34054	136504	10"
"2022-02-27 00:00:00	1.33093	1.33742	1.33069	1.33713	15145	94"
"2022-02-28 00:00:00	1.33712	1.34314	1.33412	1.34216	151664	13"
"2022-03-01 00:00:00	1.34214	1.3437	1.33019	1.33348	121409	11"
"2022-03-02 00:00:00	1.33346	1.34073	1.32711	1.33963	145124	13"
"2022-03-03 00:00:00	1.33957	1.34176	1.33173	1.335	111803	11"
"2022-03-04 00:00:00	1.33497	1.33519	1.32019	1.32249	131899	12"
"2022-03-06 00:00:00	1.32241	1.32419	1.32006	1.32111	8528	137"
"2022-03-07 00:00:00	1.32112	1.32281	1.31015	1.31127	194595	14"
"2022-03-08 00:00:00	1.31129	1.31444	1.30817	1.30981	182492	13"
"2022-03-09 00:00:00	1.3098	1.31896	1.30977	1.31843	120384	10"
"2022-03-10 00:00:00	1.31843	1.31945	1.3081	1.31018	149353	12"
"2022-03-11 00:00:00	1.31019	1.31246	1.30271	1.30343	132478	12"
"2022-03-13 00:00:00	1.30363	1.30523	1.30287	1.30491	6586	126"
"2022-03-14 00:00:00	1.30491	1.3079	1.30005	1.30095	106121	11"
"2022-03-15 00:00:00	1.30094	1.30883	1.3	1.30437	123653	10"
"2022-03-16 00:00:00	1.30436	1.31564	1.30356	1.31397	140235	11"
"2022-03-17 00:00:00	1.31399	1.32106	1.30874	1.31582	113586	10"
"2022-03-18 00:00:00	1.31587	1.31967	1.31105	1.31758	93747	12"
"2022-03-20 00:00:00	1.31677	1.31772	1.31585	1.31589	5099	272"
"2022-03-21 00:00:00	1.31589	1.321	1.31265	1.31687	95321	12"
"2022-03-22 00:00:00	1.31685	1.32735	1.31198	1.32656	123596	8"
"2022-03-23 00:00:00	1.32658	1.32984	1.31749	1.32049	96357	8"
"2022-03-24 00:00:00	1.3205	1.32139	1.31567	1.31936	109121	11"
"2022-03-25 00:00:00	1.31937	1.32246	1.3159	1.31787	114671	9"
"2022-03-27 00:00:00	1.31798	1.31866	1.31684	1.31727	4006	119"
"2022-03-28 00:00:00	1.31726	1.31764	1.30665	1.30986	117198	9"
"2022-03-29 00:00:00	1.30985	1.31592	1.30506	1.30924	172031	11"
"2022-03-30 00:00:00	1.30925	1.31823	1.30881	1.31369	137494	9"
"2022-03-31 00:00:00	1.31369	1.31754	1.3106	1.31451	157200	11"
"2022-04-01 00:00:00	1.3145	1.31467	1.30862	1.31112	100925	10"
"2022-04-03 00:00:00	1.30894	1.31158	1.30893	1.31039	2553	80"
"2022-04-04 00:00:00	1.31042	1.31367	1.30927	1.31123	99951	10"
"2022-04-05 00:00:00	1.31122	1.31666	1.30665	1.30763	116403	9"
"2022-04-06 00:00:00	1.30764	1.31078	1.30452	1.30688	120303	9"
"2022-04-07 00:00:00	1.30689	1.31063	1.30516	1.30684	103667	10"
"2022-04-08 00:00:00	1.30684	1.30769	1.29816	1.30305	82329	12"
"2022-04-10 00:00:00	1.3023	1.30394	1.3023	1.30295	3504	213"
"2022-04-11 00:00:00	1.30294	1.30566	1.29885	1.30223	106033	11"
"2022-04-12 00:00:00	1.30224	1.30535	1.29937	1.30014	114772	10"
"2022-04-13 00:00:00	1.30015	1.31229	1.29728	1.31182	95883	10"
"2022-04-14 00:00:00	1.31184	1.31471	1.30332	1.30639	134968	10"
"2022-04-15 00:00:00	1.30638	1.3074	1.30435	1.30538	213557	114"
"2022-04-17 00:00:00	1.30439	1.30641	1.30439	1.30566	4058	116"
"2022-04-18 00:00:00	1.30566	1.30576	1.30007	1.30073	73724	9"
"2022-04-19 00:00:00	1.30077	1.30405	1.29804	1.30135	97620	10"
"2022-04-20 00:00:00	1.30135	1.30734	1.29961	1.30678	111210	10"
"2022-04-21 00:00:00	1.30676	1.30899	1.30221	1.30241	103951	11"
"2022-04-22 00:00:00	1.30242	1.30327	1.28225	1.28343	104164	10"
"2022-04-24 00:00:00	1.28304	1.28401	1.28256	1.28278	5232	164"
"2022-04-25 00:00:00	1.28277	1.28295	1.26971	1.27371	175506	11"
"2022-04-26 00:00:00	1.2737	1.27722	1.25597	1.25811	122484	11"
"2022-04-27 00:00:00	1.2581	1.26015	1.25024	1.25393	132341	11"
"2022-04-28 00:00:00	1.25392	1.25695	1.24108	1.24644	143056	7"
"2022-04-29 00:00:00	1.24644	1.26143	1.24644	1.25671	126489	11"
"2022-05-01 00:00:00	1.25794	1.25879	1.25691	1.25699	5721	126"
"2022-05-02 00:00:00	1.257	1.2597	1.24725	1.24991	112692	11"
"2022-05-03 00:00:00	1.24991	1.25669	1.24702	1.24981	124016	7"
"2022-05-04 00:00:00	1.24979	1.26378	1.24512	1.26161	151019	12"
"2022-05-05 00:00:00	1.26161	1.26327	1.23247	1.2362	175421	11"
"2022-05-06 00:00:00	1.2362	1.238	1.22757	1.23386	208332	11"
"2022-05-08 00:00:00	1.23476	1.2349	1.23241	1.23252	6664	60"
"2022-05-09 00:00:00	1.2325	1.24056	1.22608	1.23355	159994	11"
"2022-05-10 00:00:00	1.23355	1.23755	1.22914	1.23068	163882	10"
"2022-05-11 00:00:00	1.23065	1.24001	1.22316	1.22332	183328	12"
"2022-05-12 00:00:00	1.22331	1.22481	1.2165	1.22042	199709	11"
"2022-05-13 00:00:00	1.22043	1.22613	1.2155	1.22585	121930	8"
"2022-05-15 00:00:00	1.22369	1.22656	1.22369	1.22566	6674	56"
"2022-05-16 00:00:00	1.22567	1.2329	1.22167	1.23254	126954	8"
"2022-05-17 00:00:00	1.23248	1.24988	1.23203	1.24867	152120	10"
"2022-05-18 00:00:00	1.24865	1.25008	1.23292	1.23437	120382	10"
"2022-05-19 00:00:00	1.23437	1.25244	1.23377	1.24624	153087	11"
"2022-05-20 00:00:00	1.24628	1.25	1.24373	1.24792	123570	12"
"2022-05-22 00:00:00	1.24707	1.25094	1.24707	1.25032	5626	147"
"2022-05-23 00:00:00	1.25032	1.26007	1.24995	1.25669	115625	10"
"2022-05-24 00:00:00	1.25666	1.25981	1.24713	1.25409	131752	10"
"2022-05-25 00:00:00	1.25409	1.25942	1.24807	1.25856	131066	12"
"2022-05-26 00:00:00	1.25852	1.26206	1.25515	1.26166	129250	10"
"2022-05-27 00:00:00	1.26165	1.26663	1.25858	1.26275	97388	11"
"2022-05-29 00:00:00	1.26093	1.2635	1.26093	1.26239	4477	344"
"2022-05-30 00:00:00	1.26239	1.26596	1.26159	1.26452	108096	13"
"2022-05-31 00:00:00	1.26452	1.26485	1.25601	1.26092	122063	11"
"2022-06-01 00:00:00	1.26092	1.26162	1.24584	1.24833	115663	10"
"2022-06-02 00:00:00	1.24833	1.25861	1.24691	1.2578	92174	8"
"2022-06-03 00:00:00	1.25779	1.25895	1.24845	1.24859	95447	12"
"2022-06-05 00:00:00	1.24913	1.25021	1.24862	1.24897	4191	96"
"2022-06-06 00:00:00	1.249	1.25773	1.24763	1.25229	102136	11"
"2022-06-07 00:00:00	1.25229	1.25992	1.24299	1.25869	143329	11"
"2022-06-08 00:00:00	1.2587	1.25889	1.25129	1.25399	110862	11"
"2022-06-09 00:00:00	1.25398	1.25584	1.2486	1.24922	128122	10"
"2022-06-10 00:00:00	1.24921	1.25174	1.23008	1.23077	138646	10"
"2022-06-12 00:00:00	1.2313	1.232	1.22712	1.22763	14315	102"
"2022-06-13 00:00:00	1.22763	1.23002	1.21067	1.21417	185819	13"
"2022-06-14 00:00:00	1.21419	1.22077	1.19332	1.20106	207808	14"
"2022-06-15 00:00:00	1.20106	1.22045	1.1989	1.21744	248474	10"
"2022-06-16 00:00:00	1.21741	1.2406	1.20403	1.23497	227016	12"
"2022-06-17 00:00:00	1.23497	1.23525	1.21723	1.22186	175080	14"
"2022-06-19 00:00:00	1.22189	1.22311	1.22069	1.22275	7628	141"
"2022-06-20 00:00:00	1.22275	1.228	1.21989	1.22477	128027	14"
"2022-06-21 00:00:00	1.22475	1.23242	1.22446	1.22635	126772	11"
"2022-06-22 00:00:00	1.22634	1.23143	1.21606	1.22517	166088	12"
"2022-06-23 00:00:00	1.22513	1.22942	1.21695	1.22593	166409	11"
"2022-06-24 00:00:00	1.22594	1.23202	1.22403	1.22622	124851	11"
"2022-06-26 00:00:00	1.225	1.22964	1.22499	1.22821	8506	368"
"2022-06-27 00:00:00	1.2282	1.23321	1.22378	1.22659	144259	12"
"2022-06-28 00:00:00	1.22658	1.22912	1.21746	1.21872	154074	11"
"2022-06-29 00:00:00	1.21871	1.22127	1.21056	1.21285	174233	11"
"2022-06-30 00:00:00	1.21284	1.2188	1.20916	1.21597	164562	12"
"2022-07-01 00:00:00	1.21597	1.2161	1.19757	1.20913	152096	11"
"2022-07-03 00:00:00	1.20989	1.21227	1.20958	1.20997	7373	107"
"2022-07-04 00:00:00	1.20996	1.21648	1.20842	1.2113	112944	12"
"2022-07-05 00:00:00	1.21128	1.21251	1.18985	1.19506	167614	13"
"2022-07-06 00:00:00	1.19505	1.19891	1.18756	1.19214	198224	12"
"2022-07-07 00:00:00	1.19217	1.20333	1.19083	1.20286	161147	11"
"2022-07-08 00:00:00	1.20288	1.20554	1.19191	1.2029	163706	11"
"2022-07-10 00:00:00	1.20003	1.20369	1.20003	1.20168	6096	173"
"2022-07-11 00:00:00	1.20175	1.20193	1.1866	1.18986	174629	14"
"2022-07-12 00:00:00	1.18987	1.19156	1.18072	1.18774	187345	13"
"2022-07-13 00:00:00	1.18774	1.19668	1.18271	1.18635	227842	12"
"2022-07-14 00:00:00	1.18634	1.18838	1.17599	1.18403	259268	11"
"2022-07-15 00:00:00	1.18401	1.18743	1.18042	1.18613	183102	13"
"2022-07-17 00:00:00	1.18634	1.18905	1.18624	1.18895	7993	96"
"2022-07-18 00:00:00	1.18896	1.20334	1.18739	1.19484	159262	11"
"2022-07-19 00:00:00	1.19482	1.20452	1.19246	1.20018	176549	11"
"2022-07-20 00:00:00	1.20017	1.2037	1.19532	1.19674	185001	11"
"2022-07-21 00:00:00	1.19673	1.20036	1.18896	1.19949	209050	11"
"2022-07-22 00:00:00	1.19948	1.20639	1.19161	1.19972	206162	11"
"2022-07-24 00:00:00	1.19863	1.201	1.19846	1.19849	6122	186"
"2022-07-25 00:00:00	1.19849	1.20864	1.196	1.20531	157319	12"
"2022-07-26 00:00:00	1.20535	1.20898	1.19635	1.2035	153086	11"
"2022-07-27 00:00:00	1.20352	1.21858	1.20203	1.21616	184438	13"
"2022-07-28 00:00:00	1.21616	1.21913	1.21029	1.21723	195111	11"
"2022-07-29 00:00:00	1.21724	1.22454	1.20627	1.21745	186115	12"
"2022-07-31 00:00:00	1.21616	1.21786	1.21561	1.21673	4049	182"
"2022-08-01 00:00:00	1.21675	1.22931	1.21622	1.22566	148501	13"
"2022-08-02 00:00:00	1.22566	1.2279	1.21401	1.21428	201237	13"
"2022-08-03 00:00:00	1.21426	1.22075	1.20997	1.21375	156999	13"
"2022-08-04 00:00:00	1.21375	1.22147	1.20655	1.21578	145848	11"
"2022-08-05 00:00:00	1.21579	1.21687	1.2003	1.2067	140743	14"
"2022-08-07 00:00:00	1.2064	1.20713	1.20564	1.20605	5886	71"
"2022-08-08 00:00:00	1.20604	1.21373	1.2047	1.20848	128467	13"
"2022-08-09 00:00:00	1.20847	1.21299	1.20627	1.2071	105155	11"
"2022-08-10 00:00:00	1.20708	1.22766	1.20645	1.22106	130144	13"
"2022-08-11 00:00:00	1.22106	1.22491	1.21818	1.21941	136604	13"
"2022-08-12 00:00:00	1.21942	1.22162	1.20993	1.21314	119792	13"
"2022-08-14 00:00:00	1.21294	1.21386	1.21262	1.21266	6311	107"
"2022-08-15 00:00:00	1.21268	1.2148	1.20497	1.20558	110790	11"
"2022-08-16 00:00:00	1.20557	1.21175	1.20073	1.2094	103624	13"
"2022-08-17 00:00:00	1.20939	1.2143	1.20277	1.20447	119414	13"
"2022-08-18 00:00:00	1.20451	1.20793	1.19223	1.19298	114775	11"
"2022-08-19 00:00:00	1.19298	1.19327	1.17916	1.18224	124870	13"
"2022-08-21 00:00:00	1.18169	1.18311	1.18105	1.18184	6478	177"
"2022-08-22 00:00:00	1.18183	1.18363	1.17416	1.17648	109582	13"
"2022-08-23 00:00:00	1.1765	1.18774	1.1717	1.18294	131614	13"
"2022-08-24 00:00:00	1.18294	1.18351	1.17552	1.17899	126865	13"
"2022-08-25 00:00:00	1.17898	1.18641	1.17832	1.18222	122817	14"
"2022-08-26 00:00:00	1.18224	1.19007	1.17317	1.17373	153803	10"
"2022-08-28 00:00:00	1.17293	1.17349	1.1683	1.1688	12031	128"
"2022-08-29 00:00:00	1.16882	1.17438	1.16477	1.17211	136734	16"
"2022-08-30 00:00:00	1.17209	1.176	1.16212	1.16577	154919	14"
"2022-08-31 00:00:00	1.16578	1.16933	1.15935	1.15967	171736	14"
"2022-09-01 00:00:00	1.15967	1.16162	1.14984	1.15463	134705	11"
"2022-09-02 00:00:00	1.15464	1.15884	1.14955	1.15005	145738	12"
"2022-09-04 00:00:00	1.14807	1.1495	1.14654	1.14721	9030	55"
"2022-09-05 00:00:00	1.14721	1.15666	1.14432	1.15639	115451	14"
"2022-09-06 00:00:00	1.15643	1.16089	1.14933	1.15103	168622	12"
"2022-09-07 00:00:00	1.15104	1.15409	1.14047	1.15215	171817	14"
"2022-09-08 00:00:00	1.15216	1.15605	1.14599	1.15198	234773	13"
"2022-09-09 00:00:00	1.15198	1.16477	1.15151	1.15876	191780	9"
"2022-09-11 00:00:00	1.16379	1.16389	1.16018	1.16195	11971	87"
"2022-09-12 00:00:00	1.16194	1.17102	1.16001	1.16884	168039	13"
"2022-09-13 00:00:00	1.16886	1.17379	1.14814	1.15018	192206	13"
"2022-09-14 00:00:00	1.15018	1.15893	1.14797	1.15439	196660	13"
"2022-09-15 00:00:00	1.15439	1.15473	1.14505	1.14513	145700	14"
"2022-09-16 00:00:00	1.14513	1.14799	1.135	1.14187	145149	12"
"2022-09-18 00:00:00	1.14137	1.14406	1.14108	1.14336	7175	105"
"2022-09-19 00:00:00	1.14336	1.14451	1.13549	1.14442	90126	13"
"2022-09-20 00:00:00	1.14443	1.14605	1.1357	1.13801	151416	12"
"2022-09-21 00:00:00	1.13802	1.13842	1.1235	1.12565	194063	11"
"2022-09-22 00:00:00	1.12566	1.13638	1.12113	1.12621	225720	13"
"2022-09-23 00:00:00	1.12619	1.12739	1.08387	1.08474	214768	14"
"2022-09-25 00:00:00	1.07935	1.08459	1.07795	1.07924	20023	86"
"2022-09-26 00:00:00	1.07923	1.09298	1.03261	1.07658	382983	18"
"2022-09-27 00:00:00	1.07655	1.08374	1.06583	1.07251	216783	20"
"2022-09-28 00:00:00	1.0725	1.09156	1.05389	1.08303	341104	21"
"2022-09-29 00:00:00	1.08303	1.12038	1.07615	1.11707	285591	14"
"2022-09-30 00:00:00	1.11706	1.12335	1.10246	1.11538	253478	19"
"2022-10-02 00:00:00	1.11504	1.11943	1.11271	1.11342	21811	260"
"2022-10-03 00:00:00	1.11345	1.13412	1.10851	1.13374	255350	20"
"2022-10-04 00:00:00	1.13373	1.14894	1.128	1.14497	252419	18"
"2022-10-05 00:00:00	1.14498	1.14951	1.12264	1.13554	315702	15"
"2022-10-06 00:00:00	1.13556	1.13833	1.11124	1.11605	349424	17"
"2022-10-07 00:00:00	1.11603	1.12249	1.1055	1.10934	278083	18"
"2022-10-09 00:00:00	1.10891	1.1093	1.10609	1.10719	39504	99"
"2022-10-10 00:00:00	1.10721	1.11106	1.10191	1.10783	299064	18"
"2022-10-11 00:00:00	1.10788	1.11794	1.0952	1.09632	286441	13"
"2022-10-12 00:00:00	1.09637	1.11336	1.09227	1.11001	235478	17"
"2022-10-13 00:00:00	1.11	1.138	1.10565	1.13009	260281	17"
"2022-10-14 00:00:00	1.13007	1.13661	1.11511	1.1178	404515	16"
"2022-10-16 00:00:00	1.12325	1.12476	1.1209	1.12408	38038	108"
"2022-10-17 00:00:00	1.12408	1.14343	1.12151	1.1351	325410	18"
"2022-10-18 00:00:00	1.13513	1.14106	1.12551	1.13417	389055	16"
"2022-10-19 00:00:00	1.13417	1.13504	1.11846	1.12062	335939	16"
"2022-10-20 00:00:00	1.1206	1.1336	1.11709	1.1221	394958	16"
"2022-10-21 00:00:00	1.12218	1.13144	1.10601	1.12956	469701	13"
"2022-10-23 00:00:00	1.13928	1.14081	1.1307	1.13351	41939	74"
"2022-10-24 00:00:00	1.13358	1.13818	1.12574	1.13051	438400	20"
"2022-10-25 00:00:00	1.13053	1.14988	1.12704	1.14578	247524	15"
"2022-10-26 00:00:00	1.1458	1.164	1.14299	1.16385	461534	18"
"2022-10-27 00:00:00	1.16383	1.16449	1.15483	1.15638	272175	14"
"2022-10-28 00:00:00	1.15638	1.16235	1.15035	1.16127	191618	14"
"2022-10-30 00:00:00	1.15783	1.16056	1.15764	1.15941	29257	100"
"2022-10-31 00:00:00	1.1594	1.1613	1.14578	1.14669	322027	18"
"2022-11-01 00:00:00	1.14667	1.15659	1.14365	1.14882	548449	12"
"2022-11-02 00:00:00	1.14889	1.15644	1.13744	1.1383	697349	15"
"2022-11-03 00:00:00	1.13831	1.14216	1.11487	1.11695	392221	14"
"2022-11-04 00:00:00	1.11697	1.13818	1.1145	1.13764	241285	15"
"2022-11-06 00:00:00	1.13054	1.13412	1.13027	1.13308	24017	76"
"2022-11-07 00:00:00	1.13307	1.15413	1.12899	1.15129	317266	12"
"2022-11-08 00:00:00	1.15129	1.15988	1.14297	1.15507	235022	14"
"2022-11-09 00:00:00	1.15508	1.15664	1.13334	1.13676	319150	16"
"2022-11-10 00:00:00	1.13673	1.17311	1.13626	1.16938	309297	17"
"2022-11-11 00:00:00	1.16937	1.18543	1.16466	1.18295	248921	16"
"2022-11-13 00:00:00	1.18099	1.18118	1.17637	1.17958	29163	129"
"2022-11-14 00:00:00	1.17958	1.18283	1.17098	1.17507	392889	19"
"2022-11-15 00:00:00	1.17511	1.20285	1.17404	1.18785	299341	18"
"2022-11-16 00:00:00	1.18787	1.19417	1.18309	1.19135	234785	12"
"2022-11-17 00:00:00	1.19136	1.19576	1.17622	1.18584	279627	15"
"2022-11-18 00:00:00	1.18582	1.19503	1.1858	1.18883	214236	16"
"2022-11-20 00:00:00	1.18948	1.18976	1.18761	1.18841	14873	145"
"2022-11-21 00:00:00	1.18837	1.18856	1.17779	1.18258	228341	28"
"2022-11-22 00:00:00	1.18257	1.19022	1.1822	1.1893	238163	14"
"2022-11-23 00:00:00	1.1893	1.20804	1.1872	1.20757	269435	18"
"2022-11-24 00:00:00	1.20756	1.2153	1.20577	1.21115	189138	26"
"2022-11-25 00:00:00	1.21116	1.21269	1.20577	1.20867	366391	18"
"2022-11-27 00:00:00	1.20626	1.20748	1.20502	1.20534	32477	125"
"2022-11-28 00:00:00	1.20527	1.21175	1.19398	1.19588	287307	23"
"2022-11-29 00:00:00	1.1959	1.20639	1.19414	1.19455	273705	17"
"2022-11-30 00:00:00	1.19457	1.20879	1.18999	1.20744	417441	15"
"2022-12-01 00:00:00	1.20743	1.23098	1.20693	1.22578	281617	17"
"2022-12-02 00:00:00	1.22578	1.22997	1.21338	1.22772	285424	18"
"2022-12-04 00:00:00	1.22667	1.22959	1.22649	1.2295	7549	196"
"2022-12-05 00:00:00	1.22948	1.23441	1.2161	1.21915	313197	19"
"2022-12-06 00:00:00	1.21916	1.22689	1.21264	1.21321	354927	16"
"2022-12-07 00:00:00	1.2132	1.22343	1.21058	1.22089	217627	18"
"2022-12-08 00:00:00	1.22089	1.22467	1.21542	1.22334	154324	18"
"2022-12-09 00:00:00	1.22334	1.23221	1.22017	1.22654	204698	20"
"2022-12-11 00:00:00	1.22531	1.22637	1.22325	1.22349	7796	93"
"2022-12-12 00:00:00	1.22349	1.22983	1.22054	1.22686	167024	20"
"2022-12-13 00:00:00	1.22686	1.24432	1.22477	1.2354	273731	13"
"2022-12-14 00:00:00	1.2354	1.24464	1.23414	1.24179	217554	14"
"2022-12-15 00:00:00	1.24179	1.24256	1.21558	1.21902	254698	13"
"2022-12-16 00:00:00	1.21902	1.22225	1.21193	1.21345	227397	12"
"2022-12-18 00:00:00	1.21458	1.2169	1.21445	1.2159	13414	139"
"2022-12-19 00:00:00	1.2159	1.22416	1.212	1.21536	178493	14"
"2022-12-20 00:00:00	1.21536	1.22234	1.20847	1.21875	287633	17"
"2022-12-21 00:00:00	1.21878	1.21896	1.20548	1.20759	231176	16"
"2022-12-22 00:00:00	1.20759	1.21473	1.19919	1.20366	367044	16"
"2022-12-23 00:00:00	1.20372	1.20899	1.2018	1.20335	333480	21"
"2022-12-25 00:00:00	1.20551	1.20648	1.20483	1.20604	282	227"
"2022-12-26 00:00:00	1.20601	1.20916	1.20475	1.20819	64034	155"
"2022-12-27 00:00:00	1.20818	1.2112	1.20021	1.20256	194550	19"
"2022-12-28 00:00:00	1.20261	1.21254	1.20018	1.20277	213766	18"
"2022-12-29 00:00:00	1.2028	1.20783	1.20141	1.20547	150851	12"
"2022-12-30 00:00:00	1.2055	1.21071	1.20093	1.20934	229647	18"
"2023-01-01 00:00:00	1.20615	1.20959	1.20494	1.20926	1738	168"
"2023-01-02 00:00:00	1.20921	1.21004	1.20325	1.20625	188967	169"
"2023-01-03 00:00:00	1.20624	1.20847	1.18999	1.19657	202109	15"
"2023-01-04 00:00:00	1.19658	1.20875	1.19651	1.20556	189425	18"
"2023-01-05 00:00:00	1.20556	1.20779	1.18729	1.19078	222536	16"
"2023-01-06 00:00:00	1.19075	1.20989	1.18408	1.20874	265017	30"
"2023-01-08 00:00:00	1.20793	1.212	1.20792	1.21195	8777	146"
"2023-01-09 00:00:00	1.21196	1.22096	1.2093	1.21832	169387	16"
"2023-01-10 00:00:00	1.21833	1.21978	1.21096	1.21527	155106	15"
"2023-01-11 00:00:00	1.21528	1.2178	1.20999	1.21578	162081	13"
"2023-01-12 00:00:00	1.2158	1.22465	1.20879	1.22159	284513	15"
"2023-01-13 00:00:00	1.22158	1.22483	1.21498	1.2223	205516	19"
"2023-01-15 00:00:00	1.22125	1.22332	1.22104	1.22222	15721	134"
"2023-01-16 00:00:00	1.22221	1.22887	1.21711	1.22075	175261	20"
"2023-01-17 00:00:00	1.2208	1.23001	1.21688	1.22826	187895	13"
"2023-01-18 00:00:00	1.22827	1.24355	1.22536	1.23458	238529	17"
"2023-01-19 00:00:00	1.23464	1.23977	1.23126	1.23916	167324	16"
"2023-01-20 00:00:00	1.23913	1.2404	1.2335	1.23942	147107	14"
"2023-01-22 00:00:00	1.24006	1.24139	1.23971	1.24058	5726	36"
"2023-01-23 00:00:00	1.24058	1.24476	1.23231	1.23779	133127	17"
"2023-01-24 00:00:00	1.23781	1.24134	1.22628	1.23309	139632	16"
"2023-01-25 00:00:00	1.23311	1.24179	1.22828	1.24097	132043	14"
"2023-01-26 00:00:00	1.24097	1.24302	1.23441	1.24134	138919	14"
"2023-01-27 00:00:00	1.24135	1.24184	1.2345	1.2396	111247	17"
"2023-01-29 00:00:00	1.23882	1.24005	1.2376	1.23995	6056	81"
"2023-01-30 00:00:00	1.23997	1.24173	1.23365	1.23493	129366	13"
"2023-01-31 00:00:00	1.23495	1.23708	1.22838	1.23078	139415	13"
"2023-02-01 00:00:00	1.23077	1.2401	1.22719	1.23866	210475	10"
"2023-02-02 00:00:00	1.23865	1.24	1.22188	1.22205	204302	18"
"2023-02-03 00:00:00	1.22205	1.22651	1.20471	1.20531	189023	13"
"2023-02-05 00:00:00	1.2033	1.20565	1.20301	1.20427	11613	69"
"2023-02-06 00:00:00	1.20428	1.20771	1.20051	1.20254	155003	14"
"2023-02-07 00:00:00	1.20254	1.20948	1.19608	1.20534	263030	17"
"2023-02-08 00:00:00	1.20534	1.21092	1.20379	1.20697	131994	12"
"2023-02-09 00:00:00	1.20698	1.21936	1.20562	1.2115	160897	18"
"2023-02-10 00:00:00	1.21151	1.2139	1.20468	1.20575	140490	13"
"2023-02-12 00:00:00	1.20656	1.20656	1.20458	1.20506	6239	102"
"2023-02-13 00:00:00	1.20505	1.21519	1.20305	1.21498	129832	16"
"2023-02-14 00:00:00	1.21498	1.22696	1.2117	1.21734	196007	12"
"2023-02-15 00:00:00	1.21735	1.21812	1.19894	1.20364	159064	11"
"2023-02-16 00:00:00	1.20364	1.20737	1.19651	1.19735	169971	13"
"2023-02-17 00:00:00	1.19737	1.20491	1.19145	1.20297	134879	15"
"2023-02-19 00:00:00	1.20254	1.20365	1.20242	1.20282	14317	60"
"2023-02-20 00:00:00	1.20284	1.20564	1.20143	1.20378	149645	15"
"2023-02-21 00:00:00	1.20378	1.21473	1.19854	1.21086	212488	11"
"2023-02-22 00:00:00	1.21087	1.2135	1.20345	1.20463	209693	13"
"2023-02-23 00:00:00	1.20465	1.20744	1.19918	1.20163	204760	12"
"2023-02-24 00:00:00	1.20162	1.20414	1.19279	1.19363	211969	12"
"2023-02-26 00:00:00	1.19499	1.19541	1.19401	1.19489	14960	105"
"2023-02-27 00:00:00	1.19492	1.20672	1.1922	1.20616	205146	17"
"2023-02-28 00:00:00	1.20618	1.21428	1.20105	1.20326	263870	12"
"2023-03-01 00:00:00	1.20324	1.20884	1.19647	1.20259	229525	15"
"2023-03-02 00:00:00	1.20259	1.20362	1.19247	1.19486	220901	14"
"2023-03-03 00:00:00	1.19487	1.20482	1.19475	1.20437	163053	13"
"2023-03-05 00:00:00	1.20253	1.20371	1.2022	1.20269	11529	171"
"2023-03-06 00:00:00	1.20268	1.20487	1.19925	1.20244	159092	17"
"2023-03-07 00:00:00	1.20242	1.20649	1.18207	1.18264	244275	17"
"2023-03-08 00:00:00	1.18265	1.18586	1.18024	1.18486	208793	12"
"2023-03-09 00:00:00	1.18488	1.19385	1.18316	1.19223	179705	15"
"2023-03-10 00:00:00	1.19223	1.21131	1.19072	1.20244	360325	15"
"2023-03-12 00:00:00	1.20816	1.2103	1.2064	1.20747	69171	40"
"2023-03-13 00:00:00	1.20749	1.21992	1.20459	1.21662	478671	24"
"2023-03-14 00:00:00	1.21664	1.22034	1.21352	1.21501	414156	15"
"2023-03-15 00:00:00	1.21502	1.21815	1.20097	1.20669	429541	15"
"2023-03-16 00:00:00	1.20669	1.21275	1.20265	1.21089	374952	16"
"2023-03-17 00:00:00	1.21088	1.22003	1.21015	1.21726	209328	16"
"2023-03-19 00:00:00	1.21998	1.22063	1.21767	1.21864	36147	198"
"2023-03-20 00:00:00	1.21863	1.22846	1.21666	1.22731	313553	18"
"2023-03-21 00:00:00	1.22731	1.2282	1.21784	1.22242	166753	17"
"2023-03-22 00:00:00	1.22241	1.23346	1.22079	1.22768	274518	15"
"2023-03-23 00:00:00	1.22767	1.23432	1.22612	1.22801	239695	17"
"2023-03-24 00:00:00	1.22802	1.22884	1.21898	1.22278	193295	13"
"2023-03-26 00:00:00	1.22224	1.22494	1.22224	1.22444	15553	126"
"2023-03-27 00:00:00	1.22443	1.22975	1.22186	1.22959	181169	12"
"2023-03-28 00:00:00	1.2296	1.23491	1.22807	1.23298	109542	12"
"2023-03-29 00:00:00	1.23299	1.23614	1.23023	1.23097	141043	11"
"2023-03-30 00:00:00	1.23097	1.23927	1.2293	1.23865	151113	13"
"2023-03-31 00:00:00	1.23862	1.24227	1.2324	1.23287	165759	11"
"2023-04-02 00:00:00	1.23274	1.23307	1.22836	1.22855	30652	82"
"2023-04-03 00:00:00	1.22856	1.2425	1.2274	1.24196	159026	12"
"2023-04-04 00:00:00	1.24198	1.2525	1.23947	1.24983	159466	12"
"2023-04-05 00:00:00	1.24984	1.25141	1.24323	1.24621	164326	12"
"2023-04-06 00:00:00	1.24617	1.24867	1.24123	1.24375	126156	12"
"2023-04-07 00:00:00	1.24376	1.24557	1.23888	1.24113	130264	14"
"2023-04-09 00:00:00	1.24168	1.24307	1.24167	1.24301	10951	204"
"2023-04-10 00:00:00	1.24303	1.24423	1.2344	1.23909	129730	14"
"2023-04-11 00:00:00	1.23907	1.24559	1.23863	1.2429	129987	11"
"2023-04-12 00:00:00	1.24288	1.24953	1.2398	1.24914	146219	13"
"2023-04-13 00:00:00	1.24915	1.25373	1.24774	1.2524	138844	12"
"2023-04-14 00:00:00	1.25238	1.25459	1.23988	1.24107	145686	12"
"2023-04-16 00:00:00	1.23985	1.24163	1.23976	1.24007	13065	236"
"2023-04-17 00:00:00	1.24008	1.24378	1.23528	1.23729	119258	10"
"2023-04-18 00:00:00	1.2373	1.24497	1.23672	1.24243	112394	10"
"2023-04-19 00:00:00	1.24242	1.2474	1.23922	1.24276	123079	11"
"2023-04-20 00:00:00	1.24278	1.24675	1.24044	1.24396	133609	12"
"2023-04-21 00:00:00	1.24396	1.24479	1.23666	1.24351	135669	12"
"2023-04-23 00:00:00	1.24359	1.24518	1.24341	1.24472	6217	122"
"2023-04-24 00:00:00	1.2447	1.24994	1.24102	1.24986	109787	10"
"2023-04-25 00:00:00	1.24985	1.25066	1.23863	1.24135	137386	11"
"2023-04-26 00:00:00	1.24139	1.2515	1.24022	1.24704	145894	11"
"2023-04-27 00:00:00	1.24704	1.24994	1.24359	1.24965	166335	11"
"2023-04-28 00:00:00	1.24965	1.25837	1.24462	1.25608	165271	10"
"2023-04-30 00:00:00	1.25538	1.25686	1.25538	1.25575	15545	120"
"2023-05-01 00:00:00	1.25574	1.25689	1.24802	1.24843	141273	10"
"2023-05-02 00:00:00	1.2484	1.2512	1.24352	1.24761	152742	10"
"2023-05-03 00:00:00	1.24762	1.25895	1.24676	1.25684	201946	12"
"2023-05-04 00:00:00	1.25685	1.25984	1.25478	1.25824	196910	10"
"2023-05-05 00:00:00	1.25826	1.26522	1.25581	1.2624	124219	11"
"2023-05-07 00:00:00	1.26263	1.26351	1.26247	1.26293	10624	123"
"2023-05-08 00:00:00	1.26294	1.26685	1.26103	1.26119	94730	11"
"2023-05-09 00:00:00	1.26121	1.26398	1.25777	1.26238	111030	11"
"2023-05-10 00:00:00	1.26238	1.26794	1.26022	1.26252	123367	11"
"2023-05-11 00:00:00	1.26251	1.26403	1.24962	1.25071	164212	11"
"2023-05-12 00:00:00	1.25072	1.25406	1.24437	1.24437	92278	11"
"2023-05-14 00:00:00	1.24542	1.24562	1.24432	1.24507	16676	119"
"2023-05-15 00:00:00	1.24506	1.25342	1.24449	1.25243	95281	11"
"2023-05-16 00:00:00	1.25243	1.25461	1.24651	1.24836	121514	11"
"2023-05-17 00:00:00	1.24837	1.25099	1.24212	1.2482	124842	10"
"2023-05-18 00:00:00	1.2482	1.24926	1.23911	1.24109	125246	11"
"2023-05-19 00:00:00	1.24109	1.24835	1.23916	1.24411	138776	12"
"2023-05-21 00:00:00	1.24354	1.24607	1.24352	1.24604	10580	172"
"2023-05-22 00:00:00	1.24605	1.24719	1.24135	1.24335	128246	12"
"2023-05-23 00:00:00	1.24336	1.24464	1.23723	1.24161	136128	10"
"2023-05-24 00:00:00	1.2416	1.24691	1.23575	1.23693	161434	9"
"2023-05-25 00:00:00	1.23697	1.23867	1.23076	1.23162	145974	11"
"2023-05-26 00:00:00	1.23163	1.23952	1.23105	1.23437	120931	11"
"2023-05-28 00:00:00	1.23326	1.23516	1.23325	1.23447	12802	137"
"2023-05-29 00:00:00	1.23448	1.23714	1.23348	1.2347	79625	11"
"2023-05-30 00:00:00	1.23471	1.24461	1.23267	1.24118	120536	11"
"2023-05-31 00:00:00	1.24119	1.24492	1.23476	1.24447	166842	10"
"2023-06-01 00:00:00	1.24445	1.25394	1.24006	1.25262	132301	11"
"2023-06-02 00:00:00	1.25261	1.25443	1.24412	1.24434	119561	11"
"2023-06-04 00:00:00	1.24474	1.24501	1.24266	1.24302	14117	298"
"2023-06-05 00:00:00	1.24301	1.24433	1.23681	1.24319	110282	11"
"2023-06-06 00:00:00	1.24318	1.24584	1.23915	1.24288	106762	11"
"2023-06-07 00:00:00	1.24287	1.24997	1.23946	1.24443	110431	11"
"2023-06-08 00:00:00	1.24441	1.25631	1.24411	1.25577	116794	11"
"2023-06-09 00:00:00	1.25577	1.259	1.25338	1.25754	107968	10"
"2023-06-11 00:00:00	1.25644	1.25827	1.25558	1.25793	5850	181"
"2023-06-12 00:00:00	1.25799	1.25992	1.24865	1.25143	102796	9"
"2023-06-13 00:00:00	1.25143	1.26244	1.25131	1.26061	137333	11"
"2023-06-14 00:00:00	1.26059	1.26987	1.26005	1.26704	145723	11"
"2023-06-15 00:00:00	1.26706	1.27901	1.26292	1.27844	148185	11"
"2023-06-16 00:00:00	1.27843	1.28481	1.27678	1.28173	136722	10"
"2023-06-18 00:00:00	1.28133	1.28325	1.28133	1.28308	10004	109"
"2023-06-19 00:00:00	1.28309	1.28368	1.27702	1.27926	98249	9"
"2023-06-20 00:00:00	1.27926	1.28058	1.27132	1.27651	146467	10"
"2023-06-21 00:00:00	1.27651	1.28017	1.26908	1.27701	167996	10"
"2023-06-22 00:00:00	1.27702	1.28397	1.27252	1.27463	178589	11"
"2023-06-23 00:00:00	1.27462	1.27486	1.26851	1.27125	144212	11"
"2023-06-25 00:00:00	1.27057	1.27311	1.27034	1.27285	18326	137"
"2023-06-26 00:00:00	1.27285	1.27484	1.26877	1.27104	145470	10"
"2023-06-27 00:00:00	1.27105	1.27592	1.2703	1.2745	141610	11"
"2023-06-28 00:00:00	1.27452	1.27516	1.26064	1.26413	128966	11"
"2023-06-29 00:00:00	1.26415	1.26666	1.25908	1.26129	133155	10"
"2023-06-30 00:00:00	1.26129	1.27273	1.2599	1.26902	117393	10"
"2023-07-02 00:00:00	1.26892	1.27045	1.26892	1.26931	11310	167"
"2023-07-03 00:00:00	1.26931	1.27229	1.26582	1.26918	114172	10"
"2023-07-04 00:00:00	1.26917	1.27392	1.26831	1.2717	72644	10"
"2023-07-05 00:00:00	1.27169	1.27353	1.26879	1.27037	100772	11"
"2023-07-06 00:00:00	1.27041	1.27805	1.26732	1.27413	136415	11"
"2023-07-07 00:00:00	1.27412	1.28491	1.27255	1.28343	112125	11"
"2023-07-09 00:00:00	1.28307	1.28412	1.28296	1.28374	13420	123"
"2023-07-10 00:00:00	1.28375	1.28681	1.27502	1.28635	122447	9"
"2023-07-11 00:00:00	1.28634	1.29392	1.28575	1.29333	105591	10"
"2023-07-12 00:00:00	1.29334	1.30001	1.29038	1.29955	118561	9"
"2023-07-13 00:00:00	1.29956	1.31406	1.29828	1.31278	123369	10"
"2023-07-14 00:00:00	1.31278	1.31421	1.30859	1.30859	117617	11"
"2023-07-16 00:00:00	1.30893	1.31007	1.30827	1.30891	18067	203"
"2023-07-17 00:00:00	1.30892	1.31089	1.30506	1.30712	100298	8"
"2023-07-18 00:00:00	1.30712	1.31255	1.30278	1.30332	122157	11"
"2023-07-19 00:00:00	1.30331	1.30385	1.28674	1.2937	151985	10"
"2023-07-20 00:00:00	1.2937	1.29643	1.28395	1.28722	119232	10"
"2023-07-21 00:00:00	1.28724	1.29038	1.28156	1.28515	109855	8"
"2023-07-23 00:00:00	1.28455	1.28579	1.28454	1.28518	4055	102"
"2023-07-24 00:00:00	1.28519	1.28834	1.27976	1.28118	130437	11"
"2023-07-25 00:00:00	1.28116	1.29044	1.28091	1.28929	122961	11"
"2023-07-26 00:00:00	1.28927	1.296	1.2875	1.29267	165516	10"
"2023-07-27 00:00:00	1.29268	1.29953	1.27814	1.27928	171572	8"
"2023-07-28 00:00:00	1.27928	1.28875	1.27626	1.28455	170278	10"
"2023-07-30 00:00:00	1.28381	1.28581	1.28381	1.2853	9346	237"
"2023-07-31 00:00:00	1.28531	1.28724	1.2828	1.28312	109201	10"
"2023-08-01 00:00:00	1.28312	1.28385	1.27407	1.27941	144082	10"
"2023-08-02 00:00:00	1.27944	1.27986	1.26802	1.27185	132016	9"
"2023-08-03 00:00:00	1.27183	1.27278	1.26202	1.27151	147547	10"
"2023-08-04 00:00:00	1.27153	1.27918	1.26857	1.27426	139839	9"
"2023-08-06 00:00:00	1.27512	1.27618	1.27382	1.27483	12754	124"
"2023-08-07 00:00:00	1.27484	1.27888	1.27127	1.27809	100145	10"
"2023-08-08 00:00:00	1.2781	1.27853	1.26838	1.27429	124146	10"
"2023-08-09 00:00:00	1.27429	1.27819	1.27116	1.27192	103333	10"
"2023-08-10 00:00:00	1.2719	1.28185	1.26689	1.26697	143060	10"
"2023-08-11 00:00:00	1.26694	1.27382	1.26655	1.269	109485	10"
"2023-08-13 00:00:00	1.26916	1.27031	1.26861	1.26936	8873	120"
"2023-08-14 00:00:00	1.26937	1.27146	1.26163	1.26855	137309	9"
"2023-08-15 00:00:00	1.26853	1.27521	1.26748	1.27001	167738	7"
"2023-08-16 00:00:00	1.27001	1.27661	1.26866	1.27272	125219	8"
"2023-08-17 00:00:00	1.27271	1.27871	1.27023	1.27468	134533	10"
"2023-08-18 00:00:00	1.27468	1.27655	1.26889	1.27278	116812	11"
"2023-08-20 00:00:00	1.27285	1.2741	1.27283	1.27407	11321	108"
"2023-08-21 00:00:00	1.27406	1.27665	1.271	1.27593	108502	11"
"2023-08-22 00:00:00	1.27593	1.28001	1.27182	1.27309	105214	10"
"2023-08-23 00:00:00	1.27309	1.27644	1.26143	1.27196	151301	8"
"2023-08-24 00:00:00	1.27195	1.27283	1.25855	1.25921	124885	11"
"2023-08-25 00:00:00	1.2592	1.26539	1.25476	1.25723	117690	8"
"2023-08-27 00:00:00	1.25809	1.25892	1.25756	1.2589	9058	114"
"2023-08-28 00:00:00	1.25888	1.26151	1.25653	1.26105	114492	10"
"2023-08-29 00:00:00	1.26104	1.26547	1.25624	1.26354	136211	8"
"2023-08-30 00:00:00	1.26353	1.2746	1.26184	1.27107	147401	8"
"2023-08-31 00:00:00	1.27107	1.2734	1.26522	1.26706	132503	10"
"2023-09-01 00:00:00	1.26705	1.27127	1.2577	1.25831	116291	10"
"2023-09-03 00:00:00	1.25893	1.25928	1.25859	1.25908	8253	88"
"2023-09-04 00:00:00	1.25905	1.26423	1.25873	1.26218	63148	10"
"2023-09-05 00:00:00	1.26219	1.26316	1.25276	1.25691	124395	10"
"2023-09-06 00:00:00	1.25692	1.25876	1.24815	1.24979	120691	11"
"2023-09-07 00:00:00	1.24978	1.25079	1.24455	1.24748	104789	10"
"2023-09-08 00:00:00	1.24749	1.2514	1.24508	1.24652	111801	11"
"2023-09-10 00:00:00	1.24922	1.24922	1.24661	1.24879	10519	72"
"2023-09-11 00:00:00	1.24884	1.25477	1.24817	1.25073	121426	9"
"2023-09-12 00:00:00	1.25075	1.25298	1.24592	1.24905	102517	9"
"2023-09-13 00:00:00	1.24905	1.25114	1.24339	1.24891	133034	9"
"2023-09-14 00:00:00	1.24891	1.25058	1.2396	1.24004	152293	9"
"2023-09-15 00:00:00	1.24005	1.24455	1.23765	1.23765	122506	9"
"2023-09-17 00:00:00	1.23825	1.23975	1.23807	1.23968	3578	97"
"2023-09-18 00:00:00	1.23968	1.24102	1.237	1.23827	90466	9"
"2023-09-19 00:00:00	1.23827	1.24247	1.23697	1.23926	91676	10"
"2023-09-20 00:00:00	1.23926	1.24211	1.23234	1.23267	153653	9"
"2023-09-21 00:00:00	1.23267	1.23311	1.2233	1.22924	120302	10"
"2023-09-22 00:00:00	1.22925	1.22932	1.22303	1.22371	109701	9"
"2023-09-24 00:00:00	1.22467	1.22527	1.22361	1.22407	36680	167"
"2023-09-25 00:00:00	1.22406	1.22499	1.21932	1.22123	94253	10"
"2023-09-26 00:00:00	1.22124	1.22146	1.21434	1.21456	100882	10"
"2023-09-27 00:00:00	1.21456	1.21642	1.21101	1.21349	124800	8"
"2023-09-28 00:00:00	1.21351	1.22244	1.21198	1.2204	118039	10"
"2023-09-29 00:00:00	1.22038	1.22715	1.21799	1.21942	141747	8"
"2023-10-01 00:00:00	1.21936	1.22055	1.21799	1.21924	4969	120"
"2023-10-02 00:00:00	1.21927	1.22195	1.20838	1.20897	115155	10"
"2023-10-03 00:00:00	1.20897	1.21015	1.2052	1.20771	137856	10"
"2023-10-04 00:00:00	1.20772	1.21765	1.20369	1.21365	126859	9"
"2023-10-05 00:00:00	1.21365	1.21956	1.21074	1.21868	121644	9"
"2023-10-06 00:00:00	1.21868	1.2261	1.21053	1.22323	148061	10"
"2023-10-08 00:00:00	1.22017	1.2221	1.21988	1.22191	9123	64"
"2023-10-09 00:00:00	1.22191	1.22516	1.21628	1.22491	101719	8"
"2023-10-10 00:00:00	1.22489	1.22943	1.22114	1.22889	131712	9"
"2023-10-11 00:00:00	1.22889	1.23371	1.2268	1.23148	124509	9"
"2023-10-12 00:00:00	1.23146	1.23315	1.21702	1.21823	118051	10"
"2023-10-13 00:00:00	1.21823	1.2225	1.21223	1.21358	113518	10"
"2023-10-15 00:00:00	1.21416	1.21568	1.21319	1.21543	13585	101"
"2023-10-16 00:00:00	1.21545	1.22193	1.21423	1.22112	104875	9"
"2023-10-17 00:00:00	1.22112	1.22155	1.21326	1.21778	126712	9"
"2023-10-18 00:00:00	1.21776	1.22108	1.21368	1.21411	112966	10"
"2023-10-19 00:00:00	1.21411	1.21914	1.20897	1.21351	148022	8"
"2023-10-20 00:00:00	1.21351	1.217	1.20929	1.21559	106386	9"
"2023-10-22 00:00:00	1.215	1.21659	1.215	1.2163	5941	122"
"2023-10-23 00:00:00	1.2163	1.22582	1.2143	1.22487	105913	9"
"2023-10-24 00:00:00	1.22488	1.22885	1.21529	1.21618	115286	8"
"2023-10-25 00:00:00	1.21618	1.21756	1.20944	1.21017	103868	10"
"2023-10-26 00:00:00	1.2102	1.21393	1.20691	1.21358	115052	9"
"2023-10-27 00:00:00	1.21354	1.21622	1.21052	1.21178	91418	8"
"2023-10-29 00:00:00	1.21265	1.21265	1.21089	1.21125	6566	77"
"2023-10-30 00:00:00	1.21123	1.21743	1.20899	1.21633	87257	9"
"2023-10-31 00:00:00	1.21633	1.22003	1.21191	1.21502	108327	10"
"2023-11-01 00:00:00	1.21501	1.21812	1.20955	1.21812	135878	9"
"2023-11-02 00:00:00	1.21814	1.22253	1.21549	1.21889	118883	9"
"2023-11-03 00:00:00	1.2189	1.23892	1.21842	1.23772	116722	9"
"2023-11-05 00:00:00	1.23627	1.23769	1.23619	1.23717	3624	133"
"2023-11-06 00:00:00	1.23718	1.24282	1.23378	1.23432	89389	10"
"2023-11-07 00:00:00	1.23432	1.23467	1.22621	1.22908	92123	12"
"2023-11-08 00:00:00	1.22905	1.23011	1.22414	1.22848	114151	10"
"2023-11-09 00:00:00	1.22852	1.23083	1.22124	1.22157	126099	13"
"2023-11-10 00:00:00	1.22156	1.22376	1.21868	1.22237	102234	9"
"2023-11-12 00:00:00	1.21964	1.22315	1.21964	1.22293	3014	253"
"2023-11-13 00:00:00	1.22292	1.22804	1.22229	1.22794	81128	10"
"2023-11-14 00:00:00	1.22795	1.25058	1.2265	1.24928	106991	8"
"2023-11-15 00:00:00	1.2493	1.24973	1.24034	1.24213	115420	10"
"2023-11-16 00:00:00	1.24213	1.24557	1.23761	1.24139	98081	9"
"2023-11-17 00:00:00	1.24141	1.24645	1.23736	1.24564	102275	10"
"2023-11-19 00:00:00	1.24467	1.24619	1.24467	1.24528	7764	135"
"2023-11-20 00:00:00	1.2453	1.25172	1.24455	1.25078	97473	9"
"2023-11-21 00:00:00	1.25079	1.2559	1.25042	1.25426	113008	10"
"2023-11-22 00:00:00	1.25426	1.25493	1.24488	1.24887	128173	11"
"2023-11-23 00:00:00	1.24887	1.25683	1.24885	1.25324	76648	10"
"2023-11-24 00:00:00	1.25324	1.2615	1.2524	1.26016	101241	9"
"2023-11-26 00:00:00	1.25969	1.26047	1.25969	1.25992	2409	73"
"2023-11-27 00:00:00	1.25993	1.2644	1.25906	1.26342	92658	10"
"2023-11-28 00:00:00	1.26342	1.27147	1.26063	1.27121	123483	10"
"2023-11-29 00:00:00	1.27122	1.27329	1.26644	1.26947	117930	10"
"2023-11-30 00:00:00	1.26946	1.27104	1.2603	1.26307	153787	11"
"2023-12-01 00:00:00	1.26305	1.27157	1.26137	1.27036	154286	11"
"2023-12-03 00:00:00	1.26843	1.2724	1.26843	1.27103	11529	116"
"2023-12-04 00:00:00	1.27105	1.27118	1.26034	1.26328	135196	11"
"2023-12-05 00:00:00	1.2633	1.26516	1.25769	1.25938	141451	11"
"2023-12-06 00:00:00	1.25939	1.26133	1.25512	1.25573	116035	10"
"2023-12-07 00:00:00	1.25574	1.26123	1.2544	1.25866	149582	9"
"2023-12-08 00:00:00	1.25867	1.2601	1.2502	1.25445	168747	10"
"2023-12-10 00:00:00	1.25306	1.25539	1.25261	1.25539	3864	144"
"2023-12-11 00:00:00	1.25538	1.25907	1.25344	1.25528	111109	10"
"2023-12-12 00:00:00	1.25529	1.26152	1.25137	1.25684	119149	11"
"2023-12-13 00:00:00	1.25685	1.26344	1.24999	1.26206	149985	11"
"2023-12-14 00:00:00	1.26206	1.27937	1.26118	1.27705	205243	14"
"2023-12-15 00:00:00	1.27704	1.27901	1.26681	1.26738	144587	8"
"2023-12-17 00:00:00	1.26746	1.26781	1.26659	1.26708	3171	287"
"2023-12-18 00:00:00	1.2671	1.27036	1.26284	1.26523	105566	11"
"2023-12-19 00:00:00	1.26525	1.27615	1.26491	1.27297	113531	12"
"2023-12-20 00:00:00	1.27297	1.27299	1.26245	1.26398	119338	10"
"2023-12-21 00:00:00	1.26397	1.26958	1.26119	1.26826	181704	8"
"2023-12-22 00:00:00	1.26825	1.27438	1.26785	1.26945	267200	10"
"2023-12-25 00:00:00	1.27061	1.27132	1.26733	1.27034	6900	396"
"2023-12-26 00:00:00	1.27035	1.27298	1.26841	1.27258	177290	12"
"2023-12-27 00:00:00	1.27255	1.28026	1.26983	1.27996	101891	10"
"2023-12-28 00:00:00	1.27995	1.28272	1.27121	1.27339	118630	9"
"2023-12-29 00:00:00	1.2734	1.27723	1.27	1.27292	153983	10"
"2024-01-01 00:00:00	1.27184	1.27347	1.27155	1.27274	3288	147"
"2024-01-02 00:00:00	1.27275	1.27596	1.26105	1.2622	133451	11"
"2024-01-03 00:00:00	1.26221	1.26761	1.26156	1.26727	149803	12"
"2024-01-04 00:00:00	1.26727	1.27296	1.26565	1.26807	126681	10"
"2024-01-05 00:00:00	1.26807	1.27707	1.26106	1.27173	158975	11"
"2024-01-07 00:00:00	1.27018	1.27192	1.27018	1.27169	2939	248"
"2024-01-08 00:00:00	1.27169	1.27668	1.26729	1.27411	95912	10"
"2024-01-09 00:00:00	1.27411	1.27647	1.2689	1.27102	97248	11"
"2024-01-10 00:00:00	1.27104	1.27448	1.26859	1.27442	92878	10"
"2024-01-11 00:00:00	1.27441	1.27849	1.26898	1.27782	172927	12"
"2024-01-12 00:00:00	1.27783	1.27854	1.27192	1.27473	136906	11"
"2024-01-14 00:00:00	1.27373	1.27508	1.27347	1.2735	4763	133"
"2024-01-15 00:00:00	1.27352	1.27649	1.27127	1.27151	106633	12"
"2024-01-16 00:00:00	1.27152	1.27164	1.2619	1.26376	155825	9"
"2024-01-17 00:00:00	1.26376	1.26958	1.25963	1.2677	152484	10"
"2024-01-18 00:00:00	1.26769	1.27118	1.26478	1.27109	127303	9"
"2024-01-19 00:00:00	1.27109	1.27143	1.26608	1.2702	107641	10"
"2024-01-21 00:00:00	1.26789	1.27083	1.26789	1.26992	6319	187"
"2024-01-22 00:00:00	1.26991	1.27325	1.26865	1.27057	100607	9"
"2024-01-23 00:00:00	1.27055	1.27467	1.26488	1.26907	121453	8"
"2024-01-24 00:00:00	1.26908	1.27745	1.26852	1.27173	120399	8"
"2024-01-25 00:00:00	1.27175	1.27424	1.26813	1.27057	122811	8"
"2024-01-26 00:00:00	1.27058	1.27582	1.26751	1.27025	100735	10"
"2024-01-28 00:00:00	1.26959	1.27037	1.26897	1.26962	6783	46"
"2024-01-29 00:00:00	1.26962	1.27184	1.26617	1.27118	89948	8"
"2024-01-30 00:00:00	1.27119	1.27207	1.26399	1.26943	112882	8"
"2024-01-31 00:00:00	1.26943	1.27505	1.26576	1.26794	170462	9"
"2024-02-01 00:00:00	1.26792	1.27554	1.26249	1.27457	152445	9"
"2024-02-02 00:00:00	1.27456	1.27721	1.26136	1.26284	124290	11"
"2024-02-04 00:00:00	1.26201	1.26366	1.26106	1.26211	7602	283"
"2024-02-05 00:00:00	1.26208	1.26292	1.25181	1.25333	107014	11"
"2024-02-06 00:00:00	1.25334	1.26054	1.2533	1.26033	103833	10"
"2024-02-07 00:00:00	1.26034	1.26416	1.25963	1.26261	103269	10"
"2024-02-08 00:00:00	1.26258	1.26383	1.25714	1.26201	93560	10"
"2024-02-09 00:00:00	1.262	1.26429	1.25987	1.26247	79975	9"
"2024-02-11 00:00:00	1.26206	1.2637	1.26206	1.26365	5373	88"
"2024-02-12 00:00:00	1.26363	1.26544	1.26058	1.26262	76288	8"
"2024-02-13 00:00:00	1.26262	1.26875	1.25727	1.25898	105769	9"
"2024-02-14 00:00:00	1.25897	1.26109	1.25352	1.25671	111852	9"
"2024-02-15 00:00:00	1.2567	1.26049	1.2541	1.25977	96396	9"
"2024-02-16 00:00:00	1.25979	1.26241	1.25504	1.25978	98390	8"
"2024-02-18 00:00:00	1.25987	1.26109	1.25974	1.26104	6842	119"
"2024-02-19 00:00:00	1.26106	1.26295	1.2583	1.25874	67741	9"
"2024-02-20 00:00:00	1.25873	1.26682	1.2579	1.26244	95188	10"
"2024-02-21 00:00:00	1.26244	1.26416	1.26023	1.26377	94694	10"
"2024-02-22 00:00:00	1.26379	1.27093	1.26112	1.26615	99539	10"
"2024-02-23 00:00:00	1.26616	1.2701	1.26479	1.26683	70710	7"
"2024-02-25 00:00:00	1.26727	1.26783	1.26685	1.267	2437	95"
"2024-02-26 00:00:00	1.26696	1.26993	1.26563	1.26834	56470	7"
"2024-02-27 00:00:00	1.26838	1.26965	1.26601	1.26796	69011	9"
"2024-02-28 00:00:00	1.26798	1.26838	1.26211	1.26611	73070	7"
"2024-02-29 00:00:00	1.26611	1.26813	1.26119	1.26266	83994	6"
"2024-03-01 00:00:00	1.26266	1.26636	1.25995	1.2653	80468	5"
"2024-03-03 00:00:00	1.26465	1.26621	1.26465	1.26601	3720	119"
"2024-03-04 00:00:00	1.26601	1.27062	1.26555	1.2689	58420	7"
"2024-03-05 00:00:00	1.26894	1.27347	1.26711	1.27039	68326	9"
"2024-03-06 00:00:00	1.27042	1.27613	1.26899	1.27357	69451	5"
"2024-03-07 00:00:00	1.27357	1.28132	1.27228	1.2813	75032	7"
"2024-03-08 00:00:00	1.2813	1.28934	1.28008	1.28548	84732	8"
"2024-03-10 00:00:00	1.28544	1.28607	1.28476	1.28552	3280	133"
"2024-03-11 00:00:00	1.28552	1.28618	1.27949	1.28177	67703	8"
"2024-03-12 00:00:00	1.28177	1.28231	1.27459	1.27947	99243	7"
"2024-03-13 00:00:00	1.27946	1.28111	1.27741	1.28008	74304	7"
"2024-03-14 00:00:00	1.28009	1.28227	1.27303	1.27448	88838	9"
"2024-03-15 00:00:00	1.27447	1.27585	1.27248	1.27313	72934	7"
"2024-03-17 00:00:00	1.2727	1.27374	1.27264	1.27307	3597	121"
"2024-03-18 00:00:00	1.27307	1.27465	1.27176	1.2726	61112	7"
"2024-03-19 00:00:00	1.27261	1.27326	1.26674	1.27174	88969	7"
"2024-03-20 00:00:00	1.27173	1.27981	1.26841	1.27977	122798	8"
"2024-03-21 00:00:00	1.27975	1.2803	1.26503	1.26602	133649	6"
"2024-03-22 00:00:00	1.26601	1.26751	1.25748	1.25984	88576	7"
"2024-03-24 00:00:00	1.25948	1.26018	1.25901	1.2597	4005	119"
"2024-03-25 00:00:00	1.25972	1.2652	1.25914	1.26358	60957	8"
"2024-03-26 00:00:00	1.26359	1.26676	1.26217	1.26274	69950	8"
"2024-03-27 00:00:00	1.26273	1.26408	1.26052	1.26165	76047	8"
"2024-03-28 00:00:00	1.26167	1.26544	1.25855	1.26211	90520	8"
"2024-03-29 00:00:00	1.26211	1.26448	1.26092	1.26158	44552	16"
"2024-03-31 00:00:00	1.26077	1.26415	1.26077	1.26372	11112	365"
"2024-04-01 00:00:00	1.26372	1.26416	1.25393	1.25458	67290	8"
"2024-04-02 00:00:00	1.25457	1.25806	1.25391	1.25757	80899	9"
"2024-04-03 00:00:00	1.25754	1.26559	1.25621	1.26509	94444	8"
"2024-04-04 00:00:00	1.26509	1.26833	1.26349	1.26387	82529	8"
"2024-04-05 00:00:00	1.26387	1.26483	1.25741	1.26361	104275	9"
"2024-04-07 00:00:00	1.26244	1.26339	1.26206	1.26235	5060	72"
"2024-04-08 00:00:00	1.26233	1.26636	1.2613	1.26572	90925	8"
"2024-04-09 00:00:00	1.2657	1.2709	1.26485	1.26767	76684	7"
"2024-04-10 00:00:00	1.26767	1.27078	1.252	1.25362	123719	9"
"2024-04-11 00:00:00	1.25363	1.25784	1.25105	1.25544	88024	6"
"2024-04-12 00:00:00	1.25541	1.25585	1.24263	1.24482	84794	8"
"2024-04-14 00:00:00	1.2441	1.24629	1.24362	1.24593	5886	123"
"2024-04-15 00:00:00	1.24594	1.24983	1.24355	1.24458	101004	8"
"2024-04-16 00:00:00	1.24459	1.24718	1.24055	1.24302	113705	8"
"2024-04-17 00:00:00	1.24301	1.24815	1.24168	1.24525	98663	7"
"2024-04-18 00:00:00	1.24529	1.24843	1.24318	1.24345	79093	7"
"2024-04-19 00:00:00	1.24344	1.24682	1.23666	1.23695	123885	7"
"2024-04-21 00:00:00	1.23694	1.23783	1.23655	1.2375	3357	127"
"2024-04-22 00:00:00	1.23756	1.23919	1.22991	1.23494	66195	9"
"2024-04-23 00:00:00	1.23494	1.24582	1.23315	1.24541	86058	8"
"2024-04-24 00:00:00	1.24541	1.24697	1.24223	1.24589	67273	8"
"2024-04-25 00:00:00	1.24588	1.2527	1.2454	1.2507	106148	7"
"2024-04-26 00:00:00	1.25068	1.25409	1.24489	1.24908	86052	8"
"2024-04-28 00:00:00	1.24632	1.25096	1.24623	1.25093	1827	254"
"2024-04-29 00:00:00	1.25093	1.25693	1.25072	1.25593	93394	6"
"2024-04-30 00:00:00	1.25592	1.25609	1.24876	1.24884	99721	7"
"2024-05-01 00:00:00	1.24888	1.25499	1.24659	1.25359	111461	8"
"2024-05-02 00:00:00	1.25359	1.25444	1.24717	1.25392	115328	7"
"2024-05-03 00:00:00	1.25395	1.2634	1.25292	1.25446	120845	7"
"2024-05-05 00:00:00	1.25324	1.25528	1.25324	1.25404	4314	266"
"2024-05-06 00:00:00	1.25404	1.25941	1.25381	1.2559	86627	6"
"2024-05-07 00:00:00	1.2559	1.25704	1.24983	1.25015	82322	7"
"2024-05-08 00:00:00	1.25011	1.25045	1.24675	1.24928	74556	8"
"2024-05-09 00:00:00	1.24929	1.25296	1.24457	1.25246	89919	8"
"2024-05-10 00:00:00	1.25245	1.2541	1.25023	1.25239	67628	5"
"2024-05-12 00:00:00	1.25155	1.25273	1.25124	1.25216	2321	103"
"2024-05-13 00:00:00	1.25218	1.25683	1.25172	1.25598	65235	6"
"2024-05-14 00:00:00	1.25597	1.25927	1.25092	1.25836	86064	7"
"2024-05-15 00:00:00	1.25835	1.2694	1.25831	1.26884	92563	11"
"2024-05-16 00:00:00	1.26883	1.27005	1.26432	1.26711	71241	8"
"2024-05-17 00:00:00	1.26711	1.27114	1.26447	1.26999	53820	5"
"2024-05-19 00:00:00	1.26953	1.27077	1.26878	1.27055	2015	98"
"2024-05-20 00:00:00	1.27055	1.27252	1.26889	1.27095	57860	8"
"2024-05-21 00:00:00	1.27096	1.27266	1.26863	1.27097	45809	8"
"2024-05-22 00:00:00	1.27098	1.2761	1.26998	1.27202	79110	6"
"2024-05-23 00:00:00	1.27201	1.27463	1.26852	1.26929	87177	6"
"2024-05-24 00:00:00	1.26927	1.27507	1.26753	1.27358	62611	7"
"2024-05-26 00:00:00	1.27299	1.27429	1.27299	1.27338	2887	132"
"2024-05-27 00:00:00	1.27336	1.27774	1.27336	1.27718	49164	6"
"2024-05-28 00:00:00	1.27718	1.28005	1.27537	1.27576	69812	6"
"2024-05-29 00:00:00	1.27575	1.27715	1.26957	1.26972	74689	8"
"2024-05-30 00:00:00	1.26973	1.27469	1.26806	1.27285	70374	8"
"2024-05-31 00:00:00	1.27286	1.2766	1.26999	1.27404	79299	7"
"2024-06-02 00:00:00	1.27336	1.27453	1.27336	1.27439	2504	134"
"2024-06-03 00:00:00	1.27439	1.28119	1.26941	1.28095	80594	8"
"2024-06-04 00:00:00	1.28096	1.28171	1.27425	1.27719	82738	5"
"2024-06-05 00:00:00	1.27722	1.27951	1.2755	1.27932	73465	6"
"2024-06-06 00:00:00	1.27932	1.28088	1.27622	1.27923	74448	6"
"2024-06-07 00:00:00	1.27922	1.28159	1.27142	1.27198	85989	7"
"2024-06-09 00:00:00	1.27288	1.2731	1.27128	1.27279	5515	53"
"2024-06-10 00:00:00	1.27278	1.2737	1.26876	1.27256	60767	7"
"2024-06-11 00:00:00	1.27256	1.27513	1.27057	1.27393	68524	6"
"2024-06-12 00:00:00	1.27391	1.28604	1.27325	1.27958	119962	9"
"2024-06-13 00:00:00	1.27959	1.28073	1.2738	1.27534	79807	8"
"2024-06-14 00:00:00	1.27533	1.27636	1.26568	1.26828	88531	7"
"2024-06-16 00:00:00	1.26835	1.26871	1.2678	1.26832	4807	88"
"2024-06-17 00:00:00	1.26831	1.27139	1.26588	1.27134	66646	7"
"2024-06-18 00:00:00	1.27133	1.27207	1.26687	1.27066	84277	8"
"2024-06-19 00:00:00	1.27065	1.27397	1.26998	1.27198	52598	7"
"2024-06-20 00:00:00	1.27198	1.27202	1.26531	1.26596	79232	7"
"2024-06-21 00:00:00	1.26594	1.26742	1.26218	1.26424	80131	7"
"2024-06-23 00:00:00	1.26343	1.26448	1.26343	1.26375	5618	112"
"2024-06-24 00:00:00	1.26377	1.26977	1.26323	1.26817	61177	8"
"2024-06-25 00:00:00	1.26817	1.27022	1.267	1.26835	59031	8"
"2024-06-26 00:00:00	1.26837	1.26932	1.26153	1.26206	70609	8"
"2024-06-27 00:00:00	1.26207	1.26705	1.26125	1.26437	71506	7"
"2024-06-28 00:00:00	1.2644	1.26632	1.26194	1.26427	83941	8"
"2024-06-30 00:00:00	1.26492	1.26571	1.26386	1.26482	3782	61"
"2024-07-01 00:00:00	1.26482	1.27101	1.26328	1.26449	91455	8"
"2024-07-02 00:00:00	1.2645	1.26913	1.26152	1.26873	74659	5"
"2024-07-03 00:00:00	1.26877	1.27769	1.26781	1.27471	83093	6"
"2024-07-04 00:00:00	1.27471	1.27673	1.27408	1.2755	41460	6"
"2024-07-05 00:00:00	1.2755	1.28169	1.27549	1.28114	97286	4"
"2024-07-07 00:00:00	1.27961	1.28154	1.27855	1.28057	5454	51"
"2024-07-08 00:00:00	1.28057	1.28454	1.27996	1.2815	78304	6"
"2024-07-09 00:00:00	1.2815	1.28248	1.27773	1.27879	81039	8"
"2024-07-10 00:00:00	1.2788	1.28542	1.27839	1.28537	73060	6"
"2024-07-11 00:00:00	1.28537	1.29491	1.2849	1.29234	111526	5"
"2024-07-12 00:00:00	1.29231	1.29905	1.29019	1.29845	110846	8"
"2024-07-14 00:00:00	1.29629	1.29831	1.29625	1.2967	5214	115"
"2024-07-15 00:00:00	1.2967	1.29947	1.29616	1.29692	97614	6"
"2024-07-16 00:00:00	1.29688	1.29795	1.2938	1.29773	97197	7"
"2024-07-17 00:00:00	1.29774	1.30443	1.29658	1.30082	105806	7"
"2024-07-18 00:00:00	1.30083	1.30127	1.29401	1.29488	94411	4"
"2024-07-19 00:00:00	1.29488	1.29488	1.29006	1.291	81658	6"
"2024-07-21 00:00:00	1.29073	1.29393	1.29073	1.29324	6483	246"
"2024-07-22 00:00:00	1.29323	1.29419	1.29052	1.29306	84153	6"
"2024-07-23 00:00:00	1.29307	1.29345	1.28875	1.29008	82414	7"
"2024-07-24 00:00:00	1.29007	1.29372	1.28771	1.28975	99776	7"
"2024-07-25 00:00:00	1.28976	1.29132	1.28478	1.28548	119647	8"
"2024-07-26 00:00:00	1.28551	1.28777	1.28495	1.28642	83232	7"
"2024-07-28 00:00:00	1.28558	1.28717	1.28558	1.28664	4793	87"
"2024-07-29 00:00:00	1.28663	1.28878	1.28064	1.28594	94547	6"
"2024-07-30 00:00:00	1.28593	1.28642	1.28196	1.28375	88033	7"
"2024-07-31 00:00:00	1.28375	1.28641	1.28207	1.28524	140341	7"
"2024-08-01 00:00:00	1.28525	1.28604	1.27266	1.27276	132237	7"
"2024-08-02 00:00:00	1.27273	1.284	1.27071	1.28033	138070	7"
"2024-08-04 00:00:00	1.28031	1.28118	1.27812	1.27873	9284	129"
"2024-08-05 00:00:00	1.27873	1.28165	1.27098	1.27873	265146	9"
"2024-08-06 00:00:00	1.27874	1.28027	1.26724	1.26841	159640	8"
"2024-08-07 00:00:00	1.26836	1.27355	1.26779	1.26824	113242	6"
"2024-08-08 00:00:00	1.26827	1.27522	1.26648	1.27452	108145	6"
"2024-08-09 00:00:00	1.27452	1.27737	1.27258	1.27578	68295	7"
"2024-08-11 00:00:00	1.27544	1.27619	1.27483	1.27487	4006	127"
"2024-08-12 00:00:00	1.27487	1.27936	1.27469	1.27703	70004	5"
"2024-08-13 00:00:00	1.27704	1.28728	1.27632	1.28652	76229	8"
"2024-08-14 00:00:00	1.28653	1.28681	1.28168	1.28239	81345	6"
"2024-08-15 00:00:00	1.28242	1.28714	1.27984	1.28585	71463	8"
"2024-08-16 00:00:00	1.28586	1.29456	1.28571	1.29417	51127	10"
"2024-08-18 00:00:00	1.29325	1.29507	1.29313	1.2946	3309	116"
"2024-08-19 00:00:00	1.29462	1.2997	1.29396	1.2989	66289	7"
"2024-08-20 00:00:00	1.2989	1.3052	1.29738	1.30336	92224	9"
"2024-08-21 00:00:00	1.30331	1.31193	1.30104	1.30921	104888	7"
"2024-08-22 00:00:00	1.30921	1.31299	1.30763	1.30962	103979	10"
"2024-08-23 00:00:00	1.30961	1.32299	1.30916	1.32086	110036	8"
"2024-08-25 00:00:00	1.32179	1.32201	1.32026	1.32137	5976	99"
"2024-08-26 00:00:00	1.3214	1.32219	1.31794	1.31912	104983	7"
"2024-08-27 00:00:00	1.31913	1.32657	1.31796	1.32549	83728	9"
"2024-08-28 00:00:00	1.3255	1.32605	1.31673	1.31927	97654	7"
"2024-08-29 00:00:00	1.31927	1.32267	1.3145	1.31647	110804	8"
"2024-08-30 00:00:00	1.31652	1.31996	1.31091	1.31231	115034	7"
"2024-09-01 00:00:00	1.3127	1.31329	1.31251	1.31294	4410	161"
"2024-09-02 00:00:00	1.31294	1.31549	1.31198	1.314	49441	7"
"2024-09-03 00:00:00	1.31403	1.3147	1.30873	1.31126	125493	7"
"2024-09-04 00:00:00	1.31127	1.3175	1.31007	1.31435	98181	9"
"2024-09-05 00:00:00	1.31435	1.31852	1.31369	1.31756	113452	10"
"2024-09-06 00:00:00	1.31757	1.32383	1.31097	1.3126	157809	6"
"2024-09-08 00:00:00	1.3118	1.31381	1.31115	1.31312	5197	137"
"2024-09-09 00:00:00	1.31312	1.31428	1.30673	1.30705	88989	10"
"2024-09-10 00:00:00	1.30704	1.31074	1.30492	1.30795	91001	7"
"2024-09-11 00:00:00	1.30794	1.31111	1.30016	1.30378	119292	7"
"2024-09-12 00:00:00	1.30378	1.31325	1.30317	1.31323	106335	8"
"2024-09-13 00:00:00	1.31321	1.31576	1.31144	1.31191	93396	8"
"2024-09-15 00:00:00	1.31169	1.31366	1.31166	1.31349	4528	101"
"2024-09-16 00:00:00	1.31349	1.3218	1.31349	1.32101	92433	6"
"2024-09-17 00:00:00	1.32101	1.32295	1.31459	1.31669	108411	8"
"2024-09-18 00:00:00	1.31669	1.32978	1.31561	1.32027	213890	8"
"2024-09-19 00:00:00	1.32029	1.3314	1.3153	1.32809	163524	8"
"2024-09-20 00:00:00	1.32811	1.33402	1.32678	1.33165	145885	9"
"2024-09-22 00:00:00	1.33039	1.33224	1.33039	1.33117	3360	280"
"2024-09-23 00:00:00	1.33117	1.33591	1.32481	1.33484	141362	7"
"2024-09-24 00:00:00	1.33486	1.34272	1.33316	1.34267	137759	9"
"2024-09-25 00:00:00	1.3427	1.34296	1.33121	1.33132	132623	7"
"2024-09-26 00:00:00	1.33133	1.34341	1.33121	1.34105	129964	9"
"2024-09-27 00:00:00	1.34103	1.34272	1.33595	1.33714	139267	6"
"2024-09-29 00:00:00	1.3367	1.33838	1.3367	1.33824	3798	122"
"2024-09-30 00:00:00	1.33823	1.34227	1.33499	1.33771	133767	7"
"2024-10-01 00:00:00	1.33771	1.33894	1.32369	1.3274	203703	10"
"2024-10-02 00:00:00	1.32742	1.33051	1.32455	1.32626	121909	7"
"2024-10-03 00:00:00	1.32625	1.32648	1.30918	1.31283	171294	8"
"2024-10-04 00:00:00	1.31281	1.31747	1.30694	1.3111	151562	8"
"2024-10-06 00:00:00	1.30788	1.31246	1.30788	1.31224	12206	119"
"2024-10-07 00:00:00	1.31225	1.3134	1.30589	1.30839	128279	10"
"2024-10-08 00:00:00	1.3084	1.3113	1.30639	1.30929	125044	8"
"2024-10-09 00:00:00	1.30928	1.31028	1.30551	1.30633	112244	8"
"2024-10-10 00:00:00	1.30713	1.30937	1.302	1.3061	134163	9"
"2024-10-11 00:00:00	1.30611	1.30828	1.30414	1.30682	76794	9"
"2024-10-13 00:00:00	1.30609	1.30658	1.30459	1.30479	4423	121"
"2024-10-14 00:00:00	1.30479	1.30717	1.30299	1.30668	89141	8"
"2024-10-15 00:00:00	1.30669	1.31024	1.30351	1.30644	108780	7"
"2024-10-16 00:00:00	1.30642	1.3077	1.29766	1.29908	104890	8"
"2024-10-17 00:00:00	1.29907	1.30228	1.29736	1.30143	125566	8"
"2024-10-18 00:00:00	1.30141	1.30706	1.30106	1.30467	102294	7"
"2024-10-20 00:00:00	1.30421	1.30579	1.30351	1.30516	4391	71"
"2024-10-21 00:00:00	1.30516	1.30529	1.29768	1.29822	98893	10"
"2024-10-22 00:00:00	1.29822	1.30149	1.29443	1.29804	103996	7"
"2024-10-23 00:00:00	1.29803	1.29945	1.2907	1.29153	128539	9"
"2024-10-24 00:00:00	1.29154	1.29876	1.29112	1.29716	124303	7"
"2024-10-25 00:00:00	1.29717	1.29981	1.29554	1.29585	110951	6"
"2024-10-27 00:00:00	1.2972	1.2972	1.29558	1.2957	11322	37"
"2024-10-28 00:00:00	1.2957	1.30011	1.29392	1.29741	101385	10"
"2024-10-29 00:00:00	1.29741	1.30165	1.29577	1.30108	113513	10"
"2024-10-30 00:00:00	1.30109	1.30432	1.29366	1.29577	150026	6"
"2024-10-31 00:00:00	1.29578	1.29996	1.28434	1.28969	148873	9"
"2024-11-01 00:00:00	1.28968	1.29801	1.28841	1.29178	125567	8"
"2024-11-03 00:00:00	1.29657	1.29687	1.29496	1.29521	5645	94"
"2024-11-04 00:00:00	1.29521	1.29985	1.29339	1.29538	147843	9"
"2024-11-05 00:00:00	1.2954	1.30475	1.29476	1.30419	144423	7"
"2024-11-06 00:00:00	1.3042	1.30432	1.28337	1.28823	516996	13"
"2024-11-07 00:00:00	1.28822	1.30089	1.28754	1.29827	218410	7"
"2024-11-08 00:00:00	1.29829	1.29839	1.28831	1.29147	156069	7"
"2024-11-10 00:00:00	1.29082	1.29173	1.29042	1.2915	5612	113"
"2024-11-11 00:00:00	1.29149	1.29256	1.28557	1.28733	130215	8"
"2024-11-12 00:00:00	1.28733	1.28734	1.27188	1.27361	182170	8"
"2024-11-13 00:00:00	1.27362	1.27691	1.26862	1.27068	188897	8"
"2024-11-14 00:00:00	1.27068	1.272	1.26293	1.26669	189356	8"
"2024-11-15 00:00:00	1.26669	1.26969	1.25967	1.26133	191306	8"
"2024-11-17 00:00:00	1.26117	1.26207	1.26076	1.26189	10075	183"
"2024-11-18 00:00:00	1.2619	1.26862	1.26129	1.26783	144268	9"
"2024-11-19 00:00:00	1.26783	1.26941	1.26128	1.2694	148941	9"
"2024-11-20 00:00:00	1.26939	1.27142	1.26305	1.26551	143941	7"
"2024-11-21 00:00:00	1.26551	1.26598	1.25758	1.25845	161725	9"
"2024-11-22 00:00:00	1.25846	1.25941	1.24869	1.25215	211055	8"
"2024-11-24 00:00:00	1.25914	1.25969	1.25635	1.25926	13163	63"
"2024-11-25 00:00:00	1.25927	1.26131	1.25293	1.25319	179756	11"
"2024-11-26 00:00:00	1.25317	1.26161	1.25065	1.25732	209053	7"
"2024-11-27 00:00:00	1.25736	1.26942	1.25664	1.26768	168521	9"
"2024-11-28 00:00:00	1.26772	1.26956	1.26447	1.26952	123758	8"
"2024-11-29 00:00:00	1.2695	1.27495	1.26715	1.27257	183673	10"
"2024-12-01 00:00:00	1.27223	1.27356	1.26956	1.27009	7078	161"
"2024-12-02 00:00:00	1.2701	1.27223	1.26167	1.26581	185622	11"
"2024-12-03 00:00:00	1.26581	1.26993	1.26362	1.26737	191913	10"
"2024-12-04 00:00:00	1.26737	1.27212	1.26295	1.27004	169366	9"
"2024-12-05 00:00:00	1.27004	1.27707	1.26923	1.27598	150503	7"
"2024-12-06 00:00:00	1.276	1.2811	1.27206	1.27369	144662	6"
"2024-12-08 00:00:00	1.27282	1.27508	1.27282	1.27478	5046	143"
"2024-12-09 00:00:00	1.27476	1.27986	1.27167	1.27481	139252	9"
"2024-12-10 00:00:00	1.27482	1.27792	1.27237	1.27791	136799	8"
"2024-12-11 00:00:00	1.27791	1.27813	1.27128	1.27649	160391	10"
"2024-12-12 00:00:00	1.27661	1.27876	1.26662	1.26764	172949	8"
"2024-12-13 00:00:00	1.26762	1.2679	1.26079	1.26143	120522	10"
"2024-12-15 00:00:00	1.26107	1.26269	1.26082	1.2626	6487	121"
"2024-12-16 00:00:00	1.26259	1.26986	1.26259	1.26897	101880	7"
"2024-12-17 00:00:00	1.26896	1.27284	1.26657	1.27098	107177	8"
"2024-12-18 00:00:00	1.27099	1.27258	1.25618	1.25667	172958	8"
"2024-12-19 00:00:00	1.25668	1.26666	1.24947	1.24967	188464	8"
"2024-12-20 00:00:00	1.24966	1.2614	1.24748	1.25636	153342	8"
"2024-12-22 00:00:00	1.25603	1.25742	1.25574	1.25701	9291	131"
"2024-12-23 00:00:00	1.25701	1.25877	1.25094	1.25321	112407	11"
"2024-12-24 00:00:00	1.25322	1.25745	1.25145	1.25184	90203	10"
"2024-12-25 00:00:00	1.25185	1.25559	1.25184	1.25428	6701	340"
"2024-12-26 00:00:00	1.25426	1.2548	1.25005	1.25273	112313	12"
"2024-12-27 00:00:00	1.25273	1.25922	1.25046	1.25714	156715	11"
"2024-12-29 00:00:00	1.25706	1.25876	1.25615	1.25775	4430	108"
"2024-12-30 00:00:00	1.25775	1.26071	1.25057	1.25477	112871	10"
"2024-12-31 00:00:00	1.25478	1.2569	1.25052	1.25107	107685	11"
"2025-01-01 00:00:00	1.25134	1.25194	1.25059	1.25193	9415	102"
"2025-01-02 00:00:00	1.2519	1.25402	1.23521	1.23793	145090	11"
"2025-01-03 00:00:00	1.23792	1.24338	1.23779	1.24168	96603	8"
"2025-01-05 00:00:00	1.2411	1.24335	1.2411	1.24241	5165	141"
"2025-01-06 00:00:00	1.24242	1.25507	1.24172	1.25095	167712	9"
"2025-01-07 00:00:00	1.25098	1.25756	1.24723	1.24754	198189	10"
"2025-01-08 00:00:00	1.24756	1.24939	1.23205	1.23582	162568	9"
"2025-01-09 00:00:00	1.23582	1.23649	1.22379	1.2298	148059	11"
"2025-01-10 00:00:00	1.2298	1.23214	1.21912	1.22044	182060	10"
"2025-01-12 00:00:00	1.21974	1.221	1.21974	1.22034	3969	84"
"2025-01-13 00:00:00	1.22034	1.22498	1.20992	1.22315	161384	11"
"2025-01-14 00:00:00	1.22315	1.22457	1.21381	1.22104	156684	10"
"2025-01-15 00:00:00	1.22103	1.23059	1.21592	1.22419	150101	9"
"2025-01-16 00:00:00	1.22418	1.22599	1.21743	1.22337	156320	12"
"2025-01-17 00:00:00	1.22337	1.2244	1.21583	1.21583	127337	11"
"2025-01-19 00:00:00	1.21706	1.21761	1.21603	1.21747	4308	142"
"2025-01-20 00:00:00	1.21748	1.23442	1.21651	1.23312	144373	8"
"2025-01-21 00:00:00	1.23319	1.23598	1.22288	1.23377	183663	14"
"2025-01-22 00:00:00	1.23376	1.23756	1.23065	1.23134	141327	12"
"2025-01-23 00:00:00	1.23134	1.23751	1.2293	1.23538	203265	8"
"2025-01-24 00:00:00	1.23537	1.25016	1.2348	1.24757	195435	9"
"2025-01-26 00:00:00	1.24668	1.24725	1.24557	1.24574	5830	77"
"2025-01-27 00:00:00	1.24574	1.25229	1.24255	1.24506	223801	10"
"2025-01-28 00:00:00	1.24506	1.2465	1.24141	1.24406	177081	12"
"2025-01-29 00:00:00	1.24406	1.24631	1.23929	1.24542	195154	9"
"2025-01-30 00:00:00	1.24541	1.24765	1.24074	1.24216	177049	12"
"2025-01-31 00:00:00	1.24218	1.24715	1.23856	1.23919	206321	10"
"2025-02-02 00:00:00	1.22855	1.23232	1.22825	1.22895	14532	105"
"2025-02-03 00:00:00	1.22896	1.24547	1.22488	1.24333	277964	15"
"2025-02-04 00:00:00	1.24331	1.24929	1.23785	1.24748	172337	10"
"2025-02-05 00:00:00	1.2475	1.25496	1.2463	1.25008	151746	13"
"2025-02-06 00:00:00	1.25007	1.2509	1.23598	1.24339	143742	11"
"2025-02-07 00:00:00	1.24338	1.24932	1.23758	1.23965	163457	9"
"2025-02-09 00:00:00	1.23694	1.23942	1.23623	1.23889	6403	120"
"2025-02-10 00:00:00	1.2389	1.24219	1.23539	1.23595	127831	10"
"2025-02-11 00:00:00	1.23596	1.24544	1.23321	1.2451	111580	9"
"2025-02-12 00:00:00	1.2451	1.24831	1.23734	1.24502	145015	9"
"2025-02-13 00:00:00	1.24507	1.25692	1.2442	1.25644	177410	11"
"2025-02-14 00:00:00	1.25648	1.26299	1.25493	1.25832	101765	10"
"2025-02-16 00:00:00	1.25837	1.2588	1.25778	1.25838	2569	131"
"2025-02-17 00:00:00	1.25839	1.26346	1.25789	1.26204	34004	7"
"2025-02-18 00:00:00	1.26207	1.26398	1.25817	1.26243	52131	9"
"2025-02-19 00:00:00	1.26242	1.26359	1.25631	1.2583	90439	8"
"2025-02-20 00:00:00	1.25829	1.26738	1.258	1.26687	121232	8"
"2025-02-21 00:00:00	1.26691	1.26784	1.26246	1.26274	120645	9"
"2025-02-23 00:00:00	1.2626	1.26576	1.2626	1.26484	2497	200"
"2025-02-24 00:00:00	1.26483	1.26902	1.26117	1.26165	137942	10"
"2025-02-25 00:00:00	1.26166	1.26776	1.26054	1.26714	132085	10"
"2025-02-26 00:00:00	1.26712	1.27153	1.2635	1.26803	147922	8"
"2025-02-27 00:00:00	1.26801	1.26885	1.25955	1.25959	160982	9"
"2025-02-28 00:00:00	1.25961	1.26214	1.25589	1.25744	122783	11"
"2025-03-02 00:00:00	1.258	1.26082	1.25779	1.26021	7653	125"
"2025-03-03 00:00:00	1.26021	1.27235	1.25819	1.27011	154061	10"
"2025-03-04 00:00:00	1.27012	1.27993	1.26783	1.2795	173939	11"
"2025-03-05 00:00:00	1.2795	1.29004	1.27671	1.28895	195496	9"
"2025-03-06 00:00:00	1.28893	1.29234	1.28655	1.28828	161453	7"
"2025-03-07 00:00:00	1.28825	1.29443	1.28757	1.29167	125811	9"
"2025-03-09 00:00:00	1.29108	1.29381	1.28999	1.29315	11322	190"
"2025-03-10 00:00:00	1.29317	1.29462	1.28612	1.2875	124055	7"
"2025-03-11 00:00:00	1.28749	1.29657	1.2873	1.29433	164215	7"
"2025-03-12 00:00:00	1.29435	1.29887	1.29132	1.2964	137399	9"
"2025-03-13 00:00:00	1.29639	1.29732	1.29205	1.29562	96624	9"
"2025-03-14 00:00:00	1.29564	1.29586	1.29106	1.29274	125416	8"
"2025-03-16 00:00:00	1.29137	1.29353	1.29137	1.29267	7411	180"
"2025-03-17 00:00:00	1.29267	1.29984	1.29267	1.29832	73766	8"
"2025-03-18 00:00:00	1.29832	1.30096	1.29512	1.3	134831	9"
"2025-03-19 00:00:00	1.3	1.30113	1.29548	1.301	94301	8"
"2025-03-20 00:00:00	1.30099	1.30144	1.29357	1.29648	90411	8"
"2025-03-21 00:00:00	1.29648	1.29701	1.28873	1.29117	76643	8"
"2025-03-23 00:00:00	1.28962	1.29257	1.28874	1.2925	5733	45"
"2025-03-24 00:00:00	1.29248	1.2974	1.28953	1.29224	91383	7"
"2025-03-25 00:00:00	1.29225	1.29666	1.29017	1.29448	71100	11"
"2025-03-26 00:00:00	1.29445	1.29459	1.28704	1.28768	92403	7"
"2025-03-27 00:00:00	1.28766	1.29919	1.28761	1.29508	93591	9"
"2025-03-28 00:00:00	1.29508	1.2968	1.29213	1.29378	76571	7"
"2025-03-30 00:00:00	1.29319	1.2941	1.29218	1.29372	5989	141"
"2025-03-31 00:00:00	1.2937	1.29725	1.2886	1.2919	118992	8"
"2025-04-01 00:00:00	1.29192	1.29404	1.2879	1.29212	115667	7"
"2025-04-02 00:00:00	1.29213	1.3052	1.29002	1.30453	131886	9"
"2025-04-03 00:00:00	1.30453	1.32073	1.30255	1.30889	201542	11"
"2025-04-04 00:00:00	1.30888	1.31132	1.28527	1.28915	270008	9"
"2025-04-06 00:00:00	1.28344	1.29327	1.28236	1.29083	28440	185"
"2025-04-07 00:00:00	1.29083	1.29337	1.27079	1.27326	286068	21"
"2025-04-08 00:00:00	1.27327	1.28143	1.27241	1.27862	204392	9"
"2025-04-09 00:00:00	1.27863	1.28638	1.27427	1.28248	301135	10"
"2025-04-10 00:00:00	1.28247	1.29975	1.28217	1.29913	233883	8"
"2025-04-11 00:00:00	1.29911	1.31448	1.29847	1.3085	307048	11"
"2025-04-13 00:00:00	1.30827	1.30933	1.30627	1.30835	11046	149"
"2025-04-14 00:00:00	1.30836	1.32008	1.30833	1.31719	172993	14"
"2025-04-15 00:00:00	1.3172	1.32518	1.31638	1.32302	111936	12"
"2025-04-16 00:00:00	1.32304	1.32917	1.32117	1.32323	143445	12"
"2025-04-17 00:00:00	1.32325	1.3273	1.32021	1.32675	107258	9"
"2025-04-18 00:00:00	1.32674	1.32983	1.32567	1.32892	525993	30"
"2025-04-20 00:00:00	1.32698	1.33198	1.32698	1.3314	10569	118"
"2025-04-21 00:00:00	1.33141	1.34216	1.33141	1.33793	105256	12"
"2025-04-22 00:00:00	1.33795	1.34235	1.32331	1.32719	151535	8"
"2025-04-23 00:00:00	1.32716	1.33387	1.3244	1.32646	144012	12"
"2025-04-24 00:00:00	1.32646	1.33486	1.32585	1.33271	88917	8"
"2025-04-25 00:00:00	1.33269	1.33321	1.32735	1.33065	80470	10"
"2025-04-27 00:00:00	1.33006	1.33108	1.32881	1.32895	7499	133"
"2025-04-28 00:00:00	1.32897	1.34438	1.32797	1.34346	78752	8"
"2025-04-29 00:00:00	1.34346	1.34421	1.33801	1.34118	83535	9"
"2025-04-30 00:00:00	1.34119	1.34141	1.33089	1.33207	97618	9"
"2025-05-01 00:00:00	1.33206	1.33452	1.32601	1.32855	81684	7"
"2025-05-02 00:00:00	1.32857	1.33305	1.32596	1.32596	103665	7"
"2025-05-04 00:00:00	1.32612	1.32764	1.32593	1.32693	4696	57"
"2025-05-05 00:00:00	1.32693	1.33362	1.32612	1.32903	84306	12"
"2025-05-06 00:00:00	1.32903	1.34024	1.32599	1.33514	98319	10"
"2025-05-07 00:00:00	1.33516	1.3377	1.32797	1.32899	111214	11"
"2025-05-08 00:00:00	1.32903	1.33559	1.32327	1.32389	110121	7"
"2025-05-09 00:00:00	1.3239	1.33223	1.32117	1.32964	74176	10"
"2025-05-11 00:00:00	1.32578	1.32949	1.32578	1.32844	6645	95"
"2025-05-12 00:00:00	1.32845	1.3299	1.31394	1.31774	119777	10"
"2025-05-13 00:00:00	1.31774	1.33159	1.31729	1.33033	93097	10"
"2025-05-14 00:00:00	1.33033	1.336	1.3253	1.32631	100668	10"
"2025-05-15 00:00:00	1.32631	1.33194	1.3259	1.33028	96570	9"
"2025-05-16 00:00:00	1.33027	1.33323	1.32503	1.32756	86499	8"
"2025-05-18 00:00:00	1.32676	1.33046	1.32676	1.33046	4462	167"
"2025-05-19 00:00:00	1.33049	1.34035	1.32898	1.33585	88945	11"
"2025-05-20 00:00:00	1.33586	1.33977	1.33345	1.33967	87302	9"
"2025-05-21 00:00:00	1.3397	1.34687	1.33883	1.34201	105196	7"
"2025-05-22 00:00:00	1.34204	1.34405	1.33905	1.34192	108867	8"
"2025-05-23 00:00:00	1.34193	1.35419	1.34181	1.35344	98957	9"
"2025-05-25 00:00:00	1.35218	1.35418	1.35218	1.35373	9167	87"
"2025-05-26 00:00:00	1.35374	1.35929	1.35357	1.35649	72314	12"
"2025-05-27 00:00:00	1.35648	1.35865	1.34999	1.35134	94779	11"
"2025-05-28 00:00:00	1.35137	1.35218	1.34148	1.34282	96196	10"
"2025-05-29 00:00:00	1.34281	1.35071	1.34184	1.34987	112274	11"
"2025-05-30 00:00:00	1.34984	1.35104	1.34478	1.34532	110093	12"
"2025-06-01 00:00:00	1.34625	1.34731	1.34514	1.34679	4373	52"
"2025-06-02 00:00:00	1.34678	1.35595	1.34672	1.35567	95928	11"
"2025-06-03 00:00:00	1.35564	1.35571	1.34914	1.353	86716	11"
"2025-06-04 00:00:00	1.35299	1.35797	1.35008	1.35502	85090	12"
"2025-06-05 00:00:00	1.35502	1.36161	1.35404	1.35786	100370	11"
"2025-06-06 00:00:00	1.35786	1.35844	1.35072	1.35194	91179	11"
"2025-06-08 00:00:00	1.35209	1.35395	1.35209	1.35368	2422	130"
"2025-06-09 00:00:00	1.35369	1.3581	1.35242	1.35542	80136	9"
"2025-06-10 00:00:00	1.35541	1.35639	1.3456	1.35071	73672	7"
"2025-06-11 00:00:00	1.35073	1.35724	1.34639	1.35673	75729	8"
"2025-06-12 00:00:00	1.35672	1.36302	1.35226	1.36282	92208	8"
"2025-06-13 00:00:00	1.3628	1.3632	1.35163	1.35671	112530	11"
"2025-06-15 00:00:00	1.35577	1.35607	1.35373	1.35484	5405	150"
"2025-06-16 00:00:00	1.35487	1.3622	1.35342	1.35681	83943	10"
"2025-06-17 00:00:00	1.35682	1.35792	1.34094	1.34284	93451	9"
"2025-06-18 00:00:00	1.34285	1.34763	1.34004	1.34138	106503	12"
"2025-06-19 00:00:00	1.34137	1.34797	1.33824	1.3476	73633	7"
"2025-06-20 00:00:00	1.34761	1.3511	1.34405	1.3442	72382	9"
"2025-06-22 00:00:00	1.34067	1.34412	1.33964	1.34348	6923	55"
"2025-06-23 00:00:00	1.34349	1.35546	1.33701	1.35451	108855	10"
"2025-06-24 00:00:00	1.35451	1.3648	1.3535	1.36147	85483	10"
"2025-06-25 00:00:00	1.36146	1.36915	1.35903	1.36891	63930	9"
"2025-06-26 00:00:00	1.36895	1.37703	1.36766	1.3725	101523	9"
"2025-06-27 00:00:00	1.37254	1.37522	1.36827	1.37136	100847	9"
"2025-06-29 00:00:00	1.37011	1.3728	1.36984	1.37184	5431	143"
"2025-06-30 00:00:00	1.37182	1.37405	1.3674	1.37303	101654	10"
"2025-07-01 00:00:00	1.37305	1.37885	1.3703	1.37454	85530	10"
"2025-07-02 00:00:00	1.37453	1.37523	1.35622	1.3649	80462	6"
"2025-07-03 00:00:00	1.36488	1.36757	1.35853	1.36654	82907	9"
"2025-07-04 00:00:00	1.36654	1.36811	1.36345	1.36382	101693	8"
"2025-07-06 00:00:00	1.36392	1.36548	1.36392	1.36507	2806	346"
"2025-07-07 00:00:00	1.36508	1.36574	1.35749	1.36235	93920	9"
"2025-07-08 00:00:00	1.36234	1.36462	1.35256	1.35843	124552	9"
"2025-07-09 00:00:00	1.35844	1.36193	1.35639	1.35978	74178	9"
"2025-07-10 00:00:00	1.35977	1.36192	1.35329	1.35799	72128	10"
"2025-07-11 00:00:00	1.35799	1.35815	1.34807	1.34848	86930	8"
"2025-07-13 00:00:00	1.34859	1.34958	1.34795	1.34952	4323	122"
"2025-07-14 00:00:00	1.34952	1.35041	1.34208	1.34278	74540	8"
"2025-07-15 00:00:00	1.34273	1.34672	1.3377	1.33929	90942	9"
"2025-07-16 00:00:00	1.3393	1.34856	1.33646	1.34099	110940	6"
"2025-07-17 00:00:00	1.34098	1.34344	1.33739	1.3431	73326	7"
"2025-07-18 00:00:00	1.34312	1.34751	1.34056	1.34061	61164	8"
"2025-07-20 00:00:00	1.34149	1.3429	1.34042	1.34149	5137	260"
"2025-07-21 00:00:00	1.34148	1.35105	1.34019	1.34889	68194	6"
"2025-07-22 00:00:00	1.34892	1.35345	1.34615	1.35211	64443	9"
"2025-07-23 00:00:00	1.35209	1.35869	1.35151	1.35786	75894	7"
"2025-07-24 00:00:00	1.35786	1.35883	1.35023	1.35083	109311	8"
"2025-07-25 00:00:00	1.35082	1.35119	1.34158	1.34337	81131	8"
"2025-07-27 00:00:00	1.34238	1.3447	1.34228	1.34376	4778	96"
"2025-07-28 00:00:00	1.34376	1.34522	1.33505	1.33592	94788	12"
"2025-07-29 00:00:00	1.33592	1.33637	1.33073	1.3353	82508	10"
"2025-07-30 00:00:00	1.33536	1.33854	1.32257	1.32556	119002	8"
"2025-07-31 00:00:00	1.32556	1.32819	1.31853	1.32076	91815	6"
"2025-08-01 00:00:00	1.32076	1.33103	1.3141	1.32784	129004	7"
"2025-08-03 00:00:00	1.327	1.32919	1.32685	1.32909	4036	253"
"2025-08-04 00:00:00	1.32908	1.33307	1.32533	1.32972	85970	6"
"2025-08-05 00:00:00	1.32972	1.33157	1.32593	1.3298	92636	10"
"2025-08-06 00:00:00	1.32979	1.3368	1.32814	1.33571	70081	8"
"2025-08-07 00:00:00	1.33571	1.34522	1.33456	1.34509	81999	8"
"2025-08-08 00:00:00	1.34514	1.34587	1.34177	1.34447	57639	6"
"2025-08-10 00:00:00	1.34396	1.34502	1.34244	1.3443	1419	192"
"2025-08-11 00:00:00	1.3443	1.34764	1.3399	1.34334	58363	10"
"2025-08-12 00:00:00	1.34332	1.35236	1.342	1.3504	90154	7"
"2025-08-13 00:00:00	1.3504	1.35851	1.34923	1.35849	56680	7"
"2025-08-14 00:00:00	1.35848	1.35945	1.35205	1.35296	79132	8"
"2025-08-15 00:00:00	1.35295	1.35747	1.35266	1.3553	55845	8"
"2025-08-17 00:00:00	1.35478	1.35636	1.35478	1.35558	1821	96"
"2025-08-18 00:00:00	1.35557	1.35646	1.34982	1.35076	57842	8"
"2025-08-19 00:00:00	1.35077	1.3531	1.34772	1.34847	62658	7"
"2025-08-20 00:00:00	1.34846	1.35093	1.34474	1.34659	77183	6"
"2025-08-21 00:00:00	1.34658	1.34824	1.34055	1.34176	69201	7"
"2025-08-22 00:00:00	1.34176	1.3544	1.33905	1.35201	85397	6"
"2025-08-24 00:00:00	1.35111	1.35244	1.35075	1.3508	4490	110"
"2025-08-25 00:00:00	1.3508	1.3527	1.3446	1.34542	66736	11"
"2025-08-26 00:00:00	1.34541	1.3493	1.34345	1.34766	100755	8"
"2025-08-27 00:00:00	1.34767	1.35057	1.34165	1.35035	83114	8"
"2025-08-28 00:00:00	1.35036	1.35305	1.34829	1.3508	82230	6"
"2025-08-29 00:00:00	1.3508	1.3517	1.34461	1.34977	90032	8"
"2025-08-31 00:00:00	1.34942	1.35074	1.34942	1.35031	1770	83"
"2025-09-01 00:00:00	1.35032	1.35496	1.35021	1.35461	55882	6"
"2025-09-02 00:00:00	1.3546	1.35479	1.334	1.33818	108259	8"
"2025-09-03 00:00:00	1.33814	1.34581	1.33331	1.34405	86595	7"
"2025-09-04 00:00:00	1.34407	1.3459	1.34162	1.34435	77220	7"
"2025-09-05 00:00:00	1.34437	1.35543	1.34415	1.35038	94408	6"
"2025-09-07 00:00:00	1.35017	1.3504	1.34819	1.34922	4528	59"
"2025-09-08 00:00:00	1.34922	1.35577	1.34831	1.35525	83020	9"
"2025-09-09 00:00:00	1.35526	1.35902	1.35151	1.35202	79392	7"
"2025-09-10 00:00:00	1.35203	1.35638	1.35126	1.35328	81791	8"
"2025-09-11 00:00:00	1.35327	1.35827	1.34919	1.35737	89744	9"
"2025-09-12 00:00:00	1.35736	1.35754	1.35237	1.35567	78927	7"
"2025-09-14 00:00:00	1.35393	1.35645	1.35393	1.35524	2204	249"
"2025-09-15 00:00:00	1.35529	1.36196	1.35485	1.36008	59467	6"
"2025-09-16 00:00:00	1.36007	1.36717	1.35977	1.36524	80213	8"
"2025-09-17 00:00:00	1.36527	1.37261	1.36155	1.3629	88761	6"
"2025-09-18 00:00:00	1.36293	1.36605	1.35336	1.35546	145961	6"
"2025-09-19 00:00:00	1.35546	1.35594	1.34626	1.34666	112330	8"
"2025-09-21 00:00:00	1.34597	1.34725	1.34594	1.34624	5177	241"
"2025-09-22 00:00:00	1.34623	1.35203	1.34528	1.35138	79435	7"
"2025-09-23 00:00:00	1.35138	1.35362	1.34868	1.35239	93269	7"
"2025-09-24 00:00:00	1.3524	1.35257	1.34263	1.34491	90092	7"
"2025-09-25 00:00:00	1.34493	1.34669	1.33235	1.3335	96577	7"
"2025-09-26 00:00:00	1.33349	1.34127	1.33293	1.3399	72930	7"
"2025-09-28 00:00:00	1.3388	1.34106	1.33759	1.34069	1551	295"
"2025-09-29 00:00:00	1.34068	1.34565	1.34062	1.34347	65665	8"
"2025-09-30 00:00:00	1.34346	1.34669	1.34131	1.34424	82231	6"
"2025-10-01 00:00:00	1.34423	1.35273	1.34346	1.34782	100017	6"
"2025-10-02 00:00:00	1.3478	1.35101	1.34007	1.34461	80044	6"
"2025-10-03 00:00:00	1.3446	1.3487	1.34288	1.34744	24752	9"
"2025-10-05 00:00:00	1.3444	1.34482	1.34223	1.34316	9339	74"
"2025-10-06 00:00:00	1.34319	1.34898	1.34162	1.34838	111907	6"
"2025-10-07 00:00:00	1.34842	1.34842	1.33921	1.34199	90216	7"
"2025-10-08 00:00:00	1.34203	1.34383	1.33707	1.34	78526	7"
"2025-10-09 00:00:00	1.33999	1.34186	1.32795	1.33027	91299	6"
"2025-10-10 00:00:00	1.33024	1.33708	1.32612	1.33533	109350	6"
"2025-10-12 00:00:00	1.33438	1.33532	1.33264	1.33353	6722	146"
"2025-10-13 00:00:00	1.33353	1.33661	1.33148	1.33318	74186	7"
"2025-10-14 00:00:00	1.33317	1.3352	1.32484	1.33217	117869	7"
"2025-10-15 00:00:00	1.33215	1.34077	1.33199	1.34028	100275	8"
"2025-10-16 00:00:00	1.34028	1.34544	1.33995	1.34436	112889	9"
"2025-10-17 00:00:00	1.34439	1.34714	1.33907	1.34189	122994	5"
"2025-10-19 00:00:00	1.34266	1.34306	1.34167	1.34247	3033	92"
"2025-10-20 00:00:00	1.34247	1.34427	1.33997	1.34038	87711	9"
"2025-10-21 00:00:00	1.34038	1.34159	1.33607	1.33648	119155	7"
"2025-10-22 00:00:00	1.3365	1.33866	1.33054	1.33503	100927	7"
"2025-10-23 00:00:00	1.33502	1.33569	1.33075	1.33265	81817	5"
"2025-10-24 00:00:00	1.33266	1.33716	1.3287	1.33043	102833	7"
"2025-10-26 00:00:00	1.33217	1.33271	1.3317	1.33214	4634	93"
"2025-10-27 00:00:00	1.33213	1.33528	1.33103	1.33401	89452	8"
"2025-10-28 00:00:00	1.33403	1.33694	1.32472	1.32781	94991	7"
"2025-10-29 00:00:00	1.3278	1.32804	1.31398	1.31945	136220	6"
"2025-10-30 00:00:00	1.31944	1.32185	1.31161	1.31583	107172	8"
"2025-10-31 00:00:00	1.31585	1.31646	1.30965	1.31474	85623	5"
"2025-11-02 00:00:00	1.31289	1.31418	1.31272	1.31332	6323	78"
"2025-11-03 00:00:00	1.31333	1.31621	1.3108	1.31342	86700	8"
"2025-11-04 00:00:00	1.31342	1.3139	1.30098	1.3021	114426	7"
"2025-11-05 00:00:00	1.30209	1.30539	1.301	1.30518	80741	6"
"2025-11-06 00:00:00	1.30516	1.31423	1.30503	1.31394	89477	6"
"2025-11-07 00:00:00	1.31399	1.31748	1.30945	1.31571	89067	9"
"2025-11-09 00:00:00	1.31353	1.31597	1.31353	1.31412	2630	144"
"2025-11-10 00:00:00	1.31409	1.31909	1.31364	1.31718	78592	8"
"2025-11-11 00:00:00	1.31716	1.31843	1.3116	1.31519	67317	6"
"2025-11-12 00:00:00	1.31519	1.31551	1.30843	1.31274	72020	9"
"2025-11-13 00:00:00	1.31275	1.32157	1.31003	1.31525	91568	7"
"2025-11-14 00:00:00	1.31525	1.32005	1.31078	1.31673	89163	8"
"2025-11-16 00:00:00	1.31418	1.31718	1.31418	1.31583	1775	209"
"2025-11-17 00:00:00	1.31585	1.31929	1.31358	1.31551	70906	9"
"2025-11-18 00:00:00	1.31549	1.31767	1.31337	1.31468	85183	8"
"2025-11-19 00:00:00	1.31468	1.31549	1.30432	1.30596	79398	8"
"2025-11-20 00:00:00	1.30597	1.31235	1.30377	1.30828	89413	9"
"2025-11-21 00:00:00	1.30827	1.31093	1.30385	1.30931	110752	9"
"2025-11-23 00:00:00	1.30958	1.30995	1.30927	1.30956	1711	131"
"2025-11-24 00:00:00	1.30958	1.31179	1.30802	1.31054	81509	5"
"2025-11-25 00:00:00	1.31054	1.3214	1.30954	1.31578	97731	8"
"2025-11-26 00:00:00	1.31578	1.32487	1.31239	1.32443	111856	6"
"2025-11-27 00:00:00	1.32443	1.32684	1.32099	1.32401	58151	8"
"2025-11-28 00:00:00	1.32399	1.32545	1.32007	1.32279	244654	6"
"2025-11-30 00:00:00	1.32248	1.32485	1.32163	1.32388	2714	65"
"2025-12-01 00:00:00	1.32393	1.32757	1.32054	1.32087	105526	6"
"2025-12-02 00:00:00	1.32088	1.32215	1.31794	1.32196	83719	6"
"2025-12-03 00:00:00	1.32197	1.33538	1.32172	1.33474	79793	7"
"2025-12-04 00:00:00	1.33473	1.33852	1.33202	1.33218	74546	6"
"2025-12-05 00:00:00	1.33219	1.33623	1.33158	1.33225	63243	6"
"2025-12-07 00:00:00	1.33156	1.33316	1.33156	1.33257	4745	225"
"2025-12-08 00:00:00	1.33259	1.3346	1.33054	1.33267	66860	6"
"2025-12-09 00:00:00	1.33266	1.33559	1.3287	1.33026	74912	6"
"2025-12-10 00:00:00	1.33026	1.33911	1.32959	1.33881	97319	6"
"2025-12-11 00:00:00	1.33883	1.3438	1.33544	1.33931	86341	6"
"2025-12-12 00:00:00	1.33929	1.33995	1.33421	1.33648	84320	6"
"2025-12-14 00:00:00	1.33695	1.3374	1.33595	1.3367	2652	194"
"2025-12-15 00:00:00	1.33673	1.34015	1.33546	1.33786	71621	6"
"2025-12-16 00:00:00	1.33787	1.3456	1.33554	1.34252	123715	8"
"2025-12-17 00:00:00	1.34251	1.34267	1.33114	1.33733	96638	5"
"2025-12-18 00:00:00	1.33734	1.34463	1.33408	1.3383	104214	6"
"2025-12-19 00:00:00	1.33832	1.33938	1.33568	1.33748	81441	6"
"2025-12-21 00:00:00	1.33611	1.33836	1.33611	1.33777	9588	380"
"2025-12-22 00:00:00	1.33781	1.34772	1.33774	1.34676	85170	24"
"2025-12-23 00:00:00	1.3468	1.35234	1.34678	1.35127	75561	6"
"2025-12-24 00:00:00	1.35127	1.3534	1.34868	1.34913	83573	7"
"2025-12-25 00:00:00	1.34904	1.35273	1.34896	1.35076	8532	345"
"2025-12-26 00:00:00	1.35074	1.3527	1.34771	1.34896	85478	9"
"2025-12-28 00:00:00	1.34806	1.3501	1.34799	1.34966	4263	230"
"2025-12-29 00:00:00	1.34969	1.35155	1.3469	1.35085	94037	6"
"2025-12-30 00:00:00	1.35083	1.35306	1.34495	1.34661	60805	7"
"2025-12-31 00:00:00	1.34663	1.34833	1.34016	1.34724	72354	6"
"2026-01-01 00:00:00	1.34643	1.34762	1.34609	1.34735	2339	141"
"2026-01-02 00:00:00	1.34737	1.35019	1.34339	1.34497	73576	9"
"2026-01-04 00:00:00	1.34478	1.34568	1.34368	1.34376	2780	132"
"2026-01-05 00:00:00	1.34375	1.35479	1.34139	1.35321	91168	6"
"2026-01-06 00:00:00	1.35324	1.35674	1.34914	1.34993	68193	6"
"2026-01-07 00:00:00	1.34995	1.35165	1.34551	1.34581	86712	6"
"2026-01-08 00:00:00	1.34581	1.34651	1.34155	1.34355	60069	9"
"2026-01-09 00:00:00	1.34355	1.34506	1.33922	1.34003	81256	6"
"2026-01-11 00:00:00	1.33928	1.34018	1.33918	1.33934	1264	111"
"2026-01-12 00:00:00	1.33936	1.34858	1.33906	1.34656	73679	6"
"2026-01-13 00:00:00	1.34655	1.34943	1.34178	1.34254	66605	9"
"2026-01-14 00:00:00	1.34255	1.34637	1.34192	1.34397	73457	6"
"2026-01-15 00:00:00	1.34394	1.34448	1.33624	1.33807	75769	8"
"2026-01-16 00:00:00	1.33815	1.34128	1.3366	1.3376	76614	7"
"2026-01-18 00:00:00	1.33591	1.34069	1.33407	1.34018	5514	59"
"2026-01-19 00:00:00	1.34017	1.34347	1.33811	1.34188	75781	6"
"2026-01-20 00:00:00	1.3419	1.34911	1.34101	1.34401	127117	6"
"2026-01-21 00:00:00	1.34401	1.3459	1.34011	1.34178	114595	6"
"2026-01-22 00:00:00	1.34178	1.35083	1.34011	1.34992	89030	7"
"2026-01-23 00:00:00	1.34992	1.36451	1.34822	1.36348	107463	7"
"2026-01-25 00:00:00	1.36641	1.36821	1.36545	1.36644	4883	83"
"2026-01-26 00:00:00	1.36645	1.37131	1.36428	1.36746	112078	6"
"2026-01-27 00:00:00	1.36746	1.3869	1.36637	1.38265	138040	6"
"2026-01-28 00:00:00	1.38265	1.3831	1.37496	1.38267	159922	7"
"2026-01-29 00:00:00	1.38266	1.38477	1.3742	1.38078	151549	6"
"2026-01-30 00:00:00	1.38077	1.38141	1.36789	1.36797	191970	9"
"2026-02-01 00:00:00	1.36787	1.36912	1.36617	1.36757	8316	382"
"2026-02-02 00:00:00	1.36759	1.3715	1.36228	1.36725	163072	8"
"2026-02-03 00:00:00	1.36726	1.37071	1.36503	1.36968	106828	8"
"2026-02-04 00:00:00	1.36964	1.3733	1.36423	1.36454	106456	9"
"2026-02-05 00:00:00	1.36455	1.36537	1.35172	1.35204	139251	9"
"2026-02-06 00:00:00	1.35207	1.36232	1.35083	1.36047	83514	9"
"2026-02-08 00:00:00	1.35973	1.36116	1.35876	1.36096	4476	12"
"2026-02-09 00:00:00	1.36095	1.36999	1.35859	1.36821	116993	7"
"2026-02-10 00:00:00	1.36819	1.36964	1.36313	1.36324	86017	9"
"2026-02-11 00:00:00	1.36324	1.37121	1.3609	1.36225	118087	7"
"2026-02-12 00:00:00	1.36227	1.36712	1.36038	1.36181	110640	6"
"2026-02-13 00:00:00	1.36179	1.3659	1.35902	1.36507	88837	7"
"2026-02-15 00:00:00	1.36428	1.36487	1.36351	1.36469	3897	143"
"2026-02-16 00:00:00	1.3647	1.36618	1.36189	1.36269	45454	7"
"2026-02-17 00:00:00	1.36272	1.36289	1.34956	1.35624	81829	7"
"2026-02-18 00:00:00	1.35625	1.35819	1.34888	1.34948	67908	8"
"2026-02-19 00:00:00	1.34949	1.35166	1.34337	1.34595	85139	7"
"2026-02-20 00:00:00	1.34598	1.35147	1.34348	1.34723	109354	7"
"2026-02-22 00:00:00	1.34844	1.3533	1.34787	1.3532	5103	137"
"2026-02-23 00:00:00	1.35324	1.35347	1.34755	1.34954	87340	8"
"2026-02-24 00:00:00	1.34953	1.35363	1.34699	1.34954	74855	6"
"2026-02-25 00:00:00	1.34956	1.35657	1.34908	1.35572	74884	7"
"2026-02-26 00:00:00	1.35574	1.35749	1.3445	1.3491	89326	8"
"2026-02-27 00:00:00	1.34911	1.35078	1.34394	1.34777	100705	9"
"2026-03-01 00:00:00	1.34141	1.34354	1.34021	1.3405	8727	106"
"2026-03-02 00:00:00	1.34048	1.34556	1.33137	1.34078	170755	9"
"2026-03-03 00:00:00	1.34079	1.34249	1.32528	1.3351	216934	7"
"2026-03-04 00:00:00	1.3351	1.3403	1.33029	1.33688	169712	9"
"2026-03-05 00:00:00	1.33687	1.33866	1.32973	1.33553	181452	9"
"2026-03-06 00:00:00	1.33555	1.34153	1.3311	1.34139	176504	9"
"2026-03-08 00:00:00	1.33334	1.33536	1.32994	1.33044	11160	95"
"2026-03-09 00:00:00	1.33045	1.33631	1.32828	1.33444	101980	10"
