date,active_addresses,tx_count,hash_rate,fees
2018-01-01,593283.0,241757.0,14975580.9596883,469.41303646
2018-01-02,850802.0,340980.0,16415540.6673506,649.16497626
2018-01-03,937531.0,395963.0,15071578.2735325,749.68547259
2018-01-04,1054712.0,425008.0,16127548.7258182,778.26109477
2018-01-05,888403.0,342707.0,13727615.8797143,701.35602085
2018-01-06,889099.0,358847.0,16127548.7258182,694.47790564
2018-01-07,910005.0,368187.0,15551564.8427532,686.11400249
2018-01-08,895997.0,345672.0,15935554.0981299,694.5264055
2018-01-09,919150.0,360265.0,15743559.4704415,752.4182028
2018-01-10,876990.0,347393.0,15935554.0981299,720.32570087
2018-01-11,822011.0,337959.0,18527481.5719221,697.44083354
2018-01-12,746540.0,300091.0,17087521.8642597,617.63579417
2018-01-13,652050.0,265735.0,16501289.1137539,528.46632102
2018-01-14,592042.0,235045.0,17165770.5545763,491.32446483
2018-01-15,670840.0,273623.0,16612036.0205577,510.11761779
2018-01-16,737399.0,303725.0,17608758.1817911,606.38246009
2018-01-17,768382.0,315771.0,18494733.4362209,675.09668652
2018-01-18,744190.0,309495.0,19159214.8770432,656.89753535
2018-01-19,578407.0,243619.0,18273239.6226134,491.48999429
2018-01-20,559712.0,240611.0,19712949.4110618,429.4031975
2018-01-21,522862.0,215622.0,20709671.5722952,343.36269629
2018-01-22,574421.0,245562.0,18494733.4362209,314.61253947
2018-01-23,547569.0,271936.0,19602202.504258,285.95800518
2018-01-24,576213.0,250423.0,19491455.5974543,283.49809897
2018-01-25,539582.0,236580.0,20445148.5647756,220.85446644
2018-01-26,514622.0,220459.0,20056949.5413938,209.13221596
2018-01-27,541700.0,193578.0,20315748.890315,168.25469362
2018-01-28,492739.0,213446.0,20445148.5647756,155.34485572
2018-01-29,532631.0,232176.0,19151151.8201696,145.75112922
2018-01-30,531441.0,236609.0,21609745.6349211,160.30090386
2018-01-31,481101.0,204276.0,15139761.9118908,162.20623626
2018-02-01,591551.0,257664.0,20703947.9136968,214.02754492
2018-02-02,551199.0,235918.0,21739145.3093817,274.36258243
2018-02-03,436197.0,194891.0,20445148.5647756,146.92776937
2018-02-04,396695.0,173687.0,23033142.0539877,111.31669812
2018-02-05,486554.0,216363.0,23938939.775212,173.7675019
2018-02-06,589897.0,244120.0,24293141.3193202,164.26998571
2018-02-07,489403.0,213719.0,20149017.2119067,123.52109098
2018-02-08,398608.0,173289.0,18720008.8990056,87.98500449
2018-02-09,462087.0,177860.0,19291612.224166,88.36425123
2018-02-10,421548.0,181783.0,20434818.874487,88.79565618
2018-02-11,368625.0,147208.0,21578025.5248079,61.96458348
2018-02-12,437381.0,186918.0,23721537.9941597,69.96971094
2018-02-13,414750.0,182984.0,23435736.3315795,68.57325292
2018-02-14,450368.0,196417.0,25579248.8009313,63.75846926
2018-02-15,475030.0,198183.0,18720008.8990056,64.08005499
2018-02-16,422416.0,187738.0,22435430.5125487,58.25713445
2018-02-17,401861.0,173789.0,21292223.8622277,48.63875388
2018-02-18,378870.0,159495.0,23149934.6689992,44.58328081
2018-02-19,436342.0,187367.0,23149934.6689992,50.9081119
2018-02-20,455117.0,198455.0,21079198.6660777,52.23072575
2018-02-21,459676.0,205201.0,25265138.8267172,40.68256761
2018-02-22,499534.0,183235.0,22275181.5691176,37.60222865
2018-02-23,424503.0,185193.0,22125683.7062376,73.94810594
2018-02-24,355222.0,154534.0,21677190.1175976,96.1076690499999
2018-02-25,355806.0,144869.0,25564134.5524772,41.44060303
2018-02-26,435990.0,186474.0,21079198.6660777,46.19035139
2018-02-27,494788.0,219624.0,23919658.0607974,50.54578675
2018-02-28,469401.0,189223.0,23172168.7463975,51.29908837
2018-03-01,514905.0,233744.0,24667147.3751973,52.05574602
2018-03-02,524247.0,195073.0,23321666.6092775,42.01376982
2018-03-03,416967.0,177024.0,26909615.3183971,37.96379904
2018-03-04,383192.0,160231.0,22125683.7062376,33.46586197
2018-03-05,457317.0,201438.0,24372959.7309369,44.53138052
2018-03-06,453774.0,206016.0,25517998.1075581,37.24003205
2018-03-07,474917.0,213978.0,25681575.018504,34.8377064
2018-03-08,439934.0,196422.0,26499459.5732334,35.63080068
2018-03-09,487167.0,198180.0,23882228.9980992,34.8459414
2018-03-10,354483.0,156228.0,22900767.5324239,40.27322368
2018-03-11,349041.0,150884.0,25027267.3747204,39.61038377
2018-03-12,426765.0,188394.0,26335882.6622875,33.46783473
2018-03-13,419995.0,196140.0,25845151.9294498,60.67628875
2018-03-14,418369.0,191042.0,23555075.1762075,37.04036657
2018-03-15,459150.0,206186.0,23555075.1762075,36.64624829
2018-03-16,457061.0,186979.0,25517998.1075581,29.65177072
2018-03-17,352699.0,154496.0,24372959.7309369,21.51541723
2018-03-18,382258.0,164401.0,25990711.2963892,25.33293823
2018-03-19,421648.0,191528.0,26679206.9598697,30.78064883
2018-03-20,423963.0,195168.0,21859737.3155061,31.3790795
2018-03-21,424456.0,194846.0,26162835.2122593,31.0252744
2018-03-22,418188.0,185187.0,24613719.9694282,27.7247885
2018-03-23,430897.0,179818.0,22892480.8107269,26.25767336
2018-03-24,360667.0,157087.0,26851330.8757398,21.76498898
2018-03-25,318933.0,135274.0,23236728.6424672,20.23147507
2018-03-26,416732.0,187850.0,25818587.3805191,26.98506764
2018-03-27,414091.0,187065.0,26162835.2122593,27.51028124
2018-03-28,395196.0,177521.0,23236728.6424672,24.09273355
2018-03-29,428778.0,192411.0,26162835.2122593,27.20122872
2018-03-30,449630.0,185940.0,27884074.3709606,25.7646693
2018-03-31,332753.0,148617.0,22031861.2313763,20.07447617
2018-04-01,316429.0,135129.0,28274794.2168317,18.28180544
2018-04-02,377674.0,168178.0,27227579.6162083,21.39248333
2018-04-03,435411.0,198919.0,28449329.9836022,25.12929851
2018-04-04,432978.0,185710.0,25656757.7152732,24.81899369
2018-04-05,398398.0,181832.0,27227579.6162083,24.46293557
2018-04-06,471571.0,172889.0,24085935.8143381,34.53138383
2018-04-07,331189.0,154639.0,31416438.0187018,27.16559493
2018-04-08,311300.0,138535.0,28100258.4500611,21.01734283
2018-04-09,384890.0,176563.0,25656757.7152732,22.42407623
2018-04-10,414049.0,186415.0,28623865.7503728,22.98846383
2018-04-11,399073.0,183248.0,28100258.4500611,22.75353142
2018-04-12,442158.0,210879.0,26878508.0826671,35.70920887
2018-04-13,503406.0,217282.0,28798401.5171434,36.36336175
2018-04-14,363643.0,161843.0,26146926.5194725,23.75939568
2018-04-15,408545.0,174031.0,31109116.953825,24.30501194
2018-04-16,433712.0,196106.0,26910340.4324498,25.73063079
2018-04-17,451453.0,201820.0,30918263.4755807,26.13707878
2018-04-18,451617.0,200740.0,30536556.519092,25.31797642
2018-04-19,499810.0,213523.0,33971919.1274899,27.6722839
2018-04-20,509923.0,207777.0,26146926.5194725,29.02296386
2018-04-21,437088.0,193975.0,30345703.0408477,28.40590158
2018-04-22,396698.0,171870.0,30536556.519092,21.73949684
2018-04-23,488406.0,226353.0,29200582.1713817,29.13376866
2018-04-24,548252.0,254493.0,30345703.0408477,65.4108642
2018-04-25,476860.0,213155.0,23474977.824052,91.73241634
2018-04-26,482589.0,216732.0,26910340.4324498,67.58831497
2018-04-27,502992.0,211119.0,28391145.8892854,55.63050596
2018-04-28,429929.0,203681.0,25592018.8297784,41.9470722
2018-04-29,415427.0,180798.0,31590148.2430077,34.8862402
2018-04-30,480943.0,215107.0,30990335.3016848,36.71911167
2018-05-01,490969.0,199959.0,31590148.2430077,31.75790178
2018-05-02,468951.0,212296.0,27991270.5950701,38.88684015
2018-05-03,501840.0,228521.0,30190584.7132542,39.40065166
2018-05-04,513488.0,219069.0,27591395.3008549,39.37853649
2018-05-05,450118.0,202703.0,32189961.1843307,32.17831497
2018-05-06,386315.0,171761.0,27391457.6537472,31.28195837
2018-05-07,450524.0,205063.0,29990647.0661466,35.90014262
2018-05-08,480690.0,217810.0,27791332.9479625,34.29413578
2018-05-09,459143.0,206579.0,31990023.537223,30.52956993
2018-05-10,465046.0,208961.0,30790397.6545772,26.71177891
2018-05-11,510499.0,213624.0,26161151.1691398,38.61210375
2018-05-12,434891.0,182054.0,33988897.1882526,28.38834405
2018-05-13,364085.0,158794.0,30487010.8112811,23.33858622
2018-05-14,469798.0,209697.0,27191117.750602,35.25774075
2018-05-15,477899.0,214779.0,30075024.1786962,37.83474629
2018-05-16,455067.0,208463.0,36872803.6163467,32.35890796
2018-05-17,420625.0,192683.0,27191117.750602,54.05727301
2018-05-18,499648.0,211496.0,30487010.8112811,70.13995212
2018-05-19,378136.0,173274.0,31722970.7090357,31.42390531
2018-05-20,369971.0,158663.0,29663037.5461113,24.98915763
2018-05-21,445196.0,202647.0,32340950.657913,31.28915469
2018-05-22,441616.0,203337.0,31104990.7601584,26.52413321
2018-05-23,481669.0,223196.0,33370917.2393752,30.82025138
2018-05-24,447546.0,206825.0,30616246.3183454,29.75362781
2018-05-25,464174.0,196181.0,37681533.9302713,30.37696335
2018-05-26,356716.0,158783.0,34684139.1858179,22.51408114
2018-05-27,337618.0,144304.0,35112338.4350255,19.47089221
2018-05-28,407911.0,189063.0,33399541.438195,29.12400991
2018-05-29,442314.0,204769.0,29759847.8199301,28.63684227
2018-05-30,443065.0,204077.0,37253334.6810636,22.66213792
2018-05-31,454486.0,209526.0,36396936.1826484,21.6541427
2018-06-01,551183.0,205481.0,35540537.6842331,20.37476636
2018-06-02,386674.0,174497.0,32543142.9397797,16.27842016
2018-06-03,369975.0,163443.0,34898238.8104217,15.3074038
2018-06-04,449728.0,209916.0,39180231.302498,20.71075272
2018-06-05,460260.0,212901.0,42980660.1034435,18.52827963
2018-06-06,451994.0,206417.0,36103754.4868926,19.4579716
2018-06-07,433804.0,207627.0,35121339.3988139,20.6699365
2018-06-08,477386.0,200379.0,35612546.9428532,17.89042019
2018-06-09,370067.0,171306.0,35121339.3988139,18.7073671
2018-06-10,392109.0,179809.0,31191679.046499,16.7009531
2018-06-11,446188.0,213196.0,34384528.0827548,24.67101897
2018-06-12,447810.0,214595.0,35612546.9428532,21.90653344
2018-06-13,458587.0,211829.0,35121339.3988139,37.41423181
2018-06-14,440336.0,210029.0,37577377.1190106,28.01723114
2018-06-15,476263.0,205861.0,37577377.1190106,23.19453295
2018-06-16,343365.0,159090.0,40770226.1552664,16.44224754
2018-06-17,326154.0,144908.0,38559792.2070893,23.48902029
2018-06-18,424739.0,196305.0,40279018.6112271,17.52291191
2018-06-19,413610.0,191805.0,39122596.140543,83.80865389
2018-06-20,425849.0,198889.0,39122596.140543,203.28532024
2018-06-21,421062.0,198113.0,42908653.8315633,73.52012206
2018-06-22,469523.0,204144.0,38112980.7562709,68.9368202
2018-06-23,368137.0,163295.0,40384615.3708831,31.93798474
2018-06-24,350052.0,158022.0,43161057.6776313,27.03085817
2018-06-25,415603.0,200173.0,39627403.832679,34.68013653
2018-06-26,410398.0,195404.0,36850961.5259308,32.34384664
2018-06-27,397242.0,188510.0,30540865.3742303,32.15886049
2018-06-28,396406.0,187624.0,39627403.832679,27.15925646
2018-06-29,453051.0,197881.0,38112980.7562709,27.41063627
2018-06-30,368308.0,181065.0,35588942.2955907,23.60409759
2018-07-01,341862.0,156247.0,37103365.3719988,16.7928896
2018-07-02,433258.0,199294.0,37594816.2562869,23.48063765
2018-07-03,456150.0,216747.0,30929068.6931155,27.90259772
2018-07-04,435402.0,206788.0,35728406.9385989,21.54452916
2018-07-05,413998.0,199600.0,36528296.6461795,19.76600519
2018-07-06,529418.0,200993.0,42660784.4042972,21.70281974
2018-07-07,357621.0,170160.0,41594264.7941898,16.56969368
2018-07-08,350857.0,155685.0,42127524.5992435,15.64479917
2018-07-09,425385.0,206546.0,36261666.7436526,19.92606527
2018-07-10,445234.0,216063.0,39727855.4765018,22.86071401
2018-07-11,413229.0,202603.0,35995036.8411258,20.44250057
2018-07-12,405288.0,203535.0,37594816.2562869,18.63321237
2018-07-13,473175.0,207904.0,38128076.0613406,19.53514153
2018-07-14,362896.0,176475.0,35461777.0360721,15.01264127
2018-07-15,346483.0,161151.0,35461777.0360721,15.27821656
2018-07-16,431583.0,207842.0,31995588.3032229,23.61292569
2018-07-17,487160.0,233966.0,40931868.4915103,24.94209666
2018-07-18,494823.0,238769.0,44793365.5190113,31.82668475
2018-07-19,465957.0,225039.0,44021066.1135111,28.82741906
2018-07-20,496860.0,225529.0,39644702.8156767,23.08779797
2018-07-21,385950.0,184803.0,35268339.5178422,17.37819099
2018-07-22,366446.0,167129.0,46852830.6003451,14.77231882
2018-07-23,473606.0,229480.0,42733900.4376774,26.12072165
2018-07-24,532884.0,259358.0,40931868.4915103,29.64295029
2018-07-25,525952.0,250208.0,45565664.9245115,26.82417337
2018-07-26,479850.0,231679.0,42476467.3025107,23.88022702
2018-07-27,517778.0,229397.0,42991333.5728441,20.72404572
2018-07-28,395734.0,188238.0,37327804.5991761,16.74880998
2018-07-29,380501.0,168407.0,50277183.1008373,15.67077716
2018-07-30,479275.0,230924.0,39630250.2088953,24.57789474
2018-07-31,500312.0,242977.0,43474975.9754299,25.5829697
2018-08-01,495640.0,241044.0,44362220.3830918,21.2832986
2018-08-02,470017.0,224873.0,45249464.7907536,25.20903778
2018-08-03,537623.0,229859.0,49094190.5572882,23.21487948
2018-08-04,416161.0,191657.0,52051671.9161698,17.19453121
2018-08-05,374557.0,172181.0,47319701.7419725,13.6299328
2018-08-06,452410.0,218607.0,38743005.80124,17.7504862
2018-08-07,477951.0,233045.0,44657968.5189865,18.61533926
2018-08-08,498558.0,235311.0,46432457.3343105,20.75086011
2018-08-09,467197.0,222326.0,44066472.2472119,20.7502075
2018-08-10,510030.0,226148.0,52051671.9161698,20.41451761
2018-08-11,389256.0,192438.0,52376369.8984008,15.39050663
2018-08-12,361544.0,165044.0,49230273.0794216,12.77525693
2018-08-13,459526.0,222229.0,47642199.754279,19.92080467
2018-08-14,514445.0,247622.0,43195594.4438796,26.45582537
2018-08-15,539383.0,246066.0,51135961.0695928,22.16329503
2018-08-16,479347.0,232335.0,50183117.0745072,24.04769454
2018-08-17,512305.0,233794.0,48277429.084336,24.88424895
2018-08-18,399289.0,190935.0,50818346.4045642,16.45331646
2018-08-19,402087.0,167400.0,46054126.4291363,17.04586085
2018-08-20,459856.0,214983.0,47642199.754279,29.07233893
2018-08-21,449916.0,217777.0,47006970.4242219,24.75227584
2018-08-22,484463.0,230333.0,50818346.4045642,24.27418043
2018-08-23,444346.0,217352.0,47324585.0892504,19.30837036
2018-08-24,487991.0,219848.0,47211617.4407006,19.15356329
2018-08-25,415348.0,196420.0,45145645.9144977,21.06312548
2018-08-26,368938.0,172747.0,57853309.2089489,27.80300602
2018-08-27,464084.0,223656.0,61866255.5124598,32.65580356
2018-08-28,488605.0,238039.0,51165065.369764,45.21346372
2018-08-29,509197.0,237508.0,46483294.6823347,23.64752291
2018-08-30,463657.0,231391.0,51499477.5617233,24.10101603
2018-08-31,511307.0,237076.0,51833889.7536825,25.25628116
2018-09-01,437404.0,213331.0,50496240.9858456,19.2117222
2018-09-02,387889.0,187145.0,48155355.6421309,16.3033171
2018-09-03,455957.0,222897.0,48155355.6421309,19.91598267
2018-09-04,474899.0,232265.0,42135936.1868645,24.1065379
2018-09-05,497298.0,246477.0,44142409.33862,31.82732747
2018-09-06,501001.0,252261.0,50161828.7938863,31.29006024
2018-09-07,539383.0,230790.0,52673943.1674501,27.92194982
2018-09-08,414919.0,204428.0,52338942.9548846,18.81937591
2018-09-09,387389.0,188912.0,56874984.6776413,18.37028897
2018-09-10,451965.0,222866.0,47105048.6593962,19.97514305
2018-09-11,474061.0,237571.0,49198606.3775916,23.27470384
2018-09-12,461586.0,233275.0,58619616.1094708,23.91441308
2018-09-13,466217.0,234209.0,51641090.3821529,20.29803773
2018-09-14,471373.0,223250.0,46058269.8002985,21.21893106
2018-09-15,427958.0,211071.0,48849680.0912257,15.69995673
2018-09-16,370212.0,179483.0,48500753.8048598,13.07015213
2018-09-17,481968.0,240152.0,47105048.6593962,17.45767671
2018-09-18,479309.0,244259.0,49547532.6639575,19.01368472
2018-09-19,480228.0,251037.0,54432500.67308,17.09335521
2018-09-20,493141.0,253674.0,53827510.7460175,18.26192982
2018-09-21,563131.0,273051.0,51200543.8778585,25.61259462
2018-09-22,445042.0,225537.0,55111696.535195,18.65597145
2018-09-23,401264.0,200319.0,53333899.8727693,14.47737832
2018-09-24,469029.0,237670.0,52622781.2077991,15.50844294
2018-09-25,490589.0,252113.0,60089527.1899868,20.31737127
2018-09-26,474080.0,243927.0,49422747.2154329,20.1338664
2018-09-27,481908.0,248686.0,50844984.5453734,23.65350638
2018-09-28,527058.0,254239.0,54756137.2027098,28.91825487
2018-09-29,429819.0,218339.0,54045018.5377396,19.10685859
2018-09-30,413889.0,208210.0,57956171.195076,15.42794706
2018-10-01,484983.0,242820.0,56178374.5326503,21.82334691
2018-10-02,484847.0,244772.0,48711628.5504627,25.72269107
2018-10-03,552113.0,242303.0,51556103.2103437,21.36448501
2018-10-04,506880.0,243157.0,54911962.6283177,18.70916379
2018-10-05,533087.0,244719.0,48176505.2061266,21.33672301
2018-10-06,441965.0,214843.0,46323562.6981987,17.57876392
2018-10-07,444618.0,219731.0,52623567.2251537,13.06671747
2018-10-08,477298.0,248041.0,50029447.7140546,16.79599849
2018-10-09,463257.0,235862.0,48176505.2061266,16.66631934
2018-10-10,482435.0,244945.0,53364744.2283249,15.6339373
2018-10-11,499968.0,262467.0,58923571.7521087,18.4172056
2018-10-12,498115.0,243174.0,48917682.2092978,18.44585713
2018-10-13,400481.0,205097.0,52252978.7235681,13.28476496
2018-10-14,378043.0,191259.0,42247089.1807572,12.41784997
2018-10-15,502796.0,266945.0,60035337.2568655,23.09602031
2018-10-16,490756.0,257967.0,50029447.7140546,19.31942675
2018-10-17,490531.0,260362.0,51141213.2188113,18.8500803
2018-10-18,479720.0,253450.0,50951835.5499124,18.05926167
2018-10-19,504471.0,253826.0,50702736.5834647,17.65876226
2018-10-20,428970.0,227821.0,51059798.1087004,14.32509812
2018-10-21,403199.0,211505.0,49274490.4825221,12.46404029
2018-10-22,489860.0,255324.0,55344536.4115284,16.6995118
2018-10-23,487826.0,253463.0,54987474.8862927,16.58331992
2018-10-24,478551.0,254091.0,40347952.3516304,16.94168952
2018-10-25,474715.0,254599.0,48917428.9572864,17.53993992
2018-10-26,503384.0,253002.0,51059798.1087004,17.91509911
2018-10-27,418914.0,233749.0,48560367.4320507,13.09651959
2018-10-28,403764.0,219860.0,49988613.5329934,16.5139359
2018-10-29,495174.0,269754.0,52130982.6844074,19.6041759
2018-10-30,505404.0,283327.0,54987474.8862927,18.77140942
2018-10-31,510367.0,288283.0,58201028.6134137,16.65229276
2018-11-01,505058.0,281941.0,54988709.7918046,17.45938887
2018-11-02,565269.0,292704.0,51070835.0767129,18.32471846
2018-11-03,453208.0,249564.0,57499331.7996558,13.59185156
2018-11-04,418053.0,229291.0,44285199.6469399,13.10219385
2018-11-05,531376.0,293239.0,51070835.0767129,18.42231881
2018-11-06,519342.0,285451.0,45713754.4742605,19.18392815
2018-11-07,522948.0,293734.0,46428031.8879208,20.33841084
2018-11-08,498004.0,277597.0,43213783.5264494,20.99890399
2018-11-09,541364.0,283896.0,45356615.7674304,22.42896582
2018-11-10,448643.0,252499.0,46785170.594751,16.64920253
2018-11-11,422963.0,246991.0,52142251.1972034,14.13978687
2018-11-12,510342.0,300006.0,49999418.9562224,19.17199757
2018-11-13,491741.0,279160.0,42856644.8196192,18.07251239
2018-11-14,524970.0,292755.0,48213725.4220716,25.82337117
2018-11-15,523899.0,291525.0,45356615.7674304,38.65118054
2018-11-16,533315.0,283124.0,44946674.6331138,36.92729384
2018-11-17,428640.0,262649.0,47956936.4976083,21.55099415
2018-11-18,393876.0,239803.0,40680711.6496954,18.03746701
2018-11-19,470247.0,267971.0,41672924.1289562,39.9694861
2018-11-20,543711.0,288450.0,43657349.0874779,69.36765011
2018-11-21,472552.0,254942.0,34727436.7741302,49.95016009
2018-11-22,467175.0,266116.0,40349974.1566084,39.13421764
2018-11-23,479022.0,275261.0,41342186.6358693,36.98433712
2018-11-24,406861.0,250017.0,47295461.5114344,31.17997638
2018-11-25,410530.0,239256.0,42003661.6220432,32.01112732
2018-11-26,469613.0,257062.0,36711861.7326519,38.27901151
2018-11-27,462322.0,268533.0,43326611.594391,37.38312649
2018-11-28,454764.0,254456.0,39027024.1842606,38.73742361
2018-11-29,461335.0,246226.0,34727436.7741302,45.07238045
2018-11-30,460123.0,250157.0,33404486.8017824,40.77812171
2018-12-01,420225.0,241847.0,41011449.1427823,31.11731237
2018-12-02,364379.0,222673.0,37704074.2119128,23.24535308
2018-12-03,426800.0,240652.0,35101305.9820655,31.12664818
2018-12-04,492965.0,270189.0,38734427.5898666,31.50009203
2018-12-05,438438.0,256501.0,36488953.5266859,26.31110179
2018-12-06,480400.0,279654.0,37892374.8161739,28.47570217
2018-12-07,495221.0,253890.0,31998005.4003246,31.19535557
2018-12-08,382550.0,231104.0,35646900.7529932,19.7523634
2018-12-09,364579.0,238569.0,35927585.0108908,16.83358837
2018-12-10,443067.0,258353.0,34804847.9793004,22.97283382
2018-12-11,432511.0,251487.0,35085532.237198,23.31901099
2018-12-12,439270.0,261423.0,33682110.9477101,22.35779149
2018-12-13,439018.0,268422.0,36769637.7845835,22.08826418
2018-12-14,464524.0,275801.0,40979901.6530473,25.09538231
2018-12-15,397644.0,262879.0,41821954.42674,18.37318136
2018-12-16,364388.0,226453.0,32278689.6582222,14.84875261
2018-12-17,466784.0,298823.0,44909481.2636135,20.97551137
2018-12-18,461773.0,266245.0,35766529.4260719,26.57834854
2018-12-19,495568.0,302392.0,37822407.4037378,32.92958464
2018-12-20,475406.0,287273.0,34268624.157749,27.62806589
2018-12-21,492726.0,280588.0,35537832.4598879,30.95900116
2018-12-22,386813.0,251216.0,44422290.5748598,18.77646281
2018-12-23,371648.0,250739.0,44676132.2352876,15.44952443
2018-12-24,419725.0,272297.0,38583932.3850211,23.01715097
2018-12-25,353052.0,265052.0,40360824.0080155,18.28673875
2018-12-26,397075.0,281305.0,39853140.68716,16.22660938
2018-12-27,434318.0,300020.0,44168448.9144321,16.91659845
2018-12-28,485694.0,308267.0,42391557.2914377,17.97068908
2018-12-29,423956.0,264980.0,35030149.1390323,15.31251107
2018-12-30,391259.0,267639.0,44676132.2352876,13.91108006
2018-12-31,391031.0,259684.0,40440248.2951255,15.90842885
2019-01-01,310120.0,234725.0,41615985.2733737,11.22870449
2019-01-02,415822.0,271696.0,42174589.1025465,18.0404076
2019-01-03,450626.0,291016.0,43291796.7608921,19.1678382
2019-01-04,454702.0,281772.0,41615985.2733737,19.57925017
2019-01-05,385489.0,265192.0,45526212.0775833,12.27107591
2019-01-06,389294.0,258522.0,39381569.9566825,16.59508434
2019-01-07,448076.0,284782.0,39381569.9566825,23.87585077
2019-01-08,465085.0,318524.0,47202023.5651017,20.94683492
2019-01-09,463346.0,319056.0,45805513.9921697,24.16978699
2019-01-10,489566.0,327338.0,43571098.6754785,25.84515048
2019-01-11,486650.0,308372.0,41336683.3587873,24.25918558
2019-01-12,396628.0,281502.0,38543664.2129233,17.12273992
2019-01-13,372207.0,276997.0,38264362.2983369,14.17709438
2019-01-14,455377.0,326685.0,43423390.2168908,19.99425343
2019-01-15,466212.0,302279.0,38609293.9848521,21.20358949
2019-01-16,493982.0,305702.0,38901788.6362525,25.07927963
2019-01-17,462879.0,296695.0,37146820.7278501,23.48759589
2019-01-18,484530.0,305965.0,40364261.8932544,20.91797749
2019-01-19,400053.0,282188.0,38901788.6362525,17.57732062
2019-01-20,379374.0,294118.0,45921660.2698619,14.42266508
2019-01-21,449404.0,315202.0,43874197.7100592,19.91907516
2019-01-22,450118.0,296040.0,38024304.6820513,20.9003654
2019-01-23,482794.0,293494.0,42704219.1044576,22.67278096
2019-01-24,470446.0,308146.0,47384133.5268639,22.98899396
2019-01-25,492261.0,301085.0,40364261.8932544,24.82339222
2019-01-26,444594.0,288285.0,43874197.7100592,19.8801991
2019-01-27,383276.0,276651.0,40071767.241854,15.90784813
2019-01-28,481279.0,308062.0,42070546.8156134,24.16321392
2019-01-29,480702.0,326162.0,42201068.245197,23.14980149
2019-01-30,462721.0,321980.0,39310584.1188136,21.22346169
2019-01-31,487936.0,353945.0,44802503.958942,29.03627429
2019-02-01,502881.0,339341.0,45669649.196857,33.11076701
2019-02-02,418174.0,322032.0,41622971.4199203,18.92618462
2019-02-03,389608.0,300171.0,39888680.9440903,14.74322284
2019-02-04,456122.0,335288.0,42490116.6578353,17.08811248
2019-02-05,503603.0,354069.0,42490116.6578353,17.21081291
2019-02-06,482655.0,349596.0,47403939.672687,21.79051765
2019-02-07,474847.0,353046.0,50294423.7990704,16.74141122
2019-02-08,516886.0,335280.0,47114891.2600487,20.91053599
2019-02-09,422178.0,310892.0,43357261.8957503,17.75264078
2019-02-10,380922.0,299609.0,41018987.2961362,13.62075475
2019-02-11,463119.0,315725.0,43691361.6410373,23.13798165
2019-02-12,486292.0,271573.0,38568926.138295,34.31602175
2019-02-13,546276.0,352651.0,46101919.5246807,35.63755618
2019-02-14,473265.0,354483.0,42486082.6992156,26.180398
2019-02-15,467228.0,296729.0,38267606.4028396,26.46547377
2019-02-16,452438.0,332137.0,45197960.3183144,22.36572171
2019-02-17,393160.0,327463.0,47909837.9374133,19.17235936
2019-02-18,508261.0,344274.0,46704558.9955916,29.40410079
2019-02-19,538532.0,348242.0,47005878.731047,36.59295015
2019-02-20,521878.0,314320.0,39171565.6092058,37.76184521
2019-02-21,491327.0,297595.0,35857048.5191961,34.71560858
2019-02-22,542172.0,350306.0,48813797.1437796,39.01280561
2019-02-23,441275.0,328239.0,43088722.1701264,25.43940867
2019-02-24,433694.0,320446.0,41298258.2978092,29.55542146
2019-02-25,502106.0,336634.0,43162133.913638,38.85345862
2019-02-26,532149.0,366568.0,48595129.7908791,35.84517142
2019-02-27,519740.0,344560.0,42558467.7050556,32.66318415
2019-02-28,523892.0,367827.0,45274965.6436762,30.29594178
2019-03-01,552623.0,354422.0,48896962.8951703,30.48611973
2019-03-02,481021.0,335864.0,39841969.766435,25.32153705
2019-03-03,420093.0,353683.0,44067633.2265115,21.38429981
2019-03-04,506186.0,304188.0,41351135.2878909,28.45991569
2019-03-05,536821.0,285716.0,44973132.539385,29.02363002
2019-03-06,524992.0,277863.0,38634637.3492703,38.43684345
2019-03-07,524085.0,282523.0,42860300.8093468,38.15885184
2019-03-08,545571.0,285264.0,44067633.2265115,34.53420729
2019-03-09,458538.0,239492.0,41652968.3921821,24.54420613
2019-03-10,392557.0,212877.0,41045042.9709582,19.08668276
2019-03-11,554792.0,294741.0,42839445.3543434,30.82179358
2019-03-12,532589.0,285653.0,43141131.5892332,31.50427651
2019-03-13,515962.0,285957.0,40727641.7101152,36.04315035
2019-03-14,551001.0,299929.0,46761366.4079101,37.56437664
2019-03-15,558693.0,296970.0,46157993.9381306,31.12448995
2019-03-16,468300.0,262267.0,49174856.287028,22.36301366
2019-03-17,413098.0,227290.0,44046190.2939024,16.78071195
2019-03-18,533680.0,291505.0,48571483.8172485,22.37480548
2019-03-19,551374.0,304744.0,52493404.8708152,22.30871865
2019-03-20,538723.0,304960.0,48571483.8172485,27.1997923
2019-03-21,535702.0,300712.0,43141131.5892332,35.53040752
2019-03-22,550986.0,298524.0,48571483.8172485,27.14701994
2019-03-23,450872.0,251573.0,43744504.0590126,17.94886278
2019-03-24,417726.0,226166.0,47490106.9905989,15.67630252
2019-03-25,530401.0,322191.0,46933020.833036,29.20096219
2019-03-26,522961.0,366415.0,42493410.7542353,36.41495629
2019-03-27,569697.0,383186.0,47250135.8386646,48.02051729
2019-03-28,578059.0,393698.0,46298790.8217788,47.81690988
2019-03-29,563925.0,369817.0,46615905.8274074,63.48208552
2019-03-30,513840.0,377783.0,44078985.7823784,54.67372903
2019-03-31,459478.0,381652.0,44078985.7823784,44.61425508
2019-04-01,528288.0,368904.0,43127640.7654926,61.8467373
2019-04-02,666741.0,401507.0,49787055.8836936,114.48978878
2019-04-03,626468.0,360250.0,45030330.7992643,142.10298824
2019-04-04,603757.0,354660.0,44396100.788007,154.4635303
2019-04-05,632546.0,387090.0,50104170.8893222,114.82307281
2019-04-06,478034.0,359569.0,44081037.5636847,80.84759712
2019-04-07,447559.0,350631.0,44809649.5150327,85.51644481
2019-04-08,579028.0,372417.0,47034242.0441478,130.54444043
2019-04-09,572096.0,346071.0,41949459.1204562,114.92556114
2019-04-10,593178.0,396501.0,47034242.0441478,111.78539463
2019-04-11,620631.0,402802.0,49894432.4387244,115.28509796
2019-04-12,578099.0,376767.0,47987638.84234,100.56571481
2019-04-13,458376.0,367076.0,42902855.9186484,66.22119369
2019-04-14,430064.0,337030.0,38771469.7931489,57.42373876
2019-04-15,576183.0,381473.0,46080845.2459556,78.96972247
2019-04-16,560007.0,358517.0,46080845.2459556,76.56869368
2019-04-17,555678.0,350737.0,43856252.7168405,77.1498090499999
2019-04-18,563075.0,382981.0,47352040.9768785,72.4195866
2019-04-19,597098.0,362128.0,48305437.7750707,78.43301725
2019-04-20,456520.0,319840.0,41631660.1877254,58.09103814
2019-04-21,426630.0,390735.0,51199133.0238072,50.31279868
2019-04-22,498668.0,342014.0,42318655.5416624,70.12693315
2019-04-23,548492.0,311753.0,36634060.0211406,96.48121035
2019-04-24,645489.0,404279.0,51477170.5469476,130.67492641
2019-04-25,577184.0,384089.0,45160953.3019234,94.30087588
2019-04-26,593570.0,381209.0,47687440.1999331,91.4474489900001
2019-04-27,460846.0,359008.0,43266088.1284161,54.42092725
2019-04-28,445722.0,383291.0,51477170.5469476,47.95393039
2019-04-29,573010.0,363207.0,51477170.5469476,70.95469952
2019-04-30,604307.0,346486.0,44213520.7151697,85.48463465
2019-05-01,565408.0,439549.0,54003657.4449573,65.62521893
2019-05-02,584864.0,452646.0,58109198.6542231,64.71081505
2019-05-03,615404.0,383032.0,48003251.0621843,81.27225085
2019-05-04,508298.0,355910.0,43006075.3622154,60.62915441
2019-05-05,460613.0,330732.0,42978500.6950398,62.87230397
2019-05-06,573048.0,378476.0,50308167.4802404,76.31168717
2019-05-07,578857.0,329943.0,42312167.3509307,92.31932906
2019-05-08,635596.0,393081.0,50641334.152295,112.30765219
2019-05-09,619054.0,361569.0,49975000.8081859,106.95654809
2019-05-10,618182.0,322963.0,41645834.0068216,123.74361638
2019-05-11,573741.0,344957.0,43311667.3670944,125.12338209
2019-05-12,551654.0,338571.0,52640334.1846224,104.08015488
2019-05-13,648734.0,390428.0,55638834.2331136,112.20050336
2019-05-14,669376.0,367370.0,50641334.152295,132.68789564
2019-05-15,675925.0,368901.0,49641834.1361313,192.3590738
2019-05-16,682196.0,375062.0,48642334.1199676,228.51579452
2019-05-17,676115.0,361654.0,50308167.4802404,227.26659937
2019-05-18,588499.0,359704.0,50986743.450853,134.78731749
2019-05-19,516859.0,346859.0,54326123.0260958,125.66729304
2019-05-20,617241.0,381582.0,53659544.8294566,186.09991132
2019-05-21,657474.0,380889.0,50993232.0428998,202.4814146
2019-05-22,646106.0,394887.0,55659279.4193742,176.73831345
2019-05-23,630228.0,389343.0,52659677.5344978,163.9629164
2019-05-24,644200.0,373882.0,50993232.0428998,191.88316682
2019-05-25,511153.0,338398.0,46660473.7647449,128.11880175
2019-05-26,476819.0,374072.0,54992701.222735,95.8861389799999
2019-05-27,644814.0,399584.0,55659279.4193742,189.31338885
2019-05-28,685040.0,390427.0,54659412.1244154,192.95031406
2019-05-29,680323.0,405155.0,57992303.1076115,187.08362645
2019-05-30,642352.0,376874.0,53664058.5059824,188.20649317
2019-05-31,598627.0,298997.0,43386260.5763838,205.0372363
2019-06-01,578368.0,332092.0,55994233.735333,159.42190914
2019-06-02,489569.0,301003.0,48577778.9359511,118.4455402
2019-06-03,550346.0,294009.0,44127906.056322,198.99326951
2019-06-04,687738.0,374763.0,57106701.9552403,217.91296317
2019-06-05,631420.0,372948.0,59331638.3950548,159.42665516
2019-06-06,602273.0,364526.0,58219170.1751475,122.18994068
2019-06-07,619327.0,350011.0,58589992.9151166,106.492469
2019-06-08,471819.0,294369.0,45982019.7561675,73.36472651
2019-06-09,438208.0,300917.0,54510942.7754566,62.99063806
2019-06-10,607094.0,353629.0,58219170.1751475,101.83001618
2019-06-11,623398.0,340449.0,53027651.8155803,110.58719487
2019-06-12,601949.0,328464.0,48577778.9359511,108.86976113
2019-06-13,667841.0,364373.0,55994233.735333,109.4551359
2019-06-14,731367.0,364383.0,62264123.1632496,117.94954717
2019-06-15,601012.0,330954.0,53775192.2320125,78.70156593
2019-06-16,520293.0,295254.0,47882020.4805591,74.36012488
2019-06-17,628484.0,321072.0,48986990.1839566,117.79979394
2019-06-18,696937.0,394843.0,60036687.2179318,116.53825829
2019-06-19,664204.0,401032.0,65193212.5004535,105.75494722
2019-06-20,635532.0,330103.0,53038545.7630809,111.81603852
2019-06-21,654639.0,337741.0,48986990.1839566,126.23246862
2019-06-22,643642.0,354075.0,51933576.0596833,122.47914731
2019-06-23,596158.0,380088.0,66666505.4383169,81.2353110700001
2019-06-24,659329.0,388342.0,65193212.5004535,102.09827261
2019-06-25,682866.0,361385.0,53775192.2320125,121.10744515
2019-06-26,768792.0,399624.0,60773333.6868635,184.06503874
2019-06-27,694016.0,361050.0,55539973.1845089,200.10125128
2019-06-28,729817.0,407094.0,64293187.5738079,182.26443511
2019-06-29,573175.0,356682.0,68631991.643206,108.7659755
2019-06-30,497075.0,330731.0,59954383.5044098,104.91860437
2019-07-01,624927.0,336862.0,56404452.902175,126.93823662
2019-07-02,671396.0,373409.0,62321003.9058997,117.88960184
2019-07-03,651074.0,397554.0,67843118.1760427,94.74754649
2019-07-04,603018.0,370704.0,65870934.5081345,83.8420840199999
2019-07-05,617685.0,378453.0,74548542.6469306,75.89684282
2019-07-06,523872.0,348674.0,70209738.5775326,50.61747346
2019-07-07,447034.0,313273.0,60348820.2379915,45.61655545
2019-07-08,622449.0,378966.0,70209738.5775326,67.46056127
2019-07-09,623107.0,365588.0,65740170.4585491,71.27502267
2019-07-10,616784.0,315664.0,58125055.9333793,85.64297124
2019-07-11,598394.0,325776.0,58125055.9333793,79.3666746
2019-07-12,637928.0,360899.0,73895419.9463116,67.42668665
2019-07-13,472491.0,304545.0,63532037.8806704,44.38220922
2019-07-14,437636.0,303287.0,65334365.1964341,40.72985688
2019-07-15,585913.0,349111.0,65784947.025375,63.9174649
2019-07-16,595749.0,363337.0,72994256.2884298,62.69846283
2019-07-17,569185.0,324892.0,59927383.249143,64.50187448
2019-07-18,588257.0,315745.0,54520401.3018519,72.10541604
2019-07-19,566404.0,299891.0,53168655.8150291,71.10278562
2019-07-20,488968.0,323002.0,79752983.7225436,50.04991704
2019-07-21,400500.0,283934.0,67136692.5121977,37.55119006
2019-07-22,533399.0,319399.0,71191928.9726661,53.88043597
2019-07-23,531460.0,320352.0,64212845.1846116,51.72742398
2019-07-24,490408.0,295589.0,62282811.3455415,49.90886061
2019-07-25,568629.0,336536.0,67211666.9196491,56.16150579
2019-07-26,563023.0,319612.0,74380911.3910783,46.51899261
2019-07-27,445312.0,283892.0,68107822.4785777,33.04147241
2019-07-28,391947.0,272974.0,78413611.4062573,26.46571032
2019-07-29,521007.0,333619.0,75277066.950007,39.74585484
2019-07-30,548807.0,328375.0,63627044.6839344,60.22741784
2019-07-31,573802.0,361337.0,76621300.2883999,53.61582214
2019-08-01,558918.0,335943.0,63627044.6839344,46.73246753
2019-08-02,581154.0,349556.0,75725144.7294713,44.68839341
2019-08-03,470981.0,327588.0,77517455.8473286,27.47791508
2019-08-04,421536.0,298805.0,74828989.1705426,19.72213176
2019-08-05,583599.0,339136.0,70305379.0080994,42.2581814
2019-08-06,617620.0,368348.0,79916269.034042,45.80524692
2019-08-07,545941.0,370909.0,75945274.2994312,70.8269651
2019-08-08,568245.0,336181.0,70485156.5393414,70.35974254
2019-08-09,562840.0,341125.0,72967028.2484731,65.33402972
2019-08-10,453016.0,304138.0,74952525.6157785,39.69033865
2019-08-11,414832.0,273280.0,75945274.2994312,30.3457089
2019-08-12,459560.0,297446.0,66017787.4629043,50.54359801
2019-08-13,566410.0,370747.0,77930771.6667366,75.09047834
2019-08-14,554189.0,359997.0,75448899.9576049,58.70170397
2019-08-15,538837.0,355644.0,77930771.6667366,53.84796972
2019-08-16,533245.0,323625.0,72967028.2484731,51.3352604
2019-08-17,441149.0,288256.0,63535915.7537725,35.38250195
2019-08-18,407213.0,276365.0,62740159.3489764,29.17234292
2019-08-19,517545.0,330473.0,82514504.7903757,41.66948045
2019-08-20,558999.0,333304.0,77452265.232684,46.69008955
2019-08-21,599152.0,308808.0,68846457.984608,52.22587338
2019-08-22,609067.0,322453.0,71377577.7634539,53.99879943
2019-08-23,564675.0,340220.0,77452265.232684,41.47394501
2019-08-24,452008.0,304481.0,80995832.9230682,30.09100724
2019-08-25,393555.0,288934.0,78464713.1442223,21.57904241
2019-08-26,539168.0,318219.0,69352681.9403772,33.17030815
2019-08-27,535379.0,325984.0,68340234.0288388,33.98335977
2019-08-28,526015.0,341200.0,76439817.3211456,33.87031855
2019-08-29,545362.0,346734.0,83526952.7019141,33.917443
2019-08-30,543570.0,349200.0,80995832.9230682,34.46053373
2019-08-31,464447.0,342195.0,84033176.6576833,24.03741901
2019-09-01,423910.0,285468.0,75959123.8204752,20.06226895
2019-09-02,529944.0,327248.0,79786349.9315495,28.76124703
2019-09-03,595785.0,370631.0,87818532.8105646,38.97833529
2019-09-04,544449.0,324741.0,72825124.7697365,37.34474772
2019-09-05,550315.0,352410.0,88354011.6691656,36.69293406
2019-09-06,601748.0,365531.0,84605659.6589586,37.39638382
2019-09-07,472297.0,314429.0,80321828.7901505,26.71813665
2019-09-08,436798.0,288507.0,94779757.9723776,21.74727421
2019-09-09,536567.0,316852.0,78179913.3557465,32.71159075
2019-09-10,564563.0,339858.0,97457152.2653826,37.34868133
2019-09-11,556853.0,338276.0,98528109.9825847,34.77775666
2019-09-12,564060.0,335868.0,84605659.6589586,29.51206759
2019-09-13,546950.0,308856.0,81711974.361587,27.54043167
2019-09-14,491282.0,299894.0,91618125.6260619,21.0247188
2019-09-15,422886.0,274146.0,86889448.1743942,18.2430038
2019-09-16,562077.0,347341.0,96346803.0777296,29.25867219
2019-09-17,567927.0,343778.0,87480532.8558527,34.64137449
2019-09-18,578686.0,363185.0,102848734.573773,34.12588668
2019-09-19,552276.0,346110.0,87480532.8558527,36.54501485
2019-09-20,557003.0,340929.0,89253786.9002281,32.03804814
2019-09-21,493311.0,336013.0,98120057.122105,23.40048063
2019-09-22,456990.0,318713.0,98120057.122105,20.52728871
2019-09-23,544681.0,288149.0,67383653.6862649,32.19540269
2019-09-24,596954.0,353263.0,92800294.9889788,38.46150022
2019-09-25,571599.0,347747.0,92209210.3075204,42.82475804
2019-09-26,554702.0,355775.0,102155715.0684,32.64172934
2019-09-27,532292.0,303903.0,83726816.3184488,34.26327785
2019-09-28,474974.0,314433.0,100852756.01995,23.16487157
2019-09-29,435119.0,285542.0,86263992.570523,21.00156166
2019-09-30,540376.0,311396.0,82458228.1924117,41.0132903
2019-10-01,573854.0,337244.0,90704051.0116529,48.26497357
2019-10-02,535484.0,326557.0,93875521.3267456,37.20021491
2019-10-03,525476.0,326514.0,93241227.2637271,37.88399226
2019-10-04,545609.0,337222.0,93241227.2637271,27.80367596
2019-10-05,480438.0,326683.0,100218461.956931,19.14811395
2019-10-06,435006.0,277613.0,94509815.3897642,16.49098962
2019-10-07,538987.0,328803.0,98315579.7678755,24.7041595
2019-10-08,534935.0,336354.0,102755638.209005,27.65920023
2019-10-09,524494.0,311049.0,87532580.6965601,30.36615188
2019-10-10,549668.0,345048.0,103681264.292523,33.46657648
2019-10-11,547368.0,345425.0,100875176.08461,27.83013723
2019-10-12,452069.0,301693.0,86002553.9695715,20.76242438
2019-10-13,417760.0,279487.0,91822275.6667605,16.18085575
2019-10-14,513254.0,304466.0,87295825.4578357,23.82030921
2019-10-15,533673.0,339698.0,98935268.8522138,25.89458072
2019-10-16,545056.0,338473.0,92468911.4108927,29.13647841
2019-10-17,528543.0,334105.0,96995361.6198175,25.40381954
2019-10-18,518606.0,339390.0,103461719.061139,24.94346328
2019-10-19,486396.0,304736.0,91822275.6667605,18.30723571
2019-10-20,437713.0,289796.0,94408818.643289,15.84344804
2019-10-21,545843.0,351791.0,102815083.317007,20.63255238
2019-10-22,541300.0,341464.0,109281440.758328,22.21592037
2019-10-23,544470.0,349320.0,109144376.317496,31.07041069
2019-10-24,515253.0,303843.0,90520752.8588387,28.9599249
2019-10-25,570469.0,328598.0,93923788.6805996,36.08670023
2019-10-26,541095.0,305722.0,95285003.0093039,47.8563533
2019-10-27,438755.0,256253.0,78269823.9004996,33.97050101
2019-10-28,540579.0,309611.0,91201360.0231908,37.98415405
2019-10-29,527526.0,307953.0,90520752.8588387,35.47022733
2019-10-30,536888.0,314163.0,91201360.0231908,33.65141019
2019-10-31,504880.0,293779.0,89840145.6944865,35.46517509
2019-11-01,563151.0,316187.0,88478931.3657822,40.18774408
2019-11-02,472031.0,284443.0,91201360.0231908,27.69024942
2019-11-03,465534.0,294367.0,93923788.6805996,26.0661656
2019-11-04,549112.0,310979.0,89840145.6944865,48.28785176
2019-11-05,576664.0,332839.0,98007431.6667126,43.73232482
2019-11-06,559293.0,314698.0,89840145.6944865,38.66539842
2019-11-07,553447.0,324487.0,91737090.3690835,39.73640604
2019-11-08,541512.0,311441.0,80936306.1161364,40.88879104
2019-11-09,519291.0,306163.0,91053344.3806535,29.44260954
2019-11-10,435494.0,299712.0,104964271.994364,23.86642196
2019-11-11,511673.0,326707.0,95479548.6213797,29.56238739
2019-11-12,501680.0,301382.0,85362510.3568626,28.65525709
2019-11-13,555616.0,318945.0,85362510.3568626,34.31516352
2019-11-14,535548.0,350023.0,106861216.668961,29.64079727
2019-11-15,575887.0,325145.0,99905752.8621059,29.64859081
2019-11-16,495077.0,283468.0,93582603.9467827,22.93336843
2019-11-17,430853.0,264370.0,97376493.2959766,21.08122965
2019-11-18,510494.0,304671.0,88524084.8145242,27.82718296
2019-11-19,561226.0,327630.0,92950289.0552504,34.36839889
2019-11-20,525739.0,321086.0,89788714.5975888,27.36373955
2019-11-21,584765.0,323954.0,87143254.9641945,36.85944226
2019-11-22,607299.0,310539.0,85127203.6530772,40.02095823
2019-11-23,514757.0,306424.0,111568229.030169,21.5480276
2019-11-24,436089.0,267368.0,84482300.5950993,17.0147224
2019-11-25,495578.0,279470.0,80612882.2472322,32.18493307
2019-11-26,576620.0,321310.0,78678173.0732986,39.86894065
2019-11-27,566552.0,317597.0,89641525.0589222,33.86031284
2019-11-28,533010.0,309623.0,105119198.450391,26.17198877
2019-11-29,543960.0,311290.0,87706815.8849886,32.70649438
2019-11-30,493866.0,277458.0,81257785.30521,27.23029381
2019-12-01,468193.0,274621.0,89641525.0589222,21.90876399
2019-12-02,552276.0,314730.0,93510943.4067893,26.09108998
2019-12-03,565368.0,336512.0,101894683.160501,25.47734062
2019-12-04,569753.0,337284.0,107698810.682302,29.54553925
2019-12-05,535061.0,311468.0,93386357.4980277,23.24165709
2019-12-06,534431.0,315386.0,92816137.3771571,25.03292648
2019-12-07,465570.0,285284.0,99217250.2997196,18.05659965
2019-12-08,434939.0,278853.0,94736471.2539258,14.5034802
2019-12-09,538820.0,313629.0,94736471.2539258,21.82070486
2019-12-10,548706.0,320064.0,94736471.2539258,23.22218997
2019-12-11,521113.0,291248.0,84494690.5778258,24.60426083
2019-12-12,531404.0,311795.0,85134801.870082,22.56385567
2019-12-13,547987.0,322888.0,97296916.4229509,22.4711631
2019-12-14,475246.0,293496.0,96656805.1306946,15.36404462
2019-12-15,434034.0,263441.0,79373800.2397757,20.4478166
2019-12-16,549300.0,327085.0,100497472.884232,22.16325645
2019-12-17,557300.0,319254.0,90255692.208132,22.92717755
2019-12-18,560284.0,314249.0,85774913.1623382,27.48314294
2019-12-19,539310.0,319555.0,100622310.115052,28.71547007
2019-12-20,,332657.0,100413778.963629,25.47719556
2019-12-21,479841.0,311118.0,113287340.369223,16.60936724
2019-12-22,432257.0,281070.0,108781593.877265,12.80407837
2019-12-23,518639.0,304845.0,92045964.0499934,18.87107421
2019-12-24,493086.0,290436.0,80459758.7849593,17.60848203
2019-12-25,401735.0,244666.0,82390792.9957983,13.13196764
2019-12-26,476783.0,296063.0,107494237.736706,18.91209694
2019-12-27,539658.0,322204.0,93333320.1905527,17.11633792
2019-12-28,490465.0,298287.0,95908032.4716714,13.80390964
2019-12-29,449701.0,279925.0,99770100.8933494,12.6092473
2019-12-30,544505.0,324497.0,106850559.666426,15.90283263
2019-12-31,489182.0,293447.0,93333320.1905527,14.84211896
2020-01-01,389706.0,251735.0,112718458.532564,9.97099973
2020-01-02,475461.0,295567.0,96717718.3123778,13.78084459
2020-01-03,523231.0,316517.0,115924073.721928,16.38979535
2020-01-04,465366.0,287215.0,115238132.457301,12.31216518
2020-01-05,459065.0,287779.0,111808426.134167,11.88711242
2020-01-06,522665.0,299146.0,92602070.7246171,20.49312376
2020-01-07,576831.0,344079.0,120725662.574316,25.56190656
2020-01-08,558689.0,318019.0,97403659.5770046,30.83081053
2020-01-09,553318.0,322057.0,107692778.546407,29.78119837
2020-01-10,590633.0,330734.0,102205248.429392,32.5651343
2020-01-11,509544.0,309070.0,111808426.134167,18.38352814
2020-01-12,450668.0,283136.0,103577130.958646,14.53164303
2020-01-13,501600.0,291597.0,98089600.8416314,17.63102526
2020-01-14,616194.0,346953.0,99607271.2200415,26.221577
2020-01-15,580574.0,332658.0,110915119.366187,31.35812937
2020-01-16,555072.0,325947.0,116791417.080951,23.85247351
2020-01-17,562153.0,323992.0,116791417.080951,24.29323765
2020-01-18,491063.0,287237.0,96958912.29362,17.76555017
2020-01-19,477110.0,283960.0,110180582.151841,16.5175935
2020-01-20,532773.0,313661.0,111649656.580532,17.74334005
2020-01-21,544525.0,315210.0,112384193.794878,20.51905021
2020-01-22,544484.0,328586.0,114587805.437915,21.67952284
2020-01-23,535923.0,329918.0,116791417.080951,21.03754657
2020-01-24,534403.0,313887.0,111649656.580532,16.10082373
2020-01-25,461312.0,285584.0,120464103.152679,11.39326294
2020-01-26,429535.0,261247.0,105038821.651422,10.57299079
2020-01-27,504693.0,279240.0,94755300.6505832,19.78717492
2020-01-28,589168.0,340052.0,107321517.0167,22.98737848
2020-01-29,573372.0,340562.0,123011831.712795,20.42515898
2020-01-30,570253.0,332558.0,119936535.919975,19.64580869
2020-01-31,572887.0,334434.0,110710648.541515,22.53135857
2020-02-01,523782.0,303724.0,116092416.17895,17.4815999
2020-02-02,501222.0,290879.0,109941824.59331,16.94878932
2020-02-03,573277.0,331012.0,113785944.334335,21.53312454
2020-02-04,555771.0,309190.0,101484761.163056,23.74587464
2020-02-05,618126.0,368604.0,122243007.76459,25.44140813
2020-02-06,552411.0,315370.0,103791233.007671,27.10635364
2020-02-07,599280.0,334938.0,106866528.80049,31.51759356
2020-02-08,529398.0,318363.0,106866528.80049,21.33690612
2020-02-09,508254.0,317070.0,117630064.07536,19.8217869
2020-02-10,526825.0,298104.0,93796521.681006,27.58066679
2020-02-11,641161.0,365583.0,114190850.876276,34.77248558
2020-02-12,612313.0,344615.0,109742275.18922,37.39850183
2020-02-13,608036.0,340081.0,108969442.265353,35.47858608
2020-02-14,564227.0,326078.0,104332444.722146,32.17258486
2020-02-15,563001.0,322721.0,109742275.18922,28.54821404
2020-02-16,474183.0,292236.0,109742275.18922,21.59936997
2020-02-17,584197.0,341491.0,121334769.047237,25.29770103
2020-02-18,569291.0,331050.0,115924938.580162,30.12812537
2020-02-19,580124.0,334805.0,108969442.265353,31.4285617
2020-02-20,563175.0,316626.0,97376948.4073364,27.79666259
2020-02-21,574950.0,338484.0,119016270.275633,23.54449483
2020-02-22,525819.0,304597.0,114379272.732427,18.32436669
2020-02-23,465169.0,285579.0,109742275.18922,16.62073804
2020-02-24,558687.0,328890.0,108969442.265353,22.9242627
2020-02-25,566484.0,334593.0,111020255.745151,24.54482939
2020-02-26,588558.0,329967.0,104700775.427287,29.29911468
2020-02-27,578398.0,338781.0,113169220.498612,26.95964399
2020-02-28,611266.0,368590.0,121637665.569937,26.28258744
2020-02-29,519628.0,307527.0,107010351.35583,18.50395585
2020-03-01,505885.0,309849.0,136264979.784043,14.44661165
2020-03-02,608032.0,342821.0,114708937.784307,22.93901727
2020-03-03,593725.0,342324.0,117788372.355698,24.71643759
2020-03-04,625096.0,358745.0,128566393.355566,24.25737051
2020-03-05,603996.0,349529.0,125486958.784175,24.37165686
2020-03-06,601698.0,338383.0,119328089.641393,26.63263902
2020-03-07,526880.0,313312.0,120867806.927089,18.53853474
2020-03-08,501571.0,302694.0,121637665.569937,16.14238732
2020-03-09,606002.0,348211.0,119877105.097528,25.61204951
2020-03-10,601526.0,329698.0,108616241.391911,27.9412801
2020-03-11,528053.0,287492.0,97919187.3154346,29.56150425
2020-03-12,653156.0,349978.0,124250397.349837,59.16829292
2020-03-13,,276798.0,102856289.196885,84.31311198
2020-03-14,517382.0,279828.0,105324840.13761,52.86649863
2020-03-15,413935.0,223230.0,97919187.3154346,44.30830399
2020-03-16,532450.0,270399.0,97919187.3154346,61.56626918
2020-03-17,540902.0,278326.0,101210588.569735,62.25196409
2020-03-18,476482.0,231254.0,82285031.3575081,58.77164193
2020-03-19,525607.0,265689.0,88044983.5525337,68.45700527
2020-03-20,564748.0,284594.0,89690684.1796838,79.98994299
2020-03-21,469859.0,245896.0,102033438.88331,47.08077798
2020-03-22,409829.0,209154.0,104501989.824035,33.34176341
2020-03-23,509038.0,259816.0,92159235.1204091,51.42451024
2020-03-24,528586.0,278131.0,108616241.391911,44.74357832
2020-03-25,456328.0,218176.0,75702228.8489074,45.40177404
2020-03-26,539881.0,292828.0,112492821.358516,55.05597495
2020-03-27,529197.0,276546.0,107197274.863781,41.578544
2020-03-28,469113.0,240627.0,93365368.4297446,28.81999627
2020-03-29,428425.0,232820.0,104430893.576974,21.0619088
2020-03-30,535787.0,276828.0,101664512.290166,26.24289384
2020-03-31,546702.0,290227.0,109963656.150588,29.06116194
2020-04-01,544088.0,281855.0,105814084.220377,26.74327122
2020-04-02,569905.0,299176.0,105814084.220377,25.01439071
2020-04-03,548300.0,278763.0,91290582.4646392,25.82618528
2020-04-04,479599.0,253274.0,108580465.507185,16.67009774
2020-04-05,452282.0,240259.0,121029181.297817,13.64940917
2020-04-06,557192.0,280470.0,88524201.1778319,20.99212028
2020-04-07,598670.0,312770.0,116188014.045904,25.32409774
2020-04-08,554336.0,286563.0,103061194.836332,22.6627845
2020-04-09,544185.0,286706.0,112650577.826398,23.29595386
2020-04-10,550585.0,288585.0,119234053.153915,20.78686915
2020-04-11,474445.0,247852.0,116308064.119463,13.75253175
2020-04-12,437242.0,228529.0,111919080.567785,12.86445785
2020-04-13,549230.0,288113.0,125086031.222819,16.74379536
2020-04-14,583665.0,299391.0,122891539.44698,22.46964436
2020-04-15,612959.0,310253.0,123623036.705593,26.54420742
2020-04-16,635870.0,322903.0,112650577.826398,28.64066108
2020-04-17,579437.0,284222.0,92900151.843848,25.54078133
2020-04-18,562996.0,289134.0,115576566.86085,19.2635742
2020-04-19,485888.0,251984.0,111187583.309172,15.56965781
2020-04-20,619559.0,310810.0,117771058.636689,21.97670283
2020-04-21,610555.0,310851.0,115730561.554044,23.37622201
2020-04-22,574265.0,278755.0,103923467.233466,25.3733028
2020-04-23,666919.0,329045.0,112649865.245436,41.12345331
2020-04-24,641059.0,320055.0,114236483.065795,37.06157042
2020-04-25,554934.0,280805.0,107890011.784362,27.81417372
2020-04-26,499998.0,252833.0,108683320.694541,20.75041249
2020-04-27,629817.0,311217.0,111856556.335257,28.0798915
2020-04-28,644967.0,323475.0,122169572.167586,27.79591192
2020-04-29,679872.0,331401.0,115029791.975974,51.72660237
2020-04-30,687395.0,321972.0,107096702.874182,106.67585999
2020-05-01,680654.0,340574.0,111856556.335257,110.19665812
2020-05-02,578296.0,286773.0,117409718.706511,68.24207768
2020-05-03,553075.0,281752.0,133275896.910094,57.28031251
2020-05-04,651350.0,326098.0,125342807.808302,67.05887239
2020-05-05,652289.0,329075.0,126294576.814336,71.89874272
2020-05-06,671519.0,333395.0,123288445.655594,68.53849328
2020-05-07,696092.0,341986.0,117684425.398522,88.31823092
2020-05-08,670883.0,323625.0,109678682.174133,104.101785
2020-05-09,631542.0,312399.0,108878107.851694,87.06031277
2020-05-10,571802.0,286789.0,136097634.814617,63.27358086
2020-05-11,645065.0,305839.0,125690168.622911,88.60442418
2020-05-12,686850.0,345215.0,116883851.076083,109.81191323
2020-05-13,619855.0,296796.0,95268344.370232,108.86188214
2020-05-14,593862.0,268750.0,91265472.7580373,145.59263376
2020-05-15,644507.0,310642.0,100071790.304866,161.77900478
2020-05-16,589910.0,296555.0,100872364.627304,108.31654619
2020-05-17,495954.0,236808.0,81658580.8887703,100.65014834
2020-05-18,602631.0,273723.0,102473513.272182,163.90960993
2020-05-19,581379.0,274897.0,92066047.0804763,182.34876244
2020-05-20,604523.0,280037.0,86971887.3185643,192.28599464
2020-05-21,624412.0,298483.0,98579623.7035512,201.49979488
2020-05-22,,278784.0,83529299.4740014,158.63953474
2020-05-23,558174.0,269230.0,89549429.1658213,108.03281588
2020-05-24,458476.0,214530.0,87291880.5313888,73.43623594
2020-05-25,551378.0,265875.0,94064526.4346863,92.3763056
2020-05-26,605213.0,295782.0,93312010.2232088,80.47442225
2020-05-27,603823.0,292927.0,103847237.183894,77.89905605
2020-05-28,617362.0,299910.0,98579623.7035512,88.34237133
2020-05-29,591013.0,280960.0,95569558.8576412,94.10951218
2020-05-30,556912.0,286046.0,117392528.990488,68.4324487
2020-05-31,495162.0,258427.0,112877431.721623,61.02644621
2020-06-01,623944.0,308312.0,100837172.337984,79.73065264
2020-06-02,638403.0,304114.0,97074591.2805962,97.92708045
2020-06-03,646746.0,314000.0,104599753.395371,82.16455447
2020-06-04,628388.0,318285.0,108668660.65278,62.37744471
2020-06-05,643217.0,327082.0,122192367.725211,55.99573563
2020-06-06,548424.0,284873.0,133797229.464477,31.92632001
2020-06-07,487527.0,252368.0,108539589.208428,26.32906276
2020-06-08,625333.0,317275.0,110587505.985945,41.72247948
2020-06-09,644690.0,327074.0,109222228.134267,35.1746286
2020-06-10,645485.0,325163.0,111952783.837623,38.3855245
2020-06-11,673800.0,332490.0,126288201.280246,38.59236598
2020-06-12,635165.0,318274.0,111270144.911784,29.91881048
2020-06-13,541115.0,280181.0,107856950.282588,21.0833426
2020-06-14,502951.0,275723.0,116048617.392658,16.29688827
2020-06-15,606713.0,294468.0,94204171.7658051,34.18315891
2020-06-16,683561.0,340517.0,106374812.691088,50.59742513
2020-06-17,669086.0,333547.0,108283617.573483,47.79264099
2020-06-18,582343.0,283897.0,97298323.0370428,44.77971256
2020-06-19,674050.0,344142.0,111422273.155323,49.57769703
2020-06-20,553650.0,284123.0,107498953.678023,30.01002493
2020-06-21,475037.0,259440.0,114560928.737163,24.97941736
2020-06-22,603576.0,301396.0,112206937.050783,36.15947427
2020-06-23,704215.0,355256.0,123976895.482684,45.81049682
2020-06-24,625283.0,312321.0,109068281.468943,42.3573449
2020-06-25,631260.0,312183.0,110637609.259863,40.08334016
2020-06-26,646111.0,330381.0,128684878.855444,34.04227231
2020-06-27,546558.0,275489.0,108283617.573483,23.40413949
2020-06-28,500152.0,264909.0,117699584.319003,19.69907106
2020-06-29,625207.0,315424.0,113776264.841703,33.39475024
2020-06-30,621031.0,299733.0,115344676.145677,42.97241908
2020-07-01,758469.0,382570.0,127111309.039231,62.82571084
2020-07-02,674745.0,339469.0,128680584.459468,56.01403666
2020-07-03,661454.0,331009.0,127895946.749349,53.7862554100001
2020-07-04,561108.0,288647.0,123188120.488637,31.87048128
2020-07-05,509206.0,274104.0,127895946.749349,25.1095593
2020-07-06,678157.0,338767.0,120834207.358281,36.90829526
2020-07-07,706177.0,345975.0,126326671.329112,40.72918894
2020-07-08,702636.0,347455.0,118480294.227925,47.68607406
2020-07-09,708162.0,362718.0,128680584.459468,55.08128328
2020-07-10,681724.0,345996.0,126326671.329112,48.41811415
2020-07-11,601249.0,306771.0,122403482.778518,32.6994024
2020-07-12,525851.0,282364.0,119264931.938044,24.5852307
2020-07-13,638906.0,310227.0,121086665.700822,40.91827816
2020-07-14,734433.0,359847.0,124167138.542574,62.95443097
2020-07-15,671171.0,316064.0,118993507.769967,64.32008944
2020-07-16,709099.0,345849.0,117268964.179098,78.15856789
2020-07-17,629600.0,293907.0,101748071.861276,77.30576136
2020-07-18,632584.0,311022.0,112095333.40649,76.31263773
2020-07-19,550119.0,277093.0,112957605.201925,45.96803343
2020-07-20,644972.0,309747.0,121580323.15627,78.58857188
2020-07-21,660884.0,312871.0,107783974.429318,102.28349837
2020-07-22,748958.0,364792.0,124167138.542574,143.27483781
2020-07-23,696765.0,336245.0,117268964.179098,135.00696882
2020-07-24,740460.0,369432.0,138825759.064961,124.38037589
2020-07-25,619497.0,293883.0,122442594.951705,89.04999864
2020-07-26,608050.0,298580.0,136238943.678657,76.48811017
2020-07-27,690892.0,326769.0,128205972.903398,121.12370183
2020-07-28,745966.0,354742.0,121437040.395232,187.57139032
2020-07-29,717842.0,346521.0,123949530.886168,174.64034253
2020-07-30,689993.0,327789.0,113062072.092113,179.95866069
2020-07-31,733209.0,356906.0,128137015.037728,171.64760126
2020-08-01,644333.0,296705.0,114737065.752737,128.24563386
2020-08-02,616214.0,287869.0,118087053.073985,106.63995761
2020-08-03,708227.0,333753.0,135674486.510536,130.16320882
2020-08-04,708169.0,329032.0,121437040.395232,111.40338573
2020-08-05,655315.0,291814.0,108037091.110241,136.17255821
2020-08-06,762479.0,356612.0,130649505.528664,196.22049311
2020-08-07,707225.0,326499.0,127299518.207416,137.20910291
2020-08-08,625679.0,283631.0,118924549.904297,78.94533308
2020-08-09,564507.0,268402.0,130649505.528664,62.66871355
2020-08-10,683507.0,308367.0,114901504.532898,133.6661337
2020-08-11,744212.0,349952.0,129741892.842126,151.68404592
2020-08-12,733894.0,346405.0,132269332.313077,125.0328247
2020-08-13,690043.0,325346.0,123844534.076575,109.0639238
2020-08-14,755913.0,365679.0,140694130.549579,106.55290555
2020-08-15,664922.0,313760.0,131426852.489427,67.51446166
2020-08-16,571198.0,285069.0,128056933.194826,60.46191905
2020-08-17,652100.0,292944.0,105309977.956271,81.70844023
2020-08-18,739835.0,346036.0,117947175.311024,158.12712801
2020-08-19,710405.0,333879.0,116262215.6637237,147.58221747
2020-08-20,705709.0,333683.0,123002054.25292505,130.64720271000004
2020-08-21,675988.0,314297.0,130584372.66577661,136.10850768000006
2020-08-22,649053.0,311699.0,114577256.01642336,93.50701843000004
2020-08-23,569381.0,288728.0,132269332.31307696,59.10621225
2020-08-24,674821.0,329133.0,128441437.17505692,78.44959878000006
2020-08-25,678008.0,304409.0,111720008.69546376,90.01229804
2020-08-26,696908.0,324184.0,123939384.6465301,108.47218762
2020-08-27,702891.0,328157.0,112592821.26339707,122.89984729000001
2020-08-28,720277.0,352722.0,142268448.57312962,103.33520898
2020-08-29,617518.0,292783.0,127430634.91826336,65.85247621999999
2020-08-30,555079.0,269114.0,110847196.12753047,64.10535846999996
2020-08-31,662241.0,302920.0,130921885.1899966,91.53783350000002
2020-09-01,795329.0,376508.0,134413135.46172985,125.93549408999998
2020-09-02,714425.0,317449.0,125685009.78239675,127.52455508999998
2020-09-03,691592.0,310922.0,112592821.26339707,134.31577789
2020-09-04,680093.0,298286.0,117829696.67099695,155.46345969000004
2020-09-05,685736.0,325523.0,123066572.0785968,119.88963774000007
2020-09-06,557370.0,262820.0,130921885.1899966,70.73717940000002
2020-09-07,672721.0,327662.0,151762133.7678071,96.71790986000002
2020-09-08,693543.0,332668.0,133652505.32879263,84.06185256999996
2020-09-09,681429.0,314864.0,128478859.9612265,89.19580010999998
2020-09-10,745318.0,345981.0,136239328.01257572,110.38966361000008
2020-09-11,677215.0,308323.0,118993843.45402186,95.16710292000002
2020-09-12,604531.0,300152.0,146586618.74770805,58.11575528999997
2020-09-13,540351.0,255110.0,139688424.9242865,49.081379420000005
2020-09-14,726085.0,354020.0,151760264.11527425,75.47210429
2020-09-15,718787.0,332957.0,134514779.55672038,77.13367663000002
2020-09-16,747111.0,342609.0,133652505.32879263,77.67308339000006
2020-09-17,740029.0,348581.0,153484812.57112962,70.95057486999995
2020-09-18,687638.0,325157.0,142275247.6080696,69.41040706999999
2020-09-19,624125.0,296357.0,128478859.9612265,47.55137105000001
2020-09-20,535691.0,259095.0,135165071.8298032,33.00982992
2020-09-21,644695.0,297605.0,139219832.7594406,61.30821173000001
2020-09-22,678668.0,312989.0,123857644.31701957,74.17250504999998
2020-09-23,733591.0,349938.0,136339422.42648664,96.11641422000002
2020-09-24,684217.0,316552.0,131538738.5382301,82.50485829000002
2020-09-25,741029.0,353070.0,162263115.42307216,77.16010813000001
2020-09-26,591249.0,276162.0,144020516.64769718,41.57235669999999
2020-09-27,538619.0,259382.0,145940790.2029998,37.58516078999999
2020-09-28,629197.0,295476.0,123857644.31701957,56.72923702999997
2020-09-29,735651.0,347696.0,135379285.64883536,82.97491039999994
2020-09-30,748143.0,351417.0,149781337.3136051,95.01594655000004
2020-10-01,679937.0,304757.0,119056960.428763,102.03192868999997
2020-10-02,689077.0,315443.0,130578601.76057878,122.51219145000005
2020-10-03,642826.0,310855.0,144980653.4253485,71.90619457999998
2020-10-04,562147.0,268019.0,151592064.050859,55.83182413000002
2020-10-05,635097.0,294986.0,134303836.4311328,98.28262979000002
2020-10-06,692891.0,317922.0,124710705.25748046,113.31139879999998
2020-10-07,762636.0,370554.0,144856280.7221504,111.1733047600001
2020-10-08,698982.0,330227.0,155408725.01316798,103.13964017999999
2020-10-09,714645.0,339343.0,136222462.66586328,110.78393285999996
2020-10-10,631182.0,298486.0,137181775.78322852,75.84989664999998
2020-10-11,541483.0,256096.0,134303836.4311328,51.2299918
2020-10-12,658073.0,314174.0,142937654.4874199,74.84694551000003
2020-10-13,732250.0,333215.0,159245977.48262888,74.07427083999998
2020-10-14,680468.0,314541.0,142937654.4874199,73.04920249999999
2020-10-15,743078.0,340993.0,144856280.7221504,78.27808304999999
2020-10-16,712317.0,324647.0,148693533.1916113,64.14460305999998
2020-10-17,586741.0,275069.0,152419671.45957646,35.43446587000001
2020-10-18,512486.0,231557.0,119288755.69898501,36.45097174999999
2020-10-19,679146.0,303929.0,124259120.51977606,50.56863160000001
2020-10-20,713764.0,330563.0,143146506.838782,76.74220969999998
2020-10-21,687152.0,311292.0,129229485.3405671,116.64309348999998
2020-10-22,753892.0,339087.0,136187996.08967456,166.97812487000004
2020-10-23,712518.0,323869.0,130223558.30472532,144.01814194000008
2020-10-24,657714.0,306774.0,151099090.55204767,93.84222181000001
2020-10-25,547380.0,242273.0,116306536.80651039,65.2647025
2020-10-26,579939.0,252494.0,109348026.05740291,111.29083665
2020-10-27,600338.0,251938.0,98413223.45166263,192.2352046699999
2020-10-28,615001.0,261340.0,99407296.41582084,226.66214815000012
2020-10-29,652778.0,276070.0,107359880.12908651,259.23173258999987
2020-10-30,635998.0,268364.0,110342099.02156112,262.34694254
2020-10-31,613906.0,275796.0,112330244.94987755,264.03799985
2020-11-01,592197.0,276280.0,124259120.51977606,177.84284836
2020-11-02,543348.0,224609.0,94436931.5950298,209.46858830999992
2020-11-03,727413.0,331673.0,124332259.04844461,289.3099895599999
2020-11-04,707247.0,320697.0,132689483.0919183,205.03254148999991
2020-11-05,729209.0,318668.0,122675182.48120748,260.44440040999996
2020-11-06,756129.0,340351.0,127682332.78656289,239.93433418
2020-11-07,608746.0,270901.0,121840657.43031493,135.2343624300001
2020-11-08,555482.0,243047.0,115164457.02317438,95.69061816999996
2020-11-09,713629.0,326383.0,154387134.41512507,142.15849695
2020-11-10,684892.0,303270.0,122675182.48120748,154.83732549999996
2020-11-11,713744.0,322277.0,122675182.48120748,107.57878081
2020-11-12,721180.0,324855.0,133524008.14281088,102.85022306000003
2020-11-13,685725.0,300040.0,115998982.07406694,100.5666202
2020-11-14,613373.0,273511.0,118502557.22674464,59.155581289999986
2020-11-15,555375.0,252715.0,125178757.63388519,42.433354599999994
2020-11-16,681273.0,311477.0,135534841.86269382,83.45770554999999
2020-11-17,770689.0,347772.0,137334450.8705656,90.54129648
2020-11-18,807705.0,362007.0,147831351.5740483,97.63868616000006
2020-11-19,717377.0,311061.0,119839616.36476107,94.51871958000002
2020-11-20,772326.0,348026.0,146956609.8487581,76.34988950000006
2020-11-21,663959.0,311189.0,147831351.5740483,46.90621911
2020-11-22,587237.0,271125.0,152205060.20049945,32.024584610000005
2020-11-23,671932.0,297840.0,128587033.61766332,56.545846030000014
2020-11-24,756417.0,333293.0,118964874.63947083,86.28199286
2020-11-25,812699.0,361990.0,135584967.41998515,98.62265001
2020-11-26,736612.0,323975.0,131211258.79353401,103.83357396999995
2020-11-27,719237.0,322445.0,134710225.69469494,84.21494944000001
2020-11-28,644206.0,293949.0,134710225.69469494,56.82028024999998
2020-11-29,589008.0,263573.0,135399801.26976258,39.86594809000002
2020-11-30,623554.0,256551.0,107610727.917311,72.31782858999998
2020-12-01,841581.0,378068.0,144750713.6586838,145.30838284999993
2020-12-02,756978.0,327019.0,124752259.79794464,131.45675735999995
2020-12-03,777633.0,346921.0,149512250.29219317,145.78926977000003
2020-12-04,729984.0,318894.0,137132255.0450689,108.77416044999995
2020-12-05,642981.0,282599.0,137132255.0450689,69.64763484000004
2020-12-06,582059.0,258624.0,129513796.43145394,48.406415850000016
2020-12-07,673269.0,300906.0,142846099.00528008,68.46050774999999
2020-12-08,737193.0,330970.0,137132255.0450689,72.19048211999998
2020-12-09,748572.0,321079.0,132370718.41155955,72.45729357
2020-12-10,713602.0,313649.0,123799952.47124276,72.83286893999995
2020-12-11,711679.0,304735.0,131418411.08485769,70.49629971999997
2020-12-12,654893.0,295410.0,125704567.1246465,50.58835913000004
2020-12-13,611911.0,276160.0,148463110.1109586,39.24154715
2020-12-14,696656.0,314350.0,134574371.39496115,59.2358478
2020-12-15,722550.0,320440.0,129933875.82961763,70.05172631
2020-12-16,751162.0,315217.0,132718173.16882376,79.9044725
2020-12-17,754492.0,309481.0,119724785.58586197,162.99271891000006
2020-12-18,851929.0,375549.0,145711560.75178552,195.47135264000005
2020-12-19,756109.0,343536.0,146639659.8648542,119.96753977000009
2020-12-20,638816.0,282043.0,140142966.07337332,73.51491940000001
2020-12-21,649848.0,269834.0,126221479.37734285,138.56269221999995
2020-12-22,738842.0,324163.0,132718173.16882376,133.02681427
2020-12-23,782736.0,338463.0,142927263.41257942,143.04461152000007
2020-12-24,639280.0,269559.0,116940488.24665588,106.42944422000002
2020-12-25,662980.0,303901.0,133646272.28189245,92.4849457699999
2020-12-26,627843.0,273954.0,127149578.49041158,69.64322740999998
2020-12-27,696527.0,309005.0,137358668.73416725,91.99329677999998
2020-12-28,717073.0,308983.0,147938033.9968089,99.54006659
2020-12-29,775919.0,336311.0,140537799.38571388,105.85291042999998
2020-12-30,807268.0,338258.0,159029615.0943604,105.14390344000002
2020-12-31,809871.0,344918.0,153482070.38176647,113.57123643000006
2021-01-01,609741.0,258080.0,137764027.0294169,48.942701399999976
2021-01-02,711719.0,297111.0,139613208.60028157,79.69906721999999
2021-01-03,812749.0,359116.0,146085344.09830785,86.41999351999996
2021-01-04,851667.0,373734.0,159954205.87979275,108.70503624999996
2021-01-05,845343.0,354091.0,145160753.31287554,113.36586749000003
2021-01-06,924851.0,397384.0,163652569.02152207,128.51898515
2021-01-07,940647.0,401744.0,155331251.95263115,121.91274523000007
2021-01-08,883788.0,358526.0,136839436.24398455,135.47417648000007
2021-01-09,760179.0,321389.0,133808024.52210465,110.56125152999999
2021-01-10,768365.0,331865.0,162879650.9247733,91.95258523
2021-01-11,801285.0,333958.0,157757649.32336533,134.42653309999997
2021-01-12,796457.0,336627.0,151611247.4016758,164.92133634000004
2021-01-13,772596.0,319167.0,155708848.68280214,136.57891971
2021-01-14,802110.0,338809.0,150586847.08139417,141.41282765999998
2021-01-15,808283.0,344002.0,158782049.6436469,147.17314406
2021-01-16,733398.0,308461.0,150586847.08139417,88.49193579
2021-01-17,642730.0,271874.0,136245242.59745187,66.3108796
2021-01-18,720228.0,313816.0,148538046.440831,84.66625216
2021-01-19,757920.0,325083.0,152635647.72195736,97.54256535
2021-01-20,755823.0,314809.0,144440445.1597046,93.48057077
2021-01-21,736588.0,290754.0,132147641.31632549,120.18381958999998
2021-01-22,783335.0,326935.0,145464845.4799862,116.02452285
2021-01-23,710703.0,305209.0,159781151.23197326,75.36109782999999
2021-01-24,608849.0,253971.0,143884925.38771522,57.556040399999986
2021-01-25,732867.0,309102.0,144920068.73582825,100.68549632
2021-01-26,768537.0,336935.0,166658079.0462025,81.76242060999999
2021-01-27,787548.0,323553.0,146990355.43205437,83.09629503000001
2021-01-28,767142.0,325146.0,150095785.47639358,85.90021790999995
2021-01-29,888960.0,341036.0,157341788.913185,167.42570566999993
2021-01-30,756022.0,312313.0,140779495.34337604,138.4634188
2021-01-31,702062.0,290753.0,149060642.12828052,100.53987916000003
2021-02-01,724841.0,280863.0,124217201.7735671,129.39809219000006
2021-02-02,865515.0,364551.0,157341788.913185,146.91963222000007
2021-02-03,836448.0,344425.0,155271502.21695888,134.24070735
2021-02-04,895626.0,367788.0,165622935.69808948,166.88621843
2021-02-05,856297.0,360541.0,174939225.83110696,143.84104968000005
2021-02-06,795079.0,333886.0,169021265.50315762,118.30299222999993
2021-02-07,718596.0,286364.0,166219498.0035569,84.69085027000003
2021-02-08,822971.0,335223.0,172612555.6190783,134.17229408
2021-02-09,903883.0,360137.0,152367873.16992718,196.39438398000004
2021-02-10,861426.0,340758.0,152367873.16992718,168.16327938999996
2021-02-11,796146.0,304739.0,137450738.7337105,185.34915974999996
2021-02-12,857246.0,343306.0,151302363.56734022,202.39953165999995
2021-02-13,788028.0,336624.0,167285007.6061438,144.37461607000003
2021-02-14,698818.0,298254.0,158760930.78544855,106.03576761000006
2021-02-15,769869.0,308496.0,160891949.9906224,121.55584341000002
2021-02-16,745457.0,296388.0,128926661.9130153,120.02466217
2021-02-17,829226.0,317666.0,147040325.15699264,141.62327206999993
2021-02-18,820203.0,316952.0,145974815.55440575,147.75229392
2021-02-19,884319.0,341586.0,163181402.20420986,160.80575279999996
2021-02-20,830094.0,320475.0,157667240.0893604,147.82061349000003
2021-02-21,680893.0,271645.0,152267677.07260144,115.10198626000007
2021-02-22,761941.0,285383.0,143628376.2457872,131.78857834999997
2021-02-23,796658.0,287884.0,137148900.6256765,183.30218416999998
2021-02-24,874171.0,358092.0,171706103.93293357,189.53161494000005
2021-02-25,830544.0,326116.0,168466366.12287825,152.52733295999994
2021-02-26,817077.0,306416.0,150107851.8658979,148.87842397
2021-02-27,775777.0,320784.0,169546278.72623003,104.30956316000002
2021-02-28,629972.0,254316.0,141468551.03908366,82.99643575
2021-03-01,748049.0,280485.0,140388638.43573186,121.83630841000006
2021-03-02,810035.0,338150.0,154427502.27930507,132.76436336000006
2021-03-03,840642.0,333402.0,164146715.7094711,132.69783596999994
2021-03-04,752764.0,289631.0,138228813.22902828,112.95743016999997
2021-03-05,806404.0,317780.0,160906977.89941573,114.36391386999999
2021-03-06,677322.0,287963.0,162254330.9888254,77.90309706999999
2021-03-07,654593.0,260739.0,155665151.9066483,71.23039113000002
2021-03-08,723503.0,291955.0,165260948.9419896,90.54725683000002
2021-03-09,782612.0,299682.0,149267953.88308737,105.13713111999999
2021-03-10,833186.0,344688.0,158863750.91842875,110.26473040999996
2021-03-11,766597.0,291245.0,140738356.51833954,111.07819319
2021-03-12,818834.0,320744.0,159929950.58902222,117.22083707000003
2021-03-13,739312.0,277072.0,152466552.89486787,116.89588102999998
2021-03-14,736008.0,308050.0,167393348.28317663,88.42522684000002
2021-03-15,782966.0,292231.0,157797551.24783528,112.98540384
2021-03-16,822884.0,319493.0,158863750.91842875,110.36520932000006
2021-03-17,808119.0,296119.0,145003155.2007135,105.8511926
2021-03-18,885634.0,331718.0,162062349.9302092,137.22857008999998
2021-03-19,833389.0,316180.0,158357615.36380938,116.33945050000007
2021-03-20,742019.0,286948.0,167389189.0439892,83.66084497999998
2021-03-21,612850.0,234936.0,169563074.61598912,60.906131829999985
2021-03-22,781908.0,297410.0,164128360.68598944,85.02318410000002
2021-03-23,810265.0,314234.0,174997788.54598877,81.33063817999997
2021-03-24,780464.0,305093.0,165215303.47198936,82.45079822999996
2021-03-25,847860.0,318562.0,167389189.0439892,84.22598289000005
2021-03-26,790548.0,293610.0,147824218.8959905,81.24149211999996
2021-03-27,722993.0,288259.0,172823902.97398886,66.63131525
2021-03-28,629197.0,248605.0,172823902.97398886,58.00161989999996
2021-03-29,776764.0,303305.0,164128360.68598944,80.75259219
2021-03-30,826466.0,321090.0,158693646.7559898,96.60277671000001
2021-03-31,900660.0,332749.0,170650017.401989,102.46134312999995
2021-04-01,814587.0,311939.0,157606703.96998987,89.99745266000002
2021-04-02,795716.0,305788.0,160517766.38346806,89.40831776999995
2021-04-03,704293.0,281717.0,150672055.73110902,83.93886825
2021-04-04,618857.0,246007.0,167924581.1965032,67.19630150000003
2021-04-05,763702.0,289046.0,179426264.84009933,94.4570655
2021-04-06,841579.0,309565.0,165624244.467784,106.41402010000006
2021-04-07,860993.0,321319.0,180576433.20445892,101.05042031999994
2021-04-08,761635.0,278534.0,154122560.82418784,91.57954065000001
2021-04-09,853581.0,324720.0,174825591.38266087,116.38720157000004
2021-04-10,762965.0,299086.0,180576433.20445892,89.98797300999999
2021-04-11,653736.0,253449.0,166774412.8321436,62.98652347
2021-04-12,762819.0,291369.0,165624244.467784,91.77267732999996
2021-04-13,839652.0,310213.0,163323907.73906472,101.82975420000001
2021-04-14,854552.0,297494.0,155272729.1885475,136.184935
2021-04-15,952400.0,359440.0,198514005.70963436,155.28823581
2021-04-16,733666.0,219704.0,120743465.5644424,140.32071554000004
2021-04-17,611196.0,194580.0,106676265.69285686,163.57372065
2021-04-18,754058.0,274735.0,145361065.33971703,214.730004
2021-04-19,674744.0,208413.0,113709865.62864962,215.81663228
2021-04-20,829989.0,279977.0,150050131.96357888,301.8282274699999
2021-04-21,719498.0,226021.0,118398932.25251147,255.76779686999998
2021-04-22,757844.0,274610.0,167634131.8030608,299.48661393
2021-04-23,794322.0,295731.0,158255998.5553371,269.6867531700001
2021-04-24,695216.0,290690.0,169978665.11499172,168.4008953499999
2021-04-25,585806.0,241041.0,165289598.49112985,116.28734278999998
2021-04-26,677984.0,240687.0,133638398.78006244,167.75160734
2021-04-27,748381.0,298109.0,166461865.14709532,162.30784332000005
2021-04-28,728620.0,277126.0,166461865.14709532,135.93910763999997
2021-04-29,703520.0,259465.0,143016532.0277861,144.83508448
2021-04-30,738101.0,289389.0,169978665.11499172,143.19592537000008
2021-05-01,677778.0,262991.0,158954589.9843886,102.11686869999997
2021-05-02,587240.0,235214.0,189527186.50027975,84.96037570000003
2021-05-03,746177.0,287007.0,181331416.27324066,110.91693739
2021-05-04,772207.0,300824.0,185429301.3867602,99.39665193
2021-05-05,808208.0,309774.0,160841990.70564282,99.91162799000006
2021-05-06,843433.0,311380.0,174160117.3245814,109.52051483999999
2021-05-07,804452.0,307988.0,176209059.88134116,104.36786384
2021-05-08,744143.0,274691.0,175184588.60296133,87.22137317000002
2021-05-09,690253.0,247866.0,190551657.77865964,70.0288271
2021-05-10,824736.0,303297.0,184404830.1083803,101.01711433999999
2021-05-11,854634.0,312115.0,176209059.88134116,81.79323145000001
2021-05-12,852846.0,300452.0,176209059.88134116,76.98423673000005
2021-05-13,806882.0,276472.0,185896531.25400168,71.87171985999998
2021-05-14,752353.0,266055.0,166839065.28467855,73.24686827
2021-05-15,646899.0,232099.0,153143321.1195184,62.45768819000001
2021-05-16,604353.0,219435.0,164348929.98192218,52.094144130000025
2021-05-17,684281.0,250910.0,150653185.81676203,76.18906998
2021-05-18,619246.0,221018.0,124506765.13781983,67.16487364999998
2021-05-19,734818.0,263419.0,155633456.42227483,122.72468288999998
2021-05-20,694786.0,228039.0,139447576.95435822,132.47635443
2021-05-21,695822.0,226351.0,136957441.6516018,131.01122920000003
2021-05-22,603588.0,223800.0,144427847.55987102,102.38136843000001
2021-05-23,555526.0,194320.0,148163050.51400563,81.40676948000001
2021-05-24,643231.0,234755.0,156878524.07365298,96.80194258
2021-05-25,640506.0,233644.0,153143321.1195184,85.81813125999999
2021-05-26,641585.0,230753.0,151898253.46814018,77.84665827
2021-05-27,602300.0,214035.0,145672915.21124923,66.11477022000001
2021-05-28,616432.0,218311.0,148163050.51400563,69.53506793000003
2021-05-29,537305.0,198332.0,144427847.55987102,47.41632429
2021-05-30,476088.0,179795.0,151858199.84334671,36.61452541999999
2021-05-31,599311.0,226469.0,147526659.02062267,45.48679202
2021-06-01,615006.0,234561.0,148572947.38247102,47.27613502000001
2021-06-02,663855.0,250589.0,173683868.0668324,51.13309673999999
2021-06-03,692529.0,255621.0,153804389.191713,49.88061483999999
2021-06-04,632737.0,236672.0,137063775.4021388,42.341364639999995
2021-06-05,537842.0,194580.0,137063775.4021388,29.640854170000004
2021-06-06,467665.0,185305.0,156943254.27725816,22.5789259
2021-06-07,615279.0,235479.0,139156352.12583557,34.55627144
2021-06-08,656191.0,246906.0,155896965.91540977,35.24722007999999
2021-06-09,581779.0,210911.0,131832333.59289683,33.33885199000002
2021-06-10,679752.0,252983.0,123462026.69810976,46.371332570000014
2021-06-11,616007.0,216502.0,109860277.9940807,40.70747208999999
2021-06-12,584529.0,222774.0,138110063.76398718,35.49080844
2021-06-13,480484.0,187098.0,136724465.12868512,23.211976459999992
2021-06-14,624698.0,242416.0,133766696.2189013,37.66128109000001
2021-06-15,677276.0,241861.0,129803238.5531561,38.74243654999998
2021-06-16,651528.0,252937.0,121876323.22166562,39.0776493
2021-06-17,601894.0,237725.0,128812374.13671976,31.367964579999988
2021-06-18,567037.0,222918.0,122867187.63810194,31.065914510000006
2021-06-19,489074.0,187042.0,102059034.89293952,24.633397950000006
2021-06-20,441204.0,167249.0,104040763.72581212,22.721419750000003
2021-06-21,549345.0,205050.0,104040763.72581212,40.26731550999998
2021-06-22,550948.0,196523.0,90168661.89570382,47.79616557000001
2021-06-23,598493.0,232704.0,100077306.0600669,56.04309666
2021-06-24,594998.0,233278.0,104040763.72581212,48.014583519999995
2021-06-25,564091.0,218245.0,108995085.80799364,44.14298414
2021-06-26,490112.0,181628.0,88186933.06283121,29.41353190000001
2021-06-27,379066.0,124640.0,58461000.569742054,27.102806160000004
2021-06-28,580308.0,217898.0,86205204.22995861,52.71354741999999
2021-06-29,566351.0,205616.0,89177797.47926754,53.15086695
2021-06-30,567655.0,218734.0,88186933.06283121,62.358848449999975
2021-07-01,609509.0,230253.0,94132119.56144907,72.52897938000002
2021-07-02,532456.0,188568.0,89177797.47926754,61.96307909999999
2021-07-03,583136.0,237463.0,98706076.21227616,59.202512710000015
2021-07-04,467442.0,171850.0,82108836.0775171,43.43064993000002
2021-07-05,547735.0,223760.0,94246664.01941094,47.54560696000002
2021-07-06,579824.0,228279.0,101386562.80876024,47.07445328
2021-07-07,568382.0,221227.0,87820755.10899657,37.84812682999998
2021-07-08,580441.0,230719.0,99244593.17195547,29.277984160000003
2021-07-09,569423.0,227511.0,93532674.14047602,26.87704906999999
2021-07-10,485683.0,187263.0,114952370.50852396,19.19544869
2021-07-11,436977.0,166144.0,89248734.86686642,18.537076399999993
2021-07-12,560833.0,220269.0,89962724.74580133,28.721082310000007
2021-07-13,542415.0,229916.0,97102623.53515066,31.732052499999988
2021-07-14,564753.0,236217.0,121378279.41893831,24.91340774
2021-07-15,572802.0,226234.0,91390704.50367121,22.72069488
2021-07-16,552751.0,223466.0,107098481.84023969,17.289337650000007
2021-07-17,458821.0,182047.0,101997588.09440474,12.611708939999998
2021-07-18,422214.0,161122.0,97872242.08868839,12.063143299999998
2021-07-19,552678.0,226803.0,115543619.13247934,18.99841860000001
2021-07-20,571829.0,230509.0,82919538.43624988,17.822994080000004
2021-07-21,571507.0,235680.0,98551910.4365265,14.461766660000004
2021-07-22,571344.0,230282.0,103989257.2192314,14.21047745
2021-07-23,581850.0,231130.0,91755226.95814537,19.320597079999995
2021-07-24,497255.0,198091.0,104668925.56706952,12.816939729999996
2021-07-25,440908.0,174535.0,103989257.2192314,9.733525729999995
2021-07-26,644448.0,261950.0,101950252.17571706,18.280400450000005
2021-07-27,600692.0,255221.0,115543619.13247934,16.07380881000001
2021-07-28,605433.0,251223.0,106707930.61058386,15.548885879999995
2021-07-29,620900.0,262612.0,108746935.65409821,14.995055600000008
2021-07-30,629903.0,255417.0,112824945.7411269,14.572719130000005
2021-07-31,532121.0,207348.0,112465862.12588961,11.2248187
2021-08-01,474430.0,185157.0,110975800.79118258,9.612820950000003
2021-08-02,583866.0,239277.0,103048957.87752669,13.481515990000002
2021-08-03,593856.0,246198.0,121785132.03707698,12.796556289999996
2021-08-04,587149.0,239596.0,98004603.29610927,15.071452990000001
2021-08-05,614597.0,246175.0,115299533.28954034,14.890447050000006
2021-08-06,636514.0,260810.0,114578911.20648071,14.22965964
2021-08-07,529222.0,212229.0,120343887.87095772,10.389359620000002
2021-08-08,482998.0,191623.0,113858289.12342106,9.837215589999998
2021-08-09,611235.0,252660.0,109534556.62506332,13.536098329999996
2021-08-10,626461.0,260968.0,118902643.70483847,13.957605080000002
2021-08-11,631031.0,262437.0,105931446.20976518,13.263662280000004
2021-08-12,605994.0,250961.0,108813934.5420037,12.84363469000001
2021-08-13,639596.0,260624.0,108175319.62792763,23.579736179999994
2021-08-14,520081.0,209074.0,126820808.5468918,10.895738640000001
2021-08-15,474649.0,186239.0,140740165.58252627,9.728880110000004
2021-08-16,628859.0,263529.0,124500915.70761941,16.332771140000002
2021-08-17,618951.0,257766.0,133007189.45161822,15.65187721999999
2021-08-18,604474.0,247333.0,104395177.76725851,15.411591230000003
2021-08-19,613135.0,253447.0,119087832.41598378,12.909055029999998
2021-08-20,676861.0,271837.0,123727618.0945286,15.74679145999999
2021-08-21,555440.0,219407.0,131460594.22543663,11.42035586
2021-08-22,474281.0,190631.0,126820808.5468918,11.626182749999995
2021-08-23,648964.0,270736.0,152339629.77888831,14.336849090000007
2021-08-24,637990.0,263984.0,119087832.41598378,15.003273339999998
2021-08-25,636566.0,263009.0,130687447.2547367,12.856517219999997
2021-08-26,625141.0,258590.0,127844614.11993943,11.575345220000004
2021-08-27,619412.0,256813.0,127844614.11993943,11.915706289999997
2021-08-28,538074.0,218268.0,123466373.91035247,10.702355910000005
2021-08-29,474721.0,191650.0,136601094.53911337,8.73895894
2021-08-30,591561.0,250955.0,118212485.65884812,12.537301139999999
2021-08-31,656399.0,271163.0,126093318.03610466,13.740391869999998
2021-09-01,682571.0,280865.0,119963781.7426829,17.741856400000007
2021-09-02,714181.0,289900.0,130471558.24569161,19.97096727
2021-09-03,686568.0,283991.0,129595910.20377423,18.433869729999994
2021-09-04,574763.0,227732.0,135725446.49719596,11.994310480000005
2021-09-05,506792.0,205066.0,143606278.8744525,10.480771349999998
2021-09-06,627019.0,268877.0,150611463.20979166,17.203333649999998
2021-09-07,662890.0,276624.0,133974150.41336119,18.45604694
2021-09-08,653910.0,270483.0,129910433.67934506,14.707225099999995
2021-09-09,691292.0,274384.0,125412870.36132078,14.120404850000003
2021-09-10,640477.0,261371.0,124497447.94992428,14.113327470000002
2021-09-11,552535.0,218445.0,135482516.8866823,10.836634559999998
2021-09-12,495873.0,192691.0,134567094.4752858,8.565948659999995
2021-09-13,609049.0,255970.0,145552163.4120438,15.269039009999993
2021-09-14,646621.0,268127.0,153790965.11461234,14.832683929999996
2021-09-15,654103.0,268957.0,129989982.41830327,17.058681740000008
2021-09-16,673139.0,271223.0,124497447.94992428,16.78613933000001
2021-09-17,652602.0,271040.0,134567094.4752858,14.980883859999997
2021-09-18,561878.0,227661.0,141890473.7664578,11.593314779999996
2021-09-19,501580.0,200516.0,146467585.8234403,8.247936459999996
2021-09-20,645684.0,270233.0,150129275.4690263,13.886932009999986
2021-09-21,596757.0,244568.0,113928907.44351819,14.776701429999996
2021-09-22,645903.0,275235.0,126546633.84005067,14.017972419999998
2021-09-23,642773.0,268689.0,155822347.6388684,13.782920530000004
2021-09-24,679045.0,277565.0,139767923.94274256,16.13218851
2021-09-25,536442.0,212575.0,135990412.4848306,8.549541450000003
2021-09-26,494512.0,195560.0,131268523.16244063,8.46447735
2021-09-27,613346.0,255873.0,146378568.99408844,12.663846300000005
2021-09-28,620834.0,262292.0,143545435.4006545,13.658091790000002
2021-09-29,589252.0,241991.0,122769122.38213871,11.298469129999996
2021-09-30,706763.0,293074.0,161488614.82573634,14.77442647
2021-10-01,697433.0,277042.0,132212901.02691859,16.25074991
2021-10-02,631501.0,259961.0,177543038.52186212,10.923895470000005
2021-10-03,553275.0,218112.0,141656679.6716985,9.994900940000004
2021-10-04,650133.0,268955.0,147411968.39584854,13.719330879999994
2021-10-05,729159.0,312538.0,162177735.83152118,15.293184800000008
2021-10-06,657752.0,267749.0,129544410.9385932,18.018722450000002
2021-10-07,784172.0,325875.0,139433297.2697835,26.94414508000001
2021-10-08,689788.0,280028.0,118666635.97428384,20.667771960000007
2021-10-09,620238.0,246189.0,148333294.9678548,14.68665122
2021-10-10,536877.0,211506.0,157233292.66592607,12.733580149999993
2021-10-11,676676.0,280184.0,144377740.43537864,20.710443729999998
2021-10-12,673664.0,274155.0,132511076.83795026,19.08640434
2021-10-13,677323.0,288916.0,167122178.99711636,16.82798138
2021-10-14,690594.0,282383.0,135477742.7373074,16.28899281
2021-10-15,744869.0,297746.0,139433297.2697835,20.285905680000006
2021-10-16,674026.0,270052.0,131522188.20483124,15.68890276
2021-10-17,559522.0,215883.0,158222181.29904512,11.342677920000003
2021-10-18,693822.0,285368.0,146534419.32302314,15.829361489999997
2021-10-19,743673.0,312018.0,154737198.72913387,15.007076060000003
2021-10-20,713105.0,291813.0,148747371.68155453,18.745019660000004
2021-10-21,765389.0,320743.0,147749067.17362463,20.276850739999993
2021-10-22,693316.0,287550.0,157732112.25292358,16.166762619999997
2021-10-23,597144.0,223941.0,144754153.64983496,11.144983530000005
2021-10-24,554996.0,211220.0,152740589.71327412,8.981289720000005
2021-10-25,704167.0,284680.0,181691420.4432411,14.023436650000006
2021-10-26,715943.0,294029.0,149745676.18948442,13.725147509999998
2021-10-27,715873.0,292114.0,156733807.7449937,12.545418510000008
2021-10-28,749957.0,295558.0,152740589.71327412,12.981785579999999
2021-10-29,758210.0,305733.0,170710070.85601225,15.656144510000003
2021-10-30,666759.0,252061.0,154737198.72913387,10.417670139999993
2021-10-31,574308.0,217435.0,140175299.14944655,8.990319359999994
2021-11-01,732119.0,293282.0,159350397.00608382,15.308688889999994
2021-11-02,736296.0,297402.0,170117315.72271112,17.50019126999999
2021-11-03,724143.0,288746.0,173347391.33769932,15.93237583999999
2021-11-04,729141.0,289141.0,153966937.6477702,16.38430664
2021-11-05,721315.0,285946.0,166887240.1077229,17.517448909999995
2021-11-06,623103.0,236233.0,165810548.2360602,10.765226660000003
2021-11-07,591980.0,226128.0,164733856.36439747,9.632717740000002
2021-11-08,707131.0,285806.0,145353402.67446837,16.099207829999997
2021-11-09,796734.0,335411.0,163657164.49273473,23.26600511
2021-11-10,743397.0,301025.0,160427088.87774655,18.414890980000003
2021-11-11,724206.0,293665.0,170117315.72271112,15.55562963
2021-11-12,697196.0,282049.0,152890245.77610743,14.885176439999997
2021-11-13,628022.0,238634.0,164733856.36439747,10.69343882
2021-11-14,582647.0,224016.0,175094161.92837763,8.671454749999999
2021-11-15,708944.0,288435.0,170197841.36837798,12.660089460000002
2021-11-16,740829.0,301103.0,169070703.34607086,12.979715739999996
2021-11-17,708703.0,290390.0,167943565.3237637,13.464726200000007
2021-11-18,725020.0,293867.0,162307875.21222803,11.7643974
2021-11-19,713194.0,284719.0,154417909.05607805,13.201343350000004
2021-11-20,634393.0,249652.0,163435013.23453516,12.965309769999998
2021-11-21,586185.0,222949.0,148782218.94454235,9.230594859999998
2021-11-22,676350.0,279165.0,158926461.1453066,12.30824165
2021-11-23,700954.0,283401.0,148782218.94454235,12.288522640000002
2021-11-24,737069.0,298909.0,176960669.50222084,14.018671249999999
2021-11-25,741152.0,287496.0,146527942.89992806,14.858212929999997
2021-11-26,742035.0,292645.0,148782218.94454235,14.573473770000003
2021-11-27,619406.0,240759.0,161180737.1899209,8.44446976
2021-11-28,560812.0,213768.0,155225116.619112,7.360521070000003
2021-11-29,727580.0,301297.0,158774565.17985132,11.133598339999992
2021-11-30,737531.0,293876.0,148781760.37832215,12.639602539999998
2021-12-01,727357.0,288422.0,152112695.31216523,20.561604789999997
2021-12-02,781370.0,313261.0,172098304.91522342,18.879180590000004
2021-12-03,738749.0,290139.0,186532356.29520994,13.282582619999994
2021-12-04,697287.0,253674.0,172098304.91522342,17.45400847999999
2021-12-05,588178.0,215213.0,184311733.00598127,21.845509859999993
2021-12-06,701524.0,284467.0,190973602.87366727,12.987698129999995
2021-12-07,725368.0,288343.0,170987993.2706091,11.38683329
2021-12-08,660440.0,266110.0,186532356.29520994,10.347112210000002
2021-12-09,707394.0,282775.0,180980798.07213816,12.039403259999993
2021-12-10,716381.0,271375.0,173208616.55983782,11.587516069999998
2021-12-11,599422.0,225733.0,176161777.07292455,7.930528290000004
2021-12-12,567489.0,214808.0,168385593.54016247,6.5401876499999965
2021-12-13,690479.0,278211.0,169588347.7797351,12.937332479999995
2021-12-14,684529.0,278275.0,178007627.4567432,11.712147920000001
2021-12-15,707659.0,281103.0,169588347.7797351,11.622151509999998
2021-12-16,664445.0,256206.0,138316737.55084777,10.470706909999999
2021-12-17,660755.0,263495.0,179210381.69631582,12.996682629999995
2021-12-18,616818.0,239170.0,153952542.66529143,8.787180270000006
2021-12-19,557914.0,206719.0,179210381.69631582,6.98352275
2021-12-20,678671.0,266947.0,173196610.49845287,10.997373189999998
2021-12-21,747663.0,304713.0,193643432.5711869,11.896223660000002
2021-12-22,719298.0,288495.0,178007627.4567432,10.850756929999998
2021-12-23,744101.0,291799.0,182818644.41503358,10.978315770000004
2021-12-24,678663.0,260565.0,181615890.175461,12.067905989999998
2021-12-25,580922.0,207803.0,177149566.7855162,8.32231002
2021-12-26,574433.0,198574.0,161682278.52670813,7.7534104899999985
2021-12-27,674082.0,249548.0,178574456.88024485,13.15912641
2021-12-28,729388.0,265422.0,161682278.52670813,17.86068218000001
2021-12-29,741024.0,276083.0,174954704.37591556,16.40915858
2021-12-30,679386.0,245021.0,143583516.00506175,17.654039259999998
2021-12-31,703405.0,269540.0,179781041.0483546,18.072282429999998
2022-01-01,512154.0,186834.0,207532476.9148791,9.313250859999998
2022-01-02,534857.0,196865.0,190640298.56134245,9.25751769
2022-01-03,630932.0,234793.0,168921783.5353667,11.588939960000001
2022-01-04,680570.0,274544.0,177367872.71213505,13.284019999999991
2022-01-05,698013.0,272155.0,180987625.21646434,15.839727270000004
2022-01-06,690161.0,264899.0,176161288.5440253,15.23440191
2022-01-07,667941.0,255381.0,168921783.5353667,14.302949689999997
2022-01-08,591014.0,223920.0,174242949.24269608,9.694179379999998
2022-01-09,568134.0,210143.0,170826076.6426718,7.86552615
2022-01-10,672264.0,266743.0,172037609.10113046,11.455945769999996
2022-01-11,694475.0,277698.0,191422128.4364691,11.710138529999995
2022-01-12,679922.0,271933.0,168403011.72575447,11.660433240000005
2022-01-13,695923.0,274515.0,216864310.0641011,10.43758314
2022-01-14,688859.0,270882.0,192633660.89492777,9.66920485
2022-01-15,619262.0,234373.0,201114388.10413846,7.428472630000001
2022-01-16,569876.0,216151.0,212018180.23026645,6.366740770000002
2022-01-17,638947.0,258141.0,195056725.81184512,9.08946149
2022-01-18,654446.0,265057.0,164768414.35037845,9.476112859999995
2022-01-19,663454.0,270334.0,209595115.3133491,8.660048830000006
2022-01-20,683613.0,271265.0,204748985.47951442,9.943625130000001
2022-01-21,721363.0,272348.0,175442615.30802113,12.146521389999995
2022-01-22,662382.0,250294.0,177474949.66786668,11.144466269999999
2022-01-23,554355.0,203986.0,186746029.1281284,7.684630590000005
2022-01-24,668850.0,270712.0,198665988.43417916,11.637544550000001
2022-01-25,653685.0,265128.0,201314868.2799682,10.852287239999995
2022-01-26,648504.0,261070.0,172177189.9762886,11.989245729999995
2022-01-27,648622.0,255925.0,173501629.89918315,11.650367640000004
2022-01-28,680599.0,264609.0,203963748.12575728,12.53358866
2022-01-29,595231.0,231038.0,197341548.51128462,12.331016270000005
2022-01-30,553241.0,207173.0,193368228.74260104,10.55100293
2022-01-31,671364.0,263410.0,189394908.97391748,13.023316970000005
2022-02-01,687763.0,272984.0,203963748.12575728,14.705298079999997
2022-02-02,680004.0,278985.0,202639308.20286274,12.277100499999994
2022-02-03,664854.0,265344.0,194692668.66549554,10.616929520000003
2022-02-04,651781.0,247946.0,172445464.54596007,13.956679519999998
2022-02-05,673249.0,258646.0,157888391.82261464,14.12773856
2022-02-06,569036.0,219196.0,206979740.54057044,10.267598419999999
2022-02-07,660755.0,262034.0,180443876.3687024,14.545818930000001
2022-02-08,685310.0,276850.0,204326154.12338364,14.503017129999996
2022-02-09,663348.0,265804.0,185751049.20307598,14.578782749999998
2022-02-10,673697.0,260813.0,195038601.66322982,19.58059812
2022-02-11,664971.0,258595.0,188404635.6202628,16.74292024
2022-02-12,604018.0,228189.0,248110330.00696588,12.377311950000008
2022-02-13,590527.0,208977.0,209633326.9577572,8.707643399999995
2022-02-14,630477.0,247592.0,202999360.9147902,11.161085030000006
2022-02-15,680501.0,273623.0,232188811.50384504,12.479707419999999
2022-02-16,677777.0,266788.0,206979740.54057044,10.087183340000003
2022-02-17,665429.0,255573.0,213256529.5453799,9.917910240000007
2022-02-18,672505.0,261055.0,186294128.8834766,9.413693890000005
2022-02-19,573700.0,220673.0,207147949.28088072,6.872953320000004
2022-02-20,549160.0,200535.0,200196675.81507933,5.72791661
2022-02-21,615656.0,237402.0,171001327.25871363,9.555417659999993
2022-02-22,647191.0,260265.0,211318713.36036152,9.152503500000002
2022-02-23,622682.0,251275.0,208538203.974041,8.067131070000002
2022-02-24,676575.0,254139.0,183513619.49715608,10.248720819999997
2022-02-25,687447.0,260340.0,186294128.8834766,11.500665540000002
2022-02-26,582374.0,220423.0,173781836.64503416,6.735534049999998
2022-02-27,583361.0,211164.0,189074638.26979718,6.941008800000008
2022-02-28,702483.0,270918.0,214099222.7466821,9.34059643
2022-03-01,722863.0,280634.0,225221260.29196426,19.430383470000002
2022-03-02,731603.0,288657.0,189074638.26979718,29.265981479999997
2022-03-03,701198.0,268244.0,204908164.05639085,20.2902153
2022-03-04,675228.0,262101.0,190365286.64550212,15.322010519999994
2022-03-05,594977.0,225321.0,168452735.66472492,11.260664489999996
2022-03-06,555454.0,207116.0,179409011.15511352,9.45711786
2022-03-07,648259.0,255441.0,202691096.5721893,11.280762469999999
2022-03-08,659214.0,255771.0,202691096.5721893,10.584156980000001
2022-03-09,702360.0,272805.0,188995752.20920354,11.261299100000004
2022-03-10,687025.0,261553.0,198582493.2632936,11.649466789999998
2022-03-11,659116.0,252383.0,188995752.20920354,11.0320505
2022-03-12,592255.0,225148.0,213647372.0625779,7.884152659999999
2022-03-13,554544.0,208092.0,206799699.88108504,6.7718509
2022-03-14,658358.0,259592.0,209538768.75368217,10.311670240000003
2022-03-15,679170.0,263178.0,190365286.64550212,9.8162698
2022-03-16,721364.0,276390.0,212277837.6262793,10.225095390000005
2022-03-17,743399.0,278800.0,217523034.50856918,10.508906589999992
2022-03-18,700248.0,261318.0,195149454.73662692,10.594884019999995
2022-03-19,638704.0,242424.0,211525632.75648364,8.045843870000002
2022-03-20,572086.0,210547.0,210160951.25482893,6.458943799999999
2022-03-21,663684.0,259912.0,208796269.7531742,9.490092379999998
2022-03-22,681184.0,264569.0,203337543.74655527,10.8074481
2022-03-23,671738.0,264182.0,197878817.73993632,10.826884389999998
2022-03-24,677148.0,262987.0,195149454.73662692,11.375784269999999
2022-03-25,752938.0,290719.0,212890314.25813842,12.908835439999997
2022-03-26,611979.0,231031.0,219713721.76641208,8.185598199999998
2022-03-27,589872.0,218202.0,178773276.7167701,7.476992970000005
2022-03-28,720718.0,293304.0,216984358.7631026,10.815168119999997
2022-03-29,706611.0,286940.0,206066906.74986473,9.959339
2022-03-30,662686.0,272864.0,184232002.723389,11.172714079999997
2022-03-31,711182.0,279210.0,194247387.85170582,16.598953850000004
2022-04-01,738464.0,284105.0,200371606.28467658,19.628647410000006
2022-04-02,660755.0,254442.0,191845154.95341378,12.947828550000004
2022-04-03,585946.0,225564.0,197529455.84092233,10.435895970000002
2022-04-04,691360.0,275106.0,224529885.05658796,12.551040040000004
2022-04-05,692888.0,273430.0,206055907.17218518,10.881241830000004
2022-04-06,666088.0,273640.0,213161283.28157085,10.290865589999996
2022-04-07,677721.0,269404.0,196108380.6190452,10.039681349999997
2022-04-08,685851.0,266805.0,190424079.73153663,11.471286850000002
2022-04-09,597681.0,232792.0,217424508.94720227,8.1504687
2022-04-10,551596.0,216446.0,198950531.06279945,6.82969558
2022-04-11,684991.0,276623.0,194687305.39716807,10.507280689999998
2022-04-12,683425.0,278839.0,217424508.94720227,10.714575820000004
2022-04-13,682050.0,276968.0,198950531.06279945,11.86276116
2022-04-14,673582.0,265537.0,194492275.55499536,11.061240960000003
2022-04-15,666824.0,254831.0,221692722.83303383,8.863154869999999
2022-04-16,600335.0,225486.0,188017878.85839576,6.426936649999999
2022-04-17,557466.0,207324.0,231514552.3256366,5.341647119999999
2022-04-18,631282.0,246421.0,188017878.85839576,8.516320940000004
2022-04-19,697163.0,273168.0,173986693.86896327,9.369770330000001
2022-04-20,703937.0,285655.0,224498959.83092037,8.896209129999994
2022-04-21,710624.0,282438.0,237127026.3214096,10.872591589999999
2022-04-22,671463.0,260930.0,189420997.35733905,10.968648280000002
2022-04-23,613940.0,234978.0,228708315.3277501,8.203158969999999
2022-04-24,581643.0,221992.0,239933263.31929615,6.721748970000001
2022-04-25,680074.0,277417.0,227305196.82880685,12.818948070000003
2022-04-26,689345.0,273297.0,196436589.85205528,11.307777759999992
2022-04-27,697020.0,287105.0,243130347.43116814,11.164919310000005
2022-04-28,697124.0,275765.0,195503620.58301136,11.27300063
2022-04-29,729033.0,286563.0,222163205.20796743,13.625224119999997
2022-04-30,684282.0,261630.0,222163205.20796743,10.461626430000004
2022-05-01,625556.0,232322.0,247341701.7982037,7.81516491
2022-05-02,687096.0,272206.0,236974085.55516526,10.650025110000001
2022-05-03,692327.0,277895.0,222163205.20796743,9.665812450000004
2022-05-04,615048.0,233045.0,216238853.06908828,12.61590688
2022-05-05,778504.0,315759.0,232530821.4510059,22.340750540000002
2022-05-06,723743.0,286887.0,210314500.93020916,16.961606970000002
2022-05-07,609656.0,231623.0,211795588.96492898,13.781268220000005
2022-05-08,597305.0,233892.0,229568645.3815663,12.239537570000005
2022-05-09,705421.0,279511.0,229568645.3815663,19.787603760000014
2022-05-10,714602.0,279658.0,226823707.2333046,17.440956460000006
2022-05-11,694927.0,262683.0,225257597.8912952,21.61481428
2022-05-12,730516.0,274204.0,209722591.14017138,29.659489130000015
2022-05-13,727914.0,269880.0,236132102.61708185,31.539118490000007
2022-05-14,725013.0,290225.0,219043595.19084564,25.599530440000013
2022-05-15,599841.0,235433.0,189527082.3637104,16.286009210000003
2022-05-16,663779.0,272134.0,254774110.71843037,21.013812750000007
2022-05-17,683798.0,278496.0,228364599.24151993,18.911246129999995
2022-05-18,646333.0,262907.0,208169090.46505895,16.539443690000002
2022-05-19,662000.0,262479.0,189527082.3637104,17.08973074
2022-05-20,668605.0,267034.0,198848086.4143847,17.100253079999995
2022-05-21,579268.0,225225.0,209722591.14017138,12.030804259999996
2022-05-22,535873.0,209047.0,189527082.3637104,11.647103809999999
2022-05-23,638912.0,265106.0,248560108.0179809,15.826691359999996
2022-05-24,600094.0,235866.0,186420081.01348567,16.170412349999996
2022-05-25,700322.0,288842.0,219801139.27751222,19.46775853999999
2022-05-26,653373.0,262367.0,209555369.85718095,17.62638696999999
2022-05-27,688580.0,270453.0,205096744.96660265,17.454313139999996
2022-05-28,576357.0,226794.0,219958827.93519703,11.820500789999995
2022-05-29,530365.0,207859.0,221445036.23205647,9.962765560000001
2022-05-30,644720.0,271819.0,228876077.71635368,13.33812083
2022-05-31,685567.0,276273.0,216986411.34147817,13.704035039999996
2022-06-01,683372.0,272165.0,202124328.37288374,18.81294327
2022-06-02,664442.0,264901.0,185776037.10742992,19.52585209
2022-06-03,678027.0,267517.0,212527786.45089987,18.093262669999994
2022-06-04,569230.0,218629.0,206582953.2634621,12.5750603
2022-06-05,538083.0,201341.0,216986411.34147817,9.452513969999998
2022-06-06,652057.0,268921.0,222931244.5289159,12.70170594
2022-06-07,648390.0,263641.0,240765744.0912292,11.78082081
2022-06-08,656376.0,261597.0,266405768.7361438,10.82665856
2022-06-09,661923.0,262105.0,219787040.37955952,10.072286050000002
2022-06-10,669839.0,261856.0,221292431.06709072,13.5712683
2022-06-11,589547.0,230002.0,231830165.87980935,11.279893399999999
2022-06-12,557721.0,215473.0,191184617.31646615,9.70808071
2022-06-13,708381.0,272503.0,200216961.44165352,28.14786917000001
2022-06-14,717234.0,283231.0,219787040.37955952,26.092143590000006
2022-06-15,732637.0,296312.0,248389463.44265285,25.76594979
2022-06-16,662185.0,251253.0,179141491.81621632,23.363162420000005
2022-06-17,663831.0,251574.0,162582194.2533728,21.809825089999997
2022-06-18,654430.0,247890.0,234840947.25487182,20.936404599999996
2022-06-19,548972.0,199777.0,200216961.44165352,12.867996820000004
2022-06-20,605998.0,236636.0,198711570.75412232,15.159494439999998
2022-06-21,647716.0,254438.0,225808603.12968442,16.311170560000004
2022-06-22,639691.0,255472.0,193273708.26929793,16.955184179999996
2022-06-23,633984.0,255213.0,223431040.49785998,14.806526529999994
2022-06-24,650157.0,254348.0,189622396.21199957,16.16066344
2022-06-25,557791.0,218017.0,221961099.44195303,13.383526020000001
2022-06-26,528289.0,206755.0,202851865.7151624,12.73963608
2022-06-27,621986.0,258883.0,199911983.60334843,14.389842699999999
2022-06-28,624229.0,248080.0,214611394.16241816,14.097814260000005
2022-06-29,654949.0,265079.0,221961099.44195303,13.474558510000005
2022-06-30,699397.0,271213.0,251359920.5600925,16.563506569999994
2022-07-01,714094.0,271874.0,196972101.49153444,18.099222100000002
2022-07-02,614214.0,235096.0,202851865.7151624,13.299660700000004
2022-07-03,548190.0,206333.0,227840863.6655809,9.999365670000007
2022-07-04,610225.0,240385.0,210201570.99469727,13.56007377999999
2022-07-05,616343.0,245829.0,173453044.59702292,19.729530310000005
2022-07-06,687966.0,267118.0,186682514.1001857,24.48460198999999
2022-07-07,691644.0,281435.0,227544125.37384427,24.384311449999995
2022-07-08,682201.0,268331.0,214480636.40419686,22.855290490000005
2022-07-09,576270.0,220708.0,194191927.5551512,15.831919260000001
2022-07-10,523353.0,199369.0,221726603.8502846,12.735425889999995
2022-07-11,590261.0,229482.0,178250799.1737582,15.348116379999997
2022-07-12,657668.0,275378.0,218828216.87184954,17.361912600000007
2022-07-13,597185.0,222657.0,159411283.8139301,23.022881029999997
2022-07-14,685931.0,286894.0,179699992.6629758,31.514266180000003
2022-07-15,661194.0,269269.0,205785475.4688916,26.064093880000005
2022-07-16,577967.0,226638.0,214480636.40419686,18.277772789999993
2022-07-17,519659.0,202157.0,179699992.6629758,15.801462510000006
2022-07-18,611990.0,247895.0,189844347.0874986,22.311000660000005
2022-07-19,682638.0,279950.0,199988701.51202142,26.684354779999996
2022-07-20,642244.0,260195.0,182598379.64141086,25.64368542000001
2022-07-21,686329.0,273976.0,199187652.45519632,24.191234770000005
2022-07-22,650694.0,263276.0,181711862.6387281,21.746582989999997
2022-07-23,572761.0,223744.0,211997173.07851613,13.450465029999998
2022-07-24,531268.0,199919.0,216126988.13848722,10.677899700000001
2022-07-25,629329.0,253417.0,195477912.83863172,12.659784689999997
2022-07-26,655695.0,264861.0,220256803.19845834,14.563572740000005
2022-07-27,644191.0,255930.0,227139828.29841012,12.14846598
2022-07-28,697022.0,287254.0,194101307.8186414,16.141326599999996
2022-07-29,708268.0,281608.0,200984332.91859323,15.169291159999998
2022-07-30,601643.0,232696.0,177582047.57875702,12.478252440000006
2022-07-31,561055.0,209042.0,209243963.0385354,10.946482859999996
2022-08-01,635502.0,249610.0,187218282.71868956,14.450534099999997
2022-08-02,663588.0,266968.0,213373778.09850645,15.17426654
2022-08-03,693063.0,282037.0,199607727.89860287,15.576572400000005
2022-08-04,695558.0,279707.0,183173748.80206442,17.5691281
2022-08-05,687443.0,268463.0,210085555.03954557,19.59420281
2022-08-06,610889.0,237677.0,225491829.07577893,13.550944609999997
2022-08-07,522072.0,196161.0,222690688.3419183,11.103388310000003
2022-08-08,652517.0,256582.0,201682132.83796376,15.522830250000007
2022-08-09,646055.0,256233.0,200281562.47103348,22.94095828
2022-08-10,663480.0,264566.0,207284414.30568495,19.064886800000007
2022-08-11,725127.0,287356.0,196079851.3702425,18.64861835
2022-08-12,703328.0,273661.0,215687836.5072668,17.287081850000003
2022-08-13,613804.0,233308.0,194679281.00331223,11.569899080000006
2022-08-14,551189.0,205350.0,186275858.8017304,7.940145240000001
2022-08-15,620533.0,241934.0,203082703.20489404,10.516783190000002
2022-08-16,677726.0,273896.0,207284414.30568495,11.793985050000002
2022-08-17,648642.0,256127.0,180673577.33400917,15.181718970000006
2022-08-18,685923.0,291921.0,202403376.03316846,14.945102959999998
2022-08-19,736405.0,279910.0,250867150.78611156,13.829029049999992
2022-08-20,597278.0,222722.0,209995536.33219454,9.04033101
2022-08-21,549247.0,205435.0,205767438.2852376,7.9226078700000055
2022-08-22,629040.0,250534.0,204358072.2695853,10.548105880000003
2022-08-23,641154.0,256928.0,242410954.69219768,11.490086569999997
2022-08-24,649399.0,256606.0,205767438.2852376,9.779415539999999
2022-08-25,656808.0,260460.0,224089196.48871768,10.89698816
2022-08-26,686060.0,262722.0,248048418.754807,11.316776899999999
2022-08-27,605125.0,225420.0,204358072.2695853,8.786082980000005
2022-08-28,547812.0,202109.0,226907928.52002233,7.495430409999999
2022-08-29,641513.0,252235.0,221270464.45741308,11.008257659999996
2022-08-30,660170.0,262445.0,228317294.5356746,12.100508229999999
2022-08-31,652024.0,260425.0,219862688.89188153,13.0560369
2022-09-01,685449.0,268022.0,212503108.15739748,14.71813337
2022-09-02,710783.0,270588.0,198644209.79930627,18.277006289999996
2022-09-03,641511.0,242597.0,226362006.5154886,14.517866340000005
2022-09-04,541540.0,204538.0,258699436.01770127,10.468580169999997
2022-09-05,628765.0,250179.0,235601272.08754936,14.051682599999998
2022-09-06,657784.0,268125.0,218662618.53877124,15.29135514
2022-09-07,676262.0,265239.0,224822128.92014512,14.779833100000005
2022-09-08,685564.0,262863.0,195564454.60861945,15.388841480000002
2022-09-09,753468.0,290849.0,226362006.5154886,17.518217639999996
2022-09-10,646199.0,241936.0,241760782.46892318,12.414737120000003
2022-09-11,607174.0,220361.0,281797599.94785315,10.218868389999999
2022-09-12,665425.0,268971.0,235601272.08754936,12.97488111999999
2022-09-13,663498.0,260108.0,211972242.0735515,15.56089316
2022-09-14,687667.0,270309.0,202308899.97494468,17.119207890000002
2022-09-15,700513.0,277041.0,234168569.26233754,17.305996939999993
2022-09-16,706574.0,261361.0,203901883.4393143,19.074281950000003
2022-09-17,641808.0,247863.0,270807188.94283926,16.84695896
2022-09-18,556563.0,212396.0,245319453.51292506,12.176171550000005
2022-09-19,631537.0,253795.0,207087850.36805362,13.115112329999999
2022-09-20,650202.0,269773.0,242133486.58418575,14.740804660000006
2022-09-21,632611.0,260924.0,224610668.47611964,14.007190430000005
2022-09-22,614742.0,245794.0,203901883.4393143,12.921849560000002
2022-09-23,689899.0,281419.0,215052767.68990183,15.76017685
2022-09-24,588364.0,228040.0,232575585.79796788,11.208016030000003
2022-09-25,574037.0,212009.0,234168569.26233754,10.51389711
2022-09-26,614435.0,259311.0,238947519.65544644,14.465445650000003
2022-09-27,648681.0,271117.0,205494866.90368393,16.78181016000001
2022-09-28,620268.0,264048.0,234283743.87934902,14.034274380000005
2022-09-29,652313.0,267342.0,222928606.67506388,14.876380000000003
2022-09-30,717755.0,286672.0,263461080.61598453,16.583648199999992
2022-10-01,627906.0,241993.0,282168376.2810249,12.312377590000002
2022-10-02,570649.0,213646.0,244753784.95094424,9.031768799999998
2022-10-03,656236.0,273820.0,240076961.03468415,11.480007599999997
2022-10-04,655477.0,278744.0,254107432.78346437,10.254465289999999
2022-10-05,644568.0,267021.0,272814728.44850475,9.209774780000005
2022-10-06,677796.0,278204.0,247871667.56178424,10.175776840000001
2022-10-07,675013.0,270191.0,266578963.2268246,10.589537800000004
2022-10-08,610636.0,235498.0,272814728.44850475,6.680587199999998
2022-10-09,553851.0,211238.0,246312726.25636423,5.9324118200000004
2022-10-10,619704.0,258286.0,281762541.4868823,8.094368549999999
2022-10-11,635320.0,266451.0,277924882.20287925,8.843538890000007
2022-10-12,646003.0,261196.0,242520438.6101558,9.430387910000002
2022-10-13,691476.0,281093.0,253141771.68797284,14.791093839999995
2022-10-14,694651.0,284648.0,276154660.02324307,14.972679840000005
2022-10-15,612380.0,241758.0,269073771.3046984,9.297972970000002
2022-10-16,558957.0,212919.0,254911993.867609,8.21248342
2022-10-17,613662.0,260471.0,265533326.94542602,13.04780993
2022-10-18,615413.0,257694.0,251371549.5083366,16.721900499999993
2022-10-19,612805.0,263517.0,267303549.1250622,16.729979620000012
2022-10-20,633545.0,263986.0,256682216.04724517,12.782906639999995
2022-10-21,671089.0,270741.0,276154660.02324307,11.793922260000006
2022-10-22,598580.0,233097.0,240750216.43051958,9.275672059999996
2022-10-23,582380.0,217872.0,274506216.9071191,7.755342119999997
2022-10-24,629949.0,264486.0,249031192.74934924,11.951984580000001
2022-10-25,601629.0,248540.0,223395628.7898574,16.798805109999993
2022-10-26,683262.0,306069.0,283822315.2658024,23.54978160000001
2022-10-27,648360.0,267995.0,247200081.03795698,17.359527899999996
2022-10-28,679257.0,283035.0,291146762.1113715,18.72427351
2022-10-29,668004.0,252661.0,261848974.7290952,14.665163750000003
2022-10-30,594597.0,222138.0,247200081.03795698,12.734305290000005
2022-10-31,667561.0,284125.0,316782326.0708633,15.408546639999997
2022-11-01,666319.0,276192.0,263680086.4404874,14.951825980000002
2022-11-02,630399.0,257467.0,223395628.7898574,16.72286641000001
2022-11-03,716406.0,297039.0,300302320.6683329,18.920827809999988
2022-11-04,689430.0,281515.0,236213410.7696033,19.657448959999996
2022-11-05,648416.0,257198.0,276497868.4202333,16.01921818999999
2022-11-06,577334.0,223404.0,250862304.46074155,13.763168760000001
2022-11-07,643216.0,264869.0,263186945.48747677,15.888307670000003
2022-11-08,719305.0,295778.0,297875786.9173795,21.878516740000006
2022-11-09,754032.0,292265.0,272291363.5011629,24.963782759999997
2022-11-10,774942.0,292831.0,268636445.8702748,24.337801560000006
2022-11-11,747386.0,284467.0,244879481.2695022,21.931110170000007
2022-11-12,677645.0,239254.0,305185622.17915577,16.182201490000004
2022-11-13,656286.0,227644.0,235742187.19228196,16.368784639999998
2022-11-14,661596.0,242416.0,224777434.2996177,22.849395859999998
2022-11-15,703644.0,283090.0,283256116.39382714,36.313109970000006
2022-11-16,670368.0,268373.0,274118822.31660694,35.522876789999984
2022-11-17,636467.0,248465.0,252189316.5312784,34.54296318999999
2022-11-18,697975.0,282091.0,254016775.34672245,43.728193619999985
2022-11-19,647807.0,260694.0,268636445.8702748,27.05581977
2022-11-20,595776.0,229923.0,272375605.3694332,19.441188710000002
2022-11-21,661220.0,270779.0,236949653.97082296,25.365681919999993
2022-11-22,623451.0,253235.0,231439196.90173405,26.78202381000001
2022-11-23,696412.0,273997.0,258991482.2471786,28.849842879999994
2022-11-24,642832.0,254639.0,236949653.97082296,27.963748599999995
2022-11-25,640008.0,258341.0,225928739.83264518,27.05300031
2022-11-26,598183.0,229735.0,200213273.51023027,23.656080399999993
2022-11-27,568789.0,222672.0,249807387.13203046,17.780746309999998
2022-11-28,630827.0,262636.0,255317844.20111936,22.940244020000005
2022-11-29,658815.0,271512.0,240623292.0168823,23.247694430000003
2022-11-30,656181.0,271416.0,253481025.1780897,27.12249692
2022-12-01,704310.0,285467.0,281033310.52353424,29.317239309999994
2022-12-02,686664.0,271725.0,229602377.87870446,28.777946439999994
2022-12-03,650867.0,250951.0,240623292.0168823,23.08110451000001
2022-12-04,570337.0,219810.0,257154663.22414896,16.896306259999992
2022-12-05,654949.0,274064.0,268175577.36232677,21.331829059999997
2022-12-06,637825.0,262438.0,231289584.01772717,22.499145849999998
2022-12-07,652144.0,272328.0,292794732.7377177,18.324438660000006
2022-12-08,646079.0,263838.0,284283257.94883054,14.875923830000003
2022-12-09,662365.0,265668.0,258748833.58216918,13.758093820000004
2022-12-10,617455.0,241668.0,262153423.49772403,12.258936410000002
2022-12-11,570664.0,217788.0,250237358.793282,8.19227598
2022-12-12,639530.0,262646.0,243428178.96217236,12.61235304
2022-12-13,710573.0,287224.0,280878668.0332757,13.220870679999997
2022-12-14,673994.0,276441.0,251939653.75105944,15.09499795999999
2022-12-15,691792.0,276713.0,236618999.1310626,20.34853506
2022-12-16,675745.0,254176.0,221298344.51106575,16.566317870000002
2022-12-17,675840.0,263200.0,234916704.1732852,17.43271938
2022-12-18,559608.0,212673.0,246832768.87772718,11.580907439999999
2022-12-19,625817.0,259096.0,233961255.1644386,18.069058319999993
2022-12-20,653824.0,268893.0,246114015.1556391,18.05089091
2022-12-21,653064.0,272491.0,251387886.90897432,16.529144940000005
2022-12-22,665463.0,271181.0,237324228.90008065,17.139276409999997
2022-12-23,680283.0,273926.0,232050357.14674553,17.374282509999997
2022-12-24,562534.0,213339.0,156458195.34894204,17.63921588
2022-12-25,522307.0,205314.0,247871972.40675086,13.708164819999999
2022-12-26,548937.0,223504.0,226776485.39341035,17.542172259999997
2022-12-27,593337.0,239359.0,202165083.87784645,23.851985059999993
2022-12-28,661225.0,272949.0,295336818.18676704,20.678244829999993
2022-12-29,668338.0,265955.0,247871972.40675086,20.581819499999995
2022-12-30,726125.0,291015.0,277757245.6756499,21.794251199999998
2022-12-31,618594.0,242325.0,274241331.1734265,12.180264259999996
2023-01-01,509337.0,187516.0,272483373.92231476,7.112755269999999
2023-01-02,575250.0,229347.0,274241331.1734265,8.824292550000001
2023-01-03,645565.0,272055.0,261883481.8059322,12.727828579999997
2023-01-04,652878.0,277936.0,242356482.01087618,14.774281600000002
2023-01-05,682119.0,279391.0,266083690.039913,14.271284650000005
2023-01-06,685990.0,276071.0,305064103.23047346,13.201948180000006
2023-01-07,601071.0,246679.0,260999288.3194051,8.396861959999994
2023-01-08,565595.0,228488.0,259304487.74590245,6.781967409999997
2023-01-09,662916.0,287347.0,257609687.17239982,10.866636119999995
2023-01-10,695664.0,302809.0,286421296.9219445,11.15949274
2023-01-11,661284.0,287494.0,249135684.30488667,12.423635660000004
2023-01-12,717816.0,315980.0,255914886.59889722,16.51553844000001
2023-01-13,743545.0,316549.0,269473291.1869182,16.624897999999995
2023-01-14,725858.0,309880.0,289810898.0689498,14.02600690000001
2023-01-15,605147.0,252086.0,280250606.7848099,7.979662749999998
2023-01-16,677371.0,302804.0,274688843.2470833,10.301662030000005
2023-01-17,680259.0,308715.0,291506527.527517,12.94528909
2023-01-18,681758.0,300045.0,261608422.14007932,16.09240569999999
2023-01-19,684950.0,298919.0,270951580.07365364,16.2243167
2023-01-20,702080.0,295822.0,246659369.44636056,19.557875499999998
2023-01-21,676478.0,287860.0,257871158.96664968,16.32874344
2023-01-22,610248.0,250760.0,282163369.59394276,13.757078050000006
2023-01-23,651866.0,293709.0,295243790.7009466,14.924903609999998
2023-01-24,660507.0,292970.0,241053474.68621597,16.92996076
2023-01-25,687864.0,306681.0,327010527.67509925,12.9467282
2023-01-26,669489.0,296263.0,289637895.9408021,12.096030559999997
2023-01-27,699439.0,303179.0,287769264.3540873,14.302310940000005
2023-01-28,637939.0,268849.0,313930106.5680952,11.61323579
2023-01-29,616633.0,258583.0,311001352.7915209,8.463755600000002
2023-01-30,667280.0,309909.0,269948142.5149194,11.292110209999999
2023-01-31,709466.0,313500.0,224956785.42909947,18.615042980000005
2023-02-01,745886.0,345561.0,267991996.55466637,22.09847212999999
2023-02-02,752262.0,340169.0,283641164.23669064,21.857902910000007
2023-02-03,738211.0,315951.0,260167412.7136542,24.340816740000005
2023-02-04,691143.0,304495.0,266035850.5944133,20.355688760000003
2023-02-05,594717.0,254113.0,297334185.95846194,13.976726330000005
2023-02-06,663760.0,301977.0,289509602.11744976,18.42761143
2023-02-07,688379.0,300429.0,277772726.3559315,22.20210172999999
2023-02-08,682912.0,316963.0,269948142.5149194,18.393597170000007
2023-02-09,783722.0,369499.0,316895645.5609923,21.55106488000002
2023-02-10,700869.0,300092.0,287553456.1571967,26.862627800000002
2023-02-11,654726.0,280319.0,291465748.0777028,22.590634919999992
2023-02-12,617837.0,259642.0,313943411.7760057,18.812502770000002
2023-02-13,666916.0,299329.0,303650131.9290037,24.259215849999997
2023-02-14,675701.0,302653.0,299757181.5196575,25.814571790000006
2023-02-15,723537.0,325460.0,317275458.3617154,35.349028140000016
2023-02-16,759215.0,344711.0,348419061.63648504,31.270730969999995
2023-02-17,716489.0,321260.0,321168408.7710616,26.678259050000005
2023-02-18,656568.0,276798.0,327007834.38508093,19.94819627
2023-02-19,569883.0,240406.0,315328983.1570423,15.39227625
2023-02-20,615969.0,270081.0,286131855.0869458,17.877025799999995
2023-02-21,654981.0,290457.0,325061359.18040776,17.32064879
2023-02-22,660490.0,282319.0,272506528.65423405,18.450576930000008
2023-02-23,693262.0,290728.0,332847259.9991002,19.023104210000007
2023-02-24,695824.0,294562.0,262774152.6308686,18.53531737
2023-02-25,626600.0,258413.0,227840889.77873334,15.959074009999993
2023-02-26,628404.0,277103.0,359556658.1833338,15.062250590000007
2023-02-27,644967.0,292748.0,299630548.4861114,22.653527710000013
2023-02-28,731797.0,332358.0,293209893.8756949,25.81843208000001
2023-03-01,826824.0,381932.0,363837094.5902782,25.83815714
2023-03-02,726383.0,330047.0,308191421.3000004,23.938510730000015
2023-03-03,807383.0,355273.0,359556658.1833338,27.89011407
2023-03-04,678996.0,306300.0,325313166.92777824,20.186608340000006
2023-03-05,630099.0,286638.0,331733821.53819484,17.510876130000007
2023-03-06,671836.0,316016.0,282508802.8583337,24.02745285999999
2023-03-07,771846.0,362082.0,353136003.57291716,25.641506739999997
2023-03-08,656385.0,292493.0,284649021.0618059,26.25555846999999
2023-03-09,700965.0,336854.0,288929457.4687504,44.796256809999996
2023-03-10,762121.0,329334.0,291564668.6842239,43.94455142999999
2023-03-11,721567.0,319707.0,357219695.9219277,27.257424540000006
2023-03-12,621363.0,265555.0,348559824.50563854,21.36544776
2023-03-13,725571.0,333107.0,339899953.08934945,26.126984639999993
2023-03-14,728811.0,327892.0,316085306.6945542,37.16891206
2023-03-15,750215.0,345059.0,318250274.5486265,33.65361796
2023-03-16,687640.0,295049.0,290105692.4456867,33.40128666999999
2023-03-17,768841.0,338823.0,318250274.5486265,42.51131127999999
2023-03-18,691597.0,296890.0,350724792.3597108,34.92705099999999
2023-03-19,619482.0,269131.0,320415242.4026988,28.555729729999992
2023-03-20,725399.0,341288.0,333405049.5271326,29.662227979999997
2023-03-21,708659.0,327932.0,313920338.84048194,28.886597120000012
2023-03-22,688658.0,297575.0,344229888.79749393,35.35143002000001
2023-03-23,677191.0,295245.0,398152679.74955547,39.111121489999995
2023-03-24,683787.0,292095.0,377232885.49311894,44.3243801
2023-03-25,659846.0,290197.0,337646718.49692744,30.59583649
2023-03-26,594775.0,261243.0,335318120.4383279,21.867617579999987
2023-03-27,668827.0,296557.0,344632512.6727259,23.156554659999998
2023-03-28,684623.0,316281.0,312032139.85233283,28.01496872999999
2023-03-29,727221.0,334637.0,342303914.6141264,27.534690559999987
2023-03-30,727172.0,326347.0,360932699.0829224,27.52450894
2023-03-31,732643.0,308386.0,328332326.2625294,32.546841099999995
2023-04-01,702374.0,319646.0,326003728.2039299,31.523493039999998
2023-04-02,659613.0,341622.0,346961110.73132545,24.467191630000006
2023-04-03,681747.0,332870.0,305046345.6765345,27.705156450000015
2023-04-04,809319.0,421130.0,377232885.49311894,33.83075424999999
2023-04-05,719774.0,346885.0,323675130.1453304,32.05316881000001
2023-04-06,740308.0,354019.0,375327217.1632722,32.91813282999998
2023-04-07,739977.0,355031.0,338032942.16648775,27.01238270999999
2023-04-08,661759.0,318505.0,349935510.5526316,21.895544680000004
2023-04-09,570129.0,278404.0,347554996.87540287,16.906771399999997
2023-04-10,633252.0,289625.0,292803182.2991408,21.77457393999999
2023-04-11,793340.0,385002.0,366599106.2932332,31.058914180000006
2023-04-12,714277.0,338102.0,380882188.3566059,24.604784269999996
2023-04-13,720191.0,332042.0,338032942.16648775,25.93528788999999
2023-04-14,729076.0,315959.0,333271914.81203014,27.739714300000003
2023-04-15,644020.0,276185.0,376121161.0021483,21.196562720000006
2023-04-16,558992.0,232268.0,295183695.97636956,15.947947189999997
2023-04-17,665181.0,316193.0,368979619.9704619,20.837154240000007
2023-04-18,680093.0,312522.0,395165270.4199787,20.363491979999996
2023-04-19,680099.0,301722.0,330891401.13480145,20.905920229999992
2023-04-20,675813.0,296683.0,319313867.4340018,21.23996344000001
2023-04-21,771581.0,352218.0,351118490.9644334,24.09019709000002
2023-04-22,652782.0,354752.0,360804518.3013832,16.3903462
2023-04-23,604273.0,432760.0,355961504.6329083,13.67490748
2023-04-24,634746.0,360173.0,341432463.6274834,20.560218520000003
2023-04-25,663868.0,369843.0,302688354.2796839,26.715879630000018
2023-04-26,668682.0,436461.0,314795888.4508713,33.09136423999998
2023-04-27,673213.0,418912.0,314795888.4508713,41.764620980000004
2023-04-28,725813.0,483522.0,355961504.6329083,45.871623960000036
2023-04-29,628996.0,486031.0,331746436.2905336,42.83166169
2023-04-30,612597.0,568516.0,358383011.4671458,47.64650049999998
2023-05-01,697731.0,682281.0,440714243.83121973,69.26942018
2023-05-02,620729.0,457708.0,312374381.6166337,114.14121359000002
2023-05-03,728440.0,489559.0,341432463.6274834,124.19698519999992
2023-05-04,680011.0,491123.0,351888475.1483047,113.47645017000005
2023-05-05,652054.0,411429.0,283977798.47865146,134.96713092000002
2023-05-06,619770.0,601134.0,355568840.1119249,182.03461341000002
2023-05-07,482095.0,607883.0,331705159.5675005,403.91903786
2023-05-08,552358.0,575051.0,326932423.4586156,635.35380034
2023-05-09,586519.0,598256.0,360341576.2208098,440.26574468999996
2023-05-10,686423.0,671668.0,405682569.25521636,339.7677186100001
2023-05-11,596717.0,546549.0,360341576.2208098,194.37812240000002
2023-05-12,604937.0,509159.0,336477895.6763853,173.44342629
2023-05-13,553742.0,575640.0,346023367.89415514,108.78997678000006
2023-05-14,565005.0,631677.0,415228041.47298616,88.42138683000006
2023-05-15,579485.0,526379.0,350796104.00303996,89.81371373
2023-05-16,625496.0,566462.0,365114312.32969475,113.01084452000005
2023-05-17,627113.0,583454.0,381818888.7107919,93.11371895999997
2023-05-18,603811.0,476704.0,344768089.144806,106.90014765000001
2023-05-19,664491.0,515474.0,369469365.7613961,116.54596239999998
2023-05-20,559902.0,423736.0,322669912.76495266,85.19281153999995
2023-05-21,542208.0,486625.0,371932494.8664721,71.45591598999998
2023-05-22,604303.0,499281.0,354690591.1309403,70.97206966
2023-05-23,636984.0,519870.0,379321882.1817001,69.74632323999997
2023-05-24,617027.0,405521.0,347301203.81571233,64.87007901999998
2023-05-25,689359.0,460167.0,371932494.8664721,91.86642855999999
2023-05-26,738629.0,532373.0,376858753.07662404,97.82995501000003
2023-05-27,672783.0,471633.0,357153720.2360163,62.085646120000014
2023-05-28,647993.0,496158.0,394100656.8121559,62.56858108
2023-05-29,664954.0,550324.0,399026915.0223079,71.13058148999998
2023-05-30,713954.0,515246.0,379321882.1817001,79.86678898999996
2023-05-31,709100.0,421579.0,349729770.9452385,68.62409598000004
2023-06-01,678136.0,355986.0,336187209.4940784,70.13588614000001
2023-06-02,721266.0,479437.0,417687139.0684004,74.86202740999998
2023-06-03,635282.0,381453.0,331093463.8956832,44.203660279999994
2023-06-04,588801.0,364020.0,376937174.2812394,38.491879260000026
2023-06-05,610475.0,359254.0,351468446.2892638,58.00114518999999
2023-06-06,763100.0,462072.0,384577792.6788321,82.9226323
2023-06-07,734954.0,433781.0,343827827.89167106,97.60233792999999
2023-06-08,682296.0,407006.0,392218411.07642484,69.54580716000001
2023-06-09,676835.0,387084.0,430421503.0643882,73.25776494999997
2023-06-10,643676.0,365369.0,392218411.07642484,49.633382409999996
2023-06-11,561469.0,399201.0,415140266.2692028,35.10920663000001
2023-06-12,617352.0,370634.0,399859029.4740175,42.50873274
2023-06-13,682607.0,410483.0,374390301.4820418,37.246010070000004
2023-06-14,633244.0,330658.0,312388214.96659184,39.86874709000001
2023-06-15,689182.0,423069.0,385148460.1631553,41.02129532999997
2023-06-16,765014.0,512202.0,398160232.4659646,45.62498799999998
2023-06-17,662278.0,475252.0,364329624.47866035,40.12883580000002
2023-06-18,661930.0,439868.0,392955523.5448409,30.49645309000001
2023-06-19,614017.0,415604.0,369534333.3997841,31.23665692999999
2023-06-20,746599.0,447715.0,353920206.636413,37.16242618999999
2023-06-21,693078.0,363280.0,314884889.72798514,43.88821895000004
2023-06-22,722789.0,392041.0,356522561.09697485,44.425758519999995
2023-06-23,707501.0,374001.0,325294307.5702325,40.11549267
2023-06-24,683837.0,361437.0,379943751.2420316,33.74556082
2023-06-25,656558.0,382769.0,398160232.4659646,29.38484288000001
2023-06-26,692095.0,403979.0,379943751.2420316,32.38485323000001
2023-06-27,707936.0,434858.0,364329624.47866035,31.657187520000004
2023-06-28,627350.0,331278.0,280545974.4417444,29.874540860000003
2023-06-29,726305.0,438193.0,367574940.3012432,37.058475680000015
2023-06-30,753791.0,445197.0,397786579.2301125,34.70273145
2023-07-01,622117.0,324274.0,334845664.7949681,25.43994325
2023-07-02,534333.0,309920.0,430515854.7363876,23.794827149999985
2023-07-03,655439.0,328114.0,344916211.10459125,25.487702250000012
2023-07-04,645583.0,378556.0,357504393.99162006,23.040350609999997
2023-07-05,716586.0,493478.0,390233669.4978951,21.137034370000002
2023-07-06,709055.0,392688.0,349951484.25940275,19.723986130000004
2023-07-07,773326.0,556014.0,440586401.04601073,19.24955069
2023-07-08,695972.0,573697.0,448139310.7782279,14.740246059999992
2023-07-09,732590.0,594265.0,425480581.581576,13.184168099999996
2023-07-10,679425.0,507115.0,387716032.92048943,16.245124030000007
2023-07-11,686922.0,432293.0,339880937.9497796,16.952263900000002
2023-07-12,752660.0,478320.0,382989765.58074266,19.291612770000004
2023-07-13,678891.0,375859.0,321592673.51184636,19.657573169999996
2023-07-14,760021.0,421666.0,369831574.5386234,22.677253869999998
2023-07-15,732135.0,484980.0,369831574.5386234,16.740640720000005
2023-07-16,732664.0,595145.0,415390536.6194682,15.430010310000005
2023-07-17,703876.0,428612.0,364471696.6467593,17.222962559999996
2023-07-18,775244.0,582684.0,434150109.2409926,19.088797509999996
2023-07-19,745057.0,480249.0,396630963.9979439,18.163703370000007
2023-07-20,685150.0,400400.0,343032185.0793028,22.75465362
2023-07-21,657357.0,323847.0,300153161.94439,22.933509639999997
2023-07-22,556589.0,288750.0,359111818.75489503,45.952142629999976
2023-07-23,691587.0,559624.0,393951025.0520118,25.54846983
2023-07-24,704020.0,529923.0,401990841.889808,26.448897810000005
2023-07-25,734826.0,462586.0,369831574.5386234,17.85638854
2023-07-26,737067.0,452746.0,381190141.57452464,18.818318629999997
2023-07-27,713630.0,413038.0,358973121.2673339,20.838440450000014
2023-07-28,720574.0,449225.0,364175630.2712082,20.358799059999992
2023-07-29,694496.0,423119.0,343365594.25571066,16.144255749999996
2023-07-30,800500.0,645854.0,437010756.32545,17.13087238
2023-07-31,677346.0,445666.0,366776884.7731455,16.65975421
2023-08-01,734323.0,412219.0,361574375.76927114,18.480163580000003
2023-08-02,698941.0,390768.0,400593193.2983291,20.88584786
2023-08-03,716303.0,476007.0,392789429.79251754,23.240838740000015
2023-08-04,641787.0,318486.0,314751794.7344015,22.515295539999993
2023-08-05,729623.0,500723.0,400593193.2983291,21.106991330000007
2023-08-06,771973.0,607275.0,426605738.3177011,16.910309010000006
2023-08-07,676210.0,427534.0,379783157.2828315,22.68954626999999
2023-08-08,616643.0,331194.0,325156812.74215025,29.11310746000001
2023-08-09,735662.0,506746.0,421650114.697692,27.088854349999995
2023-08-10,711323.0,358039.0,330756213.4390739,24.622762610000006
2023-08-11,733810.0,506538.0,393261324.6401588,23.465383479999996
2023-08-12,703004.0,503934.0,434931398.7742153,19.421388580000023
2023-08-13,650366.0,497112.0,351591250.5061022,13.482776360000004
2023-08-14,723900.0,568517.0,445348917.3077294,18.18730987
2023-08-15,786113.0,583063.0,445348917.3077294,18.262779829999996
2023-08-16,669749.0,566878.0,424513880.24070114,18.03889855
2023-08-17,769086.0,502274.0,406283222.8070514,18.939209790000007
2023-08-18,783855.0,423207.0,362008769.0396163,22.003224610000004
2023-08-19,628343.0,519780.0,364613148.6729948,16.69938239
2023-08-20,691316.0,612461.0,421909500.6073226,14.984985450000002
2023-08-21,739287.0,550074.0,429722639.5074582,16.57586188
2023-08-22,633631.0,420857.0,380936887.22817194,18.81110136
2023-08-23,652036.0,417822.0,392623891.9211836,19.329584130000004
2023-08-24,660102.0,399151.0,384329020.9651023,17.458467169999995
2023-08-25,706946.0,425192.0,373269193.0236605,18.035864400000005
2023-08-26,747932.0,497513.0,378799106.9943814,16.08579159
2023-08-27,606069.0,413594.0,320735010.301812,13.471948680000006
2023-08-28,636935.0,331345.0,326264924.27253294,16.97295639999999
2023-08-29,767879.0,500301.0,436863203.68695074,21.151151059999997
2023-08-30,665354.0,408001.0,348384580.1554164,19.220988270000003
2023-08-31,742110.0,437435.0,398153805.89190453,26.540640230000005
2023-09-01,769950.0,419548.0,417508504.7894277,26.151917779999994
2023-09-02,774348.0,539748.0,420273461.77478814,23.261978410000008
2023-09-03,696368.0,625257.0,436863203.68695074,19.893148250000003
2023-09-04,730142.0,573196.0,411978590.8187068,22.27598471
2023-09-05,753968.0,462093.0,342854666.18469554,24.396894269999994
2023-09-06,757286.0,485357.0,364419397.2930779,30.25389769000001
2023-09-07,785059.0,537939.0,393005453.9397736,31.570128489999984
2023-09-08,694292.0,414799.0,358011817.6300677,35.854558870000005
2023-09-09,927787.0,597409.0,406464544.828122,32.53049267
2023-09-10,847065.0,558395.0,395697272.1174433,47.06196051999999
2023-09-11,719793.0,459132.0,427999090.2494795,32.69725456000001
2023-09-12,784703.0,462328.0,379546363.0514252,31.02944450000001
2023-09-13,802393.0,512446.0,395697272.1174433,31.128702210000007
2023-09-14,875176.0,576215.0,436074544.7824885,30.89771388999999
2023-09-15,1017545.0,703692.0,506061817.40190023,32.617964930000014
2023-09-16,876224.0,593144.0,417231817.5388007,26.700998639999987
2023-09-17,854606.0,611220.0,401080908.4727827,28.30720798
2023-09-18,852484.0,635845.0,419923635.7164705,46.80860926000001
2023-09-19,741822.0,493887.0,385677556.7313763,46.946532640000015
2023-09-20,823616.0,551783.0,414558853.7494199,47.37695079999997
2023-09-21,763149.0,431540.0,391843300.11931473,47.346400599999996
2023-09-22,757791.0,441679.0,366288302.28544635,45.99544893999999
2023-09-23,882768.0,629617.0,442953295.78705144,51.579423280000015
2023-09-24,685778.0,441181.0,414558853.7494199,37.08650940999997
2023-09-25,635909.0,285750.0,411719409.5456568,33.365485490000005
2023-09-26,624716.0,309789.0,386164411.7117884,27.646104979999983
2023-09-27,621414.0,337265.0,445792739.99081457,31.73405543
2023-09-28,639899.0,378975.0,414558853.7494199,29.01291667
2023-09-29,713902.0,330269.0,417398297.95318305,29.363154359999996
2023-09-30,625600.0,275474.0,391843300.11931473,21.555523419999997
2023-10-01,613394.0,320516.0,400361632.7306042,18.927685780000004
2023-10-02,691873.0,344263.0,445792739.99081457,27.27710775000001
2023-10-03,676161.0,310664.0,466751379.41330886,29.087440100000013
2023-10-04,638418.0,287430.0,373280259.4846018,26.353382699999987
2023-10-05,687363.0,319310.0,401774935.7811363,26.69888465
2023-10-06,679001.0,298650.0,455914820.74455184,42.566448650000005
2023-10-07,596825.0,244567.0,487258964.67073977,41.49443835000001
2023-10-08,557949.0,242440.0,421721209.1887104,15.394591409999997
2023-10-09,599404.0,283648.0,444516950.225938,19.879587209999997
2023-10-10,629505.0,285060.0,461613756.0038587,17.215115049999994
2023-10-11,607097.0,264600.0,455914820.74455184,21.60053422
2023-10-12,624747.0,267090.0,470162158.89281905,24.771612710000003
2023-10-13,662518.0,279518.0,393226532.892176,22.12322942999999
2023-10-14,612783.0,265220.0,416022273.9294035,13.614699729999996
2023-10-15,571061.0,251923.0,475861094.15212595,11.395811420000003
2023-10-16,652765.0,299782.0,416156889.9191482,20.53810185
2023-10-17,645537.0,294257.0,491483968.444345,19.44552819
2023-10-18,613906.0,271345.0,439908490.27425945,19.107021359999994
2023-10-19,649723.0,282007.0,424739231.98894006,18.648708779999993
2023-10-20,705226.0,295888.0,406536122.04655695,20.143290550000003
2023-10-21,640544.0,270621.0,455077748.5595787,16.047446009999998
2023-10-22,577606.0,252457.0,464179303.53077024,12.373980599999998
2023-10-23,660705.0,301780.0,476314710.1590258,17.002779340000004
2023-10-24,755204.0,373854.0,382265308.79004604,38.32398711000001
2023-10-25,812853.0,476549.0,436874638.6171956,40.91981017
2023-10-26,778594.0,431256.0,455077748.5595787,29.12231441
2023-10-27,801082.0,452816.0,467213155.18783414,25.551621680000004
2023-10-28,819540.0,564383.0,485416265.1302173,19.435606019999998
2023-10-29,672955.0,410290.0,415637677.0177486,13.593506829999995
2023-10-30,779588.0,463202.0,482540025.495944,18.121008129999996
2023-10-31,782062.0,433751.0,481286782.8761844,18.239112260000002
2023-11-01,796206.0,463644.0,462656326.7648482,21.478997629999995
2023-11-02,806444.0,403541.0,447130946.6720681,23.087279549999998
2023-11-03,789502.0,452354.0,422290338.52361983,33.052818900000005
2023-11-04,957847.0,698917.0,521652771.1174128,79.51745750999999
2023-11-05,891683.0,673375.0,506127391.02463263,71.27194503000001
2023-11-06,725183.0,439319.0,394344654.35661566,74.43935485000003
2023-11-07,737771.0,450371.0,412975110.4679518,88.07849966
2023-11-08,837044.0,583201.0,462656326.7648482,118.07035988000001
2023-11-09,832393.0,573466.0,444025870.65351206,248.61069054999993
2023-11-10,848433.0,523831.0,478181706.85762835,163.62534929999995
2023-11-11,894325.0,627529.0,496812162.9689646,114.39754324
2023-11-12,880975.0,703327.0,506083624.1310116,115.77631581999998
2023-11-13,670301.0,428507.0,389037994.7160368,107.65230792000008
2023-11-14,745056.0,523422.0,443696225.37862045,101.39519021000002
2023-11-15,770577.0,561942.0,475848125.7683755,134.04354800000002
2023-11-16,813390.0,628426.0,475848125.7683755,317.4560769399997
2023-11-17,760684.0,536644.0,482278505.8463265,246.7305148499999
2023-11-18,748237.0,629266.0,479063315.80735093,316.81453633
2023-11-19,806772.0,710579.0,546582306.6258367,200.60609473999997
2023-11-20,804527.0,640670.0,533721546.46993476,177.71355411999994
2023-11-21,779702.0,522593.0,488708885.9242776,172.44417578000002
2023-11-22,777966.0,535829.0,456556985.5345224,153.65418637
2023-11-23,771284.0,587706.0,472632935.72940004,220.98471903
2023-11-24,841609.0,623898.0,540151926.5478858,97.80573665000001
2023-11-25,861295.0,617234.0,511215216.1971062,92.16469529000001
2023-11-26,817987.0,578484.0,492891191.48160595,81.13972824000003
2023-11-27,759608.0,479487.0,439166010.2949663,89.45126617000004
2023-11-28,713884.0,447662.0,496595411.64123106,78.80659978
2023-11-29,646160.0,360588.0,459435210.7701186,63.661391550000005
2023-11-30,701654.0,411882.0,452678810.6117344,70.55229860000004
2023-12-01,844580.0,496468.0,570915813.3834561,99.17185213000002
2023-12-02,689877.0,429362.0,429031410.0573902,63.57856882
2023-12-03,777188.0,707876.0,557403013.066688,141.8813939100001
2023-12-04,763939.0,570395.0,523621012.2747674,150.24265560999987
2023-12-05,674260.0,514962.0,466191610.9285027,236.68922712
2023-12-06,642605.0,467795.0,459435210.7701186,293.6611414599999
2023-12-07,647634.0,372050.0,388493009.1070856,174.4743772699999
2023-12-08,682971.0,411456.0,456057010.69092655,152.55024126999996
2023-12-09,739198.0,587398.0,530377412.4331516,140.13969227999996
2023-12-10,664453.0,536175.0,469318617.5512489,114.83473182
2023-12-11,690909.0,525486.0,528635575.20314026,137.61667891
2023-12-12,688671.0,543162.0,481794448.2864064,113.76908514000006
2023-12-13,617899.0,587920.0,498523422.18524003,196.74583786999992
2023-12-14,573978.0,570985.0,488486037.84593976,334.12679746999993
2023-12-15,706714.0,632636.0,545364549.1019738,421.2031224499999
2023-12-16,636391.0,638144.0,508560806.52454,560.3603323799999
2023-12-17,570690.0,616808.0,501869216.9650066,549.99929455
2023-12-18,715198.0,640936.0,562093523.0008074,390.7370200099999
2023-12-19,684666.0,662880.0,542018754.3222071,436.2345555800002
2023-12-20,659068.0,582506.0,485140243.06617314,426.4969050800001
2023-12-21,699086.0,588137.0,488486037.84593976,405.34292547000007
2023-12-22,772558.0,625531.0,562093523.0008074,324.4882387599998
2023-12-23,683793.0,608479.0,560327733.6667341,202.91548839000006
2023-12-24,731313.0,723459.0,612085087.5512694,178.9249373499999
2023-12-25,572121.0,535741.0,497542848.9451839,168.88633215999988
2023-12-26,582914.0,553693.0,497542848.9451839,167.81165180000002
2023-12-27,647166.0,545556.0,461748399.3807821,268.6660722999999
2023-12-28,593042.0,417180.0,433112839.72926086,231.87168713999995
2023-12-29,703116.0,581449.0,540496188.4224659,211.62799944000005
2023-12-30,599027.0,533823.0,519019518.6838249,264.2947451199999
2023-12-31,690255.0,731351.0,558393413.2046669,354.3681272199999
2024-01-01,624628.0,657752.0,554813968.2482265,219.89481658999992
2024-01-02,550846.0,367319.0,468907289.29366255,142.49877866999998
2024-01-03,677059.0,502749.0,565552303.117547,146.25275834000007
2024-01-04,675009.0,482557.0,608505642.5948291,127.60369393999999
2024-01-05,645934.0,420884.0,493963403.98874366,116.88188166000002
2024-01-06,572161.0,382140.0,509059003.5142141,87.29314650999999
2024-01-07,510040.0,348688.0,429363547.6531167,76.29310876999995
2024-01-08,534011.0,414359.0,447556918.3163843,124.92950253
2024-01-09,618468.0,468088.0,553078468.1633366,112.11324736000006
2024-01-10,605995.0,383774.0,483943659.64291966,84.05762333000001
2024-01-11,664879.0,449075.0,629490624.9490609,101.28308080000001
2024-01-12,596693.0,375872.0,611297254.2857933,107.64636953999992
2024-01-13,715186.0,652483.0,578549187.0919114,126.75167769000002
2024-01-14,616604.0,591806.0,465750288.9796519,219.07734385
2024-01-15,568802.0,408499.0,414808851.1225025,117.39484570000003
2024-01-16,569684.0,470122.0,454834266.5816914,124.28360860000001
2024-01-17,647470.0,449415.0,440279570.0510773,104.59851479999998
2024-01-18,678147.0,484017.0,516691726.83680135,121.29357209000003
2024-01-19,627719.0,460763.0,480304985.51026607,84.17113488000005
2024-01-20,656529.0,563331.0,513378340.1866717,72.18103641999997
2024-01-21,621585.0,600202.0,489551347.763542,71.57920744
2024-01-22,620801.0,457620.0,559487254.5869052,76.00262045999992
2024-01-23,600773.0,368462.0,538506482.5398962,88.51466299000006
2024-01-24,564400.0,372499.0,524519301.1752236,60.5441157
2024-01-25,573766.0,340188.0,632919956.7514365,64.13321729
2024-01-26,683719.0,493218.0,531512891.8575599,55.232247620000024
2024-01-27,718169.0,597446.0,597952003.3397549,58.19419444000002
2024-01-28,731738.0,636523.0,559487254.5869052,55.64473686999999
2024-01-29,697324.0,575203.0,545500073.2222326,55.737113750000034
2024-01-30,687547.0,523509.0,503538529.1282147,51.62785182999998
2024-01-31,622142.0,444450.0,458080189.69302857,49.84143557999997
2024-02-01,680097.0,413272.0,535009687.19872814,57.15019468000003
2024-02-02,691810.0,429732.0,676117474.0216229,65.75075955000001
2024-02-03,668270.0,515539.0,566738184.6284933,177.14604372999992
2024-02-04,539397.0,336211.0,581751116.6716322,98.42988745000001
2024-02-05,525379.0,281482.0,585504349.682417,64.82428403000003
2024-02-06,521338.0,278093.0,638049611.833403,53.10194348000002
2024-02-07,640781.0,427538.0,600517281.7255559,73.07338026
2024-02-08,547079.0,285101.0,517946155.488292,52.9856866
2024-02-09,615935.0,334084.0,623036679.7902641,54.716942999999986
2024-02-10,637411.0,399252.0,570491417.639278,41.18969769000001
2024-02-11,558692.0,329938.0,514192922.47750723,28.67207599
2024-02-12,649038.0,409911.0,671828708.9304657,67.17328884000001
2024-02-13,589286.0,313178.0,506686456.4559378,47.430010310000014
2024-02-14,586548.0,296717.0,521699388.49907666,54.17801676000002
2024-02-15,612859.0,303306.0,605343973.9976323,38.54925541000001
2024-02-16,613011.0,312782.0,544386616.4219546,32.81914217999999
2024-02-17,590229.0,327713.0,609388003.457412,28.93145591000001
2024-02-18,563861.0,343417.0,491572989.4556458,24.712387319999998
2024-02-19,617452.0,366108.0,552511789.8013868,29.15129714999999
2024-02-20,638563.0,397096.0,572824723.2499672,31.802945029999993
2024-02-21,630339.0,369949.0,560636963.180819,31.52972895
2024-02-22,642155.0,365090.0,548449203.1116709,28.244180320000016
2024-02-23,679759.0,409204.0,645951283.6648567,30.825594180000003
2024-02-24,591315.0,340419.0,556574376.491103,25.96199853000001
2024-02-25,607478.0,418801.0,666264217.113437,24.317642319999997
2024-02-26,620435.0,356184.0,540324029.7322387,32.132905609999995
2024-02-27,674490.0,387598.0,524073682.9733743,48.16835130000001
2024-02-28,763915.0,413800.0,605325416.7676959,59.94820722000001
2024-02-29,772702.0,407090.0,540324029.7322387,75.26752609000002
2024-03-01,771270.0,419284.0,608054004.3789,59.157981400000004
2024-03-02,623680.0,339311.0,500960510.12181586,42.009248720000016
2024-03-03,633897.0,385447.0,611408496.6053661,46.136782050000015
2024-03-04,664743.0,361258.0,508849652.01349825,82.79483361000003
2024-03-05,772888.0,424347.0,658743347.9554589,103.21170841000007
2024-03-06,681667.0,381934.0,552239932.41775,67.49302936000002
2024-03-07,714978.0,436344.0,710022770.2513928,52.15660503999999
2024-03-08,716770.0,426928.0,607463925.659525,48.05150656
2024-03-09,632927.0,359029.0,642965064.1720946,40.70419201999999
2024-03-10,627815.0,368196.0,564073645.2552733,36.541458500000005
2024-03-11,684136.0,394098.0,670577060.7929822,41.035269150000005
2024-03-12,677201.0,341867.0,556184503.3635911,38.602913780000016
2024-03-13,710767.0,390118.0,631131351.3345715,35.645344349999995
2024-03-14,663447.0,329706.0,579720256.0482558,33.75232286
2024-03-15,749328.0,307904.0,529980321.6844611,37.14060522999997
2024-03-16,621787.0,355760.0,600922569.4689952,38.20667674000001
2024-03-17,601779.0,366109.0,609268716.2671757,25.52442346
2024-03-18,673489.0,416270.0,600922569.4689952,41.868221420000005
2024-03-19,755218.0,463952.0,655172523.6571684,46.05466678999999
2024-03-20,639266.0,361515.0,621787936.4644464,33.245185479999996
2024-03-21,611408.0,327642.0,500768807.8908293,38.08769838999999
2024-03-22,679058.0,339533.0,563364908.877183,37.433957359999994
2024-03-23,622559.0,326610.0,650999450.2580782,24.56584449
2024-03-24,566459.0,331527.0,709422477.8453414,21.300595240000007
2024-03-25,623335.0,317064.0,550845688.6799122,27.83097277000001
2024-03-26,648004.0,317742.0,559191835.4780927,31.698124370000013
2024-03-27,637151.0,355902.0,567537982.2762733,30.34220638
2024-03-28,696012.0,428670.0,630675249.3060845,30.193777720000003
2024-03-29,659374.0,449421.0,595046224.9834774,29.313325250000002
2024-03-30,614851.0,490072.0,640501144.9474928,29.885278230000004
2024-03-31,546293.0,319675.0,566120366.8245583,28.048975869999996
2024-04-01,648777.0,326410.0,619839817.691122,27.24872460000001
2024-04-02,685496.0,357709.0,611575286.7885739,22.495608010000005
2024-04-03,714141.0,372978.0,586781694.0809289,27.593271520000002
2024-04-04,655509.0,320607.0,570252632.2758324,23.051920150000004
2024-04-05,643705.0,348637.0,611575286.7885739,20.734816210000005
2024-04-06,673290.0,433591.0,640501144.9474928,17.95771960000001
2024-04-07,652726.0,526130.0,702485126.7166051,21.723002620000003
2024-04-08,685180.0,455617.0,652897941.3013152,33.11963192
2024-04-09,683771.0,453811.0,603310755.8860255,47.24576889000002
2024-04-10,703704.0,531054.0,626404079.729565,69.83621155000002
2024-04-11,631803.0,476241.0,566860609.5352726,104.37927248000001
2024-04-12,683741.0,448489.0,584038203.763614,157.2190875599999
2024-04-13,683432.0,507173.0,704281363.3620051,105.49580995000008
2024-04-14,665693.0,473328.0,674220573.4624075,76.15961817
2024-04-15,666015.0,503358.0,605510196.549041,155.02178177999994
2024-04-16,743368.0,454669.0,708575761.9190906,94.83667170999998
2024-04-17,661886.0,385606.0,588332602.3206996,119.96784833999993
2024-04-18,670913.0,418095.0,622687790.7773827,108.11277328000003
2024-04-19,727141.0,393190.0,648454182.1198951,116.94264961000003
2024-04-20,455683.0,631001.0,558271812.4211017,1257.7154452499992
2024-04-21,484762.0,641668.0,601215797.9919556,344.0755276200001
2024-04-22,534717.0,671771.0,652748580.6769805,253.93403682000005
2024-04-23,441797.0,927010.0,721458957.5903468,438.5537434800003
2024-04-24,632356.0,606713.0,671772263.1512126,258.70972687
2024-04-25,633650.0,526242.0,630674365.8262494,108.68635747000002
2024-04-26,664327.0,442347.0,578118168.6740619,93.74330405000002
2024-04-27,673970.0,452967.0,613155633.4421867,63.08552487999999
2024-04-28,509501.0,487521.0,613155633.4421867,53.221399729999995
2024-04-29,603796.0,403064.0,573738485.5780463,45.44178458000001
2024-04-30,635509.0,498085.0,617535316.5382024,45.350242930000036
2024-05-01,587665.0,478881.0,578118168.6740619,37.77713190999999
2024-05-02,528151.0,559839.0,635054048.9222649,35.37304202000001
2024-05-03,537019.0,442742.0,564979119.3860149,34.156469940000015
2024-05-04,473521.0,660263.0,617535316.5382024,45.898017270000025
2024-05-05,429326.0,625998.0,608775950.3461711,124.23404546999997
2024-05-06,466177.0,519817.0,534321337.7139056,40.47732225000001
2024-05-07,495831.0,372643.0,534321337.7139056,35.93063171
2024-05-08,514675.0,450856.0,556219753.1939834,30.26507945000001
2024-05-09,513026.0,517193.0,613867438.0566123,30.562798340000004
2024-05-10,474605.0,713791.0,599332437.5790136,31.21384524000001
2024-05-11,445747.0,719306.0,657199017.7590562,36.81815721000001
2024-05-12,377543.0,557164.0,545599184.5546882,21.797763150000005
2024-05-13,466123.0,554780.0,607599091.8904481,26.45097978
2024-05-14,458041.0,422043.0,562132493.1775575,21.806342060000006
2024-05-15,516619.0,493012.0,582799128.9561441,22.787464040000003
2024-05-16,494221.0,476659.0,586932456.1118613,22.696430150000005
2024-05-17,514199.0,573492.0,640665709.1361867,21.628503810000012
2024-05-18,434371.0,401264.0,529065875.9318188,17.823959919999993
2024-05-19,405155.0,644119.0,636532381.9804695,16.35610618999999
2024-05-20,482108.0,626995.0,644799036.2919042,17.67120324
2024-05-21,508542.0,545041.0,570399147.4889922,28.523383810000002
2024-05-22,491272.0,583279.0,632399054.8247522,21.26717374
2024-05-23,533345.0,744761.0,706194547.0096976,29.948260159999997
2024-05-24,483309.0,736439.0,671140034.7624127,23.199056409999994
2024-05-25,465497.0,835040.0,671140034.7624127,21.09604917
2024-05-26,403848.0,852655.0,704697036.5005332,19.491763499999998
2024-05-27,430424.0,551610.0,515938901.7236049,22.149023600000007
2024-05-28,448181.0,596790.0,562079779.1135205,18.02668742000001
2024-05-29,449070.0,725428.0,574663654.7653158,38.927847310000004
2024-05-30,499634.0,510417.0,515938901.7236049,37.45567083999999
2024-05-31,528690.0,701471.0,620804532.1552316,69.30446423000001
2024-06-01,449639.0,740030.0,591442155.634376,44.22662876
2024-06-02,393004.0,729202.0,587247530.4171109,35.1334046
2024-06-03,482689.0,769224.0,658556159.1106174,43.74055069000002
2024-06-04,492874.0,627980.0,562079779.1135205,35.21751326
2024-06-05,460473.0,562049.0,515938901.7236049,56.482901900000016
2024-06-06,476121.0,613472.0,554910858.050012,65.86679186
2024-06-07,468301.0,263982.0,590944002.9609013,312.66024100000016
2024-06-08,599175.0,509927.0,715791327.5301057,155.5230741999999
2024-06-09,479357.0,767920.0,636721355.302943,73.58923503
2024-06-10,473053.0,658037.0,578459270.5039809,65.74519278999999
2024-06-11,485989.0,463737.0,511874030.7337383,44.32667776000001
2024-06-12,483313.0,690560.0,607590312.9034619,46.588714499999995
2024-06-13,469602.0,731254.0,603428735.4178218,57.53843421999999
2024-06-14,475827.0,604349.0,532681918.1619392,52.44576037000001
2024-06-15,426024.0,452945.0,557651383.07578,45.01788529
2024-06-16,410934.0,461748.0,678337130.1593444,36.98294763
2024-06-17,433551.0,441215.0,582620847.9896209,27.373257370000008
2024-06-18,484883.0,617202.0,632559777.8173028,37.27466373
2024-06-19,459862.0,634554.0,570136115.5327007,32.436865899999994
2024-06-20,465205.0,532756.0,553323137.1046984,32.07885597999999
2024-06-21,514658.0,592843.0,582332779.002438,27.566309439999998
2024-06-22,456727.0,681420.0,632247017.2026471,20.794078490000004
2024-06-23,358420.0,492352.0,465866223.2019504,14.863135919999998
2024-06-24,456565.0,528326.0,632247017.2026471,19.666668639999997
2024-06-25,441214.0,536347.0,515780461.4021594,21.889767589999995
2024-06-26,476277.0,490817.0,503301901.8521072,21.33275890999999
2024-06-27,501018.0,414624.0,540737580.5022639,18.10260407
2024-06-28,562499.0,593984.0,561535179.7523509,18.200021010000004
2024-06-29,502873.0,712249.0,653044616.4527341,16.207216729999992
2024-06-30,465981.0,505127.0,503301901.8521072,13.42097615
2024-07-01,650451.0,611062.0,586492298.8524554,18.35492272000001
2024-07-02,511492.0,592285.0,615608937.8025774,17.229704140000003
2024-07-03,503996.0,545044.0,603130378.2525251,16.155870790000005
2024-07-04,487582.0,538097.0,582332779.002438,16.87905574
2024-07-05,510689.0,490537.0,481691507.2021622,14.72065925
2024-07-06,461755.0,658042.0,652035052.9717106,15.514168259999998
2024-07-07,417263.0,673752.0,557193590.72128,12.323103910000002
2024-07-08,534832.0,593010.0,628324687.409103,14.783277760000004
2024-07-09,499299.0,654037.0,608566049.4402633,13.21596265
2024-07-10,460604.0,631745.0,537434952.7524403,16.146250880000004
2024-07-11,487442.0,642066.0,553241863.127512,12.417550199999999
2024-07-12,486027.0,658355.0,592759139.0651915,12.30543188
2024-07-13,418214.0,735686.0,608566049.4402633,19.427090370000002
2024-07-14,440649.0,586548.0,659938508.1592464,13.231341790000004
2024-07-15,482490.0,552901.0,604614321.8464954,13.202301060000002
2024-07-16,492843.0,529056.0,580903956.2838876,12.309734740000007
2024-07-17,476281.0,615870.0,628324687.409103,14.034124100000003
2024-07-18,481360.0,445574.0,515102118.23597115,10.052842869999996
2024-07-19,510414.0,507940.0,599556361.5235602,12.136342789999995
2024-07-20,444989.0,680335.0,672971426.1999145,10.183153700000002
2024-07-21,412253.0,859629.0,689285885.0168821,9.865972680000002
2024-07-22,504554.0,824999.0,730072032.0593011,13.717864330000001
2024-07-23,480641.0,838977.0,689285885.0168821,11.223327949999993
2024-07-24,484767.0,596458.0,571006058.5938667,10.239981680000001
2024-07-25,529053.0,719711.0,664814196.7914306,10.679698730000007
2024-07-26,529294.0,459067.0,652578352.6787051,10.375746289999999
2024-07-27,508959.0,445730.0,628106664.4532535,10.22380204
2024-07-28,431944.0,753703.0,603634976.227802,8.158573620000002
2024-07-29,543529.0,826129.0,725993417.3550591,10.867002189999997
2024-07-30,500916.0,683096.0,611792205.6362859,9.714295630000004
2024-07-31,542141.0,562819.0,613215974.0238556,10.61244378
2024-08-01,550192.0,544430.0,630987879.9602102,9.42561542
2024-08-02,531291.0,410113.0,563382035.6787592,8.76757802
2024-08-03,490026.0,504062.0,608452598.53306,8.227828380000004
2024-08-04,451025.0,524595.0,644509048.8165007,7.285289580000002
2024-08-05,572484.0,548857.0,703100780.5270916,9.248797230000003
2024-08-06,502085.0,485173.0,630987879.9602102,8.20257927
2024-08-07,483579.0,380097.0,549860866.8224689,7.867762329999999
2024-08-08,541524.0,487399.0,581410260.8204794,9.006018600000003
2024-08-09,505594.0,396419.0,585917317.1059096,8.609209819999997
2024-08-10,449194.0,548777.0,581410260.8204794,6.757603340000002
2024-08-11,407547.0,644814.0,725636061.954242,6.584715539999998
2024-08-12,459444.0,450024.0,617466711.1039201,8.279900999999997
2024-08-13,499256.0,579618.0,671551386.529081,8.05904479
2024-08-14,514603.0,504701.0,594742777.8026003,7.970686080000001
2024-08-15,517110.0,660924.0,690944705.8016886,8.616929029999996
2024-08-16,541657.0,575811.0,613213426.3989986,8.890825150000001
2024-08-17,468048.0,702540.0,643442257.2778225,7.2428138
2024-08-18,431177.0,769702.0,673671088.1566465,7.219758560000004
2024-08-19,479794.0,553394.0,561392573.463872,8.86871172
2024-08-20,522795.0,717337.0,647760661.689083,9.96691022
2024-08-21,528523.0,687685.0,634805448.4553014,8.479118270000003
2024-08-22,529070.0,795102.0,690944705.8016886,100.26494952000006
2024-08-23,531334.0,799839.0,708218323.4467307,9.816792780000002
2024-08-24,465477.0,794380.0,660715874.9228647,7.504565210000003
2024-08-25,410926.0,705838.0,574347786.6976537,7.029119779999999
2024-08-26,467689.0,600722.0,578666191.1089141,8.49892683
2024-08-27,500316.0,673811.0,613213426.3989986,7.789020139999996
2024-08-28,507535.0,733530.0,703794017.3679069,7.713034020000001
2024-08-29,537264.0,524362.0,587091196.5963086,8.19652039
2024-08-30,572225.0,542101.0,631567802.399059,8.013371420000004
2024-08-31,500461.0,701952.0,653806105.3004345,6.325670209999999
2024-09-01,474746.0,651871.0,631567802.399059,6.457853700000002
2024-09-02,497761.0,754904.0,742759316.9059358,7.609979309999996
2024-09-03,532190.0,582751.0,662701426.4609846,8.47166562
2024-09-04,517981.0,722736.0,671596747.6215348,7.771667020000003
2024-09-05,539154.0,721251.0,689387389.9426349,10.74185881
2024-09-06,541499.0,667267.0,644910784.1398844,7.620878990000001
2024-09-07,467697.0,781426.0,702730371.68346,6.552367879999996
2024-09-08,443983.0,910083.0,742759316.9059358,6.324168940000001
2024-09-09,484357.0,572398.0,644910784.1398844,6.902458690000002
2024-09-10,496236.0,568630.0,609329499.4976839,6.961684409999999
2024-09-11,485718.0,411402.0,495458846.64224994,6.642300200000001
2024-09-12,543579.0,563521.0,700222814.5578787,8.331541650000005
2024-09-13,541521.0,419047.0,566627672.3067043,7.495542160000001
2024-09-14,497081.0,638989.0,640335336.9970075,6.598560970000001
2024-09-15,450094.0,712474.0,695616085.5147347,6.327634969999999
2024-09-16,508716.0,504540.0,575841130.3929921,6.483108030000002
2024-09-17,512792.0,539113.0,691009356.4715909,8.24456446
2024-09-18,503606.0,541476.0,635728607.9538636,7.0195752700000025
2024-09-19,534707.0,455707.0,562020943.2635604,9.939919330000002
2024-09-20,555435.0,526390.0,667975711.255871,9.51326178
2024-09-21,487325.0,557444.0,621908420.8244318,6.077332219999998
2024-09-22,439610.0,628230.0,626515149.8675756,5.291587380000001
2024-09-23,518528.0,580102.0,672582440.299015,7.737245180000002
2024-09-24,517079.0,532220.0,667975711.255871,6.972871739999998
2024-09-25,513256.0,503460.0,657005311.2676694,6.64890985
2024-09-26,515965.0,474766.0,571298868.1801282,8.530835660000001
2024-09-27,549045.0,451723.0,602061114.928289,11.07140301
2024-09-28,477266.0,507707.0,566904261.5018196,10.057608710000006
2024-09-29,462111.0,687427.0,681164035.1378452,7.532710120000002
2024-09-30,513555.0,594224.0,602061114.928289,7.329881619999999
2024-10-01,626337.0,632894.0,689953248.4944626,7.906132000000004
2024-10-02,504061.0,590981.0,681164035.1378452,6.866653620000002
2024-10-03,522348.0,582777.0,694347855.1727712,7.63887897
2024-10-04,553982.0,561425.0,742688528.6341666,7.154656110000001
2024-10-05,462401.0,757575.0,663585608.4246106,12.091758149999997
2024-10-06,435532.0,742158.0,667980215.1029191,9.758786479999996
2024-10-07,495630.0,717700.0,681164035.1378452,12.698043659999996
2024-10-08,556194.0,719458.0,733899315.2775493,16.802805440000004
2024-10-09,479175.0,536887.0,574966972.3426994,15.227246359999995
2024-10-10,495077.0,746211.0,709250575.4670075,25.251207939999997
2024-10-11,474119.0,633252.0,640613423.0024583,44.65100995
2024-10-12,440477.0,736321.0,654340853.4953684,44.805854870000026
2024-10-13,417442.0,648739.0,631461802.673852,24.71939620000001
2024-10-14,477679.0,611683.0,636037612.8381552,25.63414002000001
2024-10-15,510964.0,646891.0,713826385.6313109,25.808277899999993
2024-10-16,465015.0,708342.0,645189233.1667618,50.89065071
2024-10-17,529901.0,653027.0,718402195.7956142,61.40548312
2024-10-18,519056.0,474279.0,622310182.3452455,25.099345040000006
2024-10-19,480562.0,735561.0,791615158.4244666,15.59986161
2024-10-20,462770.0,778073.0,791615158.4244666,13.534341320000008
2024-10-21,482337.0,835011.0,782463538.0958601,17.517528030000005
2024-10-22,479204.0,700174.0,638125714.2515116,25.68647521
2024-10-23,496062.0,665187.0,718143298.2753785,23.83021523
2024-10-24,453818.0,681834.0,699119634.7449049,47.51820598
2024-10-25,585659.0,524014.0,727655130.0406153,36.680515899999996
2024-10-26,513505.0,597744.0,694363718.8622864,10.53645818
2024-10-27,452846.0,700814.0,765702457.1015625,8.238787929999997
2024-10-28,535356.0,702824.0,798993868.2798914,7.599977079999996
2024-10-29,580911.0,614981.0,746678793.571089,11.48340517000001
2024-10-30,553379.0,682099.0,803749784.1625097,9.382139339999998
2024-10-31,562550.0,562237.0,751434709.4537071,65.69168703000001
2024-11-01,556938.0,547888.0,727655130.0406153,8.31104265
2024-11-02,504261.0,544612.0,670584139.4491944,7.11291527
2024-11-03,452489.0,455402.0,627780896.505629,5.34670994
2024-11-04,518020.0,456826.0,720519107.2542773,6.292461169999999
2024-11-05,548496.0,465286.0,702351988.6923242,6.498973620000002
2024-11-06,622567.0,501641.0,773092476.7620546,8.281041099999998
2024-11-07,583392.0,553047.0,788251152.776997,6.644519699999997
2024-11-08,591256.0,497146.0,717510664.7072663,7.9568162099999995
2024-11-09,502341.0,577368.0,702351988.6923242,13.197820620000007
2024-11-10,564887.0,558278.0,747828016.7371509,10.833933739999997
2024-11-11,623757.0,462458.0,687193312.6773819,15.217004279999994
2024-11-12,702614.0,503677.0,737722232.7271894,19.988060279999996
2024-11-13,636591.0,570979.0,697299096.6873435,22.934497849999996
2024-11-14,587387.0,503566.0,641717284.6325549,24.696528190000013
2024-11-15,619496.0,562223.0,757933800.7471123,41.42119947999999
2024-11-16,581986.0,602655.0,793304044.7819778,18.23980740999999
2024-11-17,518085.0,598496.0,757933800.7471123,9.468733340000004
2024-11-18,569926.0,673308.0,789177471.4803329,17.5232424
2024-11-19,547133.0,810805.0,889845955.1158988,24.426576319999995
2024-11-20,557265.0,664866.0,747470602.2973549,21.263648389999993
2024-11-21,666198.0,498512.0,732216100.2096539,22.900974770000012
2024-11-22,628962.0,540305.0,727131266.1804202,18.81865613
2024-11-23,590149.0,444699.0,701707096.0342517,13.798748450000007
2024-11-24,534909.0,463289.0,681367759.9173166,9.39341959
2024-11-25,593158.0,604870.0,859336950.9404964,11.452037310000003
2024-11-26,568082.0,475689.0,706791930.0634853,17.208246409999997
2024-11-27,599701.0,462119.0,676282925.8880831,10.003405240000008
2024-11-28,559054.0,523480.0,722046432.1511863,13.75384556
2024-11-29,551876.0,341781.0,615264917.5372787,13.063998470000001
2024-11-30,583648.0,640943.0,833912780.7943279,10.122530659999997
2024-12-01,501246.0,698223.0,803403776.6189257,20.18743206
2024-12-02,578842.0,311811.0,649582756.2207783,19.189334749999997
2024-12-03,613585.0,439519.0,811042070.6273791,15.468752510000007
2024-12-04,606514.0,502912.0,759383340.0141702,11.847352130000008
2024-12-05,676971.0,512490.0,800710324.5047373,14.285236940000004
2024-12-06,589966.0,414643.0,702558736.3396405,14.205155299999996
2024-12-07,523611.0,456101.0,733553974.7075658,19.064581460000003
2024-12-08,500126.0,420320.0,754217466.9528493,15.218431179999998
2024-12-09,548218.0,403264.0,862700801.2405878,15.970320130000003
2024-12-10,637676.0,441944.0,795544451.4434165,15.878999300000004
2024-12-11,617471.0,481168.0,733553974.7075658,18.934288469999995
2024-12-12,642365.0,474978.0,764549213.0754911,19.688597289999993
2024-12-13,622796.0,523585.0,878198420.4245505,14.427766779999992
2024-12-14,547370.0,517482.0,821373816.7500207,11.993346260000001
2024-12-15,540459.0,378527.0,707724609.4009614,9.566018229999994
2024-12-16,628257.0,412747.0,796354777.917631,12.327577080000006
2024-12-17,587955.0,419707.0,733677850.1420219,12.737618159999998
2024-12-18,583495.0,414366.0,776835370.7386113,13.113399489999997
2024-12-19,634202.0,437574.0,782230060.8131851,22.872701580000005
2024-12-20,640920.0,398670.0,814598201.2606272,15.185983740000003
2024-12-21,516725.0,330225.0,782230060.8131851,10.696730360000002
2024-12-22,477331.0,336217.0,836176961.5589218,8.28500274
2024-12-23,528563.0,292681.0,749861920.3657429,10.83545209
2024-12-24,543738.0,326570.0,712099089.8437271,9.57170242
2024-12-25,465831.0,405831.0,814598201.2606272,7.6938339799999955
2024-12-26,488028.0,298916.0,706704399.7691535,7.723746139999999
2024-12-27,568492.0,348241.0,852361031.782643,6.8978916
2024-12-28,513628.0,298580.0,771440680.6640378,5.660320319999999
2024-12-29,473130.0,419112.0,853049703.3260739,6.465140890000002
2024-12-30,546526.0,374721.0,867710155.9849901,7.073407629999999
2024-12-31,545227.0,312513.0,703991258.6293316,5.921378609999997
2025-01-01,469908.0,292213.0,764021520.9930731,4.759661460000001
2025-01-02,536381.0,402440.0,911368528.6131656,5.551069279999997
2025-01-03,580296.0,409341.0,774936114.1501169,6.13209851
2025-01-04,514543.0,432302.0,813137190.1997707,5.93082589
2025-01-05,477492.0,433954.0,851338266.2494245,5.909277129999999
2025-01-06,552854.0,366260.0,725820444.9434196,6.616584960000002
2025-01-07,534903.0,352121.0,731277741.5219413,7.26172212
2025-01-08,545474.0,399976.0,682162072.3152436,7.57666765
2025-01-09,551517.0,534013.0,829509079.9353366,7.305172840000002
2025-01-10,555569.0,408769.0,774936114.1501169,6.897641989999999
2025-01-11,493250.0,361190.0,753106927.8360293,5.451244299999999
2025-01-12,478512.0,380525.0,939753829.6056751,4.894418349999999
2025-01-13,527739.0,408248.0,702796044.3776932,7.777593819999997
2025-01-14,555702.0,352684.0,845551490.8919123,6.545096559999997
2025-01-15,562243.0,354014.0,763192579.4414012,7.512494490000001
2025-01-16,552617.0,375439.0,702796044.3776932,7.3482160599999995
2025-01-17,609681.0,425661.0,823589114.5051093,8.995918040000001
2025-01-18,548843.0,360666.0,713777232.5710948,6.172370099999999
2025-01-19,581784.0,388509.0,823589114.5051093,6.482865510000001
2025-01-20,611603.0,350291.0,834570302.6985108,12.371239609999996
2025-01-21,576234.0,324412.0,730249014.861197,10.22718074
2025-01-22,563550.0,432369.0,823589114.5051093,7.665917770000001
2025-01-23,559393.0,326010.0,746720797.1512991,6.8006484400000025
2025-01-24,555324.0,369243.0,768683173.5381019,6.466192609999999
2025-01-25,511721.0,338988.0,702796044.3776932,5.433938540000001
2025-01-26,468657.0,309651.0,752211391.2479999,4.197874579999996
2025-01-27,536813.0,332102.0,841602268.6110247,6.136746540000002
2025-01-28,526610.0,305953.0,795344639.2008113,4.724427940000001
2025-01-29,536882.0,355332.0,832962291.0549035,4.824865440000004
2025-01-30,563297.0,335134.0,779222788.4062003,4.970967499999998
2025-01-31,573440.0,328684.0,671743783.1087936,4.94344654
2025-02-01,547939.0,357439.0,988806848.7361435,4.773690590000003
2025-02-02,493629.0,383258.0,918945495.2928294,4.564019920000001
2025-02-03,594369.0,360484.0,822214390.5251629,6.107991849999996
2025-02-04,533329.0,308619.0,703987484.6980155,5.0579906600000015
2025-02-05,549668.0,381126.0,773848838.1413299,5.4830443900000025
2025-02-06,556046.0,428326.0,779222788.4062003,5.3041850299999975
2025-02-07,547121.0,498394.0,929693395.8225701,5.351891899999998
2025-02-08,495840.0,469138.0,859832042.3792553,4.520147470000002
2025-02-09,458209.0,385420.0,795293751.4100475,3.493630489999999
2025-02-10,506614.0,359522.0,788864727.616627,4.58136983
2025-02-11,527971.0,337513.0,703735440.4637535,5.258300990000002
2025-02-12,524479.0,386539.0,754813012.7554775,4.636797630000001
2025-02-13,554664.0,379906.0,896695158.0102665,5.6765656600000005
2025-02-14,555378.0,346002.0,862643443.1491172,4.744212379999999
2025-02-15,477805.0,306930.0,908045729.6306497,3.7976136300000016
2025-02-16,439616.0,300091.0,856968157.3389257,4.318256670000002
2025-02-17,481661.0,333466.0,777514155.996244,6.171475370000001
2025-02-18,505135.0,422709.0,794540013.4268184,4.703006010000002
2025-02-19,504104.0,448569.0,715086012.0841366,5.127112650000003
2025-02-20,528372.0,480465.0,737787155.324903,5.346602119999999
2025-02-21,539520.0,459909.0,732111869.5147113,5.657675749999999
2025-02-22,481128.0,551849.0,788864727.616627,6.37196667
2025-02-23,401327.0,572814.0,728533880.978175,11.503970640000002
2025-02-24,502390.0,514086.0,714530229.8374169,13.873252449999999
2025-02-25,593036.0,497063.0,807968798.3546175,11.39751135
2025-02-26,551544.0,403575.0,862932662.1882651,10.904291969999996
2025-02-27,559897.0,325162.0,824457957.5047117,8.387506729999998
2025-02-28,639073.0,386183.0,857436275.8049003,6.554546429999998
2025-03-01,537837.0,290895.0,791479639.2045234,5.81098518
2025-03-02,502728.0,264912.0,692544684.3039575,5.543123860000001
2025-03-03,574113.0,374224.0,824457957.5047117,6.063964170000003
2025-03-04,572405.0,304773.0,802472411.9712528,5.247286169999998
2025-03-05,553079.0,309176.0,736515775.3708757,4.84001704
2025-03-06,582749.0,370349.0,934385685.1720064,5.1759084400000015
2025-03-07,575233.0,313588.0,780486866.4377937,5.676973929999999
2025-03-08,490884.0,292451.0,753004934.5209701,4.350521069999997
2025-03-09,468931.0,300380.0,878012411.8108668,4.411021430000002
2025-03-10,561710.0,446224.0,858547242.188255,5.31973344
2025-03-11,555242.0,376740.0,769347528.7141508,6.03321775
2025-03-12,537118.0,428828.0,852972260.0961236,5.1928407399999985
2025-03-13,548028.0,532638.0,886422152.6489124,5.55966839
2025-03-14,558542.0,439189.0,791647457.0826768,5.447541660000001
2025-03-15,483792.0,473428.0,735897636.1613616,4.932599719999998
2025-03-16,440114.0,471115.0,808372403.3590714,4.12027733
2025-03-17,511394.0,380493.0,780497492.8984137,4.6849292600000005
2025-03-18,520296.0,369237.0,791647457.0826768,4.506838129999999
2025-03-19,523412.0,441661.0,847397278.0039921,5.288435740000002
2025-03-20,538832.0,337973.0,791647457.0826768,5.471133450000001
2025-03-21,542213.0,321230.0,808372403.3590714,5.047214160000001
2025-03-22,463442.0,413839.0,836247313.819729,9.808855499999996
2025-03-23,426406.0,533755.0,876571559.8921037,5.978451089999999
2025-03-24,542968.0,483673.0,870857131.0489082,6.170739919999998
2025-03-25,537123.0,505859.0,842582548.8719956,13.104661220000004
2025-03-26,551045.0,515068.0,859547298.1781431,9.679871510000002
2025-03-27,546963.0,437476.0,836927632.4366131,5.287577219999997
2025-03-28,555512.0,397685.0,870857131.0489082,6.115067460000001
2025-03-29,491096.0,290139.0,797343217.3889353,4.203507310000001
2025-03-30,448720.0,305206.0,774723551.6474054,3.1484340199999994
2025-03-31,536233.0,318279.0,836927632.4366131,4.906377580000003
2025-04-01,577515.0,356323.0,763413718.7766403,4.35392095
2025-04-02,561041.0,399055.0,972645626.8857933,4.433548929999997
2025-04-03,576015.0,392043.0,859547298.1781431,5.781421130000002
2025-04-04,568203.0,429861.0,1017884958.3688537,5.554925209999999
2025-04-05,491185.0,293474.0,948981343.907835,4.315435869999998
2025-04-06,468285.0,279475.0,875826848.0097468,4.316536139999999
2025-04-07,561612.0,309387.0,875826848.0097468,6.592971899999998
2025-04-08,560881.0,363972.0,924148329.2792498,7.880272749999999
2025-04-09,553980.0,317312.0,791264255.7881161,5.620677550000003
2025-04-10,559681.0,322464.0,869786662.851059,5.24074284
2025-04-11,574941.0,405030.0,893947403.4858105,7.677592650000003
2025-04-12,504593.0,409511.0,869786662.851059,5.422091340000002
2025-04-13,462177.0,455139.0,1038911847.2943201,4.242069720000001
2025-04-14,531419.0,441688.0,899987588.6444983,6.33317847
2025-04-15,547445.0,442899.0,869786662.851059,5.681177280000002
2025-04-16,543869.0,507129.0,893947403.4858105,5.868664990000001
2025-04-17,545464.0,557181.0,924148329.2792498,6.011910290000001
2025-04-18,515292.0,508733.0,821465181.5815556,5.2935035400000015
2025-04-19,471006.0,545076.0,847396221.1293446,6.378627280000001
2025-04-20,423502.0,468737.0,753499802.4397362,5.480589480000002
2025-04-21,493498.0,444986.0,771877846.401681,6.560284010000002
2025-04-22,569473.0,518267.0,949532271.367147,6.276680270000003
2025-04-23,546333.0,418203.0,698365670.5539016,11.29144978
2025-04-24,569545.0,464739.0,863768066.2114046,8.97181044
2025-04-25,595179.0,392451.0,882146110.1733494,6.110628580000001
2025-04-26,486530.0,321357.0,814759948.9795519,4.4112459
2025-04-27,449536.0,441827.0,827011978.2875152,5.182267590000003
2025-04-28,513795.0,409765.0,863768066.2114046,6.627799750000001
2025-04-29,526876.0,467725.0,894398139.4813126,6.174713820000004
2025-04-30,558028.0,350729.0,808633934.3255703,6.592339369999999
2025-05-01,555979.0,331199.0,827011978.2875152,5.512286359999998
2025-05-02,613025.0,379268.0,974036329.9830736,5.579802940000001
2025-05-03,515130.0,389717.0,999957994.4593519,3.965393129999998
2025-05-04,446087.0,347977.0,823060870.7158544,3.4024175199999993
2025-05-05,531867.0,402262.0,1036227714.9300332,5.109248460000002
2025-05-06,526919.0,332218.0,817139569.4876828,5.229159700000001
2025-05-07,559340.0,343011.0,894116485.453914,6.64872211
2025-05-08,592201.0,373813.0,941486895.2792871,6.54154471
2025-05-09,603053.0,334543.0,828982171.944026,6.867091060000005
2025-05-10,503410.0,331074.0,888195184.2257423,4.437589340000001
2025-05-11,467125.0,281756.0,882273882.9975705,3.42888556
2025-05-12,532368.0,378285.0,858588678.0848842,12.946245059999999
2025-05-13,534997.0,295785.0,769769159.6623099,6.271764770000001
2025-05-14,535430.0,326818.0,852667376.8567126,7.209690770000002
2025-05-15,540779.0,374153.0,864509979.3130558,5.429893889999996
2025-05-16,539053.0,363786.0,805296967.0313396,12.225272919999998
2025-05-17,474173.0,291797.0,853317480.0820746,7.1957170900000005
2025-05-18,432229.0,629314.0,979723251.2998109,5.923634020000001
2025-05-19,499650.0,585883.0,852722089.09428,6.87923802
2025-05-20,536030.0,569769.0,895055809.829457,7.42181356
2025-05-21,567751.0,422191.0,870865112.2664988,7.899307769999999
2025-05-22,612816.0,467803.0,907151158.610936,7.933973840000002
2025-05-23,571289.0,444625.0,937389530.5646338,6.081902969999997
2025-05-24,500617.0,395420.0,852722089.09428,5.22566514
2025-05-25,442797.0,356355.0,913198833.0016756,4.0790192
2025-05-26,516548.0,358290.0,925294181.7831548,5.140571409999999
2025-05-27,508812.0,422984.0,852722089.09428,5.67924813
2025-05-28,546095.0,541153.0,991818600.0812899,8.037025770000001
2025-05-29,542154.0,382859.0,961580228.1275918,5.27497498
2025-05-30,594597.0,396232.0,937389530.5646338,5.92137282
2025-05-31,506671.0,299392.0,1016284104.8877773,4.030807889999998
2025-06-01,452800.0,256072.0,839539043.1681639,3.4782053300000024
2025-06-02,516152.0,346488.0,839539043.1681639,4.7752589300000015
2025-06-03,560813.0,358895.0,908974603.1294405,4.809507289999998
2025-06-04,545490.0,337037.0,795352777.73826,4.7182039499999995
2025-06-05,562558.0,320509.0,845851366.801007,4.8760597599999995
2025-06-06,543873.0,298643.0,845851366.801007,4.432632879999998
2025-06-07,473987.0,290718.0,902662279.4965969,3.2833784099999996
2025-06-08,436494.0,307505.0,965785515.8250304,3.1671852400000002
2025-06-09,506842.0,361275.0,883725308.5980667,5.004216599999999
2025-06-10,558332.0,428797.0,1066782693.9505239,5.347743160000001
2025-06-11,519320.0,347263.0,890037632.2309102,4.7645727
2025-06-12,549165.0,425413.0,934223897.6608136,4.862165159999999
2025-06-13,567837.0,351499.0,915286926.7622839,6.528064289999997
2025-06-14,474984.0,273850.0,949216466.5546213,3.0589920699999995
2025-06-15,439669.0,281934.0,854616743.0404905,2.629389429999999
2025-06-16,527740.0,361092.0,917456209.4405266,4.9151213500000015
2025-06-17,518441.0,354536.0,741505703.5204258,6.258866519999999
2025-06-18,526045.0,441317.0,879752529.6005048,6.95175944
2025-06-19,501017.0,308332.0,798061223.2804582,5.076947329999999
2025-06-20,543938.0,353459.0,948875942.6405447,5.268377849999997
2025-06-21,455627.0,309613.0,886036476.2405084,3.5180609499999984
2025-06-22,434126.0,265421.0,672382290.480386,2.7805980599999995
2025-06-23,477910.0,290678.0,672382290.480386,4.892287430000001
2025-06-24,498971.0,279124.0,735221756.880422,6.159378650000001
2025-06-25,516000.0,387919.0,898604369.5205159,4.816177800000002
2025-06-26,540682.0,504341.0,986579622.4805663,7.57462956
2025-06-27,524379.0,335434.0,722653863.6004148,4.4448948900000005
2025-06-28,457275.0,388943.0,911172262.800523,3.8519733700000005
2025-06-29,442209.0,380608.0,995260121.1336331,2.85640286
2025-06-30,521131.0,339268.0,843035679.3574839,4.2289726100000005
2025-07-01,542508.0,325613.0,779081248.5096745,4.188574149999999
2025-07-02,572880.0,366147.0,889547992.701345,4.480227810000001
2025-07-03,571346.0,361041.0,877919914.3653797,4.25061286
2025-07-04,527167.0,366873.0,924432227.709241,3.3710390200000013
2025-07-05,426226.0,427456.0,912804149.3732755,3.0719507599999996
2025-07-06,436195.0,506401.0,930246266.8772235,4.014484620000002
2025-07-07,493343.0,360355.0,877919914.3653797,4.042628769999999
2025-07-08,521277.0,354753.0,825593561.8535358,4.5461275400000005
2025-07-09,542076.0,444726.0,953502423.549154,4.947681779999997
2025-07-10,605456.0,446575.0,994200697.7250328,4.976067030000002
2025-07-11,626638.0,408758.0,872105875.197397,5.51715232
2025-07-12,501978.0,395744.0,918141001.6128464,3.997999390000001
2025-07-13,466718.0,399761.0,859946006.057642,4.129076920000003
2025-07-14,598435.0,457360.0,910161831.228891,5.746631779999999
2025-07-15,560371.0,418737.0,1029424416.010608,4.174215929999999
2025-07-16,542511.0,399196.0,822284137.1792051,4.539328199999996
2025-07-17,594592.0,433844.0,853669027.9112357,6.32918251
2025-07-18,580677.0,452162.0,903884853.0824848,4.615433929999998
2025-07-19,477264.0,426040.0,891330896.7896729,4.34842797
2025-07-20,455280.0,414919.0,935269743.8145157,3.15968918
2025-07-21,537794.0,384438.0,941546721.960922,4.26422773
2025-07-22,519024.0,421750.0,941546721.960922,4.340824710000001
2025-07-23,535701.0,366826.0,878776940.4968604,4.192607130000001
2025-07-24,528797.0,409736.0,922715787.5217032,9.8211687
2025-07-25,577530.0,427905.0,1004316503.4249833,5.304907309999999
2025-07-26,491132.0,573275.0,970032969.1338755,4.225674380000001
2025-07-27,457112.0,472894.0,869131963.3112651,4.119706289999999
2025-07-28,529385.0,502252.0,919884194.7454995,4.207920390000001
2025-07-29,561483.0,350960.0,710531240.0792824,5.07253502
2025-07-30,554145.0,423333.0,869131963.3112651,4.193228940000002
2025-07-31,584264.0,485215.0,976980455.1090133,3.9699688900000023
2025-08-01,636772.0,400385.0,957948368.3211753,5.450971709999999
2025-08-02,526686.0,309743.0,919884194.7454995,4.1024272999999996
2025-08-03,462597.0,283479.0,983324484.0382924,2.9403954
2025-08-04,542397.0,443301.0,1084828946.9067616,3.3328413100000005
2025-08-05,569616.0,411399.0,875475992.2405444,3.6740329099999998
2025-08-06,665517.0,496208.0,913540165.8162203,5.8791241
2025-08-07,634516.0,565200.0,1021388657.6139685,5.198369349999999
2025-08-08,749938.0,474798.0,870485436.2761792,5.661166090000002
2025-08-09,591211.0,376121.0,746374213.3917352,4.494624190000002
2025-08-10,489536.0,400467.0,868625162.1369333,3.0765149299999996
2025-08-11,552696.0,449633.0,945836287.6602162,4.41552572
2025-08-12,543783.0,367063.0,881493683.0574806,4.246542050000002
2025-08-13,562007.0,441094.0,1003744631.8026783,4.397483219999999
2025-08-14,630373.0,484085.0,1042350194.56432,4.334277269999999
2025-08-15,555918.0,430405.0,862190901.6766596,3.5997992999999986
2025-08-16,475351.0,401706.0,978007589.9615842,2.9899124099999996
2025-08-17,434867.0,440879.0,978007589.9615842,2.54035809
2025-08-18,506163.0,478104.0,990876110.8821313,3.3925466499999994
2025-08-19,508055.0,412417.0,862190901.6766596,3.27074018
2025-08-20,534876.0,424869.0,907230724.8985746,3.4135649399999997
2025-08-21,536698.0,447767.0,958704808.5807632,3.0897044099999995
2025-08-22,559414.0,459717.0,939585701.641628,3.47826203
2025-08-23,487009.0,467080.0,980001769.6141683,2.7308883699999993
2025-08-24,443678.0,525890.0,1057370330.3731811,2.273317749999999
2025-08-25,525919.0,482127.0,909080588.9184059,2.8474278699999997
2025-08-26,528702.0,456605.0,967107009.4876657,3.186427219999998
2025-08-27,526965.0,499276.0,967107009.4876657,3.649184339999998
2025-08-28,547915.0,575612.0,1025133430.0569257,3.3040221899999995
2025-08-29,597526.0,596157.0,1063817710.4364324,3.4954331800000005
2025-08-30,495905.0,628513.0,1018686049.9936746,3.2329491200000007
2025-08-31,446532.0,472908.0,851054168.3491462,2.9831014600000003
2025-09-01,521197.0,598757.0,1038028190.1834283,9.44095697
2025-09-02,544795.0,592659.0,1050922950.3099302,4.966634959999998
2025-09-03,541497.0,411173.0,883291068.6654017,6.27562614
2025-09-04,540435.0,395181.0,902633208.8551546,4.856591310000002
2025-09-05,587857.0,416432.0,957592801.7399701,5.84579367
2025-09-06,481276.0,441035.0,946761026.3534616,3.4592569699999975
2025-09-07,458587.0,586276.0,1041437128.988808,3.233411279999997
2025-09-08,511832.0,567934.0,1082012601.5468137,3.990562090000001
2025-09-09,549610.0,619514.0,1129350652.8644862,4.616437449999996
2025-09-10,542027.0,643239.0,1149638389.1434891,4.036303750000002
2025-09-11,537753.0,598468.0,1014386813.9501374,3.9640698800000003
2025-09-12,543345.0,396513.0,811509451.1601102,4.835016370000001
2025-09-13,526152.0,533108.0,953523605.1131293,4.261324429999999
2025-09-14,494770.0,534198.0,1034674550.2291405,3.1299257199999992
2025-09-15,549560.0,535154.0,1102300337.8258162,4.411655770000001
2025-09-16,546260.0,536633.0,1082012601.5468137,4.1760888000000005
2025-09-17,517428.0,362913.0,865610081.2374508,4.5074941200000005
2025-09-18,536964.0,448521.0,1087599379.1411881,3.687311720000001
2025-09-19,553195.0,478312.0,1188749380.7897809,3.674187479999999
2025-09-20,535837.0,498549.0,1082611043.2192645,3.289423399999999
2025-09-21,467555.0,513490.0,1146294045.7615743,3.004029839999999
2025-09-22,515742.0,456797.0,1061383375.7051616,3.3842320399999988
2025-09-23,506650.0,495947.0,1018928040.676955,2.7933159900000017
2025-09-24,502339.0,522936.0,1082611043.2192645,2.8783002099999995
2025-09-25,542099.0,431725.0,997700373.1628518,3.278709529999999
2025-09-26,553168.0,419078.0,934017370.6205422,4.05417458
2025-09-27,484214.0,526116.0,1096762821.5620003,2.5659848800000002
2025-09-28,458537.0,635424.0,1167521713.2756777,2.1953073500000007
2025-09-29,521335.0,444460.0,990624483.9914839,3.3271493099999994
2025-09-30,561370.0,555361.0,1139218156.5902066,3.1584596399999985
2025-10-01,577245.0,473880.0,1076906913.283782,3.63458238
2025-10-02,595776.0,381586.0,1019764936.475331,4.140828319999999
2025-10-03,595427.0,387726.0,884796047.8241848,5.13219673
2025-10-04,544104.0,422031.0,1004768393.2918702,3.968791010000001
2025-10-05,497949.0,525372.0,1117242467.1678262,2.6933604700000013
2025-10-06,550307.0,431274.0,922287405.7828363,4.413891120000001
2025-10-07,561921.0,430492.0,1034761479.6587919,4.043981910000001
2025-10-08,546778.0,427474.0,1109744195.5760958,3.3791308699999987
2025-10-09,543331.0,367782.0,899792591.007645,3.796606820000001
2025-10-10,584389.0,418155.0,989771850.1084098,4.02978368
2025-10-11,546781.0,444087.0,1102245923.9843652,3.5996094699999994
2025-10-12,465507.0,463487.0,1087249380.8009045,2.43852623
2025-10-13,504968.0,491572.0,1139737281.943017,2.8706191300000006
2025-10-14,524219.0,562791.0,1267207899.0024335,2.728828290000002
2025-10-15,542831.0,480244.0,1079751109.2091742,2.9678847700000013
2025-10-16,556999.0,497400.0,1124278123.987008,3.168048689999999
2025-10-17,591614.0,480068.0,1159633832.2093213,3.6751341899999996
2025-10-18,481991.0,564018.0,1203393599.4625034,2.554556979999999
2025-10-19,443995.0,443253.0,1013767941.3653816,2.231859960000001
2025-10-20,507550.0,424653.0,1086700886.7873514,2.930852719999999
2025-10-21,538842.0,429039.0,1093994181.3295484,2.9522500000000003
2025-10-22,507518.0,489141.0,1115874064.956139,2.89572835
2025-10-23,527286.0,426260.0,1035647824.9919723,2.682201329999999
2025-10-24,546753.0,571212.0,1305499723.053261,2.9053725499999996
2025-10-25,461245.0,504399.0,1166927126.751518,2.170093290000001
2025-10-26,433092.0,521328.0,1072114297.7029574,2.03701929
2025-10-27,522563.0,507349.0,1072114297.7029574,2.8215763299999983
2025-10-28,504390.0,524707.0,1181513715.835912,2.9358787200000016
2025-10-29,517043.0,392028.0,929747081.6588961,2.60840325
2025-10-30,540811.0,554058.0,1240553837.6668227,2.8674975999999996
2025-10-31,572374.0,460063.0,1085484607.9584696,3.4729746400000003
2025-11-01,498680.0,391320.0,1069977684.9876347,2.469086779999999
2025-11-02,446508.0,408092.0,1201786530.2397344,2.0890156399999995
2025-11-03,547702.0,447703.0,1100991530.929305,3.1251668300000013
2025-11-04,582796.0,375984.0,1015703454.5897113,3.9554596299999996
2025-11-05,550413.0,396072.0,1069977684.9876347,4.18353984
2025-11-06,534781.0,416278.0,1085484607.9584696,3.328510879999999
2025-11-07,569444.0,476245.0,1100991530.929305,3.3736862800000003
2025-11-08,470481.0,351420.0,930415378.2501172,2.610205710000001
2025-11-09,442498.0,466347.0,1093238069.4438875,2.2947250500000003
2025-11-10,526898.0,449593.0,1085484607.9584696,3.8599020100000008
2025-11-11,506473.0,481949.0,1186279607.2688992,2.6898941500000006
2025-11-12,504920.0,451023.0,1086613750.3494294,2.60791945
2025-11-16,454407.0,581852.0,1203542966.8475492,2.6074946200000007
2025-11-17,515090.0,415543.0,938612125.0886546,4.475642680000001
2025-11-18,517212.0,317239.0,1006737198.683799,3.725786330000001
2025-11-19,535320.0,361791.0,1037015009.1705301,3.329479060000001
2025-11-20,545087.0,361895.0,991598293.4404337,3.1734651599999997
2025-11-21,603204.0,413267.0,1142987345.8740876,3.63853668
2025-11-22,485120.0,472342.0,1082431724.900626,2.94749949
2025-11-23,442816.0,317173.0,1074862272.2789433,2.32061272
2025-11-24,503446.0,400125.0,1082431724.900626,2.583558169999999
2025-11-25,513166.0,350825.0,870487051.4935104,3.1396815599999983
2025-11-26,535443.0,477042.0,1241390229.9559624,2.897206990000001
2025-11-27,525809.0,403825.0,1061465507.6302311,2.9220422
2025-11-28,543603.0,511691.0,1113270480.6428328,2.869712909999998
2025-11-29,475990.0,400703.0,1016787038.987121,2.23100245
2025-11-30,450764.0,517534.0,1239441135.1156871,2.1331353199999987
2025-12-01,557926.0,402123.0,987099826.1699785,4.100509060000001
2025-12-02,546016.0,412650.0,942569006.9442655,3.900622880000001
2025-12-03,542787.0,429624.0,979678022.9656931,3.5646250800000012
2025-12-04,540083.0,414109.0,979678022.9656931,3.227200399999999
2025-12-05,534245.0,356330.0,883194581.309981,3.57261113
2025-12-06,465393.0,527061.0,1209753922.2985451,2.405767989999999
2025-12-07,438543.0,543191.0,1187488512.6856885,1.9910294699999993
2025-12-08,477476.0,580273.0,1098426874.2342618,2.6104669300000003
2025-12-09,507794.0,448961.0,957412613.3528363,2.98038128
2025-12-10,511694.0,550483.0,1150379496.6642606,2.6894036499999996
2025-12-11,513356.0,472857.0,1179902024.3226545,2.6474466099999994
2025-12-12,537832.0,417151.0,1068190154.3848839,2.8374604299999997
2025-12-13,463369.0,495923.0,1053456497.083023,2.1866254999999994
2025-12-14,429658.0,416686.0,942954067.3190697,1.9304611599999992
2025-12-15,507663.0,423355.0,987155039.2246507,2.778680069999999
2025-12-16,507318.0,443734.0,1082923811.686744,2.72140663
2025-12-17,511367.0,446512.0,1016622353.8283721,2.8129780099999997
2025-12-18,518421.0,463881.0,1060823325.7339536,2.7416777500000014
2025-12-19,556166.0,434180.0,1068190154.3848839,3.281081109999999
2025-12-20,488594.0,440896.0,1082923811.686744,2.1886668800000004
2025-12-21,436144.0,441101.0,1016622353.8283721,1.8793167399999997
2025-12-22,497545.0,427277.0,1023989182.4793022,2.550064770000001
2025-12-23,520980.0,431004.0,1068190154.3848839,2.5518431299999995
2025-12-24,513917.0,501255.0,1171325755.4979067,2.7367379600000006
2025-12-25,431619.0,464027.0,1016973817.768314,2.087749729999999
2025-12-26,477921.0,517078.0,1149714808.6043208,2.3658647199999994
2025-12-27,457336.0,470913.0,1002315474.1678696,2.1186321800000014
2025-12-28,435884.0,543992.0,1142344841.882498,2.13680788
2025-12-29,516338.0,547262.0,1134974875.1606758,2.744817419999999
2025-12-30,539847.0,369499.0,877026039.8968855,2.9727451299999994
2025-12-31,547272.0,408137.0,980205574.0024016,3.1552870900000007
2026-01-01,441382.0,469099.0,1112864974.9952078,2.23460679
2026-01-02,518434.0,458965.0,1061275207.9424502,2.68624645
2026-01-03,473968.0,501272.0,1142344841.882498,2.6202714900000004
2026-01-04,460281.0,474589.0,1068645174.6642727,2.3961678399999995
2026-01-05,519989.0,409625.0,972835607.2805791,2.7874633699999984
2026-01-06,517888.0,424895.0,958095673.8369341,2.764380860000001
2026-01-07,485087.0,425191.0,1083385108.1079175,2.598904729999999
2026-01-08,476585.0,334415.0,965289669.1289088,2.5274299699999996
2026-01-09,512937.0,355655.0,1033929118.9983668,2.61101839
2026-01-10,451552.0,488786.0,1179552938.5756013,2.0357587600000007
2026-01-11,412668.0,290317.0,888305299.4211321,1.9199271000000004
2026-01-12,469584.0,411249.0,1033929118.9983668,2.3735584100000007
2026-01-13,489392.0,336329.0,982960782.146335,2.9513722399999986
2026-01-14,501548.0,324327.0,902867681.3788556,3.0728828399999997
2026-01-15,516730.0,374223.0,1012085546.0617816,3.252281839999999
2026-01-16,517080.0,361943.0,946554827.2520258,3.3176297399999997
2026-01-17,451781.0,357391.0,1084897455.850399,2.3392041300000006
2026-01-18,411852.0,332526.0,1019366737.0406432,1.8642416499999999
2026-01-19,460095.0,354595.0,1092178646.8292608,2.2826795899999985
2026-01-20,466340.0,383148.0,968398400.1886113,2.7420845099999998
2026-01-21,503455.0,428195.0,997523164.104058,2.6855125300000005
2026-01-22,478520.0,464040.0,1163912656.954194,2.286620749999999
2026-01-23,500192.0,436563.0,985930374.4704596,2.5137265200000005
2026-01-24,421686.0,289144.0,690151262.1293219,2.01546836
2026-01-25,419735.0,314920.0,760574860.3057833,1.9279052299999995
2026-01-26,465362.0,402432.0,873252617.3881215,2.377031429999999
2026-01-27,475414.0,362327.0,859167897.7528292,2.3041153399999996
2026-01-28,485652.0,336095.0,774659579.9410756,2.87090808
2026-01-29,521611.0,428725.0,901422056.6587061,2.7397767600000003
2026-01-30,580888.0,380796.0,922549136.1116446,3.3506195999999986
2026-01-31,527605.0,405402.0,971845654.8351676,3.0406677999999996
2026-02-01,467476.0,352779.0,838040818.299891,2.5215900399999995
2026-02-02,521176.0,357323.0,830998458.4822448,3.4178423900000015
2026-02-03,550746.0,435461.0,929591495.9292907,3.29510479
2026-02-04,532371.0,411218.0,1000015094.105752,3.217600219999999
2026-02-05,619296.0,384550.0,894379696.8410602,5.5928349
2026-02-06,646236.0,410157.0,1021142173.5586905,6.2408455
2026-02-07,481546.0,494507.0,1116396723.6283798,2.7678888600000016
2026-02-08,442633.0,507211.0,1063649660.9826868,2.2321171099999995
2026-02-09,481228.0,402013.0,1019852322.0010467,2.9234956100000002
2026-02-10,486763.0,385928.0,900973830.4794525,2.5959583
2026-02-11,490231.0,455182.0,982311745.7310699,2.9357485400000005
2026-02-12,504187.0,484938.0,1107446999.964327,2.5517531400000006
2026-02-13,521603.0,529750.0,944771169.4610924,2.7645114399999997
2026-02-14,458016.0,537394.0,1038622610.1360354,2.1831303299999996
2026-02-15,399280.0,701969.0,1232582254.1975844,1.8514430800000008
2026-02-16,440304.0,526061.0,1094933474.5410013,2.21631648
2026-02-17,446864.0,659135.0,1032365847.4243727,2.2902398599999994
2026-02-18,454158.0,507143.0,957284694.8844184,2.306383779999999
2026-02-19,473222.0,512501.0,1020622252.4872998,2.3578647999999998
2026-02-20,493761.0,413542.0,983397435.8766681,2.590732749999999
2026-02-21,447339.0,350751.0,854191933.352726,2.15964537
2026-02-22,408828.0,529495.0,1177205689.6625803,1.87910113
2026-02-23,458764.0,453671.0,1062356354.0857433,2.60488702
2026-02-24,501015.0,566873.0,1184383773.1361327,2.695604439999999
2026-02-25,509923.0,485381.0,1119781021.874162,2.9144411499999996
2026-02-26,521846.0,425509.0,1004931686.2973247,3.43086166
2026-02-27,549158.0,415510.0,1012109769.7708769,3.0155843000000004
2026-02-28,498805.0,424909.0,1026465936.7179816,2.52753703
2026-03-01,447977.0,462687.0,1069534437.5592955,2.5528004700000015
2026-03-02,515250.0,422366.0,976219352.4031156,2.658806369999999
2026-03-03,504537.0,381186.0,961863185.4560106,2.70504003
2026-03-04,516794.0,377812.0,933150851.5618018,3.0306415199999996
2026-03-05,522467.0,464513.0,1192841923.7049837,2.754204009999999
2026-03-06,531723.0,442642.0,1052672432.0364789,2.9269696799999996
2026-03-07,458399.0,437720.0,951731239.9233917,2.21186868
2026-03-08,413093.0,453532.0,966151410.2252611,1.9641713200000002
2026-03-09,468702.0,415576.0,994991750.8290006,2.5166538000000007
2026-03-10,484745.0,381301.0,994991750.8290006,2.6972386299999997
2026-03-11,475423.0,401926.0,1002201835.9799352,2.79884208
2026-03-12,496301.0,449282.0,930100984.4705875,2.69225377
2026-03-13,525035.0,399857.0,872420303.2631093,3.3465312299999987
2026-03-14,440249.0,439447.0,922890899.3196526,2.05410207
2026-03-15,406808.0,407207.0,901260643.8668482,1.9687599200000006
2026-03-16,477639.0,405364.0,901260643.8668482,2.542807089999999
