"Time	Open	High	Low	Close	Volume"
"2017-12-12 00:00:00	0.75284	0.75799	0.75189	0.75561	80990	9"
"2017-12-13 00:00:00	0.75561	0.76392	0.75533	0.76292	96322	10"
"2017-12-14 00:00:00	0.76291	0.76793	0.76267	0.76648	110612	9"
"2017-12-15 00:00:00	0.76648	0.76943	0.76376	0.76418	92485	9"
"2017-12-17 00:00:00	0.76441	0.76492	0.76435	0.7646	3869	15"
"2017-12-18 00:00:00	0.7646	0.76773	0.76404	0.76639	86030	10"
"2017-12-19 00:00:00	0.7664	0.76835	0.76457	0.76515	87040	10"
"2017-12-20 00:00:00	0.76515	0.76793	0.76511	0.76705	80007	10"
"2017-12-21 00:00:00	0.76705	0.77077	0.76535	0.77052	71113	9"
"2017-12-22 00:00:00	0.77052	0.77205	0.77016	0.77127	73826	10"
"2017-12-24 00:00:00	0.7709	0.77127	0.77084	0.77097	388	54"
"2017-12-25 00:00:00	0.77096	0.77244	0.77094	0.77227	5157	90"
"2017-12-26 00:00:00	0.77226	0.77305	0.77122	0.77294	34869	12"
"2017-12-27 00:00:00	0.77295	0.7779	0.77295	0.77733	70760	9"
"2017-12-28 00:00:00	0.77733	0.78092	0.77732	0.77935	63331	10"
"2017-12-29 00:00:00	0.77935	0.78248	0.77881	0.77906	63007	8"
"2018-01-01 00:00:00	0.78043	0.78173	0.7791	0.77987	6462	33"
"2018-01-02 00:00:00	0.77987	0.78444	0.77987	0.78303	80073	10"
"2018-01-03 00:00:00	0.78304	0.78445	0.78049	0.78264	82333	9"
"2018-01-04 00:00:00	0.78264	0.78684	0.7814	0.78632	86613	10"
"2018-01-05 00:00:00	0.78633	0.78744	0.78347	0.78629	83305	8"
"2018-01-07 00:00:00	0.78613	0.78707	0.78587	0.78587	3743	57"
"2018-01-08 00:00:00	0.78587	0.78722	0.78267	0.78447	66746	10"
"2018-01-09 00:00:00	0.78446	0.78643	0.78072	0.78106	80619	9"
"2018-01-10 00:00:00	0.78106	0.78671	0.7808	0.78462	104864	9"
"2018-01-11 00:00:00	0.78463	0.78958	0.78376	0.78856	115388	9"
"2018-01-12 00:00:00	0.78857	0.7924	0.78479	0.79128	114740	9"
"2018-01-14 00:00:00	0.79023	0.79174	0.79023	0.79077	3646	36"
"2018-01-15 00:00:00	0.79077	0.79784	0.79071	0.796	106707	9"
"2018-01-16 00:00:00	0.79599	0.79744	0.79366	0.79701	109760	8"
"2018-01-17 00:00:00	0.79702	0.80224	0.79401	0.79709	130212	9"
"2018-01-18 00:00:00	0.79708	0.80114	0.79414	0.80054	118220	8"
"2018-01-19 00:00:00	0.80055	0.80384	0.79816	0.79898	116399	8"
"2018-01-21 00:00:00	0.7999	0.80024	0.79922	0.80012	3825	31"
"2018-01-22 00:00:00	0.80012	0.80268	0.79786	0.80072	93369	8"
"2018-01-23 00:00:00	0.80073	0.80295	0.79563	0.80041	111689	8"
"2018-01-24 00:00:00	0.80039	0.80825	0.7993	0.80495	132121	9"
"2018-01-25 00:00:00	0.80494	0.81186	0.80043	0.80286	164017	9"
"2018-01-26 00:00:00	0.80284	0.81355	0.8025	0.81101	147040	9"
"2018-01-28 00:00:00	0.81016	0.81176	0.81014	0.8116	4802	22"
"2018-01-29 00:00:00	0.8116	0.81177	0.80737	0.80952	124072	10"
"2018-01-30 00:00:00	0.80954	0.81132	0.80423	0.80992	129646	9"
"2018-01-31 00:00:00	0.80992	0.81167	0.80347	0.80589	145824	10"
"2018-02-01 00:00:00	0.80589	0.8067	0.79871	0.80389	147386	10"
"2018-02-02 00:00:00	0.80389	0.80401	0.79175	0.79221	159745	8"
"2018-02-04 00:00:00	0.79134	0.79168	0.78904	0.79042	22675	31"
"2018-02-05 00:00:00	0.7904	0.79535	0.78719	0.78768	170438	9"
"2018-02-06 00:00:00	0.7877	0.79098	0.78351	0.7893	268568	9"
"2018-02-07 00:00:00	0.78928	0.79072	0.78108	0.78159	154340	9"
"2018-02-08 00:00:00	0.78158	0.78432	0.77674	0.77881	193440	9"
"2018-02-09 00:00:00	0.77883	0.78297	0.77588	0.78117	182653	11"
"2018-02-11 00:00:00	0.78122	0.78209	0.78108	0.782	3659	64"
"2018-02-12 00:00:00	0.782	0.78644	0.78091	0.78574	122437	9"
"2018-02-13 00:00:00	0.78575	0.78761	0.78277	0.78611	130143	10"
"2018-02-14 00:00:00	0.7861	0.79339	0.77727	0.79292	182624	8"
"2018-02-15 00:00:00	0.79292	0.79661	0.78916	0.79425	173148	10"
"2018-02-16 00:00:00	0.79425	0.79882	0.78921	0.79029	151985	10"
"2018-02-18 00:00:00	0.79058	0.79154	0.79057	0.79111	3247	34"
"2018-02-19 00:00:00	0.79113	0.79349	0.78979	0.79085	110259	10"
"2018-02-20 00:00:00	0.79085	0.79332	0.78737	0.78802	152402	10"
"2018-02-21 00:00:00	0.78802	0.79019	0.77964	0.77969	170507	9"
"2018-02-22 00:00:00	0.77971	0.78596	0.77901	0.78376	135679	9"
"2018-02-23 00:00:00	0.78375	0.7843	0.78039	0.78417	111941	10"
"2018-02-25 00:00:00	0.78377	0.78455	0.78359	0.78381	5751	70"
"2018-02-26 00:00:00	0.78382	0.78931	0.78253	0.78493	105409	10"
"2018-02-27 00:00:00	0.78492	0.78681	0.77829	0.7793	151948	11"
"2018-02-28 00:00:00	0.7793	0.78187	0.77559	0.77626	134528	10"
"2018-03-01 00:00:00	0.77626	0.77691	0.77124	0.77642	181675	8"
"2018-03-02 00:00:00	0.7764	0.77733	0.77372	0.77613	148805	10"
"2018-03-04 00:00:00	0.77614	0.77675	0.77444	0.77552	6161	45"
"2018-03-05 00:00:00	0.77552	0.77734	0.77253	0.77641	125217	8"
"2018-03-06 00:00:00	0.77641	0.7842	0.7756	0.77855	146936	10"
"2018-03-07 00:00:00	0.77855	0.78297	0.77716	0.78262	141860	9"
"2018-03-08 00:00:00	0.78261	0.78384	0.77725	0.77905	128336	9"
"2018-03-09 00:00:00	0.77905	0.78536	0.77761	0.78438	116783	9"
"2018-03-11 00:00:00	0.78474	0.78652	0.78456	0.78605	5789	60"
"2018-03-12 00:00:00	0.78605	0.78794	0.7854	0.78711	95529	9"
"2018-03-13 00:00:00	0.78711	0.78972	0.78455	0.78595	135291	10"
"2018-03-14 00:00:00	0.78593	0.7916	0.78561	0.78798	119773	10"
"2018-03-15 00:00:00	0.78798	0.7885	0.7788	0.77888	113129	10"
"2018-03-16 00:00:00	0.77886	0.78037	0.77091	0.77091	98567	9"
"2018-03-18 00:00:00	0.77172	0.77187	0.77112	0.77171	5630	30"
"2018-03-19 00:00:00	0.7717	0.77255	0.76863	0.77077	110472	10"
"2018-03-20 00:00:00	0.77077	0.77207	0.76786	0.76891	99470	8"
"2018-03-21 00:00:00	0.7689	0.77795	0.76719	0.7774	128502	9"
"2018-03-22 00:00:00	0.77739	0.7785	0.76867	0.76948	145829	10"
"2018-03-23 00:00:00	0.76948	0.77437	0.76939	0.76961	136526	8"
"2018-03-25 00:00:00	0.77021	0.77138	0.76946	0.77094	4957	31"
"2018-03-26 00:00:00	0.77094	0.77574	0.77082	0.77546	99219	9"
"2018-03-27 00:00:00	0.77545	0.77568	0.76748	0.76858	115698	9"
"2018-03-28 00:00:00	0.76858	0.77021	0.76531	0.76609	134529	10"
"2018-03-29 00:00:00	0.76608	0.76893	0.76425	0.76842	108102	9"
"2018-03-30 00:00:00	0.76843	0.77061	0.76722	0.76789	113662	18"
"2018-04-01 00:00:00	0.76855	0.76928	0.76807	0.76828	3049	115"
"2018-04-02 00:00:00	0.76828	0.76947	0.76492	0.76522	65720	12"
"2018-04-03 00:00:00	0.76523	0.77065	0.76521	0.76811	111223	10"
"2018-04-04 00:00:00	0.76812	0.7726	0.76625	0.77199	112956	9"
"2018-04-05 00:00:00	0.77199	0.77236	0.76573	0.76683	97692	10"
"2018-04-06 00:00:00	0.76681	0.76993	0.76663	0.76711	108703	9"
"2018-04-08 00:00:00	0.76788	0.76808	0.76687	0.76778	4228	35"
"2018-04-09 00:00:00	0.7678	0.77108	0.76517	0.76987	95063	9"
"2018-04-10 00:00:00	0.76988	0.77687	0.76934	0.77631	109819	9"
"2018-04-11 00:00:00	0.77632	0.77726	0.77393	0.77619	92629	9"
"2018-04-12 00:00:00	0.77618	0.77712	0.77377	0.77575	82539	9"
"2018-04-13 00:00:00	0.77575	0.78096	0.77575	0.776	71519	10"
"2018-04-15 00:00:00	0.77688	0.77783	0.77619	0.77722	4268	41"
"2018-04-16 00:00:00	0.77722	0.77842	0.77519	0.77744	60141	9"
"2018-04-17 00:00:00	0.77744	0.77909	0.77597	0.77665	79890	9"
"2018-04-18 00:00:00	0.77666	0.77974	0.7744	0.77874	71209	10"
"2018-04-19 00:00:00	0.77875	0.78124	0.77187	0.77199	100992	9"
"2018-04-20 00:00:00	0.77199	0.77263	0.76549	0.76688	84341	9"
"2018-04-22 00:00:00	0.76699	0.7674	0.76582	0.76586	5605	101"
"2018-04-23 00:00:00	0.76588	0.76824	0.75994	0.76017	82903	10"
"2018-04-24 00:00:00	0.76018	0.76206	0.75781	0.76055	103114	10"
"2018-04-25 00:00:00	0.76055	0.76055	0.75518	0.75684	100102	10"
"2018-04-26 00:00:00	0.75684	0.75886	0.75466	0.75535	116151	10"
"2018-04-27 00:00:00	0.75535	0.75835	0.75317	0.75809	96084	9"
"2018-04-29 00:00:00	0.75751	0.75802	0.75709	0.75726	3592	47"
"2018-04-30 00:00:00	0.75728	0.75818	0.75249	0.75315	87896	10"
"2018-05-01 00:00:00	0.75316	0.75461	0.74723	0.74815	99780	10"
"2018-05-02 00:00:00	0.74816	0.75369	0.74751	0.74863	137072	9"
"2018-05-03 00:00:00	0.74863	0.75425	0.7485	0.75287	144246	9"
"2018-05-04 00:00:00	0.75287	0.75602	0.74922	0.7537	107116	9"
"2018-05-06 00:00:00	0.75404	0.75415	0.75232	0.75232	3546	35"
"2018-05-07 00:00:00	0.75232	0.75428	0.74928	0.75189	97297	8"
"2018-05-08 00:00:00	0.7519	0.75277	0.74333	0.74465	124092	9"
"2018-05-09 00:00:00	0.74465	0.74722	0.7412	0.74569	112832	9"
"2018-05-10 00:00:00	0.74569	0.75394	0.74545	0.75248	136981	8"
"2018-05-11 00:00:00	0.75251	0.75667	0.75223	0.75393	114328	9"
"2018-05-13 00:00:00	0.75398	0.75531	0.75392	0.75502	5676	75"
"2018-05-14 00:00:00	0.755	0.75646	0.75207	0.75255	85422	9"
"2018-05-15 00:00:00	0.75255	0.75371	0.74477	0.74673	125505	8"
"2018-05-16 00:00:00	0.74676	0.75231	0.74468	0.75165	118515	9"
"2018-05-17 00:00:00	0.75165	0.75471	0.74975	0.75048	127973	9"
"2018-05-18 00:00:00	0.75047	0.75278	0.74882	0.75064	106443	9"
"2018-05-20 00:00:00	0.752	0.7531	0.75156	0.75224	5223	52"
"2018-05-21 00:00:00	0.75224	0.75872	0.75027	0.7581	98930	10"
"2018-05-22 00:00:00	0.75813	0.76053	0.75661	0.75778	111477	9"
"2018-05-23 00:00:00	0.75779	0.75823	0.75223	0.75653	140436	9"
"2018-05-24 00:00:00	0.75654	0.75823	0.75418	0.75703	137406	9"
"2018-05-25 00:00:00	0.75705	0.75897	0.75422	0.75456	120846	9"
"2018-05-27 00:00:00	0.7558	0.7562	0.75546	0.75563	4954	32"
"2018-05-28 00:00:00	0.75562	0.75808	0.75393	0.7545	100119	8"
"2018-05-29 00:00:00	0.7545	0.75522	0.74758	0.74824	149209	9"
"2018-05-30 00:00:00	0.74826	0.75835	0.74825	0.75695	138242	10"
"2018-05-31 00:00:00	0.75695	0.75929	0.75523	0.75614	136918	9"
"2018-06-01 00:00:00	0.75621	0.75722	0.75136	0.75638	117779	9"
"2018-06-03 00:00:00	0.75599	0.75721	0.75599	0.75674	3235	60"
"2018-06-04 00:00:00	0.75675	0.76661	0.7567	0.76511	95030	8"
"2018-06-05 00:00:00	0.76511	0.76557	0.75945	0.76233	127691	9"
"2018-06-06 00:00:00	0.76233	0.76765	0.76224	0.76634	110263	9"
"2018-06-07 00:00:00	0.76635	0.76726	0.76122	0.7615	111815	8"
"2018-06-08 00:00:00	0.76156	0.76268	0.75603	0.75982	106158	9"
"2018-06-10 00:00:00	0.75886	0.76032	0.7588	0.7602	2320	62"
"2018-06-11 00:00:00	0.7602	0.76213	0.75949	0.7603	73928	9"
"2018-06-12 00:00:00	0.76031	0.76233	0.75654	0.75738	104977	9"
"2018-06-13 00:00:00	0.75739	0.76086	0.7529	0.75688	101098	9"
"2018-06-14 00:00:00	0.75689	0.7576	0.74645	0.74648	135142	9"
"2018-06-15 00:00:00	0.7465	0.74802	0.74384	0.74384	102964	8"
"2018-06-17 00:00:00	0.74412	0.74422	0.74364	0.74404	3463	39"
"2018-06-18 00:00:00	0.74402	0.7454	0.73933	0.7403	81944	9"
"2018-06-19 00:00:00	0.7403	0.74266	0.7347	0.73893	129796	9"
"2018-06-20 00:00:00	0.73895	0.74084	0.73655	0.73714	114306	8"
"2018-06-21 00:00:00	0.73712	0.73935	0.73453	0.73757	159813	9"
"2018-06-22 00:00:00	0.73758	0.74433	0.73755	0.74387	127457	9"
"2018-06-24 00:00:00	0.74371	0.74423	0.74356	0.74382	3121	66"
"2018-06-25 00:00:00	0.74393	0.74393	0.7396	0.74088	122163	10"
"2018-06-26 00:00:00	0.74088	0.74228	0.73796	0.73913	135916	9"
"2018-06-27 00:00:00	0.73914	0.74069	0.73225	0.73407	223628	9"
"2018-06-28 00:00:00	0.73406	0.73617	0.73296	0.73474	142052	9"
"2018-06-29 00:00:00	0.73474	0.74089	0.73354	0.74026	140457	7"
"2018-07-01 00:00:00	0.74049	0.74049	0.73956	0.73973	6204	60"
"2018-07-02 00:00:00	0.73971	0.73982	0.731	0.73376	112884	10"
"2018-07-03 00:00:00	0.73377	0.74039	0.73141	0.73781	121032	9"
"2018-07-04 00:00:00	0.73781	0.7424	0.7374	0.73791	97043	9"
"2018-07-05 00:00:00	0.7379	0.74078	0.73611	0.7386	123918	7"
"2018-07-06 00:00:00	0.73861	0.74437	0.73758	0.74271	112588	9"
"2018-07-08 00:00:00	0.74307	0.74371	0.74278	0.74363	4560	53"
"2018-07-09 00:00:00	0.74363	0.74835	0.74344	0.74697	103013	10"
"2018-07-10 00:00:00	0.74697	0.74836	0.74122	0.74154	114074	8"
"2018-07-11 00:00:00	0.74153	0.74286	0.73599	0.73648	142315	9"
"2018-07-12 00:00:00	0.73648	0.74195	0.73611	0.74065	103933	9"
"2018-07-13 00:00:00	0.74068	0.74236	0.7368	0.7423	94352	9"
"2018-07-15 00:00:00	0.7419	0.74227	0.74124	0.74179	3011	42"
"2018-07-16 00:00:00	0.74177	0.74419	0.74087	0.74131	107554	9"
"2018-07-17 00:00:00	0.74131	0.74379	0.73756	0.73772	124288	10"
"2018-07-18 00:00:00	0.73774	0.74075	0.73428	0.73981	119435	9"
"2018-07-19 00:00:00	0.73981	0.74411	0.73222	0.73623	159758	8"
"2018-07-20 00:00:00	0.73622	0.74307	0.73177	0.74166	161319	8"
"2018-07-22 00:00:00	0.7418	0.74375	0.74166	0.74313	6156	52"
"2018-07-23 00:00:00	0.74313	0.74355	0.73713	0.73793	116319	9"
"2018-07-24 00:00:00	0.73794	0.74338	0.73593	0.74252	116423	10"
"2018-07-25 00:00:00	0.74252	0.74643	0.73917	0.74589	132540	8"
"2018-07-26 00:00:00	0.74595	0.74628	0.73717	0.73804	121176	8"
"2018-07-27 00:00:00	0.73804	0.74143	0.73697	0.73989	109581	9"
"2018-07-29 00:00:00	0.73976	0.74045	0.73976	0.7398	3169	36"
"2018-07-30 00:00:00	0.73981	0.7413	0.73853	0.74073	86306	9"
"2018-07-31 00:00:00	0.74073	0.74405	0.74037	0.7419	118931	9"
"2018-08-01 00:00:00	0.7419	0.74239	0.73896	0.74051	112434	9"
"2018-08-02 00:00:00	0.74051	0.7411	0.73548	0.73595	114424	9"
"2018-08-03 00:00:00	0.73595	0.74113	0.73479	0.73948	112462	7"
"2018-08-05 00:00:00	0.73969	0.73999	0.73925	0.73933	3217	33"
"2018-08-06 00:00:00	0.73934	0.74051	0.73739	0.73855	84035	9"
"2018-08-07 00:00:00	0.73856	0.74393	0.7384	0.74248	88953	8"
"2018-08-08 00:00:00	0.74248	0.74391	0.73831	0.74257	82633	9"
"2018-08-09 00:00:00	0.74259	0.74528	0.73652	0.73721	102047	9"
"2018-08-10 00:00:00	0.73724	0.73748	0.72804	0.72965	138932	9"
"2018-08-12 00:00:00	0.72724	0.72997	0.72716	0.72876	5983	74"
"2018-08-13 00:00:00	0.72877	0.72922	0.72563	0.72653	136277	8"
"2018-08-14 00:00:00	0.72655	0.72833	0.72239	0.72352	119178	8"
"2018-08-15 00:00:00	0.72352	0.72474	0.72021	0.72324	127159	9"
"2018-08-16 00:00:00	0.72324	0.72863	0.72137	0.72584	124666	9"
"2018-08-17 00:00:00	0.72585	0.73192	0.72524	0.73148	105489	9"
"2018-08-19 00:00:00	0.73142	0.73154	0.73071	0.73079	3330	26"
"2018-08-20 00:00:00	0.7308	0.73464	0.72954	0.73361	96992	9"
"2018-08-21 00:00:00	0.73362	0.73815	0.73328	0.73609	105360	8"
"2018-08-22 00:00:00	0.7361	0.73697	0.73313	0.73336	110556	8"
"2018-08-23 00:00:00	0.73336	0.73345	0.72402	0.72432	107528	8"
"2018-08-24 00:00:00	0.72431	0.73442	0.72375	0.73234	110149	9"
"2018-08-26 00:00:00	0.73252	0.73455	0.73252	0.73419	4964	65"
"2018-08-27 00:00:00	0.73419	0.73563	0.73071	0.73489	99776	9"
"2018-08-28 00:00:00	0.73489	0.73622	0.73211	0.73443	113959	9"
"2018-08-29 00:00:00	0.73442	0.73485	0.72746	0.73106	118487	8"
"2018-08-30 00:00:00	0.73107	0.73107	0.72491	0.72619	115792	7"
"2018-08-31 00:00:00	0.72618	0.72641	0.71754	0.71896	120402	9"
"2018-09-02 00:00:00	0.71891	0.71916	0.71821	0.71883	3616	61"
"2018-09-03 00:00:00	0.71882	0.72232	0.71657	0.72073	86362	9"
"2018-09-04 00:00:00	0.72073	0.72352	0.71569	0.71843	133568	9"
"2018-09-05 00:00:00	0.71844	0.72178	0.71443	0.71949	123418	9"
"2018-09-06 00:00:00	0.71949	0.72107	0.71658	0.71899	120218	9"
"2018-09-07 00:00:00	0.71899	0.71926	0.70983	0.71031	124127	8"
"2018-09-09 00:00:00	0.71021	0.71147	0.71002	0.71141	3323	31"
"2018-09-10 00:00:00	0.7114	0.71315	0.70988	0.7109	96165	9"
"2018-09-11 00:00:00	0.71088	0.71286	0.70848	0.71102	104676	8"
"2018-09-12 00:00:00	0.71101	0.71823	0.70931	0.71706	111608	9"
"2018-09-13 00:00:00	0.71701	0.72289	0.71675	0.71863	107953	8"
"2018-09-14 00:00:00	0.71864	0.72159	0.71502	0.71509	97143	9"
"2018-09-16 00:00:00	0.7153	0.71565	0.71418	0.71422	3512	58"
"2018-09-17 00:00:00	0.71424	0.71961	0.71416	0.71443	87867	8"
"2018-09-18 00:00:00	0.71442	0.72341	0.7144	0.72238	119796	9"
"2018-09-19 00:00:00	0.7224	0.72747	0.72131	0.72584	110631	8"
"2018-09-20 00:00:00	0.72585	0.72926	0.72535	0.72857	101979	9"
"2018-09-21 00:00:00	0.72862	0.73038	0.72626	0.72863	95325	8"
"2018-09-23 00:00:00	0.72604	0.72783	0.72604	0.72759	3558	47"
"2018-09-24 00:00:00	0.72759	0.72813	0.72493	0.72519	90032	9"
"2018-09-25 00:00:00	0.7252	0.72628	0.72358	0.72478	92046	8"
"2018-09-26 00:00:00	0.72477	0.73145	0.72404	0.72561	104647	9"
"2018-09-27 00:00:00	0.72559	0.72681	0.72018	0.72047	95113	8"
"2018-09-28 00:00:00	0.72047	0.72409	0.72026	0.72223	92718	8"
"2018-09-30 00:00:00	0.72246	0.72316	0.72214	0.72231	3605	42"
"2018-10-01 00:00:00	0.72232	0.72305	0.72067	0.72272	99092	9"
"2018-10-02 00:00:00	0.72277	0.72375	0.71621	0.71864	107867	7"
"2018-10-03 00:00:00	0.71865	0.71965	0.7093	0.70955	109052	9"
"2018-10-04 00:00:00	0.70957	0.71036	0.70652	0.70802	117096	8"
"2018-10-05 00:00:00	0.70803	0.70868	0.70421	0.70458	104108	9"
"2018-10-07 00:00:00	0.7054	0.70594	0.70475	0.70543	5227	33"
"2018-10-08 00:00:00	0.70541	0.70809	0.7041	0.70715	97741	9"
"2018-10-09 00:00:00	0.70714	0.71169	0.70538	0.71149	116286	9"
"2018-10-10 00:00:00	0.71149	0.71301	0.70432	0.70632	125734	9"
"2018-10-11 00:00:00	0.70631	0.71287	0.70593	0.7124	168221	9"
"2018-10-12 00:00:00	0.71238	0.71393	0.71017	0.71096	129608	8"
"2018-10-14 00:00:00	0.71103	0.71117	0.71041	0.71066	5762	59"
"2018-10-15 00:00:00	0.71066	0.71486	0.70985	0.71352	127207	8"
"2018-10-16 00:00:00	0.71352	0.71507	0.71118	0.71381	105085	9"
"2018-10-17 00:00:00	0.71382	0.71594	0.71043	0.71102	106102	8"
"2018-10-18 00:00:00	0.71104	0.71505	0.70906	0.70957	122332	9"
"2018-10-19 00:00:00	0.70957	0.71497	0.70888	0.71139	119706	7"
"2018-10-21 00:00:00	0.71141	0.71252	0.71107	0.71131	5501	35"
"2018-10-22 00:00:00	0.71128	0.71248	0.70709	0.70718	114431	9"
"2018-10-23 00:00:00	0.70719	0.70923	0.70552	0.70915	123068	8"
"2018-10-24 00:00:00	0.70916	0.7106	0.70559	0.70625	134638	9"
"2018-10-25 00:00:00	0.70627	0.70992	0.70565	0.70804	133254	9"
"2018-10-26 00:00:00	0.70809	0.71037	0.70206	0.70892	138686	9"
"2018-10-28 00:00:00	0.70955	0.71016	0.70875	0.70966	3842	33"
"2018-10-29 00:00:00	0.70968	0.71084	0.70503	0.70619	126299	10"
"2018-10-30 00:00:00	0.70619	0.71218	0.70579	0.70976	118854	9"
"2018-10-31 00:00:00	0.70976	0.71063	0.70674	0.70823	103673	10"
"2018-11-01 00:00:00	0.70823	0.72119	0.70797	0.72044	111002	10"
"2018-11-02 00:00:00	0.72044	0.72581	0.71821	0.71967	121528	10"
"2018-11-04 00:00:00	0.71912	0.72044	0.71877	0.7198	3852	21"
"2018-11-05 00:00:00	0.71981	0.72176	0.71821	0.72112	100643	10"
"2018-11-06 00:00:00	0.72113	0.72461	0.72048	0.72423	107293	10"
"2018-11-07 00:00:00	0.7242	0.72997	0.72125	0.7274	124817	11"
"2018-11-08 00:00:00	0.7274	0.73022	0.72467	0.72652	131466	11"
"2018-11-09 00:00:00	0.7265	0.72703	0.72186	0.72235	126977	11"
"2018-11-11 00:00:00	0.72192	0.72283	0.72141	0.72262	4081	39"
"2018-11-12 00:00:00	0.72263	0.72371	0.71697	0.7174	109563	9"
"2018-11-13 00:00:00	0.71742	0.72357	0.71638	0.72302	142220	11"
"2018-11-14 00:00:00	0.72302	0.72532	0.71876	0.72324	147311	10"
"2018-11-15 00:00:00	0.72323	0.72978	0.72314	0.72709	149449	10"
"2018-11-16 00:00:00	0.72708	0.7337	0.72498	0.73283	109044	11"
"2018-11-18 00:00:00	0.73083	0.73245	0.73083	0.7317	6063	26"
"2018-11-19 00:00:00	0.73169	0.73252	0.72769	0.72948	92090	9"
"2018-11-20 00:00:00	0.72947	0.73001	0.72021	0.72164	115452	10"
"2018-11-21 00:00:00	0.72163	0.72767	0.72096	0.72615	104928	10"
"2018-11-22 00:00:00	0.72616	0.72676	0.72339	0.72495	81023	10"
"2018-11-23 00:00:00	0.72497	0.72543	0.72184	0.72273	86001	11"
"2018-11-25 00:00:00	0.72277	0.72373	0.72264	0.72318	3349	65"
"2018-11-26 00:00:00	0.7232	0.72758	0.72121	0.72231	93498	11"
"2018-11-27 00:00:00	0.72234	0.72687	0.71989	0.72281	107998	9"
"2018-11-28 00:00:00	0.72279	0.73275	0.72208	0.73005	111567	10"
"2018-11-29 00:00:00	0.73006	0.7344	0.72948	0.73217	114092	10"
"2018-11-30 00:00:00	0.73217	0.73256	0.72842	0.73119	102774	10"
"2018-12-02 00:00:00	0.73774	0.73801	0.73553	0.73734	5973	24"
"2018-12-03 00:00:00	0.73734	0.73928	0.7346	0.73559	94172	10"
"2018-12-04 00:00:00	0.73558	0.73931	0.73257	0.73442	131965	10"
"2018-12-05 00:00:00	0.73443	0.73554	0.72572	0.7264	97701	11"
"2018-12-06 00:00:00	0.72641	0.72656	0.71912	0.7233	153374	11"
"2018-12-07 00:00:00	0.72331	0.72416	0.71967	0.71967	129173	10"
"2018-12-09 00:00:00	0.71862	0.71956	0.71777	0.71801	5858	20"
"2018-12-10 00:00:00	0.718	0.72265	0.7179	0.71906	127824	11"
"2018-12-11 00:00:00	0.71905	0.72246	0.71843	0.72121	124112	11"
"2018-12-12 00:00:00	0.72121	0.72376	0.72009	0.72167	126449	11"
"2018-12-13 00:00:00	0.7217	0.72462	0.72118	0.72219	115352	10"
"2018-12-14 00:00:00	0.72218	0.72279	0.71509	0.71735	114770	9"
"2018-12-16 00:00:00	0.71714	0.71787	0.71714	0.71748	10137	60"
"2018-12-17 00:00:00	0.71749	0.71867	0.71681	0.71762	107220	10"
"2018-12-18 00:00:00	0.71765	0.72031	0.71648	0.71888	131273	11"
"2018-12-19 00:00:00	0.71889	0.72003	0.7087	0.71124	167181	10"
"2018-12-20 00:00:00	0.71125	0.71484	0.70856	0.71155	206147	10"
"2018-12-21 00:00:00	0.71155	0.71224	0.70306	0.70319	172271	11"
"2018-12-23 00:00:00	0.70387	0.70507	0.70337	0.70486	5124	24"
"2018-12-24 00:00:00	0.70485	0.70685	0.70362	0.70421	140674	11"
"2018-12-25 00:00:00	0.70382	0.70626	0.70289	0.70458	7153	84"
"2018-12-26 00:00:00	0.70457	0.70774	0.70321	0.70733	80449	13"
"2018-12-27 00:00:00	0.70736	0.70768	0.70163	0.70341	188452	11"
"2018-12-28 00:00:00	0.70341	0.70687	0.70299	0.70366	142755	10"
"2018-12-30 00:00:00	0.7041	0.70486	0.7037	0.70429	6435	50"
"2018-12-31 00:00:00	0.70429	0.70709	0.70324	0.70409	103572	12"
"2019-01-01 00:00:00	0.70519	0.70522	0.70431	0.70476	6167	23"
"2019-01-02 00:00:00	0.70476	0.70481	0.67218	0.69162	197217	11"
"2019-01-03 00:00:00	0.69161	0.70189	0.69161	0.70055	215986	11"
"2019-01-04 00:00:00	0.70054	0.71243	0.69931	0.71167	178893	11"
"2019-01-06 00:00:00	0.71149	0.71244	0.7109	0.7123	6557	34"
"2019-01-07 00:00:00	0.7123	0.71493	0.71143	0.7144	148529	10"
"2019-01-08 00:00:00	0.7144	0.7171	0.7116	0.71647	160348	11"
"2019-01-09 00:00:00	0.71647	0.71935	0.71429	0.71742	149321	12"
"2019-01-10 00:00:00	0.71743	0.71973	0.71456	0.71865	131101	11"
"2019-01-11 00:00:00	0.71865	0.72348	0.71819	0.72135	129936	11"
"2019-01-13 00:00:00	0.72111	0.72112	0.72009	0.72009	4280	36"
"2019-01-14 00:00:00	0.72009	0.72176	0.71753	0.71987	109172	11"
"2019-01-15 00:00:00	0.71994	0.72253	0.71796	0.72063	129956	10"
"2019-01-16 00:00:00	0.72063	0.72118	0.71614	0.71716	101309	10"
"2019-01-17 00:00:00	0.71714	0.72209	0.71465	0.71891	124266	11"
"2019-01-18 00:00:00	0.71891	0.72143	0.71596	0.71596	108047	11"
"2019-01-20 00:00:00	0.71649	0.71666	0.71592	0.71624	2520	27"
"2019-01-21 00:00:00	0.71618	0.71815	0.71397	0.71585	98210	11"
"2019-01-22 00:00:00	0.71584	0.71599	0.71156	0.71206	101019	11"
"2019-01-23 00:00:00	0.71205	0.71468	0.71192	0.71467	99858	11"
"2019-01-24 00:00:00	0.71465	0.71664	0.70769	0.70918	129878	9"
"2019-01-25 00:00:00	0.70918	0.71848	0.70756	0.71767	132293	10"
"2019-01-27 00:00:00	0.71761	0.71849	0.7173	0.71779	4557	20"
"2019-01-28 00:00:00	0.7178	0.72036	0.71585	0.71654	89932	10"
"2019-01-29 00:00:00	0.71653	0.71757	0.71375	0.71565	112004	10"
"2019-01-30 00:00:00	0.71564	0.72726	0.71494	0.72533	144950	10"
"2019-01-31 00:00:00	0.72532	0.72948	0.72453	0.72714	144185	10"
"2019-02-01 00:00:00	0.72714	0.72838	0.72362	0.72475	120185	9"
"2019-02-03 00:00:00	0.72462	0.72494	0.7243	0.72475	3366	23"
"2019-02-04 00:00:00	0.72473	0.72535	0.7211	0.72123	103874	11"
"2019-02-05 00:00:00	0.72123	0.72641	0.71932	0.72419	110800	11"
"2019-02-06 00:00:00	0.72418	0.72451	0.71015	0.71098	129123	11"
"2019-02-07 00:00:00	0.71101	0.7117	0.7089	0.70936	111331	10"
"2019-02-08 00:00:00	0.70936	0.71011	0.706	0.70858	109732	10"
"2019-02-10 00:00:00	0.70858	0.71073	0.70822	0.70998	5126	66"
"2019-02-11 00:00:00	0.70999	0.71075	0.70566	0.70618	118189	10"
"2019-02-12 00:00:00	0.70618	0.71075	0.70536	0.71032	122364	11"
"2019-02-13 00:00:00	0.71031	0.71355	0.70846	0.7091	124976	10"
"2019-02-14 00:00:00	0.7091	0.71312	0.70711	0.71035	147376	8"
"2019-02-15 00:00:00	0.71036	0.71481	0.7079	0.71375	126600	9"
"2019-02-17 00:00:00	0.71323	0.71474	0.71323	0.71445	5501	54"
"2019-02-18 00:00:00	0.71445	0.71602	0.71241	0.71307	116927	10"
"2019-02-19 00:00:00	0.71305	0.71734	0.71031	0.71667	134587	10"
"2019-02-20 00:00:00	0.71668	0.71827	0.71408	0.71681	140002	9"
"2019-02-21 00:00:00	0.71682	0.72066	0.70697	0.71077	188346	10"
"2019-02-22 00:00:00	0.71077	0.71499	0.70823	0.71231	145109	10"
"2019-02-24 00:00:00	0.71346	0.71576	0.71305	0.71566	7046	56"
"2019-02-25 00:00:00	0.71566	0.71839	0.71339	0.71717	133432	10"
"2019-02-26 00:00:00	0.71715	0.71985	0.71417	0.71928	126155	11"
"2019-02-27 00:00:00	0.7193	0.71952	0.7127	0.71478	155373	10"
"2019-02-28 00:00:00	0.71476	0.71659	0.70893	0.71011	155901	11"
"2019-03-01 00:00:00	0.7101	0.71212	0.70691	0.70759	113726	10"
"2019-03-03 00:00:00	0.71071	0.71074	0.70931	0.70988	7804	34"
"2019-03-04 00:00:00	0.7099	0.71022	0.70749	0.70893	131553	10"
"2019-03-05 00:00:00	0.70893	0.70966	0.70584	0.70868	119484	10"
"2019-03-06 00:00:00	0.70871	0.70916	0.7021	0.70315	128257	8"
"2019-03-07 00:00:00	0.70314	0.70512	0.70047	0.70234	105636	9"
"2019-03-08 00:00:00	0.70234	0.70519	0.70028	0.70423	114436	9"
"2019-03-10 00:00:00	0.70287	0.70425	0.70287	0.70371	5036	63"
"2019-03-11 00:00:00	0.70371	0.70801	0.70262	0.70713	90725	10"
"2019-03-12 00:00:00	0.70713	0.70914	0.70542	0.70621	105426	9"
"2019-03-13 00:00:00	0.70621	0.70975	0.70486	0.70855	98369	10"
"2019-03-14 00:00:00	0.70856	0.70858	0.70408	0.70672	108190	7"
"2019-03-15 00:00:00	0.70672	0.70969	0.70656	0.70814	86740	10"
"2019-03-17 00:00:00	0.70858	0.70869	0.70779	0.70829	3549	24"
"2019-03-18 00:00:00	0.70829	0.71193	0.70816	0.70982	90170	10"
"2019-03-19 00:00:00	0.70983	0.71105	0.70845	0.7087	104164	10"
"2019-03-20 00:00:00	0.70871	0.71494	0.70563	0.71329	129215	10"
"2019-03-21 00:00:00	0.71329	0.71677	0.70893	0.71058	196915	9"
"2019-03-22 00:00:00	0.71059	0.71148	0.70753	0.70785	151885	10"
"2019-03-24 00:00:00	0.7076	0.70825	0.70736	0.70802	4605	55"
"2019-03-25 00:00:00	0.70802	0.71165	0.70651	0.71154	131355	10"
"2019-03-26 00:00:00	0.71154	0.71473	0.71132	0.71362	114947	10"
"2019-03-27 00:00:00	0.71362	0.71382	0.70682	0.70834	141899	10"
"2019-03-28 00:00:00	0.70834	0.71056	0.70629	0.70821	135452	11"
"2019-03-29 00:00:00	0.70819	0.71044	0.70739	0.70932	111524	10"
"2019-03-31 00:00:00	0.71167	0.71184	0.71035	0.71118	6136	64"
"2019-04-01 00:00:00	0.71118	0.71314	0.71008	0.71091	111179	11"
"2019-04-02 00:00:00	0.71092	0.7129	0.70522	0.70566	116643	10"
"2019-04-03 00:00:00	0.70567	0.71295	0.7054	0.71166	109883	10"
"2019-04-04 00:00:00	0.71167	0.71267	0.70974	0.71084	94801	10"
"2019-04-05 00:00:00	0.71085	0.71314	0.70919	0.71016	80145	10"
"2019-04-07 00:00:00	0.71009	0.71082	0.70995	0.70997	3858	72"
"2019-04-08 00:00:00	0.70997	0.71303	0.7087	0.71206	81306	11"
"2019-04-09 00:00:00	0.71206	0.71519	0.71198	0.71271	92260	10"
"2019-04-10 00:00:00	0.71271	0.71745	0.7109	0.71661	107220	10"
"2019-04-11 00:00:00	0.71661	0.7168	0.71162	0.71223	82160	9"
"2019-04-12 00:00:00	0.71223	0.71919	0.71156	0.717	100511	9"
"2019-04-14 00:00:00	0.7175	0.71794	0.71689	0.71701	4489	72"
"2019-04-15 00:00:00	0.717	0.71818	0.71635	0.71728	92875	10"
"2019-04-16 00:00:00	0.71728	0.71788	0.71394	0.7164	105436	10"
"2019-04-17 00:00:00	0.71642	0.72055	0.71561	0.71721	98663	8"
"2019-04-18 00:00:00	0.71722	0.71988	0.71362	0.71458	101444	9"
"2019-04-19 00:00:00	0.71455	0.71581	0.7144	0.71497	35566	18"
"2019-04-21 00:00:00	0.71498	0.71525	0.71431	0.71473	3440	64"
"2019-04-22 00:00:00	0.71474	0.71504	0.71279	0.71332	55462	11"
"2019-04-23 00:00:00	0.71332	0.71336	0.70806	0.70964	90767	10"
"2019-04-24 00:00:00	0.70966	0.70986	0.70039	0.70132	117169	10"
"2019-04-25 00:00:00	0.70131	0.70225	0.69878	0.70165	110872	10"
"2019-04-26 00:00:00	0.70166	0.7061	0.70067	0.70353	95272	11"
"2019-04-28 00:00:00	0.70342	0.70442	0.70337	0.70423	2488	77"
"2019-04-29 00:00:00	0.70423	0.70604	0.70388	0.70543	62597	11"
"2019-04-30 00:00:00	0.70543	0.70686	0.70305	0.70491	94607	10"
"2019-05-01 00:00:00	0.70488	0.70607	0.70068	0.70134	74706	9"
"2019-05-02 00:00:00	0.70135	0.7029	0.69928	0.69928	86701	10"
"2019-05-03 00:00:00	0.6993	0.70241	0.69844	0.70218	89214	9"
"2019-05-05 00:00:00	0.69674	0.69976	0.69656	0.69734	11717	59"
"2019-05-06 00:00:00	0.69735	0.70024	0.69624	0.69921	92460	11"
"2019-05-07 00:00:00	0.69922	0.70476	0.69805	0.70076	118916	10"
"2019-05-08 00:00:00	0.70074	0.70263	0.69856	0.69912	120956	9"
"2019-05-09 00:00:00	0.69912	0.69975	0.69646	0.69872	119301	10"
"2019-05-10 00:00:00	0.69871	0.70181	0.69779	0.69974	136086	10"
"2019-05-12 00:00:00	0.69896	0.70001	0.6983	0.69832	7065	68"
"2019-05-13 00:00:00	0.69833	0.6986	0.69392	0.69442	110815	10"
"2019-05-14 00:00:00	0.69442	0.69592	0.69345	0.69371	93563	10"
"2019-05-15 00:00:00	0.69375	0.69379	0.69145	0.69254	98288	9"
"2019-05-16 00:00:00	0.69255	0.69325	0.6886	0.68914	95801	10"
"2019-05-17 00:00:00	0.68912	0.68968	0.68644	0.68659	96965	10"
"2019-05-19 00:00:00	0.69098	0.69112	0.68895	0.69014	6831	44"
"2019-05-20 00:00:00	0.69012	0.69337	0.68989	0.69197	97315	10"
"2019-05-21 00:00:00	0.69202	0.69237	0.68661	0.68823	117904	9"
"2019-05-22 00:00:00	0.68824	0.68962	0.68708	0.68766	98120	10"
"2019-05-23 00:00:00	0.68768	0.69041	0.68645	0.68978	115834	10"
"2019-05-24 00:00:00	0.68978	0.69342	0.68809	0.6926	79570	10"
"2019-05-27 00:00:00	0.69291	0.69382	0.69126	0.69197	55524	10"
"2019-05-28 00:00:00	0.69198	0.69353	0.6916	0.69247	85174	10"
"2019-05-29 00:00:00	0.69247	0.69313	0.6904	0.69178	100499	10"
"2019-05-30 00:00:00	0.69183	0.69365	0.68984	0.69048	92951	10"
"2019-05-31 00:00:00	0.69049	0.69439	0.69005	0.69333	117804	9"
"2019-06-02 00:00:00	0.69275	0.69371	0.69268	0.69284	7766	26"
"2019-06-03 00:00:00	0.69284	0.69822	0.6927	0.69698	120004	9"
"2019-06-04 00:00:00	0.69699	0.70038	0.69555	0.69903	134209	10"
"2019-06-05 00:00:00	0.69902	0.70071	0.69618	0.69694	135427	9"
"2019-06-06 00:00:00	0.69698	0.6994	0.69632	0.69735	147112	10"
"2019-06-07 00:00:00	0.69738	0.70218	0.69637	0.69979	121770	9"
"2019-06-09 00:00:00	0.70037	0.70075	0.69924	0.69951	6076	59"
"2019-06-10 00:00:00	0.6995	0.6999	0.69569	0.69604	120630	9"
"2019-06-11 00:00:00	0.69606	0.69661	0.69467	0.69604	120810	10"
"2019-06-12 00:00:00	0.69606	0.69627	0.69248	0.69293	131157	10"
"2019-06-13 00:00:00	0.69295	0.69381	0.6901	0.69105	110428	11"
"2019-06-14 00:00:00	0.69107	0.69138	0.68609	0.68683	98476	10"
"2019-06-16 00:00:00	0.68721	0.68797	0.68697	0.68772	5868	39"
"2019-06-17 00:00:00	0.68772	0.68843	0.68484	0.68513	73370	9"
"2019-06-18 00:00:00	0.68514	0.68817	0.68314	0.68808	110401	10"
"2019-06-19 00:00:00	0.68808	0.69089	0.68547	0.68847	113185	10"
"2019-06-20 00:00:00	0.68847	0.69356	0.68796	0.69204	141421	10"
"2019-06-21 00:00:00	0.69203	0.69375	0.69029	0.69224	118818	10"
"2019-06-23 00:00:00	0.69304	0.69461	0.69286	0.69458	7676	40"
"2019-06-24 00:00:00	0.6946	0.69687	0.69426	0.69652	101890	9"
"2019-06-25 00:00:00	0.69653	0.69779	0.69414	0.69601	158428	10"
"2019-06-26 00:00:00	0.69601	0.69946	0.695	0.69848	115040	9"
"2019-06-27 00:00:00	0.69849	0.70087	0.69838	0.70043	101199	10"
"2019-06-28 00:00:00	0.70043	0.70224	0.69978	0.70174	87238	11"
"2019-06-30 00:00:00	0.70298	0.70347	0.7022	0.70223	7804	36"
"2019-07-01 00:00:00	0.70222	0.70231	0.69557	0.69644	91692	10"
"2019-07-02 00:00:00	0.69646	0.7	0.69563	0.69937	78690	10"
"2019-07-03 00:00:00	0.69939	0.70392	0.6985	0.70304	78886	10"
"2019-07-04 00:00:00	0.70302	0.70474	0.70151	0.70244	49022	10"
"2019-07-05 00:00:00	0.70244	0.70285	0.6957	0.69761	78976	9"
"2019-07-07 00:00:00	0.69756	0.69832	0.69751	0.69806	2633	74"
"2019-07-08 00:00:00	0.69808	0.6994	0.69667	0.69715	58417	11"
"2019-07-09 00:00:00	0.69715	0.69743	0.69202	0.69247	73162	11"
"2019-07-10 00:00:00	0.69247	0.69687	0.69101	0.69576	92793	10"
"2019-07-11 00:00:00	0.69576	0.69876	0.69536	0.69711	93225	11"
"2019-07-12 00:00:00	0.69712	0.70243	0.69708	0.70174	83875	10"
"2019-07-14 00:00:00	0.7014	0.70228	0.70139	0.70163	1906	30"
"2019-07-15 00:00:00	0.70168	0.70441	0.70118	0.70373	65790	8"
"2019-07-16 00:00:00	0.70372	0.70424	0.701	0.70152	91866	9"
"2019-07-17 00:00:00	0.70152	0.70245	0.6996	0.70079	84012	10"
"2019-07-18 00:00:00	0.7008	0.70817	0.70047	0.70674	111262	10"
"2019-07-19 00:00:00	0.70675	0.70767	0.70369	0.70384	100053	9"
"2019-07-21 00:00:00	0.704	0.7047	0.70399	0.70426	2923	40"
"2019-07-22 00:00:00	0.70423	0.70569	0.70276	0.70289	70758	9"
"2019-07-23 00:00:00	0.7029	0.70348	0.69922	0.69947	73845	9"
"2019-07-24 00:00:00	0.69948	0.69951	0.69722	0.69773	75904	10"
"2019-07-25 00:00:00	0.69773	0.69837	0.6942	0.695	112141	10"
"2019-07-26 00:00:00	0.695	0.69547	0.69023	0.69094	78252	10"
"2019-07-28 00:00:00	0.69035	0.69122	0.69035	0.6905	1879	29"
"2019-07-29 00:00:00	0.69052	0.6916	0.68943	0.68976	57054	11"
"2019-07-30 00:00:00	0.68977	0.6908	0.68682	0.68739	74961	11"
"2019-07-31 00:00:00	0.68741	0.68988	0.68316	0.68446	143830	11"
"2019-08-01 00:00:00	0.68446	0.68675	0.67947	0.68013	164560	12"
"2019-08-02 00:00:00	0.68013	0.68182	0.67627	0.67974	181028	11"
"2019-08-04 00:00:00	0.67931	0.67945	0.67887	0.67898	4169	50"
"2019-08-05 00:00:00	0.67901	0.68035	0.67473	0.67622	153456	11"
"2019-08-06 00:00:00	0.6762	0.68004	0.67528	0.67616	137448	11"
"2019-08-07 00:00:00	0.67617	0.67823	0.66764	0.67567	156561	11"
"2019-08-08 00:00:00	0.67569	0.68213	0.67456	0.68103	116964	10"
"2019-08-09 00:00:00	0.68102	0.68178	0.67794	0.67803	97061	11"
"2019-08-11 00:00:00	0.6781	0.67851	0.67753	0.67765	3895	51"
"2019-08-12 00:00:00	0.67766	0.67953	0.67446	0.67551	119969	10"
"2019-08-13 00:00:00	0.67551	0.6818	0.67469	0.67961	176443	10"
"2019-08-14 00:00:00	0.67961	0.68084	0.67351	0.67541	186836	11"
"2019-08-15 00:00:00	0.67541	0.67904	0.67538	0.67717	202677	10"
"2019-08-16 00:00:00	0.67717	0.67947	0.67703	0.67756	142123	12"
"2019-08-18 00:00:00	0.67788	0.67865	0.67771	0.67857	8005	40"
"2019-08-19 00:00:00	0.67856	0.67886	0.67541	0.6755	101551	10"
"2019-08-20 00:00:00	0.6755	0.67946	0.6755	0.67733	109610	10"
"2019-08-21 00:00:00	0.67733	0.67988	0.67726	0.67839	97242	11"
"2019-08-22 00:00:00	0.6784	0.67841	0.67506	0.67552	122015	10"
"2019-08-23 00:00:00	0.67555	0.67776	0.67354	0.67467	168741	9"
"2019-08-25 00:00:00	0.67363	0.67406	0.66892	0.67062	30838	26"
"2019-08-26 00:00:00	0.67061	0.67876	0.67059	0.67692	235914	10"
"2019-08-27 00:00:00	0.6769	0.67763	0.67463	0.67541	145823	10"
"2019-08-28 00:00:00	0.67542	0.6762	0.67316	0.67392	143541	10"
"2019-08-29 00:00:00	0.67392	0.6753	0.67165	0.67351	153382	9"
"2019-08-30 00:00:00	0.6735	0.67399	0.67055	0.67338	136710	10"
"2019-09-01 00:00:00	0.67253	0.67338	0.6722	0.67252	24777	41"
"2019-09-02 00:00:00	0.67253	0.67344	0.67096	0.6711	87789	10"
"2019-09-03 00:00:00	0.6711	0.67637	0.66872	0.67627	126938	9"
"2019-09-04 00:00:00	0.67627	0.68006	0.67586	0.67961	105610	10"
"2019-09-05 00:00:00	0.67962	0.68296	0.67961	0.68113	125497	9"
"2019-09-06 00:00:00	0.68114	0.68611	0.68066	0.68443	105411	10"
"2019-09-08 00:00:00	0.68382	0.68491	0.68381	0.68456	8420	40"
"2019-09-09 00:00:00	0.68455	0.68753	0.6837	0.68636	86086	10"
"2019-09-10 00:00:00	0.68634	0.68698	0.68486	0.68576	84686	9"
"2019-09-11 00:00:00	0.68574	0.68846	0.68482	0.68744	83348	9"
"2019-09-12 00:00:00	0.68749	0.68943	0.68601	0.68623	118380	9"
"2019-09-13 00:00:00	0.68624	0.68902	0.68589	0.68779	79461	11"
"2019-09-15 00:00:00	0.68615	0.6883	0.68612	0.68774	11355	29"
"2019-09-16 00:00:00	0.68775	0.68836	0.68535	0.6861	99076	10"
"2019-09-17 00:00:00	0.6861	0.68688	0.68302	0.68651	102483	10"
"2019-09-18 00:00:00	0.68652	0.68659	0.68119	0.68228	97325	10"
"2019-09-19 00:00:00	0.68229	0.6823	0.67799	0.67907	94586	9"
"2019-09-20 00:00:00	0.67908	0.68084	0.67597	0.67631	90199	9"
"2019-09-22 00:00:00	0.67719	0.67727	0.67642	0.67681	5702	14"
"2019-09-23 00:00:00	0.67681	0.67812	0.6765	0.67729	91300	10"
"2019-09-24 00:00:00	0.67731	0.68058	0.67649	0.67968	90511	10"
"2019-09-25 00:00:00	0.67969	0.68035	0.67387	0.67538	108949	9"
"2019-09-26 00:00:00	0.67538	0.67805	0.67457	0.67528	99986	9"
"2019-09-27 00:00:00	0.67527	0.67791	0.67431	0.67622	92962	9"
"2019-09-29 00:00:00	0.67597	0.67653	0.67569	0.6761	6491	29"
"2019-09-30 00:00:00	0.6761	0.677	0.67409	0.67501	86986	11"
"2019-10-01 00:00:00	0.67501	0.67755	0.66719	0.67075	128011	9"
"2019-10-02 00:00:00	0.67075	0.67181	0.66704	0.67077	117395	9"
"2019-10-03 00:00:00	0.67078	0.67525	0.6702	0.67442	111044	10"
"2019-10-04 00:00:00	0.67441	0.67735	0.67432	0.67671	96644	9"
"2019-10-06 00:00:00	0.67547	0.67648	0.67547	0.6763	9513	33"
"2019-10-07 00:00:00	0.6763	0.6764	0.67284	0.67319	86765	11"
"2019-10-08 00:00:00	0.67318	0.67567	0.67222	0.6728	99419	9"
"2019-10-09 00:00:00	0.6728	0.67497	0.67099	0.67187	99630	11"
"2019-10-10 00:00:00	0.67188	0.6774	0.67127	0.67621	131577	10"
"2019-10-11 00:00:00	0.6762	0.68101	0.67589	0.6788	110502	10"
"2019-10-13 00:00:00	0.67885	0.67976	0.67877	0.67971	9835	28"
"2019-10-14 00:00:00	0.67969	0.68011	0.67507	0.67746	93987	10"
"2019-10-15 00:00:00	0.67746	0.67882	0.67423	0.67527	120829	10"
"2019-10-16 00:00:00	0.67527	0.67651	0.67232	0.67556	107920	9"
"2019-10-17 00:00:00	0.67555	0.68327	0.67535	0.68243	105934	10"
"2019-10-18 00:00:00	0.68242	0.68562	0.68224	0.68556	72639	9"
"2019-10-20 00:00:00	0.68454	0.68547	0.68395	0.68479	15281	41"
"2019-10-21 00:00:00	0.68479	0.688	0.68476	0.687	78884	10"
"2019-10-22 00:00:00	0.68699	0.68825	0.68501	0.68601	98534	10"
"2019-10-23 00:00:00	0.686	0.68604	0.68336	0.68494	90882	9"
"2019-10-24 00:00:00	0.68494	0.68573	0.68105	0.68156	102126	10"
"2019-10-25 00:00:00	0.68157	0.68359	0.68089	0.68196	66635	11"
"2019-10-27 00:00:00	0.68185	0.68256	0.68181	0.68219	6634	45"
"2019-10-28 00:00:00	0.68218	0.6845	0.68104	0.68389	68309	10"
"2019-10-29 00:00:00	0.68389	0.68715	0.68379	0.68555	85295	10"
"2019-10-30 00:00:00	0.68554	0.69046	0.68483	0.68969	111198	10"
"2019-10-31 00:00:00	0.68968	0.69294	0.68829	0.68921	119282	10"
"2019-11-01 00:00:00	0.68921	0.6921	0.68836	0.69114	93214	8"
"2019-11-03 00:00:00	0.69128	0.69151	0.69071	0.69148	3368	36"
"2019-11-04 00:00:00	0.69148	0.69248	0.68762	0.68885	84704	9"
"2019-11-05 00:00:00	0.68884	0.69277	0.68769	0.68892	109210	9"
"2019-11-06 00:00:00	0.68893	0.69071	0.68687	0.68761	79668	9"
"2019-11-07 00:00:00	0.68761	0.69129	0.68613	0.68986	110246	10"
"2019-11-08 00:00:00	0.68986	0.6906	0.68472	0.68578	78598	9"
"2019-11-10 00:00:00	0.68552	0.68609	0.68552	0.68571	3645	48"
"2019-11-11 00:00:00	0.6857	0.68652	0.68448	0.68479	61509	10"
"2019-11-12 00:00:00	0.68478	0.6857	0.6831	0.68412	87957	9"
"2019-11-13 00:00:00	0.6841	0.68568	0.68208	0.68387	89027	9"
"2019-11-14 00:00:00	0.68387	0.68409	0.67692	0.67864	95895	10"
"2019-11-15 00:00:00	0.67864	0.68218	0.67803	0.68168	65475	9"
"2019-11-17 00:00:00	0.68119	0.68164	0.68102	0.68145	2812	53"
"2019-11-18 00:00:00	0.68144	0.68222	0.67984	0.68043	65841	9"
"2019-11-19 00:00:00	0.68044	0.68345	0.67847	0.68242	68057	10"
"2019-11-20 00:00:00	0.68241	0.68307	0.67897	0.67972	76932	9"
"2019-11-21 00:00:00	0.67972	0.68136	0.6783	0.6788	86003	9"
"2019-11-22 00:00:00	0.6788	0.6803	0.67802	0.67821	67395	9"
"2019-11-24 00:00:00	0.67901	0.67917	0.67865	0.67911	2382	20"
"2019-11-25 00:00:00	0.67912	0.67989	0.67677	0.67761	59489	9"
"2019-11-26 00:00:00	0.67761	0.6795	0.67676	0.67865	75742	10"
"2019-11-27 00:00:00	0.67864	0.67909	0.67587	0.67678	64505	9"
"2019-11-28 00:00:00	0.6768	0.67735	0.67612	0.67674	49203	10"
"2019-11-29 00:00:00	0.67674	0.67792	0.67539	0.67597	52197	9"
"2019-12-01 00:00:00	0.67678	0.67684	0.67612	0.67648	2851	28"
"2019-12-02 00:00:00	0.67648	0.68255	0.67636	0.68173	64504	9"
"2019-12-03 00:00:00	0.68173	0.68617	0.68156	0.68492	76095	8"
"2019-12-04 00:00:00	0.68494	0.68546	0.68127	0.68488	82063	9"
"2019-12-05 00:00:00	0.68487	0.68545	0.68206	0.6832	61834	9"
"2019-12-06 00:00:00	0.68322	0.68568	0.68231	0.68374	60227	9"
"2019-12-08 00:00:00	0.68282	0.6838	0.68282	0.6835	2359	27"
"2019-12-09 00:00:00	0.6835	0.6836	0.68178	0.68258	51727	9"
"2019-12-10 00:00:00	0.68259	0.6837	0.67999	0.68107	66502	9"
"2019-12-11 00:00:00	0.68107	0.68892	0.68041	0.68696	73067	9"
"2019-12-12 00:00:00	0.68697	0.69383	0.68695	0.69252	96754	9"
"2019-12-13 00:00:00	0.69252	0.69287	0.6864	0.68718	112616	9"
"2019-12-15 00:00:00	0.68835	0.68844	0.68696	0.68742	8069	54"
"2019-12-16 00:00:00	0.68742	0.68975	0.68679	0.6872	68746	9"
"2019-12-17 00:00:00	0.68723	0.68772	0.68379	0.68503	74676	11"
"2019-12-18 00:00:00	0.68503	0.68641	0.68382	0.68545	71334	7"
"2019-12-19 00:00:00	0.68545	0.68905	0.68535	0.68895	70327	10"
"2019-12-20 00:00:00	0.68896	0.69064	0.68839	0.6896	56248	9"
"2019-12-22 00:00:00	0.68903	0.69055	0.68903	0.69053	3356	62"
"2019-12-23 00:00:00	0.69054	0.69284	0.68968	0.69252	54670	10"
"2019-12-24 00:00:00	0.69251	0.693	0.6912	0.69192	57826	9"
"2019-12-25 00:00:00	0.69192	0.6926	0.69112	0.69241	2622	30"
"2019-12-26 00:00:00	0.6924	0.69494	0.69215	0.69463	24318	14"
"2019-12-27 00:00:00	0.69464	0.69868	0.69429	0.69792	63852	8"
"2019-12-29 00:00:00	0.698	0.69891	0.69777	0.69815	2989	64"
"2019-12-30 00:00:00	0.69815	0.70041	0.69815	0.70008	69458	9"
"2019-12-31 00:00:00	0.70006	0.70316	0.6999	0.70115	55300	9"
"2020-01-01 00:00:00	0.70137	0.70192	0.70048	0.70182	3365	53"
"2020-01-02 00:00:00	0.70188	0.70195	0.69782	0.69829	73627	11"
"2020-01-03 00:00:00	0.69828	0.69862	0.69299	0.69456	85087	9"
"2020-01-05 00:00:00	0.69416	0.69445	0.69322	0.69432	6042	12"
"2020-01-06 00:00:00	0.69432	0.69574	0.6925	0.69364	75477	9"
"2020-01-07 00:00:00	0.69366	0.69389	0.68498	0.68594	93323	9"
"2020-01-08 00:00:00	0.68592	0.68851	0.68487	0.68749	114268	9"
"2020-01-09 00:00:00	0.68749	0.68802	0.685	0.68529	69654	9"
"2020-01-10 00:00:00	0.68531	0.69109	0.68505	0.68981	74002	9"
"2020-01-12 00:00:00	0.68967	0.69054	0.68932	0.68996	3071	21"
"2020-01-13 00:00:00	0.68994	0.69195	0.68943	0.6897	69076	9"
"2020-01-14 00:00:00	0.68969	0.69094	0.68848	0.68944	77157	8"
"2020-01-15 00:00:00	0.68943	0.69163	0.68771	0.69069	67114	9"
"2020-01-16 00:00:00	0.69069	0.69335	0.68875	0.68981	69444	9"
"2020-01-17 00:00:00	0.68981	0.69108	0.687	0.68708	63565	8"
"2020-01-19 00:00:00	0.68721	0.68826	0.6872	0.6881	2965	22"
"2020-01-20 00:00:00	0.6881	0.68882	0.68549	0.68752	44314	9"
"2020-01-21 00:00:00	0.68754	0.68802	0.68418	0.68471	74207	9"
"2020-01-22 00:00:00	0.68471	0.68559	0.68268	0.6841	68859	8"
"2020-01-23 00:00:00	0.6841	0.68785	0.6829	0.68482	92903	9"
"2020-01-24 00:00:00	0.6848	0.6857	0.68172	0.6819	69475	8"
"2020-01-26 00:00:00	0.68119	0.68184	0.68007	0.68009	12557	27"
"2020-01-27 00:00:00	0.68009	0.68168	0.67518	0.67614	81229	9"
"2020-01-28 00:00:00	0.67614	0.67664	0.67367	0.67636	74714	9"
"2020-01-29 00:00:00	0.67633	0.67769	0.67349	0.6753	75708	9"
"2020-01-30 00:00:00	0.67529	0.67531	0.66997	0.67052	93245	8"
"2020-01-31 00:00:00	0.67051	0.67294	0.66825	0.6685	88107	8"
"2020-02-02 00:00:00	0.66834	0.66953	0.66832	0.66924	6875	39"
"2020-02-03 00:00:00	0.66921	0.67067	0.66833	0.66893	86565	9"
"2020-02-04 00:00:00	0.66893	0.67416	0.66784	0.67307	87693	8"
"2020-02-05 00:00:00	0.67309	0.67738	0.67234	0.67511	87448	10"
"2020-02-06 00:00:00	0.67511	0.67648	0.67266	0.67309	68826	8"
"2020-02-07 00:00:00	0.6731	0.6731	0.66619	0.66707	75978	10"
"2020-02-09 00:00:00	0.66647	0.66782	0.66647	0.66696	6475	50"
"2020-02-10 00:00:00	0.66697	0.6707	0.66676	0.66892	67286	9"
"2020-02-11 00:00:00	0.66892	0.67363	0.66805	0.6718	59503	10"
"2020-02-12 00:00:00	0.67179	0.67498	0.67065	0.67128	415459	11"
"2020-02-13 00:00:00	0.67128	0.67449	0.67094	0.67186	578340	8"
"2020-02-14 00:00:00	0.67186	0.67312	0.67089	0.67105	360182	8"
"2020-02-16 00:00:00	0.67197	0.67291	0.67162	0.67252	3586	39"
"2020-02-17 00:00:00	0.67252	0.6733	0.67065	0.67092	40454	8"
"2020-02-18 00:00:00	0.67091	0.67093	0.66733	0.66936	64752	9"
"2020-02-19 00:00:00	0.66935	0.67072	0.66649	0.66805	56317	9"
"2020-02-20 00:00:00	0.66805	0.66931	0.66099	0.66114	74796	8"
"2020-02-21 00:00:00	0.66114	0.66385	0.65855	0.66241	76273	9"
"2020-02-23 00:00:00	0.65839	0.66085	0.65838	0.66054	6848	37"
"2020-02-24 00:00:00	0.66054	0.66195	0.65862	0.66103	95253	10"
"2020-02-25 00:00:00	0.66103	0.66221	0.6586	0.66047	97999	9"
"2020-02-26 00:00:00	0.66046	0.66067	0.65419	0.65464	102223	10"
"2020-02-27 00:00:00	0.65464	0.65918	0.6543	0.65798	112427	11"
"2020-02-28 00:00:00	0.65799	0.6585	0.64335	0.65056	183446	9"
"2020-03-01 00:00:00	0.64668	0.65247	0.64623	0.65132	8525	37"
"2020-03-02 00:00:00	0.65131	0.65677	0.64886	0.65487	148997	9"
"2020-03-03 00:00:00	0.65484	0.66453	0.65093	0.65826	154247	10"
"2020-03-04 00:00:00	0.65827	0.66291	0.65827	0.66279	97542	10"
"2020-03-05 00:00:00	0.66279	0.66364	0.65835	0.66156	82683	10"
"2020-03-06 00:00:00	0.66158	0.6657	0.65847	0.66387	110709	10"
"2020-03-08 00:00:00	0.66057	0.6623	0.65935	0.66121	17506	67"
"2020-03-09 00:00:00	0.6612	0.66846	0.6307	0.65969	234066	11"
"2020-03-10 00:00:00	0.65974	0.66035	0.6462	0.64938	162907	13"
"2020-03-11 00:00:00	0.64944	0.65393	0.64697	0.64764	155531	11"
"2020-03-12 00:00:00	0.64766	0.64811	0.62114	0.62738	274515	12"
"2020-03-13 00:00:00	0.62744	0.63253	0.61224	0.61835	215825	16"
"2020-03-15 00:00:00	0.61473	0.63027	0.61062	0.61783	22527	57"
"2020-03-16 00:00:00	0.61783	0.61882	0.60786	0.61012	240221	20"
"2020-03-17 00:00:00	0.61014	0.61483	0.59585	0.5989	232721	13"
"2020-03-18 00:00:00	0.5989	0.60283	0.57017	0.5792	267517	17"
"2020-03-19 00:00:00	0.57921	0.59639	0.55068	0.57427	337293	19"
"2020-03-20 00:00:00	0.57427	0.5985	0.57087	0.57978	298824	34"
"2020-03-22 00:00:00	0.58034	0.58244	0.57045	0.5752	33746	78"
"2020-03-23 00:00:00	0.57519	0.58846	0.56993	0.58746	394879	25"
"2020-03-24 00:00:00	0.58746	0.59896	0.58643	0.59689	281504	20"
"2020-03-25 00:00:00	0.59688	0.6073	0.58927	0.59012	249158	15"
"2020-03-26 00:00:00	0.59011	0.60869	0.58698	0.60774	221771	18"
"2020-03-27 00:00:00	0.60774	0.61998	0.60222	0.61572	244870	15"
"2020-03-29 00:00:00	0.61497	0.61831	0.61124	0.6173	17996	62"
"2020-03-30 00:00:00	0.61732	0.61835	0.61111	0.61642	216469	18"
"2020-03-31 00:00:00	0.61645	0.62131	0.60745	0.61375	318638	18"
"2020-04-01 00:00:00	0.61379	0.61848	0.60384	0.60893	217547	17"
"2020-04-02 00:00:00	0.60894	0.61186	0.60065	0.60644	215436	17"
"2020-04-03 00:00:00	0.60643	0.6075	0.59797	0.59867	178390	18"
"2020-04-05 00:00:00	0.6011	0.60152	0.59845	0.59922	9721	79"
"2020-04-06 00:00:00	0.59926	0.6122	0.59905	0.61163	176305	15"
"2020-04-07 00:00:00	0.61166	0.62078	0.60969	0.61514	231964	13"
"2020-04-08 00:00:00	0.61509	0.62446	0.61152	0.62326	185066	13"
"2020-04-09 00:00:00	0.62334	0.6363	0.61948	0.63306	181128	13"
"2020-04-10 00:00:00	0.63306	0.63673	0.63123	0.63409	40930	29"
"2020-04-12 00:00:00	0.63458	0.63574	0.63255	0.63342	5083	68"
"2020-04-13 00:00:00	0.63343	0.64089	0.63301	0.63987	101093	16"
"2020-04-14 00:00:00	0.63987	0.64443	0.6374	0.64345	141061	15"
"2020-04-15 00:00:00	0.64345	0.64358	0.62838	0.6308	160353	10"
"2020-04-16 00:00:00	0.63081	0.63848	0.62639	0.63589	211227	12"
"2020-04-17 00:00:00	0.63592	0.63829	0.63139	0.63598	172031	16"
"2020-04-19 00:00:00	0.63622	0.63665	0.63362	0.63363	7097	59"
"2020-04-20 00:00:00	0.63363	0.6397	0.63296	0.63412	146548	11"
"2020-04-21 00:00:00	0.63415	0.63462	0.6253	0.6292	160070	13"
"2020-04-22 00:00:00	0.62923	0.63525	0.62808	0.62963	117253	11"
"2020-04-23 00:00:00	0.62971	0.64061	0.62825	0.63756	134787	12"
"2020-04-24 00:00:00	0.6376	0.63981	0.63368	0.63892	96156	11"
"2020-04-26 00:00:00	0.63807	0.63982	0.63806	0.63969	4140	23"
"2020-04-27 00:00:00	0.63971	0.64712	0.63921	0.64491	100885	11"
"2020-04-28 00:00:00	0.64492	0.65136	0.64338	0.65019	106647	11"
"2020-04-29 00:00:00	0.65019	0.65582	0.65008	0.6554	98289	10"
"2020-04-30 00:00:00	0.65538	0.65695	0.64825	0.64941	136799	9"
"2020-05-01 00:00:00	0.64943	0.64968	0.64097	0.64149	86783	10"
"2020-05-03 00:00:00	0.6412	0.64125	0.63725	0.6376	8266	20"
"2020-05-04 00:00:00	0.63759	0.64344	0.63723	0.64252	99609	10"
"2020-05-05 00:00:00	0.64253	0.64756	0.64165	0.64327	105207	10"
"2020-05-06 00:00:00	0.6433	0.64525	0.63779	0.63905	113403	12"
"2020-05-07 00:00:00	0.63907	0.65102	0.63907	0.65002	109496	10"
"2020-05-08 00:00:00	0.65012	0.65476	0.64974	0.65301	87295	10"
"2020-05-10 00:00:00	0.65309	0.65368	0.65137	0.65349	5261	39"
"2020-05-11 00:00:00	0.65349	0.65611	0.64562	0.64837	82286	11"
"2020-05-12 00:00:00	0.64839	0.6536	0.64318	0.64512	116341	10"
"2020-05-13 00:00:00	0.64514	0.6524	0.6438	0.64525	158362	9"
"2020-05-14 00:00:00	0.64532	0.64732	0.64031	0.647	141295	10"
"2020-05-15 00:00:00	0.647	0.64728	0.64017	0.64126	111408	9"
"2020-05-17 00:00:00	0.6419	0.64278	0.64098	0.64248	5162	31"
"2020-05-18 00:00:00	0.6425	0.6528	0.64195	0.65229	97807	11"
"2020-05-19 00:00:00	0.65233	0.65847	0.65094	0.65399	111252	10"
"2020-05-20 00:00:00	0.65401	0.66157	0.65273	0.65907	96873	9"
"2020-05-21 00:00:00	0.65912	0.6598	0.65485	0.6566	109579	9"
"2020-05-22 00:00:00	0.65659	0.65719	0.65056	0.65334	94335	9"
"2020-05-24 00:00:00	0.65315	0.65479	0.65286	0.65449	4763	49"
"2020-05-25 00:00:00	0.65449	0.65498	0.65194	0.65494	66913	10"
"2020-05-26 00:00:00	0.65496	0.66749	0.65418	0.66451	113434	9"
"2020-05-27 00:00:00	0.66451	0.668	0.65672	0.66207	158729	9"
"2020-05-28 00:00:00	0.66209	0.66671	0.65877	0.6632	141675	10"
"2020-05-29 00:00:00	0.66319	0.66829	0.66181	0.6665	163222	10"
"2020-05-31 00:00:00	0.6657	0.66687	0.66479	0.6658	6730	33"
"2020-06-01 00:00:00	0.66579	0.6813	0.66577	0.67835	135550	10"
"2020-06-02 00:00:00	0.67835	0.69219	0.67744	0.69133	141997	10"
"2020-06-03 00:00:00	0.69135	0.69829	0.6856	0.69265	171441	10"
"2020-06-04 00:00:00	0.69268	0.69871	0.68819	0.69385	173639	10"
"2020-06-05 00:00:00	0.69386	0.70125	0.69304	0.69668	155952	8"
"2020-06-07 00:00:00	0.69646	0.70029	0.69645	0.69994	5966	57"
"2020-06-08 00:00:00	0.69994	0.70289	0.69614	0.70231	107999	10"
"2020-06-09 00:00:00	0.70234	0.70424	0.6898	0.69389	147925	10"
"2020-06-10 00:00:00	0.69392	0.70637	0.69321	0.69676	176759	10"
"2020-06-11 00:00:00	0.69678	0.69936	0.68181	0.68285	238306	11"
"2020-06-12 00:00:00	0.68286	0.69114	0.67992	0.68638	245939	11"
"2020-06-14 00:00:00	0.6841	0.68452	0.68099	0.68252	13889	31"
"2020-06-15 00:00:00	0.68252	0.69624	0.67761	0.69619	254725	12"
"2020-06-16 00:00:00	0.69622	0.69762	0.68333	0.68928	230237	10"
"2020-06-17 00:00:00	0.6893	0.69223	0.68518	0.68759	191563	11"
"2020-06-18 00:00:00	0.68759	0.69019	0.68357	0.68558	168793	12"
"2020-06-19 00:00:00	0.6856	0.69111	0.68292	0.68336	142225	12"
"2020-06-21 00:00:00	0.68098	0.68306	0.68097	0.68191	8793	25"
"2020-06-22 00:00:00	0.68195	0.69347	0.68163	0.69286	115052	12"
"2020-06-23 00:00:00	0.69285	0.69743	0.68575	0.69428	145680	11"
"2020-06-24 00:00:00	0.69429	0.69616	0.68533	0.68552	150548	11"
"2020-06-25 00:00:00	0.68553	0.68949	0.68469	0.68876	146662	10"
"2020-06-26 00:00:00	0.68877	0.68949	0.68401	0.68641	108432	12"
"2020-06-28 00:00:00	0.68566	0.6866	0.68452	0.68596	4865	51"
"2020-06-29 00:00:00	0.68598	0.68905	0.68414	0.68713	110181	11"
"2020-06-30 00:00:00	0.68714	0.69117	0.68322	0.68994	115309	11"
"2020-07-01 00:00:00	0.68994	0.69432	0.68766	0.69109	115360	7"
"2020-07-02 00:00:00	0.69109	0.69519	0.69012	0.69185	116168	9"
"2020-07-03 00:00:00	0.69189	0.69472	0.69133	0.6934	74083	11"
"2020-07-05 00:00:00	0.69285	0.69495	0.69282	0.69477	3241	36"
"2020-07-06 00:00:00	0.69476	0.69873	0.69461	0.69742	83752	9"
"2020-07-07 00:00:00	0.69744	0.69972	0.69217	0.69415	111213	10"
"2020-07-08 00:00:00	0.69417	0.69879	0.69269	0.69851	110901	10"
"2020-07-09 00:00:00	0.69852	0.70007	0.69496	0.69594	128724	10"
"2020-07-10 00:00:00	0.69595	0.69689	0.69233	0.69479	101200	7"
"2020-07-12 00:00:00	0.69486	0.6959	0.6948	0.69489	5197	78"
"2020-07-13 00:00:00	0.6949	0.69927	0.69355	0.69358	117150	11"
"2020-07-14 00:00:00	0.6936	0.69933	0.69209	0.69876	190576	10"
"2020-07-15 00:00:00	0.69876	0.70373	0.69851	0.70078	127738	10"
"2020-07-16 00:00:00	0.70078	0.70124	0.69628	0.6975	116199	11"
"2020-07-17 00:00:00	0.69754	0.70046	0.69732	0.69936	71646	9"
"2020-07-19 00:00:00	0.69849	0.70036	0.69843	0.70025	3516	62"
"2020-07-20 00:00:00	0.70029	0.70253	0.69725	0.70213	91634	9"
"2020-07-21 00:00:00	0.70214	0.71465	0.70152	0.71377	119930	9"
"2020-07-22 00:00:00	0.71378	0.71827	0.71114	0.71362	162661	9"
"2020-07-23 00:00:00	0.71363	0.71615	0.70902	0.70983	139310	10"
"2020-07-24 00:00:00	0.70982	0.71249	0.70637	0.7104	120734	8"
"2020-07-26 00:00:00	0.70873	0.71074	0.70864	0.70961	7454	69"
"2020-07-27 00:00:00	0.70964	0.71597	0.70961	0.7158	107878	10"
"2020-07-28 00:00:00	0.7158	0.71765	0.71125	0.71578	116058	11"
"2020-07-29 00:00:00	0.7158	0.71966	0.71491	0.71714	113520	10"
"2020-07-30 00:00:00	0.71714	0.72045	0.71202	0.72016	128364	11"
"2020-07-31 00:00:00	0.72016	0.72268	0.71329	0.71418	131842	9"
"2020-08-02 00:00:00	0.71292	0.71493	0.71288	0.71446	12202	20"
"2020-08-03 00:00:00	0.71447	0.71494	0.70759	0.71159	103703	10"
"2020-08-04 00:00:00	0.71157	0.71765	0.71055	0.71758	105468	10"
"2020-08-05 00:00:00	0.71757	0.72409	0.71653	0.71973	98227	10"
"2020-08-06 00:00:00	0.71974	0.7239	0.71737	0.7231	120910	10"
"2020-08-07 00:00:00	0.72314	0.72429	0.71443	0.71558	116955	11"
"2020-08-09 00:00:00	0.71597	0.71636	0.71469	0.71553	6653	43"
"2020-08-10 00:00:00	0.71553	0.71837	0.71397	0.71548	86295	12"
"2020-08-11 00:00:00	0.71548	0.71894	0.71345	0.71446	108465	10"
"2020-08-12 00:00:00	0.71446	0.71754	0.71093	0.71639	114631	10"
"2020-08-13 00:00:00	0.7164	0.71875	0.71353	0.71472	94357	10"
"2020-08-14 00:00:00	0.71475	0.71749	0.71316	0.71697	67674	11"
"2020-08-16 00:00:00	0.71646	0.71934	0.71627	0.7192	4546	27"
"2020-08-17 00:00:00	0.71921	0.7227	0.71704	0.72136	62972	10"
"2020-08-18 00:00:00	0.72136	0.72642	0.72086	0.72542	93488	10"
"2020-08-19 00:00:00	0.72542	0.72753	0.71789	0.71863	246789	9"
"2020-08-20 00:00:00	0.71865	0.72078	0.71353	0.72033	100966	10"
"2020-08-21 00:00:00	0.72033	0.72155	0.71391	0.71598	91410	9"
"2020-08-23 00:00:00	0.71658	0.71693	0.71414	0.71591	3267	46"
"2020-08-24 00:00:00	0.71592	0.72037	0.71522	0.71688	205967	11"
"2020-08-25 00:00:00	0.7169	0.72067	0.71498	0.71974	187909	10"
"2020-08-26 00:00:00	0.71973	0.72454	0.71868	0.72443	96898	10"
"2020-08-27 00:00:00	0.72445	0.72902	0.72163	0.72689	278962	10"
"2020-08-28 00:00:00	0.7269	0.73663	0.72552	0.73639	154145	11"
"2020-08-30 00:00:00	0.73582	0.73717	0.73575	0.73697	4185	59"
"2020-08-31 00:00:00	0.73697	0.74028	0.73397	0.73769	277106	10"
"2020-09-01 00:00:00	0.73771	0.74132	0.73588	0.73765	149971	10"
"2020-09-02 00:00:00	0.73765	0.73798	0.7301	0.73275	116476	9"
"2020-09-03 00:00:00	0.73275	0.73324	0.7251	0.72535	162253	10"
"2020-09-04 00:00:00	0.72534	0.72983	0.72218	0.72804	148974	11"
"2020-09-06 00:00:00	0.7285	0.72908	0.72728	0.72804	7800	70"
"2020-09-07 00:00:00	0.72803	0.72978	0.72697	0.72798	68572	12"
"2020-09-08 00:00:00	0.72799	0.73085	0.71918	0.7209	139267	10"
"2020-09-09 00:00:00	0.7209	0.72876	0.72054	0.72748	142905	10"
"2020-09-10 00:00:00	0.72749	0.73241	0.72471	0.7261	141945	11"
"2020-09-11 00:00:00	0.72611	0.73056	0.72583	0.72817	95288	10"
"2020-09-13 00:00:00	0.72767	0.72887	0.72749	0.72816	3944	60"
"2020-09-14 00:00:00	0.72815	0.73032	0.7264	0.72827	67484	10"
"2020-09-15 00:00:00	0.72832	0.73422	0.72664	0.72951	92338	10"
"2020-09-16 00:00:00	0.72949	0.73448	0.72781	0.72963	110837	10"
"2020-09-17 00:00:00	0.72962	0.73188	0.72537	0.7313	145863	10"
"2020-09-18 00:00:00	0.73131	0.73337	0.72821	0.72852	117088	10"
"2020-09-20 00:00:00	0.72865	0.72979	0.72858	0.72933	4591	56"
"2020-09-21 00:00:00	0.72933	0.73237	0.71988	0.72281	135281	10"
"2020-09-22 00:00:00	0.72281	0.72349	0.71539	0.7172	128382	10"
"2020-09-23 00:00:00	0.7172	0.71742	0.70594	0.70638	144274	10"
"2020-09-24 00:00:00	0.70638	0.70806	0.70155	0.70544	145938	10"
"2020-09-25 00:00:00	0.70544	0.70864	0.70052	0.70249	116994	10"
"2020-09-27 00:00:00	0.70283	0.70445	0.70283	0.70394	3044	25"
"2020-09-28 00:00:00	0.70394	0.7096	0.70321	0.70932	103766	11"
"2020-09-29 00:00:00	0.70934	0.71453	0.70738	0.7145	101598	10"
"2020-09-30 00:00:00	0.71449	0.71748	0.70999	0.71644	140296	10"
"2020-10-01 00:00:00	0.71644	0.72086	0.71543	0.71805	137171	11"
"2020-10-02 00:00:00	0.71804	0.71845	0.71304	0.71585	155717	11"
"2020-10-04 00:00:00	0.71659	0.71743	0.71561	0.71728	3986	43"
"2020-10-05 00:00:00	0.71729	0.71942	0.71622	0.71927	84315	10"
"2020-10-06 00:00:00	0.71928	0.72083	0.70952	0.71087	125163	10"
"2020-10-07 00:00:00	0.71087	0.71511	0.7098	0.71354	91553	10"
"2020-10-08 00:00:00	0.71354	0.71756	0.71227	0.71747	78373	11"
"2020-10-09 00:00:00	0.71744	0.72425	0.71678	0.72396	74998	10"
"2020-10-11 00:00:00	0.72192	0.72335	0.72192	0.72242	4013	46"
"2020-10-12 00:00:00	0.72242	0.72345	0.72021	0.72083	70405	10"
"2020-10-13 00:00:00	0.72085	0.72085	0.71497	0.71637	116912	10"
"2020-10-14 00:00:00	0.71638	0.71902	0.7128	0.71406	109083	11"
"2020-10-15 00:00:00	0.71407	0.71482	0.70556	0.70874	123144	9"
"2020-10-16 00:00:00	0.70874	0.7096	0.70702	0.70763	90301	11"
"2020-10-18 00:00:00	0.70786	0.70948	0.707	0.70928	3751	40"
"2020-10-19 00:00:00	0.70928	0.71143	0.70455	0.70534	81588	10"
"2020-10-20 00:00:00	0.70535	0.70721	0.70204	0.70498	85438	11"
"2020-10-21 00:00:00	0.70494	0.71364	0.70494	0.71038	102182	9"
"2020-10-22 00:00:00	0.71039	0.71389	0.70847	0.71268	91772	11"
"2020-10-23 00:00:00	0.71267	0.71577	0.71007	0.71349	82239	10"
"2020-10-25 00:00:00	0.71328	0.71415	0.71152	0.71309	6447	62"
"2020-10-26 00:00:00	0.71309	0.7146	0.71024	0.71164	97790	10"
"2020-10-27 00:00:00	0.71164	0.71466	0.71127	0.71225	85087	10"
"2020-10-28 00:00:00	0.71225	0.71569	0.70378	0.70545	124189	10"
"2020-10-29 00:00:00	0.70545	0.70756	0.7002	0.70372	130822	11"
"2020-10-30 00:00:00	0.7037	0.70718	0.70111	0.7026	144769	8"
"2020-11-01 00:00:00	0.70237	0.70246	0.69965	0.70071	6918	38"
"2020-11-02 00:00:00	0.7007	0.70571	0.69904	0.70525	113313	11"
"2020-11-03 00:00:00	0.70531	0.72046	0.70275	0.71962	100116	10"
"2020-11-04 00:00:00	0.71962	0.72216	0.70481	0.71796	247645	13"
"2020-11-05 00:00:00	0.71793	0.72889	0.71445	0.72616	173723	10"
"2020-11-06 00:00:00	0.72617	0.7287	0.72386	0.72558	140997	11"
"2020-11-08 00:00:00	0.72782	0.72895	0.72709	0.72857	6430	51"
"2020-11-09 00:00:00	0.72858	0.73396	0.72663	0.72787	198501	9"
"2020-11-10 00:00:00	0.72786	0.72939	0.72522	0.72813	168241	10"
"2020-11-11 00:00:00	0.72811	0.73178	0.72597	0.72833	108827	11"
"2020-11-12 00:00:00	0.72834	0.72933	0.7223	0.72393	112067	11"
"2020-11-13 00:00:00	0.72397	0.72728	0.72211	0.72663	76993	10"
"2020-11-15 00:00:00	0.72652	0.72962	0.72632	0.72892	6198	69"
"2020-11-16 00:00:00	0.72893	0.73261	0.72802	0.73193	100889	11"
"2020-11-17 00:00:00	0.73192	0.73394	0.72875	0.72958	86295	10"
"2020-11-18 00:00:00	0.72958	0.73303	0.72714	0.72962	94625	11"
"2020-11-19 00:00:00	0.72961	0.72995	0.7254	0.72674	104479	11"
"2020-11-20 00:00:00	0.72675	0.73236	0.72675	0.73004	92124	11"
"2020-11-22 00:00:00	0.73006	0.73146	0.72985	0.73125	4776	40"
"2020-11-23 00:00:00	0.73123	0.73371	0.72649	0.72943	82610	11"
"2020-11-24 00:00:00	0.72942	0.73672	0.72907	0.73659	90481	10"
"2020-11-25 00:00:00	0.73661	0.73732	0.73246	0.73633	92832	11"
"2020-11-26 00:00:00	0.73633	0.7374	0.73521	0.7356	54204	11"
"2020-11-27 00:00:00	0.73565	0.73986	0.73523	0.73778	70685	11"
"2020-11-29 00:00:00	0.73853	0.74041	0.73826	0.74005	2670	43"
"2020-11-30 00:00:00	0.74005	0.7407	0.73388	0.73584	97741	11"
"2020-12-01 00:00:00	0.73586	0.73831	0.73413	0.738	89841	9"
"2020-12-02 00:00:00	0.738	0.74195	0.73509	0.74142	89889	11"
"2020-12-03 00:00:00	0.74141	0.74492	0.73975	0.74359	81024	11"
"2020-12-04 00:00:00	0.74358	0.74435	0.74098	0.74229	90605	10"
"2020-12-06 00:00:00	0.7431	0.7436	0.74272	0.74298	4784	35"
"2020-12-07 00:00:00	0.74298	0.74532	0.7372	0.74149	82104	11"
"2020-12-08 00:00:00	0.74151	0.7435	0.73989	0.74088	81139	10"
"2020-12-09 00:00:00	0.74084	0.74847	0.74072	0.74332	90762	11"
"2020-12-10 00:00:00	0.74333	0.75395	0.74331	0.75228	107434	11"
"2020-12-11 00:00:00	0.75231	0.75714	0.75198	0.75305	90125	11"
"2020-12-13 00:00:00	0.75489	0.75584	0.75471	0.75494	3236	25"
"2020-12-14 00:00:00	0.75493	0.75777	0.7524	0.75346	83991	11"
"2020-12-15 00:00:00	0.75348	0.75712	0.75069	0.75572	75817	10"
"2020-12-16 00:00:00	0.75571	0.75784	0.75384	0.75692	84506	12"
"2020-12-17 00:00:00	0.75692	0.76393	0.75667	0.76139	69455	10"
"2020-12-18 00:00:00	0.76138	0.76244	0.75824	0.76193	72114	11"
"2020-12-20 00:00:00	0.75851	0.76058	0.75843	0.75868	4413	38"
"2020-12-21 00:00:00	0.75868	0.76016	0.74617	0.75753	141995	10"
"2020-12-22 00:00:00	0.75752	0.75832	0.75165	0.75536	99937	12"
"2020-12-23 00:00:00	0.7553	0.75912	0.75235	0.75822	87804	11"
"2020-12-24 00:00:00	0.75822	0.76063	0.75778	0.75919	75807	11"
"2020-12-25 00:00:00	0.75919	0.76066	0.7576	0.7604	5043	68"
"2020-12-27 00:00:00	0.75998	0.76122	0.75838	0.761	3373	48"
"2020-12-28 00:00:00	0.76101	0.76221	0.75568	0.75871	71880	11"
"2020-12-29 00:00:00	0.75874	0.76244	0.75837	0.76097	69951	13"
"2020-12-30 00:00:00	0.76097	0.76903	0.76061	0.76874	69020	10"
"2020-12-31 00:00:00	0.76877	0.77418	0.76856	0.76928	69846	11"
"2021-01-03 00:00:00	0.77027	0.77139	0.76896	0.77109	5769	54"
"2021-01-04 00:00:00	0.77109	0.77403	0.76419	0.76692	125191	12"
"2021-01-05 00:00:00	0.76692	0.77773	0.76605	0.77618	135330	11"
"2021-01-06 00:00:00	0.77621	0.78198	0.77327	0.78152	194745	11"
"2021-01-07 00:00:00	0.78152	0.7816	0.77252	0.77682	136778	11"
"2021-01-08 00:00:00	0.77683	0.77985	0.7728	0.77591	176592	10"
"2021-01-10 00:00:00	0.7755	0.776	0.77115	0.77202	7085	34"
"2021-01-11 00:00:00	0.7721	0.77305	0.76658	0.77068	136618	10"
"2021-01-12 00:00:00	0.77067	0.77771	0.76864	0.77752	117915	9"
"2021-01-13 00:00:00	0.77752	0.7781	0.77212	0.77461	106215	8"
"2021-01-14 00:00:00	0.77462	0.78051	0.77281	0.77752	113453	10"
"2021-01-15 00:00:00	0.77751	0.77883	0.76811	0.7698	123505	10"
"2021-01-17 00:00:00	0.77076	0.77102	0.76826	0.76828	4856	25"
"2021-01-18 00:00:00	0.7683	0.77039	0.76585	0.76846	96374	11"
"2021-01-19 00:00:00	0.76846	0.77248	0.76842	0.77131	103489	10"
"2021-01-20 00:00:00	0.77132	0.7763	0.77	0.77544	101167	9"
"2021-01-21 00:00:00	0.77544	0.7782	0.77411	0.77593	109792	10"
"2021-01-22 00:00:00	0.77594	0.77686	0.77016	0.77117	109309	9"
"2021-01-24 00:00:00	0.77158	0.77206	0.77053	0.7713	4424	50"
"2021-01-25 00:00:00	0.77135	0.7747	0.76824	0.77143	126663	9"
"2021-01-26 00:00:00	0.77143	0.7754	0.76686	0.77529	101581	9"
"2021-01-27 00:00:00	0.77529	0.77635	0.7641	0.76478	168093	8"
"2021-01-28 00:00:00	0.76478	0.76975	0.75915	0.76703	186702	9"
"2021-01-29 00:00:00	0.76703	0.77036	0.76309	0.76405	197778	9"
"2021-01-31 00:00:00	0.76198	0.76302	0.76056	0.76207	9298	29"
"2021-02-01 00:00:00	0.76204	0.76623	0.76119	0.76331	155391	9"
"2021-02-02 00:00:00	0.7633	0.76611	0.75634	0.76055	133683	9"
"2021-02-03 00:00:00	0.76054	0.76367	0.76012	0.76359	107610	9"
"2021-02-04 00:00:00	0.76359	0.76474	0.75878	0.75999	105207	10"
"2021-02-05 00:00:00	0.75999	0.7678	0.75826	0.76748	96613	10"
"2021-02-07 00:00:00	0.76679	0.76813	0.76666	0.7678	5631	47"
"2021-02-08 00:00:00	0.76783	0.77145	0.76508	0.77079	73017	11"
"2021-02-09 00:00:00	0.77079	0.77426	0.77038	0.77395	87049	9"
"2021-02-10 00:00:00	0.77395	0.77557	0.77169	0.77233	108613	9"
"2021-02-11 00:00:00	0.77233	0.77712	0.77124	0.77513	75111	10"
"2021-02-12 00:00:00	0.77512	0.77642	0.77177	0.77592	56211	10"
"2021-02-14 00:00:00	0.77655	0.77674	0.77586	0.77624	3915	21"
"2021-02-15 00:00:00	0.77626	0.77884	0.77592	0.7785	45752	8"
"2021-02-16 00:00:00	0.77849	0.78049	0.77302	0.7735	79680	9"
"2021-02-17 00:00:00	0.77351	0.77716	0.7724	0.77576	98466	9"
"2021-02-18 00:00:00	0.77574	0.77893	0.77307	0.77678	100259	9"
"2021-02-19 00:00:00	0.77678	0.78766	0.77572	0.78658	93401	10"
"2021-02-21 00:00:00	0.78698	0.78916	0.78654	0.7882	3693	32"
"2021-02-22 00:00:00	0.78819	0.7929	0.78549	0.79137	99833	10"
"2021-02-23 00:00:00	0.79138	0.79344	0.788	0.79067	102944	10"
"2021-02-24 00:00:00	0.79067	0.79778	0.78948	0.79752	117228	9"
"2021-02-25 00:00:00	0.79751	0.80068	0.78583	0.78622	158662	12"
"2021-02-26 00:00:00	0.78622	0.78715	0.76918	0.77034	214342	9"
"2021-02-28 00:00:00	0.77107	0.77586	0.77067	0.77521	6193	57"
"2021-03-01 00:00:00	0.77523	0.77864	0.77213	0.7773	122868	11"
"2021-03-02 00:00:00	0.77729	0.78372	0.77353	0.78238	142942	10"
"2021-03-03 00:00:00	0.7824	0.78379	0.7752	0.77525	137931	10"
"2021-03-04 00:00:00	0.77526	0.78147	0.77041	0.77139	177231	9"
"2021-03-05 00:00:00	0.77134	0.77262	0.76213	0.76815	181291	10"
"2021-03-07 00:00:00	0.7691	0.7722	0.769	0.77077	6284	62"
"2021-03-08 00:00:00	0.77076	0.77138	0.76358	0.76552	165271	10"
"2021-03-09 00:00:00	0.76551	0.77255	0.76211	0.77149	135693	10"
"2021-03-10 00:00:00	0.77148	0.77452	0.76681	0.77298	129836	9"
"2021-03-11 00:00:00	0.77298	0.77934	0.77228	0.7785	109833	11"
"2021-03-12 00:00:00	0.77851	0.78003	0.77239	0.77576	121913	8"
"2021-03-14 00:00:00	0.77497	0.77629	0.77466	0.77613	5394	70"
"2021-03-15 00:00:00	0.77617	0.77752	0.77054	0.77475	104282	9"
"2021-03-16 00:00:00	0.77475	0.77571	0.77101	0.77457	95329	9"
"2021-03-17 00:00:00	0.77456	0.78141	0.76987	0.7814	118268	10"
"2021-03-18 00:00:00	0.78143	0.78489	0.77489	0.7752	146432	10"
"2021-03-19 00:00:00	0.77523	0.77719	0.77172	0.77369	126775	9"
"2021-03-21 00:00:00	0.77041	0.77296	0.77023	0.77221	6405	46"
"2021-03-22 00:00:00	0.77223	0.77561	0.77044	0.77443	89349	10"
"2021-03-23 00:00:00	0.77442	0.77464	0.75988	0.76062	103512	9"
"2021-03-24 00:00:00	0.76063	0.7628	0.75779	0.75903	94380	10"
"2021-03-25 00:00:00	0.75906	0.76138	0.75627	0.75921	109417	10"
"2021-03-26 00:00:00	0.75923	0.76439	0.75873	0.76371	74707	10"
"2021-03-28 00:00:00	0.76315	0.76445	0.76299	0.76366	4000	78"
"2021-03-29 00:00:00	0.76366	0.76553	0.76147	0.76381	80954	9"
"2021-03-30 00:00:00	0.76383	0.76635	0.75844	0.76078	84708	9"
"2021-03-31 00:00:00	0.76079	0.76361	0.75878	0.75935	83612	11"
"2021-04-01 00:00:00	0.75936	0.76194	0.75315	0.76161	88849	10"
"2021-04-02 00:00:00	0.76162	0.76369	0.75925	0.75976	28276	10"
"2021-04-04 00:00:00	0.76027	0.76205	0.76019	0.76189	6050	62"
"2021-04-05 00:00:00	0.7619	0.766	0.7598	0.7657	47092	9"
"2021-04-06 00:00:00	0.76566	0.76679	0.76053	0.76659	74386	9"
"2021-04-07 00:00:00	0.76659	0.76765	0.76002	0.76131	84539	10"
"2021-04-08 00:00:00	0.76131	0.76599	0.76022	0.76561	74728	10"
"2021-04-09 00:00:00	0.76564	0.76606	0.75876	0.76168	76955	10"
"2021-04-11 00:00:00	0.76135	0.76274	0.76096	0.7621	3403	171"
"2021-04-12 00:00:00	0.7621	0.76351	0.75945	0.76265	70963	9"
"2021-04-13 00:00:00	0.76265	0.76527	0.75846	0.76467	88959	10"
"2021-04-14 00:00:00	0.76468	0.77374	0.76342	0.77244	85954	10"
"2021-04-15 00:00:00	0.77243	0.77606	0.77051	0.77507	83939	10"
"2021-04-16 00:00:00	0.77507	0.77588	0.77237	0.77327	68819	9"
"2021-04-18 00:00:00	0.77269	0.77315	0.77127	0.77127	3265	76"
"2021-04-19 00:00:00	0.77129	0.77841	0.77056	0.77641	80588	10"
"2021-04-20 00:00:00	0.77643	0.78155	0.77088	0.77218	93220	10"
"2021-04-21 00:00:00	0.7722	0.7762	0.76991	0.77536	84368	10"
"2021-04-22 00:00:00	0.77536	0.77642	0.76902	0.77037	97535	9"
"2021-04-23 00:00:00	0.77039	0.776	0.76998	0.77438	72252	9"
"2021-04-25 00:00:00	0.77382	0.77523	0.77382	0.7742	3075	38"
"2021-04-26 00:00:00	0.77421	0.78148	0.77414	0.77964	75125	10"
"2021-04-27 00:00:00	0.77962	0.78034	0.77612	0.77671	71991	9"
"2021-04-28 00:00:00	0.7767	0.78057	0.77247	0.78006	81515	9"
"2021-04-29 00:00:00	0.78005	0.78175	0.77499	0.77768	78773	9"
"2021-04-30 00:00:00	0.77768	0.77838	0.76955	0.77067	81683	10"
"2021-05-02 00:00:00	0.77197	0.77214	0.77123	0.77197	2897	66"
"2021-05-03 00:00:00	0.77199	0.77664	0.77058	0.77578	64929	8"
"2021-05-04 00:00:00	0.77581	0.77605	0.76747	0.77128	97238	9"
"2021-05-05 00:00:00	0.77128	0.77545	0.77036	0.77506	73480	10"
"2021-05-06 00:00:00	0.77505	0.77879	0.77006	0.77867	92545	10"
"2021-05-07 00:00:00	0.77864	0.78621	0.77606	0.78412	91154	9"
"2021-05-09 00:00:00	0.78574	0.78619	0.78447	0.78579	3568	46"
"2021-05-10 00:00:00	0.78579	0.78905	0.78264	0.78401	84524	10"
"2021-05-11 00:00:00	0.78402	0.78563	0.78197	0.78371	103430	9"
"2021-05-12 00:00:00	0.78375	0.78419	0.77189	0.7732	126092	9"
"2021-05-13 00:00:00	0.7732	0.77458	0.76879	0.77234	116434	9"
"2021-05-14 00:00:00	0.77237	0.7787	0.77137	0.77756	87288	9"
"2021-05-16 00:00:00	0.77687	0.77833	0.77672	0.7778	2437	74"
"2021-05-17 00:00:00	0.77778	0.77781	0.773	0.7773	84841	9"
"2021-05-18 00:00:00	0.7773	0.78132	0.77674	0.77873	80341	10"
"2021-05-19 00:00:00	0.77875	0.77972	0.77104	0.77195	131023	9"
"2021-05-20 00:00:00	0.77196	0.77811	0.7716	0.7769	85085	9"
"2021-05-21 00:00:00	0.77689	0.77823	0.77186	0.77254	77639	10"
"2021-05-23 00:00:00	0.77278	0.77315	0.77227	0.77248	2471	50"
"2021-05-24 00:00:00	0.77245	0.77573	0.77056	0.77503	62330	9"
"2021-05-25 00:00:00	0.77502	0.77759	0.77326	0.77497	78801	9"
"2021-05-26 00:00:00	0.77495	0.77955	0.77306	0.77392	81118	9"
"2021-05-27 00:00:00	0.7739	0.77571	0.77226	0.7742	80022	10"
"2021-05-28 00:00:00	0.7742	0.77468	0.76769	0.77078	78448	9"
"2021-05-30 00:00:00	0.77084	0.77147	0.77046	0.77075	1858	88"
"2021-05-31 00:00:00	0.77077	0.7746	0.77001	0.7743	57499	9"
"2021-06-01 00:00:00	0.77434	0.77689	0.77304	0.77553	77390	8"
"2021-06-02 00:00:00	0.77554	0.77728	0.77148	0.77436	65125	9"
"2021-06-03 00:00:00	0.77438	0.77534	0.7645	0.76614	83449	9"
"2021-06-04 00:00:00	0.76616	0.77448	0.76507	0.77383	70695	10"
"2021-06-06 00:00:00	0.77322	0.77444	0.77222	0.77408	1300	83"
"2021-06-07 00:00:00	0.77408	0.77653	0.77262	0.77559	49264	9"
"2021-06-08 00:00:00	0.77557	0.77632	0.77312	0.77365	55736	9"
"2021-06-09 00:00:00	0.77364	0.77618	0.77238	0.77289	52255	9"
"2021-06-10 00:00:00	0.77288	0.77631	0.77169	0.77469	89224	10"
"2021-06-11 00:00:00	0.77472	0.77753	0.76879	0.77019	74556	10"
"2021-06-13 00:00:00	0.77036	0.77095	0.77036	0.77072	1319	43"
"2021-06-14 00:00:00	0.77073	0.77255	0.76934	0.77113	60724	11"
"2021-06-15 00:00:00	0.77114	0.77163	0.76737	0.76852	79088	11"
"2021-06-16 00:00:00	0.76855	0.77152	0.76043	0.76144	118854	10"
"2021-06-17 00:00:00	0.76143	0.76452	0.75392	0.75564	138011	10"
"2021-06-18 00:00:00	0.75563	0.75606	0.74761	0.74762	139068	11"
"2021-06-20 00:00:00	0.74834	0.75051	0.74796	0.7501	4976	58"
"2021-06-21 00:00:00	0.75008	0.75457	0.74771	0.75342	132624	10"
"2021-06-22 00:00:00	0.75342	0.7564	0.74936	0.75537	94752	9"
"2021-06-23 00:00:00	0.75537	0.75986	0.75374	0.75727	97060	10"
"2021-06-24 00:00:00	0.75729	0.75911	0.75651	0.75813	98166	11"
"2021-06-25 00:00:00	0.75813	0.76162	0.75792	0.75895	87282	11"
"2021-06-27 00:00:00	0.75738	0.7595	0.75735	0.75941	3316	76"
"2021-06-28 00:00:00	0.7594	0.76013	0.75541	0.75677	78284	10"
"2021-06-29 00:00:00	0.75678	0.75702	0.75071	0.75129	80558	10"
"2021-06-30 00:00:00	0.75131	0.75267	0.74914	0.7497	83630	10"
"2021-07-01 00:00:00	0.7497	0.75074	0.74599	0.7465	89088	10"
"2021-07-02 00:00:00	0.7465	0.75326	0.74441	0.75218	90570	10"
"2021-07-04 00:00:00	0.75204	0.75287	0.75171	0.75176	4068	38"
"2021-07-05 00:00:00	0.75176	0.75472	0.75084	0.754	67357	11"
"2021-07-06 00:00:00	0.75401	0.75985	0.74803	0.74942	117832	10"
"2021-07-07 00:00:00	0.74943	0.75335	0.74623	0.74829	102129	11"
"2021-07-08 00:00:00	0.74828	0.74835	0.7416	0.74325	174673	10"
"2021-07-09 00:00:00	0.74327	0.74937	0.74093	0.74904	113137	10"
"2021-07-11 00:00:00	0.74779	0.74926	0.74776	0.74891	3928	82"
"2021-07-12 00:00:00	0.7489	0.74956	0.74478	0.74772	92783	10"
"2021-07-13 00:00:00	0.74773	0.75026	0.74258	0.74393	109418	10"
"2021-07-14 00:00:00	0.7439	0.74871	0.74306	0.74802	121350	10"
"2021-07-15 00:00:00	0.74802	0.74843	0.74099	0.74222	112001	9"
"2021-07-16 00:00:00	0.74225	0.74423	0.73917	0.7393	90002	10"
"2021-07-18 00:00:00	0.73991	0.74082	0.73848	0.73877	4635	64"
"2021-07-19 00:00:00	0.73878	0.73888	0.73213	0.73367	138932	10"
"2021-07-20 00:00:00	0.73366	0.73567	0.72993	0.73381	114555	10"
"2021-07-21 00:00:00	0.73381	0.73622	0.7289	0.73512	88904	11"
"2021-07-22 00:00:00	0.73511	0.7399	0.73417	0.73799	101689	11"
"2021-07-23 00:00:00	0.738	0.73895	0.73565	0.73624	75770	11"
"2021-07-25 00:00:00	0.73624	0.73721	0.73552	0.73674	2075	79"
"2021-07-26 00:00:00	0.73676	0.73902	0.73301	0.73835	93196	10"
"2021-07-27 00:00:00	0.73835	0.73883	0.73367	0.73656	108166	11"
"2021-07-28 00:00:00	0.73656	0.7381	0.73164	0.73764	126890	9"
"2021-07-29 00:00:00	0.73764	0.74131	0.73589	0.73955	85797	11"
"2021-07-30 00:00:00	0.73953	0.74041	0.73306	0.73415	96634	10"
"2021-08-01 00:00:00	0.73323	0.73457	0.73323	0.73411	2737	47"
"2021-08-02 00:00:00	0.73414	0.73817	0.73286	0.73598	79794	10"
"2021-08-03 00:00:00	0.73599	0.74079	0.73569	0.73961	92689	10"
"2021-08-04 00:00:00	0.73959	0.74263	0.73696	0.73818	74170	11"
"2021-08-05 00:00:00	0.73818	0.74155	0.73762	0.74024	68307	11"
"2021-08-06 00:00:00	0.74024	0.74041	0.7346	0.73518	70084	10"
"2021-08-08 00:00:00	0.7351	0.7357	0.73297	0.73346	6381	72"
"2021-08-09 00:00:00	0.73347	0.73634	0.73275	0.73294	63094	9"
"2021-08-10 00:00:00	0.73294	0.73556	0.73155	0.73432	58245	11"
"2021-08-11 00:00:00	0.73434	0.73888	0.73228	0.737	66307	10"
"2021-08-12 00:00:00	0.737	0.73728	0.73315	0.73406	50502	12"
"2021-08-13 00:00:00	0.73407	0.73809	0.73328	0.73677	43130	9"
"2021-08-15 00:00:00	0.73614	0.73725	0.73614	0.73648	2269	66"
"2021-08-16 00:00:00	0.73649	0.73672	0.73189	0.73386	53184	10"
"2021-08-17 00:00:00	0.73386	0.73386	0.72421	0.72548	77689	11"
"2021-08-18 00:00:00	0.72546	0.7269	0.72282	0.72304	75694	9"
"2021-08-19 00:00:00	0.72304	0.72344	0.71419	0.71458	113035	10"
"2021-08-20 00:00:00	0.71457	0.71559	0.71056	0.71347	85019	10"
"2021-08-22 00:00:00	0.71213	0.71408	0.711	0.71378	3554	46"
"2021-08-23 00:00:00	0.71379	0.72175	0.71379	0.72081	71585	10"
"2021-08-24 00:00:00	0.7208	0.72706	0.72003	0.72481	66205	10"
"2021-08-25 00:00:00	0.72483	0.728	0.72367	0.72759	66364	10"
"2021-08-26 00:00:00	0.72761	0.72792	0.72338	0.72378	75262	10"
"2021-08-27 00:00:00	0.72378	0.73164	0.72216	0.73089	80001	10"
"2021-08-29 00:00:00	0.73029	0.73157	0.73029	0.7315	2265	63"
"2021-08-30 00:00:00	0.73149	0.73181	0.7284	0.72894	51580	10"
"2021-08-31 00:00:00	0.72896	0.73409	0.72876	0.73173	86791	10"
"2021-09-01 00:00:00	0.73174	0.73835	0.73075	0.73654	74405	10"
"2021-09-02 00:00:00	0.73654	0.74091	0.73554	0.7397	73054	11"
"2021-09-03 00:00:00	0.73971	0.74775	0.73949	0.7447	83858	11"
"2021-09-05 00:00:00	0.74531	0.74544	0.74424	0.74425	3177	76"
"2021-09-06 00:00:00	0.74425	0.74433	0.74259	0.74358	88233	11"
"2021-09-07 00:00:00	0.74357	0.7468	0.73743	0.73859	97116	10"
"2021-09-08 00:00:00	0.73861	0.74036	0.73446	0.73607	99580	10"
"2021-09-09 00:00:00	0.73607	0.73938	0.73465	0.73672	103769	11"
"2021-09-10 00:00:00	0.73674	0.74093	0.73477	0.73512	80912	11"
"2021-09-12 00:00:00	0.73473	0.73678	0.73473	0.7365	2605	187"
"2021-09-13 00:00:00	0.73648	0.73753	0.73356	0.73652	83841	10"
"2021-09-14 00:00:00	0.73652	0.73729	0.73129	0.73163	101536	10"
"2021-09-15 00:00:00	0.73164	0.73436	0.73007	0.73408	86499	9"
"2021-09-16 00:00:00	0.73407	0.73468	0.72736	0.72909	84942	12"
"2021-09-17 00:00:00	0.72909	0.73212	0.72612	0.72613	87411	11"
"2021-09-19 00:00:00	0.72616	0.72668	0.72589	0.7263	2391	45"
"2021-09-20 00:00:00	0.7263	0.72679	0.72196	0.7259	140520	10"
"2021-09-21 00:00:00	0.72591	0.72826	0.72212	0.72279	107290	11"
"2021-09-22 00:00:00	0.72278	0.7296	0.72233	0.72318	132147	12"
"2021-09-23 00:00:00	0.72319	0.7315	0.72224	0.72962	99882	10"
"2021-09-24 00:00:00	0.72962	0.73161	0.72356	0.72577	90894	11"
"2021-09-26 00:00:00	0.72525	0.72678	0.72505	0.72645	2865	50"
"2021-09-27 00:00:00	0.72646	0.72934	0.72491	0.72799	107901	12"
"2021-09-28 00:00:00	0.72797	0.73106	0.7225	0.72435	138404	11"
"2021-09-29 00:00:00	0.72431	0.72638	0.717	0.71782	114835	10"
"2021-09-30 00:00:00	0.7178	0.7257	0.71766	0.72282	130987	11"
"2021-10-01 00:00:00	0.72282	0.7276	0.71916	0.72598	149285	10"
"2021-10-03 00:00:00	0.72568	0.72823	0.72563	0.72742	5918	55"
"2021-10-04 00:00:00	0.72741	0.73037	0.72508	0.72888	132601	10"
"2021-10-05 00:00:00	0.72886	0.73006	0.72484	0.72875	105674	11"
"2021-10-06 00:00:00	0.72874	0.72915	0.72254	0.72819	148607	11"
"2021-10-07 00:00:00	0.72816	0.73238	0.72701	0.73162	96536	10"
"2021-10-08 00:00:00	0.73159	0.73377	0.72877	0.73052	120708	11"
"2021-10-10 00:00:00	0.73047	0.7312	0.72917	0.72939	3911	45"
"2021-10-11 00:00:00	0.7294	0.73725	0.72934	0.73478	101959	11"
"2021-10-12 00:00:00	0.73476	0.73841	0.73318	0.73328	114017	11"
"2021-10-13 00:00:00	0.73329	0.7383	0.7323	0.73825	107807	11"
"2021-10-14 00:00:00	0.73825	0.74262	0.73714	0.74131	88796	11"
"2021-10-15 00:00:00	0.74131	0.74396	0.7403	0.74174	82330	11"
"2021-10-17 00:00:00	0.74146	0.7437	0.74125	0.74237	6267	31"
"2021-10-18 00:00:00	0.74238	0.74251	0.73781	0.74148	92558	11"
"2021-10-19 00:00:00	0.74149	0.74851	0.74144	0.74744	93725	11"
"2021-10-20 00:00:00	0.74743	0.75222	0.74647	0.75146	95505	10"
"2021-10-21 00:00:00	0.75145	0.7546	0.7458	0.74628	97224	10"
"2021-10-22 00:00:00	0.7463	0.75118	0.74533	0.74631	120282	10"
"2021-10-24 00:00:00	0.74647	0.7471	0.7462	0.74682	3178	54"
"2021-10-25 00:00:00	0.74679	0.75048	0.74641	0.74912	94574	11"
"2021-10-26 00:00:00	0.74912	0.7525	0.74888	0.75119	98771	11"
"2021-10-27 00:00:00	0.75119	0.75356	0.74868	0.74995	115138	12"
"2021-10-28 00:00:00	0.74996	0.7555	0.74793	0.75305	137179	11"
"2021-10-29 00:00:00	0.75305	0.75548	0.74998	0.75191	118114	11"
"2021-10-31 00:00:00	0.75059	0.75203	0.75059	0.75173	3162	51"
"2021-11-01 00:00:00	0.75172	0.75357	0.74857	0.75199	86831	11"
"2021-11-02 00:00:00	0.752	0.75315	0.74198	0.74354	104366	10"
"2021-11-03 00:00:00	0.74353	0.74691	0.74119	0.74684	122570	10"
"2021-11-04 00:00:00	0.74683	0.74701	0.73824	0.74078	108993	11"
"2021-11-05 00:00:00	0.74077	0.74117	0.73595	0.73979	121100	12"
"2021-11-07 00:00:00	0.73911	0.74036	0.7391	0.73947	3032	62"
"2021-11-08 00:00:00	0.73948	0.74307	0.73838	0.7414	73145	11"
"2021-11-09 00:00:00	0.74142	0.74312	0.73603	0.73754	103223	11"
"2021-11-10 00:00:00	0.73754	0.73929	0.73225	0.73333	121593	11"
"2021-11-11 00:00:00	0.73332	0.73406	0.72859	0.729	98794	12"
"2021-11-12 00:00:00	0.729	0.73347	0.72761	0.73282	80203	13"
"2021-11-14 00:00:00	0.73217	0.73359	0.73217	0.73316	2086	28"
"2021-11-15 00:00:00	0.73313	0.73702	0.73228	0.73447	77386	10"
"2021-11-16 00:00:00	0.73447	0.73676	0.72917	0.73006	96830	12"
"2021-11-17 00:00:00	0.73006	0.73044	0.72582	0.72676	97697	9"
"2021-11-18 00:00:00	0.72676	0.72926	0.72491	0.72759	82344	12"
"2021-11-19 00:00:00	0.72759	0.72909	0.72264	0.72298	114946	11"
"2021-11-21 00:00:00	0.72344	0.72352	0.72281	0.72306	2604	58"
"2021-11-22 00:00:00	0.72305	0.72729	0.72202	0.72268	100580	12"
"2021-11-23 00:00:00	0.72268	0.72359	0.72064	0.72212	109713	11"
"2021-11-24 00:00:00	0.72213	0.72271	0.71835	0.72011	111436	11"
"2021-11-25 00:00:00	0.72009	0.72088	0.71725	0.71727	83226	11"
"2021-11-26 00:00:00	0.71727	0.71772	0.71106	0.7113	160152	11"
"2021-11-28 00:00:00	0.71353	0.71446	0.71142	0.71421	5452	39"
"2021-11-29 00:00:00	0.71418	0.71591	0.71132	0.71449	102051	12"
"2021-11-30 00:00:00	0.7145	0.71702	0.70624	0.71242	194111	12"
"2021-12-01 00:00:00	0.71245	0.71727	0.70943	0.71068	128395	11"
"2021-12-02 00:00:00	0.71068	0.71192	0.70835	0.7087	141331	11"
"2021-12-03 00:00:00	0.70867	0.70897	0.69926	0.69951	137738	12"
"2021-12-05 00:00:00	0.69978	0.70199	0.69978	0.70167	3182	82"
"2021-12-06 00:00:00	0.70168	0.70541	0.7006	0.70483	91426	12"
"2021-12-07 00:00:00	0.70482	0.71239	0.70391	0.71217	91489	11"
"2021-12-08 00:00:00	0.7122	0.71833	0.71166	0.71682	111142	11"
"2021-12-09 00:00:00	0.71681	0.71864	0.71353	0.71458	74715	12"
"2021-12-10 00:00:00	0.71458	0.71819	0.71316	0.71671	80539	12"
"2021-12-12 00:00:00	0.71584	0.71718	0.71574	0.7165	3373	60"
"2021-12-13 00:00:00	0.71649	0.71757	0.71101	0.71306	73821	11"
"2021-12-14 00:00:00	0.71306	0.71351	0.70895	0.71033	76240	11"
"2021-12-15 00:00:00	0.71035	0.71771	0.70915	0.71659	110855	12"
"2021-12-16 00:00:00	0.7166	0.72233	0.7145	0.71749	118516	11"
"2021-12-17 00:00:00	0.71748	0.71814	0.71217	0.71217	101286	11"
"2021-12-19 00:00:00	0.71271	0.71323	0.71086	0.71159	3456	51"
"2021-12-20 00:00:00	0.7116	0.71272	0.70817	0.71088	124810	12"
"2021-12-21 00:00:00	0.71088	0.71557	0.70981	0.71471	67583	12"
"2021-12-22 00:00:00	0.7147	0.72198	0.71202	0.72115	65157	10"
"2021-12-23 00:00:00	0.72113	0.72513	0.71956	0.72315	61588	13"
"2021-12-24 00:00:00	0.72316	0.72434	0.72129	0.72159	63235	16"
"2021-12-26 00:00:00	0.72255	0.72373	0.72181	0.72291	1517	40"
"2021-12-27 00:00:00	0.72291	0.72443	0.72051	0.7235	42890	12"
"2021-12-28 00:00:00	0.72353	0.72634	0.72183	0.72317	41350	12"
"2021-12-29 00:00:00	0.72317	0.7272	0.72126	0.72578	58039	12"
"2021-12-30 00:00:00	0.72577	0.72753	0.7243	0.72489	52496	12"
"2021-12-31 00:00:00	0.72488	0.7277	0.72438	0.72641	51948	12"
"2022-01-02 00:00:00	0.72538	0.72749	0.72538	0.72671	1203	196"
"2022-01-03 00:00:00	0.72669	0.72766	0.71837	0.7195	53622	13"
"2022-01-04 00:00:00	0.71954	0.72483	0.71846	0.72382	68331	11"
"2022-01-05 00:00:00	0.72381	0.72719	0.72138	0.72201	85150	12"
"2022-01-06 00:00:00	0.72201	0.72205	0.71455	0.71619	96495	12"
"2022-01-07 00:00:00	0.71617	0.71873	0.71293	0.71776	76566	12"
"2022-01-09 00:00:00	0.71724	0.71841	0.71703	0.71778	2757	66"
"2022-01-10 00:00:00	0.71777	0.72021	0.71483	0.71794	99046	14"
"2022-01-11 00:00:00	0.71797	0.72141	0.71544	0.72093	87788	12"
"2022-01-12 00:00:00	0.72092	0.72922	0.71998	0.72813	90783	12"
"2022-01-13 00:00:00	0.72813	0.73138	0.72731	0.72805	83545	11"
"2022-01-14 00:00:00	0.72805	0.72931	0.71977	0.72094	96380	12"
"2022-01-16 00:00:00	0.72147	0.72234	0.7207	0.72153	2633	28"
"2022-01-17 00:00:00	0.72153	0.7229	0.7195	0.72108	59738	12"
"2022-01-18 00:00:00	0.72108	0.72274	0.71696	0.71865	112380	11"
"2022-01-19 00:00:00	0.71869	0.72376	0.71765	0.72155	92994	10"
"2022-01-20 00:00:00	0.72155	0.7276	0.72041	0.72158	95398	12"
"2022-01-21 00:00:00	0.72159	0.72182	0.71711	0.71721	130094	11"
"2022-01-23 00:00:00	0.71708	0.71872	0.71708	0.71868	4299	74"
"2022-01-24 00:00:00	0.71869	0.7187	0.70901	0.71533	172871	10"
"2022-01-25 00:00:00	0.71535	0.7176	0.71209	0.7158	176217	10"
"2022-01-26 00:00:00	0.71578	0.71809	0.70951	0.71208	171700	12"
"2022-01-27 00:00:00	0.71207	0.71209	0.70233	0.70345	190722	10"
"2022-01-28 00:00:00	0.70349	0.70454	0.69669	0.69917	218482	9"
"2022-01-30 00:00:00	0.69893	0.6997	0.69866	0.69959	4264	63"
"2022-01-31 00:00:00	0.69959	0.70762	0.69915	0.70675	119862	12"
"2022-02-01 00:00:00	0.70674	0.7139	0.70329	0.71332	136125	10"
"2022-02-02 00:00:00	0.71331	0.71587	0.71177	0.71201	110400	12"
"2022-02-03 00:00:00	0.71201	0.71678	0.71093	0.71417	153481	10"
"2022-02-04 00:00:00	0.71418	0.7151	0.70512	0.70724	142096	12"
"2022-02-06 00:00:00	0.70764	0.70854	0.70746	0.70791	3517	36"
"2022-02-07 00:00:00	0.70794	0.71299	0.70648	0.71265	119973	10"
"2022-02-08 00:00:00	0.71267	0.7147	0.71062	0.71446	106248	11"
"2022-02-09 00:00:00	0.71446	0.71941	0.71413	0.71765	85706	10"
"2022-02-10 00:00:00	0.71767	0.72483	0.71467	0.71609	153474	12"
"2022-02-11 00:00:00	0.7161	0.71848	0.71081	0.71318	200497	9"
"2022-02-13 00:00:00	0.7126	0.71499	0.71254	0.71439	6320	60"
"2022-02-14 00:00:00	0.71436	0.71461	0.70857	0.71314	212252	11"
"2022-02-15 00:00:00	0.71313	0.71561	0.71012	0.71477	141044	11"
"2022-02-16 00:00:00	0.71475	0.72075	0.7143	0.7192	137343	12"
"2022-02-17 00:00:00	0.71919	0.72171	0.7149	0.71866	187711	12"
"2022-02-18 00:00:00	0.71865	0.72275	0.71643	0.71711	156777	11"
"2022-02-20 00:00:00	0.71694	0.7178	0.71664	0.71712	4141	41"
"2022-02-21 00:00:00	0.71715	0.72223	0.71669	0.71834	158846	12"
"2022-02-22 00:00:00	0.71836	0.72331	0.71802	0.72261	189566	13"
"2022-02-23 00:00:00	0.7226	0.72835	0.72182	0.72271	140943	13"
"2022-02-24 00:00:00	0.7227	0.72287	0.70942	0.71596	345354	12"
"2022-02-25 00:00:00	0.71597	0.72373	0.71392	0.72333	230486	12"
"2022-02-27 00:00:00	0.71584	0.71898	0.71568	0.7185	12661	61"
"2022-02-28 00:00:00	0.71848	0.72671	0.7167	0.72582	227744	16"
"2022-03-01 00:00:00	0.72583	0.72893	0.72376	0.72605	184962	12"
"2022-03-02 00:00:00	0.72605	0.73062	0.72429	0.72925	203368	12"
"2022-03-03 00:00:00	0.72925	0.73472	0.72757	0.73354	163652	13"
"2022-03-04 00:00:00	0.73352	0.73801	0.73	0.737	198795	12"
"2022-03-06 00:00:00	0.73732	0.73945	0.73541	0.73935	8662	32"
"2022-03-07 00:00:00	0.73934	0.74408	0.73094	0.73286	256056	13"
"2022-03-08 00:00:00	0.73288	0.73476	0.72448	0.72669	247000	12"
"2022-03-09 00:00:00	0.72671	0.73369	0.72662	0.73162	168105	14"
"2022-03-10 00:00:00	0.73163	0.73671	0.7287	0.73649	172906	11"
"2022-03-11 00:00:00	0.73653	0.73661	0.72818	0.72901	163268	13"
"2022-03-13 00:00:00	0.72878	0.72983	0.72805	0.7296	4885	65"
"2022-03-14 00:00:00	0.72961	0.72966	0.71858	0.71979	140215	11"
"2022-03-15 00:00:00	0.71979	0.72269	0.71647	0.71894	139866	13"
"2022-03-16 00:00:00	0.71894	0.72965	0.71801	0.72879	168806	11"
"2022-03-17 00:00:00	0.72879	0.73927	0.72829	0.73807	158191	12"
"2022-03-18 00:00:00	0.73808	0.74174	0.73602	0.74128	111934	10"
"2022-03-20 00:00:00	0.74034	0.74137	0.73995	0.74092	4377	57"
"2022-03-21 00:00:00	0.74093	0.74243	0.73733	0.73952	120675	12"
"2022-03-22 00:00:00	0.73951	0.74765	0.73751	0.74616	115194	12"
"2022-03-23 00:00:00	0.74615	0.75067	0.74497	0.74984	108229	11"
"2022-03-24 00:00:00	0.74985	0.75272	0.74659	0.75096	121302	11"
"2022-03-25 00:00:00	0.75098	0.75363	0.74945	0.75123	129384	11"
"2022-03-27 00:00:00	0.74998	0.7521	0.74954	0.75169	4536	67"
"2022-03-28 00:00:00	0.75166	0.75395	0.74662	0.74963	143159	11"
"2022-03-29 00:00:00	0.74963	0.7524	0.74555	0.75139	160213	13"
"2022-03-30 00:00:00	0.75139	0.75359	0.74935	0.75009	131115	11"
"2022-03-31 00:00:00	0.75009	0.75252	0.74701	0.74911	131054	12"
"2022-04-01 00:00:00	0.74911	0.75241	0.74721	0.74973	111461	11"
"2022-04-03 00:00:00	0.74873	0.74948	0.74737	0.7485	2785	79"
"2022-04-04 00:00:00	0.74851	0.75559	0.74825	0.75427	98267	12"
"2022-04-05 00:00:00	0.75426	0.76607	0.75355	0.75848	125546	11"
"2022-04-06 00:00:00	0.75846	0.75927	0.74855	0.75041	139898	11"
"2022-04-07 00:00:00	0.7504	0.7513	0.74663	0.74775	122812	11"
"2022-04-08 00:00:00	0.74774	0.74922	0.74259	0.74577	105267	11"
"2022-04-10 00:00:00	0.74548	0.74652	0.74447	0.7445	3726	55"
"2022-04-11 00:00:00	0.74449	0.74601	0.74114	0.74141	118349	11"
"2022-04-12 00:00:00	0.74141	0.74929	0.73992	0.74532	135368	11"
"2022-04-13 00:00:00	0.74532	0.74742	0.73913	0.74495	141733	11"
"2022-04-14 00:00:00	0.74498	0.74679	0.73969	0.74072	136919	12"
"2022-04-15 00:00:00	0.74071	0.74125	0.73892	0.73898	61857	18"
"2022-04-17 00:00:00	0.73899	0.7403	0.73831	0.73958	4609	72"
"2022-04-18 00:00:00	0.73959	0.73967	0.73423	0.73564	90190	12"
"2022-04-19 00:00:00	0.73561	0.73996	0.73446	0.73928	122115	11"
"2022-04-20 00:00:00	0.73929	0.74571	0.73724	0.74435	124283	13"
"2022-04-21 00:00:00	0.74435	0.74577	0.73589	0.73597	129447	11"
"2022-04-22 00:00:00	0.736	0.73687	0.72342	0.72352	147793	11"
"2022-04-24 00:00:00	0.72498	0.72501	0.72315	0.72316	6577	59"
"2022-04-25 00:00:00	0.72317	0.7233	0.71346	0.71761	223233	13"
"2022-04-26 00:00:00	0.71761	0.72282	0.7118	0.7141	175891	12"
"2022-04-27 00:00:00	0.71412	0.71901	0.71009	0.71211	180731	12"
"2022-04-28 00:00:00	0.71211	0.71616	0.70544	0.71087	205010	11"
"2022-04-29 00:00:00	0.71092	0.71794	0.70571	0.70581	167138	12"
"2022-05-01 00:00:00	0.70682	0.70752	0.70595	0.70624	9713	61"
"2022-05-02 00:00:00	0.70625	0.70815	0.70294	0.70503	138088	12"
"2022-05-03 00:00:00	0.70503	0.71472	0.70503	0.71004	164880	13"
"2022-05-04 00:00:00	0.71003	0.72648	0.70882	0.72509	187370	12"
"2022-05-05 00:00:00	0.72509	0.72657	0.70768	0.71187	233032	12"
"2022-05-06 00:00:00	0.71189	0.71347	0.70579	0.7071	265235	13"
"2022-05-08 00:00:00	0.70624	0.70704	0.70419	0.70441	11874	137"
"2022-05-09 00:00:00	0.70441	0.70458	0.69429	0.69531	234631	12"
"2022-05-10 00:00:00	0.6953	0.69857	0.69102	0.69321	285553	13"
"2022-05-11 00:00:00	0.6932	0.70532	0.69256	0.69258	251526	12"
"2022-05-12 00:00:00	0.69258	0.69526	0.68284	0.68679	293462	13"
"2022-05-13 00:00:00	0.68679	0.69405	0.68625	0.69356	174926	12"
"2022-05-15 00:00:00	0.69174	0.69527	0.69174	0.69469	5830	181"
"2022-05-16 00:00:00	0.69467	0.6982	0.68718	0.69723	179231	12"
"2022-05-17 00:00:00	0.69722	0.704	0.69713	0.70296	177841	13"
"2022-05-18 00:00:00	0.70293	0.70461	0.69491	0.69575	161870	12"
"2022-05-19 00:00:00	0.69576	0.70722	0.69531	0.70411	243249	14"
"2022-05-20 00:00:00	0.70411	0.7073	0.70016	0.70381	181500	13"
"2022-05-22 00:00:00	0.70465	0.70688	0.7039	0.70609	7745	161"
"2022-05-23 00:00:00	0.70608	0.71265	0.70581	0.70858	170238	12"
"2022-05-24 00:00:00	0.70858	0.71186	0.70565	0.71008	173281	11"
"2022-05-25 00:00:00	0.71006	0.71184	0.70351	0.70889	183735	12"
"2022-05-26 00:00:00	0.70888	0.71092	0.70567	0.70976	141304	13"
"2022-05-27 00:00:00	0.70977	0.71665	0.70888	0.7157	131020	13"
"2022-05-29 00:00:00	0.71575	0.71651	0.71446	0.71578	5407	50"
"2022-05-30 00:00:00	0.71579	0.71994	0.71565	0.71936	107096	12"
"2022-05-31 00:00:00	0.71937	0.7203	0.71492	0.7182	160263	13"
"2022-06-01 00:00:00	0.71822	0.72298	0.71552	0.71707	154808	12"
"2022-06-02 00:00:00	0.71707	0.72701	0.71403	0.72645	129025	12"
"2022-06-03 00:00:00	0.72645	0.72826	0.72011	0.72034	129543	13"
"2022-06-05 00:00:00	0.72115	0.72158	0.71999	0.72002	5241	59"
"2022-06-06 00:00:00	0.72003	0.72313	0.71801	0.71859	108089	12"
"2022-06-07 00:00:00	0.71858	0.72461	0.71566	0.72207	158023	12"
"2022-06-08 00:00:00	0.72205	0.72337	0.7175	0.71858	141805	11"
"2022-06-09 00:00:00	0.71859	0.71938	0.7093	0.70971	163651	11"
"2022-06-10 00:00:00	0.7097	0.71375	0.70369	0.7044	192315	12"
"2022-06-12 00:00:00	0.70352	0.70446	0.70148	0.70192	8432	47"
"2022-06-13 00:00:00	0.70192	0.70337	0.69107	0.69401	224928	11"
"2022-06-14 00:00:00	0.694	0.69699	0.685	0.68868	244140	13"
"2022-06-15 00:00:00	0.6887	0.70238	0.68852	0.70172	264526	12"
"2022-06-16 00:00:00	0.70171	0.70685	0.6943	0.70395	255479	12"
"2022-06-17 00:00:00	0.70395	0.70423	0.6897	0.69322	216139	13"
"2022-06-19 00:00:00	0.6915	0.69566	0.6915	0.69504	8124	122"
"2022-06-20 00:00:00	0.69501	0.69954	0.69262	0.69676	151393	12"
"2022-06-21 00:00:00	0.69674	0.69933	0.69342	0.6959	171185	14"
"2022-06-22 00:00:00	0.69592	0.6961	0.68809	0.69045	184057	13"
"2022-06-23 00:00:00	0.69046	0.69258	0.68687	0.69021	201294	13"
"2022-06-24 00:00:00	0.6902	0.69573	0.68881	0.69402	161084	12"
"2022-06-26 00:00:00	0.69415	0.69584	0.69365	0.69438	7266	55"
"2022-06-27 00:00:00	0.69433	0.69482	0.69066	0.69204	195023	12"
"2022-06-28 00:00:00	0.69203	0.69641	0.69022	0.69027	214228	12"
"2022-06-29 00:00:00	0.69028	0.69195	0.68611	0.68776	220663	12"
"2022-06-30 00:00:00	0.68774	0.69188	0.68529	0.68973	210900	12"
"2022-07-01 00:00:00	0.68971	0.69027	0.67634	0.68105	222660	13"
"2022-07-03 00:00:00	0.68038	0.68248	0.68038	0.68127	9325	181"
"2022-07-04 00:00:00	0.68126	0.68882	0.67931	0.68707	138673	11"
"2022-07-05 00:00:00	0.68706	0.68943	0.67612	0.67933	228589	12"
"2022-07-06 00:00:00	0.67932	0.68256	0.67614	0.67814	245753	13"
"2022-07-07 00:00:00	0.67813	0.685	0.67639	0.6847	180841	13"
"2022-07-08 00:00:00	0.68472	0.68738	0.67911	0.68538	197062	14"
"2022-07-10 00:00:00	0.68404	0.6854	0.68356	0.68444	8047	69"
"2022-07-11 00:00:00	0.6845	0.68453	0.67141	0.67398	197866	14"
"2022-07-12 00:00:00	0.67399	0.67784	0.67104	0.67453	218841	13"
"2022-07-13 00:00:00	0.67452	0.68029	0.67251	0.67319	278747	12"
"2022-07-14 00:00:00	0.67319	0.67874	0.6681	0.67557	340840	12"
"2022-07-15 00:00:00	0.67555	0.68058	0.67186	0.67887	245669	12"
"2022-07-17 00:00:00	0.67847	0.68135	0.67838	0.68128	9906	74"
"2022-07-18 00:00:00	0.68127	0.6854	0.67926	0.68091	194024	12"
"2022-07-19 00:00:00	0.68092	0.6912	0.68019	0.68948	219464	13"
"2022-07-20 00:00:00	0.68948	0.69297	0.68726	0.68835	200710	14"
"2022-07-21 00:00:00	0.68833	0.69378	0.68585	0.69216	228968	12"
"2022-07-22 00:00:00	0.69214	0.69769	0.68927	0.69227	224183	12"
"2022-07-24 00:00:00	0.69217	0.69264	0.69027	0.69031	8416	81"
"2022-07-25 00:00:00	0.69032	0.69647	0.68782	0.69497	188329	12"
"2022-07-26 00:00:00	0.69501	0.69826	0.69216	0.69447	167637	13"
"2022-07-27 00:00:00	0.69447	0.70117	0.69114	0.69933	188739	13"
"2022-07-28 00:00:00	0.6993	0.70134	0.69544	0.6997	212646	11"
"2022-07-29 00:00:00	0.69973	0.70312	0.69105	0.69881	209593	13"
"2022-07-31 00:00:00	0.69697	0.69866	0.69671	0.697	11340	190"
"2022-08-01 00:00:00	0.697	0.70466	0.69676	0.70234	218613	15"
"2022-08-02 00:00:00	0.70235	0.70316	0.68878	0.68897	342699	14"
"2022-08-03 00:00:00	0.68903	0.6955	0.68857	0.6937	253559	14"
"2022-08-04 00:00:00	0.6937	0.69893	0.69344	0.69591	230420	14"
"2022-08-05 00:00:00	0.69593	0.69742	0.68689	0.69111	226064	15"
"2022-08-07 00:00:00	0.68913	0.69107	0.68913	0.69024	10508	238"
"2022-08-08 00:00:00	0.69024	0.70087	0.68974	0.6988	170179	14"
"2022-08-09 00:00:00	0.6988	0.69942	0.6953	0.69537	147147	15"
"2022-08-10 00:00:00	0.69536	0.71085	0.69461	0.70812	217784	15"
"2022-08-11 00:00:00	0.7081	0.71363	0.70625	0.71008	207097	13"
"2022-08-12 00:00:00	0.7101	0.71278	0.70842	0.71201	165212	15"
"2022-08-14 00:00:00	0.71129	0.71242	0.71055	0.71148	8177	86"
"2022-08-15 00:00:00	0.7115	0.71246	0.70105	0.70183	171916	14"
"2022-08-16 00:00:00	0.70183	0.70395	0.69905	0.70189	181972	14"
"2022-08-17 00:00:00	0.70188	0.70258	0.69104	0.69305	238307	13"
"2022-08-18 00:00:00	0.69305	0.69694	0.68984	0.69106	222924	15"
"2022-08-19 00:00:00	0.6911	0.69191	0.68585	0.68712	179550	15"
"2022-08-21 00:00:00	0.6869	0.68775	0.68607	0.68763	10822	65"
"2022-08-22 00:00:00	0.68764	0.69283	0.68617	0.68775	197579	15"
"2022-08-23 00:00:00	0.68775	0.69628	0.68555	0.69205	242877	15"
"2022-08-24 00:00:00	0.69205	0.69283	0.68784	0.69049	198455	14"
"2022-08-25 00:00:00	0.69049	0.69907	0.69017	0.69613	212607	13"
"2022-08-26 00:00:00	0.69614	0.70084	0.68877	0.68892	252785	15"
"2022-08-28 00:00:00	0.68781	0.68852	0.68596	0.6864	14030	66"
"2022-08-29 00:00:00	0.68641	0.69255	0.68403	0.69067	270009	13"
"2022-08-30 00:00:00	0.69069	0.69556	0.6845	0.68536	280869	14"
"2022-08-31 00:00:00	0.68536	0.69036	0.68254	0.68273	315418	15"
"2022-09-01 00:00:00	0.68272	0.68452	0.67706	0.67944	315814	13"
"2022-09-02 00:00:00	0.67943	0.68543	0.67788	0.68165	269994	14"
"2022-09-04 00:00:00	0.67773	0.67977	0.67757	0.67885	12343	59"
"2022-09-05 00:00:00	0.67885	0.68146	0.67722	0.68104	164750	13"
"2022-09-06 00:00:00	0.68104	0.68317	0.67245	0.67272	281139	14"
"2022-09-07 00:00:00	0.67276	0.67732	0.66985	0.67517	264891	14"
"2022-09-08 00:00:00	0.67519	0.67654	0.67124	0.6764	306608	14"
"2022-09-09 00:00:00	0.67638	0.68768	0.67616	0.68385	254073	14"
"2022-09-11 00:00:00	0.68273	0.685	0.68208	0.68449	11401	61"
"2022-09-12 00:00:00	0.6845	0.68991	0.68236	0.68922	207525	13"
"2022-09-13 00:00:00	0.68923	0.69155	0.67246	0.674	257246	14"
"2022-09-14 00:00:00	0.674	0.67617	0.67044	0.6752	276360	14"
"2022-09-15 00:00:00	0.67524	0.67694	0.66843	0.6686	236538	13"
"2022-09-16 00:00:00	0.6686	0.67236	0.66694	0.67195	242917	13"
"2022-09-18 00:00:00	0.67136	0.67334	0.67099	0.67244	10788	88"
"2022-09-19 00:00:00	0.67244	0.67349	0.66715	0.67318	198234	14"
"2022-09-20 00:00:00	0.67318	0.6747	0.66759	0.66942	221034	13"
"2022-09-21 00:00:00	0.66941	0.67044	0.66068	0.66116	295635	13"
"2022-09-22 00:00:00	0.6612	0.66703	0.65736	0.66436	361566	13"
"2022-09-23 00:00:00	0.66432	0.66552	0.65108	0.65358	325649	13"
"2022-09-25 00:00:00	0.65141	0.65374	0.65092	0.65301	19207	56"
"2022-09-26 00:00:00	0.65302	0.65363	0.64371	0.64708	442416	14"
"2022-09-27 00:00:00	0.64709	0.65126	0.64134	0.64339	372969	14"
"2022-09-28 00:00:00	0.64335	0.65303	0.63626	0.65023	466768	14"
"2022-09-29 00:00:00	0.65024	0.6518	0.6435	0.65078	407980	14"
"2022-09-30 00:00:00	0.65077	0.65234	0.63907	0.64023	400027	15"
"2022-10-02 00:00:00	0.63995	0.64278	0.63975	0.64192	17849	145"
"2022-10-03 00:00:00	0.64192	0.65214	0.64109	0.65025	319711	15"
"2022-10-04 00:00:00	0.65026	0.6547	0.64497	0.65127	314763	14"
"2022-10-05 00:00:00	0.65127	0.65256	0.6416	0.65117	336854	16"
"2022-10-06 00:00:00	0.65116	0.65404	0.63887	0.64137	411430	14"
"2022-10-07 00:00:00	0.64136	0.64319	0.63537	0.63604	298243	15"
"2022-10-09 00:00:00	0.63569	0.63656	0.63415	0.63601	20760	85"
"2022-10-10 00:00:00	0.63601	0.63796	0.62742	0.62953	343393	13"
"2022-10-11 00:00:00	0.62953	0.63453	0.62468	0.62641	379953	15"
"2022-10-12 00:00:00	0.62641	0.62983	0.6235	0.62751	379704	15"
"2022-10-13 00:00:00	0.62747	0.63159	0.61695	0.62943	382469	14"
"2022-10-14 00:00:00	0.62943	0.63465	0.61934	0.61989	396550	15"
"2022-10-16 00:00:00	0.62053	0.62232	0.62021	0.62212	12726	55"
"2022-10-17 00:00:00	0.62212	0.63115	0.62091	0.62967	273435	15"
"2022-10-18 00:00:00	0.62966	0.63393	0.62653	0.63142	326961	15"
"2022-10-19 00:00:00	0.63141	0.63236	0.62507	0.62627	257982	17"
"2022-10-20 00:00:00	0.62627	0.63555	0.62278	0.62736	323915	15"
"2022-10-21 00:00:00	0.62738	0.63923	0.62096	0.63853	383292	14"
"2022-10-23 00:00:00	0.63939	0.64104	0.63545	0.63679	50179	62"
"2022-10-24 00:00:00	0.63679	0.63761	0.62718	0.63269	416242	19"
"2022-10-25 00:00:00	0.63271	0.64116	0.6303	0.63834	401631	16"
"2022-10-26 00:00:00	0.63836	0.65104	0.63716	0.64951	418925	16"
"2022-10-27 00:00:00	0.64951	0.65214	0.6425	0.64497	446622	17"
"2022-10-28 00:00:00	0.64498	0.64792	0.63884	0.64116	375201	15"
"2022-10-30 00:00:00	0.63945	0.64086	0.63864	0.64	23225	152"
"2022-10-31 00:00:00	0.64	0.64273	0.63675	0.64087	297030	16"
"2022-11-01 00:00:00	0.64088	0.64634	0.63764	0.63956	389446	15"
"2022-11-02 00:00:00	0.63956	0.64916	0.63309	0.63372	372279	16"
"2022-11-03 00:00:00	0.63372	0.63713	0.62716	0.62873	388599	17"
"2022-11-04 00:00:00	0.62872	0.64822	0.62842	0.64729	424702	16"
"2022-11-06 00:00:00	0.6414	0.64461	0.64072	0.64383	13594	54"
"2022-11-07 00:00:00	0.64383	0.64899	0.64059	0.64735	342734	15"
"2022-11-08 00:00:00	0.64735	0.65506	0.64436	0.65079	319240	15"
"2022-11-09 00:00:00	0.65079	0.65216	0.64137	0.64298	394510	18"
"2022-11-10 00:00:00	0.64298	0.6631	0.6386	0.66055	415151	18"
"2022-11-11 00:00:00	0.66057	0.67162	0.65772	0.67052	441701	18"
"2022-11-13 00:00:00	0.66994	0.67031	0.66677	0.66943	15156	42"
"2022-11-14 00:00:00	0.66942	0.67231	0.66628	0.66916	386282	17"
"2022-11-15 00:00:00	0.66917	0.67969	0.6685	0.67687	511411	17"
"2022-11-16 00:00:00	0.67689	0.67921	0.67192	0.67381	407755	17"
"2022-11-17 00:00:00	0.67383	0.67505	0.66334	0.66867	346311	18"
"2022-11-18 00:00:00	0.66867	0.67298	0.66609	0.66684	324899	18"
"2022-11-20 00:00:00	0.66585	0.66829	0.66585	0.66825	5900	66"
"2022-11-21 00:00:00	0.66825	0.6683	0.6584	0.66068	323075	16"
"2022-11-22 00:00:00	0.66067	0.66509	0.66037	0.66483	275320	16"
"2022-11-23 00:00:00	0.66484	0.67459	0.66334	0.67455	316880	16"
"2022-11-24 00:00:00	0.67454	0.67777	0.67307	0.67646	194106	18"
"2022-11-25 00:00:00	0.67647	0.67804	0.67201	0.67466	206255	17"
"2022-11-27 00:00:00	0.67163	0.67278	0.67096	0.67104	8918	39"
"2022-11-28 00:00:00	0.67106	0.67241	0.66412	0.66509	302521	19"
"2022-11-29 00:00:00	0.66509	0.67483	0.66396	0.66826	301304	16"
"2022-11-30 00:00:00	0.6683	0.68018	0.66696	0.67986	357788	15"
"2022-12-01 00:00:00	0.67987	0.68437	0.67822	0.68098	390950	16"
"2022-12-02 00:00:00	0.68097	0.68355	0.67421	0.67914	348207	17"
"2022-12-04 00:00:00	0.67835	0.68123	0.67716	0.68118	8884	40"
"2022-12-05 00:00:00	0.68118	0.68504	0.66863	0.6706	310545	16"
"2022-12-06 00:00:00	0.67062	0.67437	0.66802	0.66975	296901	15"
"2022-12-07 00:00:00	0.66975	0.67415	0.66682	0.67247	342117	16"
"2022-12-08 00:00:00	0.67246	0.67803	0.66978	0.67745	275683	17"
"2022-12-09 00:00:00	0.67743	0.6813	0.67419	0.6793	296773	17"
"2022-12-11 00:00:00	0.67827	0.67974	0.6778	0.6778	6145	224"
"2022-12-12 00:00:00	0.67782	0.67949	0.67282	0.67513	236186	18"
"2022-12-13 00:00:00	0.67512	0.68927	0.67394	0.6841	281053	12"
"2022-12-14 00:00:00	0.6841	0.68809	0.68095	0.68567	279425	12"
"2022-12-15 00:00:00	0.68566	0.68693	0.66761	0.67049	257177	13"
"2022-12-16 00:00:00	0.6705	0.67355	0.66748	0.66851	210904	16"
"2022-12-18 00:00:00	0.67037	0.67092	0.66824	0.66867	4004	54"
"2022-12-19 00:00:00	0.66868	0.67321	0.66839	0.67049	182711	12"
"2022-12-20 00:00:00	0.67048	0.67437	0.66286	0.66873	304136	11"
"2022-12-21 00:00:00	0.66873	0.67277	0.6656	0.67122	203302	12"
"2022-12-22 00:00:00	0.67122	0.6767	0.66497	0.66756	186381	12"
"2022-12-23 00:00:00	0.66756	0.67244	0.66598	0.6713	193877	15"
"2022-12-25 00:00:00	0.66918	0.67136	0.66876	0.67057	513	251"
"2022-12-26 00:00:00	0.67056	0.67562	0.66785	0.67434	15867	32"
"2022-12-27 00:00:00	0.67433	0.67754	0.67229	0.67284	162418	13"
"2022-12-28 00:00:00	0.67281	0.68006	0.67185	0.67463	168378	15"
"2022-12-29 00:00:00	0.67464	0.67871	0.671	0.67652	141828	12"
"2022-12-30 00:00:00	0.67653	0.68203	0.67533	0.68126	189146	13"
"2023-01-01 00:00:00	0.67896	0.68182	0.67896	0.68131	193	77"
"2023-01-02 00:00:00	0.68124	0.68181	0.67847	0.68074	48835	109"
"2023-01-03 00:00:00	0.68074	0.6834	0.66874	0.6725	245345	12"
"2023-01-04 00:00:00	0.67248	0.68858	0.67226	0.68282	279025	13"
"2023-01-05 00:00:00	0.68282	0.68445	0.67345	0.6752	251220	12"
"2023-01-06 00:00:00	0.6752	0.68863	0.67217	0.68742	269636	17"
"2023-01-08 00:00:00	0.68773	0.68966	0.68732	0.68955	7349	51"
"2023-01-09 00:00:00	0.68955	0.69494	0.68844	0.69088	223016	14"
"2023-01-10 00:00:00	0.6909	0.69272	0.68591	0.68927	219649	12"
"2023-01-11 00:00:00	0.68929	0.6925	0.68724	0.69087	168445	14"
"2023-01-12 00:00:00	0.69085	0.69842	0.68707	0.69665	257634	12"
"2023-01-13 00:00:00	0.69664	0.69936	0.69148	0.69676	210883	13"
"2023-01-15 00:00:00	0.69681	0.69772	0.69663	0.69715	4319	91"
"2023-01-16 00:00:00	0.69714	0.70187	0.69403	0.69654	138316	15"
"2023-01-17 00:00:00	0.69658	0.69969	0.69292	0.69872	207973	13"
"2023-01-18 00:00:00	0.69873	0.70631	0.69351	0.69433	265875	14"
"2023-01-19 00:00:00	0.69432	0.69475	0.68713	0.69113	197767	14"
"2023-01-20 00:00:00	0.69115	0.69732	0.69057	0.69672	159158	11"
"2023-01-22 00:00:00	0.69615	0.6984	0.69591	0.69831	3736	61"
"2023-01-23 00:00:00	0.6983	0.70394	0.69615	0.70283	179993	12"
"2023-01-24 00:00:00	0.70284	0.70573	0.6993	0.70499	162517	12"
"2023-01-25 00:00:00	0.70504	0.71221	0.70377	0.7107	171780	15"
"2023-01-26 00:00:00	0.71069	0.71421	0.70788	0.71132	179756	12"
"2023-01-27 00:00:00	0.71133	0.71291	0.70817	0.71064	156023	13"
"2023-01-29 00:00:00	0.70944	0.71088	0.70944	0.71074	4366	48"
"2023-01-30 00:00:00	0.71075	0.71198	0.70506	0.70575	173655	12"
"2023-01-31 00:00:00	0.70574	0.70641	0.69832	0.70507	197770	12"
"2023-02-01 00:00:00	0.70507	0.71573	0.70359	0.71469	221598	12"
"2023-02-02 00:00:00	0.71467	0.71564	0.70677	0.70722	235459	12"
"2023-02-03 00:00:00	0.70719	0.70723	0.69184	0.69191	228430	13"
"2023-02-05 00:00:00	0.68924	0.69294	0.68916	0.69182	8104	49"
"2023-02-06 00:00:00	0.69179	0.69481	0.68549	0.68883	178127	13"
"2023-02-07 00:00:00	0.68884	0.69879	0.68852	0.6964	247243	12"
"2023-02-08 00:00:00	0.6964	0.69959	0.69184	0.69276	174034	13"
"2023-02-09 00:00:00	0.69276	0.70108	0.69207	0.6938	159393	14"
"2023-02-10 00:00:00	0.6938	0.69597	0.69085	0.69143	204599	12"
"2023-02-12 00:00:00	0.69135	0.6919	0.69099	0.69125	3646	46"
"2023-02-13 00:00:00	0.69125	0.69731	0.68898	0.69679	156314	12"
"2023-02-14 00:00:00	0.6968	0.70294	0.69209	0.69865	272726	12"
"2023-02-15 00:00:00	0.69864	0.69867	0.68644	0.69059	192077	12"
"2023-02-16 00:00:00	0.69061	0.69357	0.68398	0.68614	211866	14"
"2023-02-17 00:00:00	0.68612	0.68839	0.68112	0.68761	188230	13"
"2023-02-19 00:00:00	0.68645	0.68755	0.68634	0.68686	3744	56"
"2023-02-20 00:00:00	0.68684	0.69203	0.6862	0.69081	116469	12"
"2023-02-21 00:00:00	0.69082	0.69194	0.68471	0.68625	200434	13"
"2023-02-22 00:00:00	0.68625	0.68645	0.67941	0.68111	190390	12"
"2023-02-23 00:00:00	0.68111	0.68412	0.67808	0.68082	170128	12"
"2023-02-24 00:00:00	0.68082	0.68236	0.67179	0.67219	188478	11"
"2023-02-26 00:00:00	0.6728	0.67377	0.67226	0.6733	5399	55"
"2023-02-27 00:00:00	0.67329	0.67442	0.66975	0.67398	153664	11"
"2023-02-28 00:00:00	0.67398	0.67571	0.67032	0.67298	156923	12"
"2023-03-01 00:00:00	0.67298	0.67832	0.66945	0.67587	199140	12"
"2023-03-02 00:00:00	0.67588	0.67656	0.6706	0.67314	182168	12"
"2023-03-03 00:00:00	0.67313	0.67743	0.67281	0.67674	152261	12"
"2023-03-05 00:00:00	0.67448	0.6761	0.67436	0.67532	5294	38"
"2023-03-06 00:00:00	0.67533	0.67692	0.67158	0.67306	132070	17"
"2023-03-07 00:00:00	0.67307	0.67476	0.65793	0.65884	217516	12"
"2023-03-08 00:00:00	0.65884	0.66287	0.65674	0.65937	159167	12"
"2023-03-09 00:00:00	0.65935	0.66358	0.65755	0.65884	141746	13"
"2023-03-10 00:00:00	0.65884	0.66399	0.65633	0.65781	270032	11"
"2023-03-12 00:00:00	0.66118	0.66467	0.65952	0.66326	27422	54"
"2023-03-13 00:00:00	0.66325	0.67163	0.6601	0.66545	392609	13"
"2023-03-14 00:00:00	0.66548	0.66954	0.66312	0.66867	282727	12"
"2023-03-15 00:00:00	0.66868	0.67111	0.65894	0.66169	296905	12"
"2023-03-16 00:00:00	0.66168	0.66677	0.66129	0.66628	271010	13"
"2023-03-17 00:00:00	0.66626	0.67242	0.66536	0.66949	175771	11"
"2023-03-19 00:00:00	0.6712	0.67185	0.66909	0.67122	11525	61"
"2023-03-20 00:00:00	0.67122	0.67296	0.66653	0.67161	162939	13"
"2023-03-21 00:00:00	0.67161	0.67258	0.66491	0.66778	117534	11"
"2023-03-22 00:00:00	0.66778	0.67585	0.66608	0.66967	152341	12"
"2023-03-23 00:00:00	0.66968	0.67551	0.66691	0.66805	142201	11"
"2023-03-24 00:00:00	0.66808	0.66939	0.66246	0.66422	138697	12"
"2023-03-26 00:00:00	0.66506	0.6658	0.66357	0.66542	5696	58"
"2023-03-27 00:00:00	0.66541	0.66653	0.66333	0.66586	108098	12"
"2023-03-28 00:00:00	0.66585	0.67098	0.66539	0.67055	90832	12"
"2023-03-29 00:00:00	0.6706	0.67127	0.66609	0.66811	96267	12"
"2023-03-30 00:00:00	0.66812	0.67182	0.66611	0.67147	96253	11"
"2023-03-31 00:00:00	0.67146	0.67375	0.66698	0.66829	100144	11"
"2023-04-02 00:00:00	0.66829	0.6686	0.66551	0.6658	8283	133"
"2023-04-03 00:00:00	0.66581	0.67928	0.66506	0.67858	128911	12"
"2023-04-04 00:00:00	0.67859	0.67928	0.67203	0.67594	117973	12"
"2023-04-05 00:00:00	0.67594	0.67795	0.66764	0.67158	120607	11"
"2023-04-06 00:00:00	0.67157	0.67194	0.66526	0.66739	84575	11"
"2023-04-07 00:00:00	0.66738	0.66907	0.66403	0.66643	41391	12"
"2023-04-09 00:00:00	0.66491	0.66739	0.66491	0.66725	3395	218"
"2023-04-10 00:00:00	0.66726	0.66797	0.66181	0.66477	63834	11"
"2023-04-11 00:00:00	0.66476	0.66794	0.66428	0.66526	87806	11"
"2023-04-12 00:00:00	0.66526	0.67228	0.66502	0.6696	110790	11"
"2023-04-13 00:00:00	0.6696	0.67963	0.66849	0.67832	107437	12"
"2023-04-14 00:00:00	0.67833	0.68057	0.66947	0.6704	112683	11"
"2023-04-16 00:00:00	0.67017	0.67079	0.66972	0.67051	2544	57"
"2023-04-17 00:00:00	0.67048	0.67188	0.66805	0.66982	93502	10"
"2023-04-18 00:00:00	0.66983	0.6747	0.6697	0.67351	99431	10"
"2023-04-19 00:00:00	0.67351	0.6741	0.66896	0.67047	96472	11"
"2023-04-20 00:00:00	0.67047	0.6771	0.66965	0.67425	79440	11"
"2023-04-21 00:00:00	0.67424	0.67427	0.66773	0.66887	74490	10"
"2023-04-23 00:00:00	0.6689	0.66972	0.66887	0.66906	2283	126"
"2023-04-24 00:00:00	0.66906	0.67046	0.66651	0.6703	65008	10"
"2023-04-25 00:00:00	0.67029	0.6705	0.66139	0.66356	71010	11"
"2023-04-26 00:00:00	0.66356	0.66388	0.6591	0.66076	93139	10"
"2023-04-27 00:00:00	0.66076	0.6635	0.65949	0.66296	86605	10"
"2023-04-28 00:00:00	0.66298	0.66418	0.65728	0.66112	93326	10"
"2023-04-30 00:00:00	0.66118	0.66165	0.66069	0.66095	3567	88"
"2023-05-01 00:00:00	0.66096	0.66677	0.66091	0.66223	66765	11"
"2023-05-02 00:00:00	0.66222	0.67167	0.66201	0.66702	97183	10"
"2023-05-03 00:00:00	0.66701	0.67028	0.664	0.66412	105303	10"
"2023-05-04 00:00:00	0.66415	0.67059	0.664	0.66957	111422	11"
"2023-05-05 00:00:00	0.66957	0.67566	0.66875	0.67456	86720	10"
"2023-05-07 00:00:00	0.67433	0.67549	0.67433	0.67464	4068	56"
"2023-05-08 00:00:00	0.67466	0.68032	0.67396	0.67801	56211	11"
"2023-05-09 00:00:00	0.67799	0.67864	0.67461	0.67661	57212	11"
"2023-05-10 00:00:00	0.67662	0.68176	0.67438	0.67805	84323	10"
"2023-05-11 00:00:00	0.67805	0.67958	0.66884	0.6699	89329	11"
"2023-05-12 00:00:00	0.66989	0.67059	0.66357	0.66392	64595	11"
"2023-05-14 00:00:00	0.66447	0.66472	0.6641	0.66464	3985	92"
"2023-05-15 00:00:00	0.66464	0.67084	0.66416	0.67015	59431	10"
"2023-05-16 00:00:00	0.67015	0.67092	0.66497	0.66573	68788	10"
"2023-05-17 00:00:00	0.66573	0.66728	0.66286	0.66553	70326	10"
"2023-05-18 00:00:00	0.66556	0.66672	0.66045	0.66266	73233	10"
"2023-05-19 00:00:00	0.66267	0.66748	0.66163	0.66455	83566	11"
"2023-05-21 00:00:00	0.66434	0.66584	0.66419	0.66583	4416	69"
"2023-05-22 00:00:00	0.66584	0.66672	0.66268	0.66481	74926	10"
"2023-05-23 00:00:00	0.66481	0.66616	0.66067	0.66131	77716	11"
"2023-05-24 00:00:00	0.66131	0.66148	0.65294	0.65427	92155	11"
"2023-05-25 00:00:00	0.65426	0.65439	0.64966	0.64978	83613	11"
"2023-05-26 00:00:00	0.64981	0.65438	0.649	0.65142	74193	11"
"2023-05-28 00:00:00	0.65213	0.65281	0.65156	0.65244	3139	69"
"2023-05-29 00:00:00	0.65242	0.65537	0.65229	0.65275	32313	10"
"2023-05-30 00:00:00	0.65274	0.65591	0.65025	0.65171	81968	11"
"2023-05-31 00:00:00	0.65169	0.65384	0.64579	0.65057	93086	10"
"2023-06-01 00:00:00	0.65057	0.65813	0.64839	0.65773	83366	11"
"2023-06-02 00:00:00	0.65774	0.6638	0.65735	0.66038	84512	11"
"2023-06-04 00:00:00	0.65951	0.66052	0.65947	0.65968	4252	239"
"2023-06-05 00:00:00	0.65968	0.6637	0.65788	0.66122	71233	10"
"2023-06-06 00:00:00	0.66125	0.66848	0.66092	0.66798	77383	11"
"2023-06-07 00:00:00	0.66798	0.67169	0.66411	0.6658	75314	10"
"2023-06-08 00:00:00	0.66581	0.67176	0.66545	0.67118	69096	11"
"2023-06-09 00:00:00	0.6712	0.67503	0.66923	0.67374	61576	10"
"2023-06-11 00:00:00	0.67254	0.67457	0.67254	0.67442	2204	209"
"2023-06-12 00:00:00	0.67443	0.67731	0.6731	0.67519	53751	10"
"2023-06-13 00:00:00	0.67518	0.68066	0.67376	0.67697	90525	10"
"2023-06-14 00:00:00	0.67698	0.68352	0.67553	0.67961	88657	10"
"2023-06-15 00:00:00	0.67959	0.68923	0.67649	0.6879	92334	10"
"2023-06-16 00:00:00	0.6879	0.68993	0.68545	0.68715	91741	11"
"2023-06-18 00:00:00	0.68769	0.6882	0.68699	0.68716	3828	157"
"2023-06-19 00:00:00	0.68715	0.68775	0.68333	0.68491	59518	11"
"2023-06-20 00:00:00	0.6849	0.68535	0.67526	0.67894	91727	11"
"2023-06-21 00:00:00	0.67893	0.68042	0.67404	0.67983	101480	10"
"2023-06-22 00:00:00	0.67983	0.68056	0.67442	0.67588	89877	11"
"2023-06-23 00:00:00	0.67587	0.67672	0.66623	0.66743	92393	11"
"2023-06-25 00:00:00	0.66774	0.66825	0.66725	0.66805	4293	79"
"2023-06-26 00:00:00	0.66804	0.66935	0.66541	0.66735	72855	11"
"2023-06-27 00:00:00	0.66735	0.67203	0.66695	0.66817	86732	11"
"2023-06-28 00:00:00	0.66816	0.66888	0.6596	0.65984	87730	10"
"2023-06-29 00:00:00	0.65983	0.66402	0.65948	0.66165	89152	10"
"2023-06-30 00:00:00	0.66167	0.66711	0.66029	0.66594	88283	10"
"2023-07-02 00:00:00	0.66599	0.66636	0.66567	0.66577	1831	70"
"2023-07-03 00:00:00	0.66578	0.66914	0.66366	0.66735	71944	11"
"2023-07-04 00:00:00	0.66736	0.6705	0.6641	0.6693	53030	11"
"2023-07-05 00:00:00	0.6693	0.66981	0.66514	0.66544	72929	11"
"2023-07-06 00:00:00	0.66545	0.66876	0.65988	0.66281	98068	11"
"2023-07-07 00:00:00	0.66282	0.67002	0.66191	0.66868	97340	11"
"2023-07-09 00:00:00	0.66819	0.66954	0.6674	0.66875	4476	31"
"2023-07-10 00:00:00	0.66874	0.66952	0.66231	0.66761	76868	11"
"2023-07-11 00:00:00	0.66762	0.66948	0.66503	0.66927	84635	11"
"2023-07-12 00:00:00	0.66925	0.67957	0.66822	0.67919	120322	10"
"2023-07-13 00:00:00	0.67921	0.68944	0.67848	0.68878	97786	10"
"2023-07-14 00:00:00	0.6888	0.68946	0.683	0.68348	95939	10"
"2023-07-16 00:00:00	0.68412	0.68416	0.68264	0.68368	2840	61"
"2023-07-17 00:00:00	0.68367	0.68378	0.6787	0.68096	75155	11"
"2023-07-18 00:00:00	0.68095	0.68368	0.67885	0.68128	117453	11"
"2023-07-19 00:00:00	0.68127	0.68191	0.67496	0.67707	118351	11"
"2023-07-20 00:00:00	0.67707	0.68464	0.67699	0.67779	128400	11"
"2023-07-21 00:00:00	0.67779	0.67874	0.67219	0.6726	91966	11"
"2023-07-23 00:00:00	0.67273	0.67331	0.67221	0.67248	3730	141"
"2023-07-24 00:00:00	0.67249	0.67557	0.67145	0.67313	102057	11"
"2023-07-25 00:00:00	0.67316	0.67945	0.6725	0.67869	97751	10"
"2023-07-26 00:00:00	0.6787	0.67908	0.67285	0.67606	124778	10"
"2023-07-27 00:00:00	0.67604	0.68207	0.66978	0.67116	142218	10"
"2023-07-28 00:00:00	0.67114	0.67121	0.66221	0.66466	143938	10"
"2023-07-30 00:00:00	0.66511	0.66647	0.6643	0.66591	6247	166"
"2023-07-31 00:00:00	0.66591	0.6739	0.66573	0.67156	99442	10"
"2023-08-01 00:00:00	0.67155	0.67231	0.66017	0.6617	101606	11"
"2023-08-02 00:00:00	0.66171	0.66295	0.65263	0.6541	100368	9"
"2023-08-03 00:00:00	0.65409	0.65682	0.65137	0.656	111703	11"
"2023-08-04 00:00:00	0.65599	0.66091	0.65449	0.65663	124434	10"
"2023-08-06 00:00:00	0.65713	0.65746	0.65661	0.65731	4576	48"
"2023-08-07 00:00:00	0.6573	0.65924	0.65548	0.65718	79946	10"
"2023-08-08 00:00:00	0.6572	0.65758	0.64961	0.65326	100336	10"
"2023-08-09 00:00:00	0.65327	0.65709	0.65196	0.65347	95393	10"
"2023-08-10 00:00:00	0.65347	0.66164	0.65113	0.65113	124926	11"
"2023-08-11 00:00:00	0.65114	0.65332	0.64855	0.64919	102032	9"
"2023-08-13 00:00:00	0.64951	0.64984	0.64911	0.64944	4197	66"
"2023-08-14 00:00:00	0.64943	0.65025	0.64534	0.64875	112399	10"
"2023-08-15 00:00:00	0.64875	0.65212	0.64509	0.64569	137346	10"
"2023-08-16 00:00:00	0.64571	0.64802	0.64128	0.64131	120461	10"
"2023-08-17 00:00:00	0.64131	0.645	0.6364	0.64056	127265	11"
"2023-08-18 00:00:00	0.64056	0.64285	0.63786	0.63997	114687	9"
"2023-08-20 00:00:00	0.64054	0.64139	0.64012	0.64137	4982	60"
"2023-08-21 00:00:00	0.64137	0.6421	0.63867	0.64127	100899	11"
"2023-08-22 00:00:00	0.64126	0.64575	0.64029	0.64239	99305	10"
"2023-08-23 00:00:00	0.64238	0.64826	0.64105	0.64802	100650	11"
"2023-08-24 00:00:00	0.64803	0.64878	0.6411	0.64123	95054	10"
"2023-08-25 00:00:00	0.64124	0.64408	0.63795	0.64011	112268	11"
"2023-08-27 00:00:00	0.6402	0.64164	0.6402	0.64156	4448	40"
"2023-08-28 00:00:00	0.64155	0.64392	0.64013	0.64275	88509	10"
"2023-08-29 00:00:00	0.64275	0.64863	0.64008	0.64755	116200	10"
"2023-08-30 00:00:00	0.64756	0.65218	0.64489	0.64786	112112	10"
"2023-08-31 00:00:00	0.64785	0.65074	0.64606	0.64859	115708	10"
"2023-09-01 00:00:00	0.64859	0.65215	0.6438	0.64479	118964	10"
"2023-09-03 00:00:00	0.64357	0.64531	0.64357	0.64513	3236	161"
"2023-09-04 00:00:00	0.64515	0.64801	0.64496	0.64569	59095	10"
"2023-09-05 00:00:00	0.6457	0.64593	0.6357	0.63741	123533	10"
"2023-09-06 00:00:00	0.6374	0.64042	0.63567	0.63809	123879	10"
"2023-09-07 00:00:00	0.63807	0.63946	0.63617	0.63775	97375	11"
"2023-09-08 00:00:00	0.63778	0.64144	0.63668	0.63746	76680	10"
"2023-09-10 00:00:00	0.63823	0.64016	0.63753	0.63963	7674	47"
"2023-09-11 00:00:00	0.63964	0.6449	0.63877	0.6429	97293	10"
"2023-09-12 00:00:00	0.6429	0.64395	0.6408	0.64277	90116	9"
"2023-09-13 00:00:00	0.64276	0.64336	0.63797	0.64203	113974	10"
"2023-09-14 00:00:00	0.64203	0.64591	0.64184	0.643	126835	10"
"2023-09-15 00:00:00	0.643	0.64731	0.64242	0.64268	83005	10"
"2023-09-17 00:00:00	0.64331	0.64403	0.64264	0.64393	2446	218"
"2023-09-18 00:00:00	0.64391	0.64484	0.64162	0.6439	80507	11"
"2023-09-19 00:00:00	0.64392	0.64734	0.64274	0.64636	85972	9"
"2023-09-20 00:00:00	0.64636	0.65108	0.6435	0.64355	129074	10"
"2023-09-21 00:00:00	0.64353	0.64401	0.63851	0.64089	107008	10"
"2023-09-22 00:00:00	0.64089	0.64648	0.64033	0.6438	102645	10"
"2023-09-24 00:00:00	0.64393	0.6444	0.64357	0.64403	4338	98"
"2023-09-25 00:00:00	0.64404	0.64461	0.64037	0.64215	74637	11"
"2023-09-26 00:00:00	0.64215	0.64301	0.63869	0.63929	106772	10"
"2023-09-27 00:00:00	0.6393	0.64086	0.63309	0.63481	101902	10"
"2023-09-28 00:00:00	0.63481	0.64318	0.63468	0.64261	138480	10"
"2023-09-29 00:00:00	0.64261	0.65005	0.64207	0.64285	124527	10"
"2023-10-01 00:00:00	0.64211	0.64426	0.6421	0.64367	6320	49"
"2023-10-02 00:00:00	0.64365	0.64446	0.63569	0.63614	104432	12"
"2023-10-03 00:00:00	0.63614	0.63634	0.62851	0.6308	152324	10"
"2023-10-04 00:00:00	0.63081	0.6342	0.62859	0.63281	153236	10"
"2023-10-05 00:00:00	0.6328	0.63773	0.63238	0.6369	119828	10"
"2023-10-06 00:00:00	0.63693	0.63998	0.63122	0.63829	135114	10"
"2023-10-08 00:00:00	0.63625	0.63693	0.63441	0.63685	9652	36"
"2023-10-09 00:00:00	0.63688	0.64228	0.63424	0.64208	92142	10"
"2023-10-10 00:00:00	0.64207	0.64353	0.63898	0.64316	124716	11"
"2023-10-11 00:00:00	0.64315	0.64449	0.63876	0.64173	111926	10"
"2023-10-12 00:00:00	0.64173	0.64306	0.63067	0.63155	108427	12"
"2023-10-13 00:00:00	0.63157	0.63339	0.62859	0.62941	109358	10"
"2023-10-15 00:00:00	0.63016	0.6311	0.62979	0.6311	7112	48"
"2023-10-16 00:00:00	0.63111	0.63446	0.63023	0.63371	86484	10"
"2023-10-17 00:00:00	0.63372	0.63794	0.6336	0.63624	117680	10"
"2023-10-18 00:00:00	0.63625	0.63929	0.63275	0.63326	107477	10"
"2023-10-19 00:00:00	0.6333	0.63561	0.62955	0.63239	187849	11"
"2023-10-20 00:00:00	0.6324	0.63252	0.6297	0.63092	94234	10"
"2023-10-22 00:00:00	0.63152	0.63215	0.63092	0.63196	5487	57"
"2023-10-23 00:00:00	0.63197	0.63483	0.62885	0.63359	96940	10"
"2023-10-24 00:00:00	0.63361	0.63786	0.63349	0.63596	113992	11"
"2023-10-25 00:00:00	0.63597	0.63992	0.62843	0.62933	118313	10"
"2023-10-26 00:00:00	0.62934	0.63346	0.62698	0.6333	155367	10"
"2023-10-27 00:00:00	0.63328	0.63675	0.63242	0.63329	98186	10"
"2023-10-29 00:00:00	0.63364	0.63436	0.63321	0.6338	6362	80"
"2023-10-30 00:00:00	0.63381	0.63835	0.63365	0.63675	94781	10"
"2023-10-31 00:00:00	0.63673	0.63737	0.6314	0.63364	121115	10"
"2023-11-01 00:00:00	0.63363	0.6422	0.63179	0.6422	145508	10"
"2023-11-02 00:00:00	0.64221	0.64555	0.64124	0.64275	106907	10"
"2023-11-03 00:00:00	0.64276	0.65179	0.64193	0.65105	128571	10"
"2023-11-05 00:00:00	0.65033	0.65164	0.65033	0.65149	4598	53"
"2023-11-06 00:00:00	0.6515	0.65226	0.64844	0.64884	87580	12"
"2023-11-07 00:00:00	0.64884	0.6501	0.64036	0.64298	106426	11"
"2023-11-08 00:00:00	0.64298	0.6449	0.63958	0.64067	96480	10"
"2023-11-09 00:00:00	0.64071	0.64279	0.6357	0.63611	122966	12"
"2023-11-10 00:00:00	0.6361	0.63665	0.63381	0.63579	111967	11"
"2023-11-12 00:00:00	0.6349	0.63682	0.6349	0.63637	6145	52"
"2023-11-13 00:00:00	0.63637	0.63909	0.63518	0.6379	74316	11"
"2023-11-14 00:00:00	0.63793	0.65119	0.636	0.64978	124408	10"
"2023-11-15 00:00:00	0.64978	0.65418	0.6483	0.6511	115576	11"
"2023-11-16 00:00:00	0.65111	0.65165	0.64602	0.64686	118079	11"
"2023-11-17 00:00:00	0.64688	0.65153	0.64521	0.65128	102959	10"
"2023-11-19 00:00:00	0.65013	0.65182	0.65013	0.65102	4874	41"
"2023-11-20 00:00:00	0.651	0.65645	0.65003	0.65597	102441	10"
"2023-11-21 00:00:00	0.65595	0.65892	0.6544	0.65571	130653	10"
"2023-11-22 00:00:00	0.65571	0.65692	0.65209	0.6542	118104	11"
"2023-11-23 00:00:00	0.6542	0.65743	0.65417	0.65594	62043	11"
"2023-11-24 00:00:00	0.65593	0.65906	0.65493	0.6581	72059	10"
"2023-11-26 00:00:00	0.65753	0.65857	0.65753	0.65804	3641	47"
"2023-11-27 00:00:00	0.65805	0.66137	0.65663	0.66132	92133	10"
"2023-11-28 00:00:00	0.66132	0.66654	0.65958	0.66555	120878	10"
"2023-11-29 00:00:00	0.66555	0.66761	0.66053	0.66168	108535	11"
"2023-11-30 00:00:00	0.66169	0.66499	0.65704	0.66062	174313	11"
"2023-12-01 00:00:00	0.66064	0.66752	0.65989	0.66712	124028	10"
"2023-12-03 00:00:00	0.66636	0.66901	0.66634	0.66818	6890	53"
"2023-12-04 00:00:00	0.66818	0.66879	0.66044	0.66166	125063	13"
"2023-12-05 00:00:00	0.66166	0.66214	0.65436	0.65542	136332	10"
"2023-12-06 00:00:00	0.65544	0.6597	0.65464	0.65507	131525	12"
"2023-12-07 00:00:00	0.65508	0.66198	0.6525	0.65935	148665	10"
"2023-12-08 00:00:00	0.65936	0.66191	0.65574	0.65746	183888	10"
"2023-12-10 00:00:00	0.65665	0.65827	0.65665	0.65791	5768	76"
"2023-12-11 00:00:00	0.6579	0.65823	0.65495	0.6564	108534	12"
"2023-12-12 00:00:00	0.65641	0.66119	0.65392	0.6564	127295	11"
"2023-12-13 00:00:00	0.65641	0.66728	0.65409	0.66648	156446	11"
"2023-12-14 00:00:00	0.66648	0.67281	0.66615	0.67011	178685	11"
"2023-12-15 00:00:00	0.67012	0.6728	0.66626	0.67001	129760	11"
"2023-12-17 00:00:00	0.66956	0.67032	0.66926	0.66983	4568	79"
"2023-12-18 00:00:00	0.66983	0.67349	0.66899	0.67034	122966	11"
"2023-12-19 00:00:00	0.67036	0.6774	0.67024	0.6758	116818	11"
"2023-12-20 00:00:00	0.67581	0.67787	0.67231	0.67396	127127	10"
"2023-12-21 00:00:00	0.67395	0.68032	0.67355	0.67958	167922	11"
"2023-12-22 00:00:00	0.67957	0.68245	0.67727	0.67957	188536	12"
"2023-12-24 00:00:00	0.67816	0.67903	0.67786	0.67838	68	288"
"2023-12-25 00:00:00	0.67866	0.68088	0.67684	0.68031	3824	235"
"2023-12-26 00:00:00	0.68031	0.68287	0.67969	0.68236	98652	11"
"2023-12-27 00:00:00	0.68237	0.68538	0.68174	0.68522	87702	10"
"2023-12-28 00:00:00	0.68524	0.68706	0.68222	0.68251	137729	10"
"2023-12-29 00:00:00	0.6825	0.6846	0.67806	0.68078	135236	13"
"2024-01-01 00:00:00	0.68043	0.68154	0.68043	0.68089	3313	132"
"2024-01-02 00:00:00	0.68091	0.68386	0.67564	0.67659	120900	11"
"2024-01-03 00:00:00	0.67661	0.67704	0.67015	0.67342	161200	10"
"2024-01-04 00:00:00	0.67342	0.67594	0.66961	0.67056	135674	10"
"2024-01-05 00:00:00	0.67055	0.67475	0.664	0.67129	159009	10"
"2024-01-07 00:00:00	0.67148	0.67162	0.67097	0.67154	2801	46"
"2024-01-08 00:00:00	0.67153	0.67342	0.66771	0.67161	117634	12"
"2024-01-09 00:00:00	0.67156	0.67342	0.66766	0.6684	116543	10"
"2024-01-10 00:00:00	0.6684	0.67125	0.66824	0.67016	91180	10"
"2024-01-11 00:00:00	0.67017	0.67258	0.66466	0.66987	154411	10"
"2024-01-12 00:00:00	0.66989	0.67283	0.66774	0.66856	120884	11"
"2024-01-14 00:00:00	0.66819	0.66911	0.66808	0.66886	5008	79"
"2024-01-15 00:00:00	0.66886	0.6704	0.66491	0.66499	72311	12"
"2024-01-16 00:00:00	0.665	0.66502	0.65757	0.65884	145454	10"
"2024-01-17 00:00:00	0.65884	0.65942	0.65245	0.65514	127093	10"
"2024-01-18 00:00:00	0.65514	0.65821	0.65246	0.65811	128630	11"
"2024-01-19 00:00:00	0.65813	0.66012	0.65647	0.65935	96259	11"
"2024-01-21 00:00:00	0.65885	0.66	0.65883	0.65946	4544	122"
"2024-01-22 00:00:00	0.65947	0.66132	0.65646	0.657	119662	11"
"2024-01-23 00:00:00	0.657	0.6612	0.65512	0.65857	115795	10"
"2024-01-24 00:00:00	0.65856	0.66206	0.65654	0.65752	170228	10"
"2024-01-25 00:00:00	0.65751	0.66092	0.65656	0.65816	157233	11"
"2024-01-26 00:00:00	0.65814	0.66092	0.65718	0.65718	116182	11"
"2024-01-28 00:00:00	0.6571	0.65824	0.65691	0.65766	4955	38"
"2024-01-29 00:00:00	0.65764	0.66156	0.65728	0.6613	96770	11"
"2024-01-30 00:00:00	0.6613	0.66242	0.65746	0.65945	115481	10"
"2024-01-31 00:00:00	0.65945	0.66222	0.6551	0.65624	209487	10"
"2024-02-01 00:00:00	0.65623	0.65784	0.65076	0.65738	179083	11"
"2024-02-02 00:00:00	0.65737	0.66099	0.65018	0.65099	162819	10"
"2024-02-04 00:00:00	0.651	0.65144	0.64872	0.65043	6213	60"
"2024-02-05 00:00:00	0.65042	0.65198	0.64682	0.64796	133931	12"
"2024-02-06 00:00:00	0.64798	0.65285	0.64792	0.65275	107098	10"
"2024-02-07 00:00:00	0.65274	0.65398	0.65147	0.65197	128352	11"
"2024-02-08 00:00:00	0.65196	0.65316	0.648	0.64983	100286	11"
"2024-02-09 00:00:00	0.64984	0.65338	0.64868	0.65213	112356	10"
"2024-02-11 00:00:00	0.65134	0.65258	0.651	0.65242	4849	42"
"2024-02-12 00:00:00	0.6524	0.65426	0.65118	0.65284	61445	10"
"2024-02-13 00:00:00	0.65285	0.65405	0.64422	0.64528	111166	10"
"2024-02-14 00:00:00	0.64525	0.64988	0.64459	0.64983	113205	10"
"2024-02-15 00:00:00	0.64983	0.6529	0.64771	0.65248	108687	10"
"2024-02-16 00:00:00	0.65248	0.65442	0.6496	0.65279	117118	10"
"2024-02-18 00:00:00	0.65245	0.65375	0.65245	0.65364	3542	79"
"2024-02-19 00:00:00	0.65365	0.65515	0.65283	0.65303	62988	11"
"2024-02-20 00:00:00	0.65303	0.65786	0.6521	0.65527	88544	10"
"2024-02-21 00:00:00	0.65527	0.65729	0.65328	0.65534	141251	10"
"2024-02-22 00:00:00	0.65536	0.65946	0.654	0.65581	100986	11"
"2024-02-23 00:00:00	0.65582	0.65801	0.65493	0.65619	68921	10"
"2024-02-25 00:00:00	0.65643	0.65664	0.65525	0.65631	2514	50"
"2024-02-26 00:00:00	0.65628	0.6565	0.65304	0.65388	57782	9"
"2024-02-27 00:00:00	0.65387	0.65574	0.65245	0.65432	65975	8"
"2024-02-28 00:00:00	0.65432	0.65492	0.64883	0.6494	76754	9"
"2024-02-29 00:00:00	0.64942	0.65306	0.64866	0.64997	108050	10"
"2024-03-01 00:00:00	0.64998	0.65336	0.6489	0.65251	107966	9"
"2024-03-03 00:00:00	0.65211	0.65291	0.652	0.65268	4032	76"
"2024-03-04 00:00:00	0.65269	0.6535	0.65036	0.65065	67610	12"
"2024-03-05 00:00:00	0.65064	0.65205	0.6477	0.65031	87610	8"
"2024-03-06 00:00:00	0.65028	0.65812	0.64922	0.6566	91616	11"
"2024-03-07 00:00:00	0.65659	0.66241	0.65636	0.66206	83030	9"
"2024-03-08 00:00:00	0.66207	0.66671	0.66127	0.66218	112637	11"
"2024-03-10 00:00:00	0.66208	0.66261	0.66174	0.66241	5095	74"
"2024-03-11 00:00:00	0.66241	0.66264	0.65963	0.6614	112075	10"
"2024-03-12 00:00:00	0.6614	0.66383	0.65839	0.6607	131544	10"
"2024-03-13 00:00:00	0.66069	0.66347	0.65998	0.66271	88936	10"
"2024-03-14 00:00:00	0.66269	0.66314	0.65699	0.6578	117425	10"
"2024-03-15 00:00:00	0.65782	0.65792	0.65517	0.65569	106809	9"
"2024-03-17 00:00:00	0.65571	0.65625	0.65556	0.65571	4381	71"
"2024-03-18 00:00:00	0.6557	0.65736	0.65503	0.65564	66870	10"
"2024-03-19 00:00:00	0.65568	0.65635	0.65036	0.65248	109500	10"
"2024-03-20 00:00:00	0.65248	0.65987	0.65111	0.65985	124265	10"
"2024-03-21 00:00:00	0.65983	0.66342	0.65606	0.6571	150099	10"
"2024-03-22 00:00:00	0.65709	0.65763	0.65098	0.65128	116766	10"
"2024-03-24 00:00:00	0.65136	0.65192	0.65103	0.65149	4309	67"
"2024-03-25 00:00:00	0.6515	0.65465	0.65097	0.65374	87026	10"
"2024-03-26 00:00:00	0.65376	0.65587	0.65299	0.65379	80667	10"
"2024-03-27 00:00:00	0.65379	0.65379	0.65108	0.6523	100782	10"
"2024-03-28 00:00:00	0.65229	0.65406	0.64849	0.65144	100051	11"
"2024-03-29 00:00:00	0.65139	0.65324	0.65036	0.65076	21304	38"
"2024-03-31 00:00:00	0.65119	0.6536	0.65119	0.6533	6396	132"
"2024-04-01 00:00:00	0.65332	0.65384	0.64802	0.64873	66937	10"
"2024-04-02 00:00:00	0.64872	0.65234	0.64846	0.65127	98595	10"
"2024-04-03 00:00:00	0.65126	0.65704	0.65029	0.65678	117255	10"
"2024-04-04 00:00:00	0.65678	0.66185	0.65651	0.65872	95179	9"
"2024-04-05 00:00:00	0.65872	0.6592	0.65488	0.65773	124916	10"
"2024-04-07 00:00:00	0.65743	0.65753	0.65675	0.65693	5612	61"
"2024-04-08 00:00:00	0.65693	0.66095	0.65589	0.66046	112500	10"
"2024-04-09 00:00:00	0.66045	0.6644	0.65982	0.66278	103053	10"
"2024-04-10 00:00:00	0.66278	0.66309	0.64982	0.65069	186428	9"
"2024-04-11 00:00:00	0.65068	0.65525	0.65015	0.654	111705	10"
"2024-04-12 00:00:00	0.65402	0.65428	0.64555	0.64602	113789	8"
"2024-04-14 00:00:00	0.64639	0.64783	0.64605	0.6474	5233	70"
"2024-04-15 00:00:00	0.64742	0.64928	0.64373	0.64413	120694	10"
"2024-04-16 00:00:00	0.64411	0.64431	0.63886	0.6412	147648	8"
"2024-04-17 00:00:00	0.64119	0.64457	0.64024	0.64382	111882	8"
"2024-04-18 00:00:00	0.64382	0.64562	0.6416	0.6423	114921	9"
"2024-04-19 00:00:00	0.64229	0.64326	0.63618	0.64158	151220	10"
"2024-04-21 00:00:00	0.64092	0.64263	0.64092	0.64247	3997	115"
"2024-04-22 00:00:00	0.64249	0.64551	0.6423	0.64514	81043	8"
"2024-04-23 00:00:00	0.64513	0.64898	0.64406	0.64877	92704	9"
"2024-04-24 00:00:00	0.64877	0.65293	0.64828	0.64972	92255	9"
"2024-04-25 00:00:00	0.64974	0.65385	0.64848	0.65214	89172	9"
"2024-04-26 00:00:00	0.65215	0.65537	0.65168	0.65319	90488	9"
"2024-04-28 00:00:00	0.65235	0.65417	0.6523	0.65413	2769	131"
"2024-04-29 00:00:00	0.65415	0.65863	0.6536	0.656	102801	9"
"2024-04-30 00:00:00	0.65599	0.65644	0.64673	0.64743	99408	9"
"2024-05-01 00:00:00	0.64747	0.65398	0.64648	0.65295	116357	8"
"2024-05-02 00:00:00	0.65293	0.6574	0.65152	0.65695	129361	10"
"2024-05-03 00:00:00	0.65693	0.66485	0.65641	0.66081	127255	10"
"2024-05-05 00:00:00	0.66145	0.6618	0.66043	0.66081	3682	52"
"2024-05-06 00:00:00	0.66081	0.66381	0.66048	0.66228	61046	9"
"2024-05-07 00:00:00	0.6623	0.66432	0.65861	0.65881	91292	10"
"2024-05-08 00:00:00	0.65879	0.65937	0.65575	0.65772	69692	9"
"2024-05-09 00:00:00	0.65771	0.66225	0.65649	0.66164	78147	9"
"2024-05-10 00:00:00	0.66166	0.66219	0.65956	0.66008	75436	9"
"2024-05-12 00:00:00	0.6599	0.66064	0.65989	0.65997	2875	49"
"2024-05-13 00:00:00	0.65993	0.66283	0.65853	0.66106	56030	8"
"2024-05-14 00:00:00	0.66105	0.66273	0.65786	0.66233	81878	9"
"2024-05-15 00:00:00	0.66235	0.67013	0.66211	0.66995	98196	9"
"2024-05-16 00:00:00	0.66996	0.67137	0.66537	0.66817	80781	9"
"2024-05-17 00:00:00	0.66817	0.67006	0.66484	0.66922	65883	9"
"2024-05-19 00:00:00	0.66904	0.67031	0.66894	0.6699	2941	76"
"2024-05-20 00:00:00	0.66991	0.67089	0.66615	0.66712	72586	10"
"2024-05-21 00:00:00	0.66714	0.66787	0.66461	0.66657	63680	8"
"2024-05-22 00:00:00	0.66659	0.66848	0.66074	0.66179	76485	9"
"2024-05-23 00:00:00	0.66181	0.66527	0.65972	0.66002	103429	10"
"2024-05-24 00:00:00	0.66	0.66361	0.65917	0.66272	71805	9"
"2024-05-26 00:00:00	0.66219	0.66342	0.66218	0.66222	2648	70"
"2024-05-27 00:00:00	0.66223	0.66595	0.66222	0.66554	51412	10"
"2024-05-28 00:00:00	0.66554	0.66794	0.66412	0.66473	81171	9"
"2024-05-29 00:00:00	0.66474	0.66653	0.66056	0.66131	101729	9"
"2024-05-30 00:00:00	0.66132	0.66472	0.65904	0.66292	113264	9"
"2024-05-31 00:00:00	0.66293	0.66724	0.66263	0.66513	117506	9"
"2024-06-02 00:00:00	0.6646	0.66563	0.6646	0.66552	4999	78"
"2024-06-03 00:00:00	0.66552	0.66947	0.66321	0.66892	122427	9"
"2024-06-04 00:00:00	0.66894	0.66984	0.66305	0.66451	126361	9"
"2024-06-05 00:00:00	0.66453	0.6664	0.66256	0.6655	98893	9"
"2024-06-06 00:00:00	0.6655	0.6683	0.6633	0.66692	80088	10"
"2024-06-07 00:00:00	0.66692	0.66808	0.65785	0.65788	100334	8"
"2024-06-09 00:00:00	0.65785	0.65829	0.65753	0.65815	3135	49"
"2024-06-10 00:00:00	0.65816	0.66118	0.65756	0.6607	66883	9"
"2024-06-11 00:00:00	0.66071	0.66132	0.65882	0.66072	78734	10"
"2024-06-12 00:00:00	0.66073	0.6704	0.65968	0.66628	128240	9"
"2024-06-13 00:00:00	0.66631	0.66749	0.66251	0.66306	86339	9"
"2024-06-14 00:00:00	0.66307	0.66412	0.6591	0.66135	97405	8"
"2024-06-16 00:00:00	0.65979	0.66174	0.65979	0.6612	2457	217"
"2024-06-17 00:00:00	0.6612	0.66189	0.65849	0.66173	65621	9"
"2024-06-18 00:00:00	0.66172	0.66617	0.65995	0.66608	85193	8"
"2024-06-19 00:00:00	0.66606	0.6677	0.66591	0.66734	37568	9"
"2024-06-20 00:00:00	0.66734	0.66789	0.66471	0.66602	73110	9"
"2024-06-21 00:00:00	0.66601	0.66693	0.66312	0.66398	79092	8"
"2024-06-23 00:00:00	0.66349	0.66414	0.66331	0.66342	2736	76"
"2024-06-24 00:00:00	0.66343	0.66673	0.66257	0.66535	66890	9"
"2024-06-25 00:00:00	0.66537	0.66723	0.66347	0.6644	62956	10"
"2024-06-26 00:00:00	0.66439	0.66882	0.66356	0.66449	77780	8"
"2024-06-27 00:00:00	0.66449	0.66721	0.66396	0.66495	74966	10"
"2024-06-28 00:00:00	0.66497	0.66841	0.66195	0.66676	94571	9"
"2024-06-30 00:00:00	0.66792	0.66804	0.66722	0.66733	4026	47"
"2024-07-01 00:00:00	0.66735	0.6688	0.66435	0.66538	98935	8"
"2024-07-02 00:00:00	0.66537	0.66703	0.66336	0.66681	80548	9"
"2024-07-03 00:00:00	0.66683	0.67331	0.66647	0.67115	75374	9"
"2024-07-04 00:00:00	0.67114	0.67313	0.67098	0.67243	33277	9"
"2024-07-05 00:00:00	0.67242	0.67524	0.67093	0.67471	98784	9"
"2024-07-07 00:00:00	0.67355	0.67488	0.67346	0.67458	6636	70"
"2024-07-08 00:00:00	0.67456	0.67607	0.67315	0.67423	65506	9"
"2024-07-09 00:00:00	0.67426	0.67473	0.67235	0.67412	65567	9"
"2024-07-10 00:00:00	0.67413	0.67518	0.67314	0.67511	67695	9"
"2024-07-11 00:00:00	0.67513	0.67983	0.67468	0.67694	130087	9"
"2024-07-12 00:00:00	0.67692	0.67933	0.67536	0.67823	92363	9"
"2024-07-14 00:00:00	0.6769	0.67783	0.67626	0.67703	5756	78"
"2024-07-15 00:00:00	0.67702	0.67883	0.67521	0.6762	73883	9"
"2024-07-16 00:00:00	0.6762	0.67625	0.67143	0.67314	86286	9"
"2024-07-17 00:00:00	0.67312	0.67544	0.67205	0.67301	131434	9"
"2024-07-18 00:00:00	0.67302	0.67431	0.66972	0.67033	89320	9"
"2024-07-19 00:00:00	0.67033	0.6707	0.66797	0.66834	78399	10"
"2024-07-21 00:00:00	0.6688	0.67018	0.66833	0.66954	4502	77"
"2024-07-22 00:00:00	0.66952	0.66954	0.6631	0.66381	81658	10"
"2024-07-23 00:00:00	0.66382	0.66455	0.66105	0.66115	66974	10"
"2024-07-24 00:00:00	0.66116	0.66128	0.65721	0.65732	88083	9"
"2024-07-25 00:00:00	0.65729	0.65737	0.65125	0.65396	122649	9"
"2024-07-26 00:00:00	0.65395	0.65681	0.65394	0.65462	86251	8"
"2024-07-28 00:00:00	0.65474	0.65601	0.65463	0.65525	3761	58"
"2024-07-29 00:00:00	0.65524	0.6568	0.65237	0.65506	69018	8"
"2024-07-30 00:00:00	0.65507	0.6562	0.65286	0.65399	74692	9"
"2024-07-31 00:00:00	0.65397	0.65555	0.64792	0.6548	127288	9"
"2024-08-01 00:00:00	0.6548	0.65595	0.64884	0.64931	115024	9"
"2024-08-02 00:00:00	0.64931	0.65472	0.64863	0.65093	128799	9"
"2024-08-04 00:00:00	0.65098	0.65173	0.64941	0.64973	10073	77"
"2024-08-05 00:00:00	0.64973	0.65221	0.63481	0.65148	293238	10"
"2024-08-06 00:00:00	0.65151	0.65412	0.64719	0.65139	195334	9"
"2024-08-07 00:00:00	0.65139	0.65742	0.65069	0.65179	150137	10"
"2024-08-08 00:00:00	0.6518	0.65942	0.65096	0.65905	122526	9"
"2024-08-09 00:00:00	0.65902	0.66049	0.65662	0.65712	85824	9"
"2024-08-11 00:00:00	0.65664	0.65752	0.65646	0.65683	3708	32"
"2024-08-12 00:00:00	0.65682	0.66046	0.65674	0.65846	61950	10"
"2024-08-13 00:00:00	0.65847	0.66388	0.65786	0.66371	79458	9"
"2024-08-14 00:00:00	0.66374	0.66425	0.65897	0.65971	97665	9"
"2024-08-15 00:00:00	0.65972	0.66341	0.65626	0.66117	75491	9"
"2024-08-16 00:00:00	0.66117	0.6671	0.66097	0.66672	57861	10"
"2024-08-18 00:00:00	0.66626	0.6676	0.66568	0.66722	3090	38"
"2024-08-19 00:00:00	0.66723	0.67379	0.66715	0.67334	67182	9"
"2024-08-20 00:00:00	0.67335	0.67488	0.67127	0.67458	62161	9"
"2024-08-21 00:00:00	0.67459	0.67607	0.67304	0.67489	66508	8"
"2024-08-22 00:00:00	0.6749	0.67523	0.66967	0.67064	68915	10"
"2024-08-23 00:00:00	0.67065	0.6798	0.67044	0.67957	73806	9"
"2024-08-25 00:00:00	0.67868	0.67967	0.67848	0.67869	4367	48"
"2024-08-26 00:00:00	0.6787	0.67961	0.67662	0.67724	65871	10"
"2024-08-27 00:00:00	0.67726	0.67951	0.67612	0.67868	70583	9"
"2024-08-28 00:00:00	0.67868	0.68125	0.67639	0.67826	77943	9"
"2024-08-29 00:00:00	0.67828	0.68235	0.67826	0.67953	85648	9"
"2024-08-30 00:00:00	0.67954	0.68162	0.6751	0.67638	73788	9"
"2024-09-01 00:00:00	0.67624	0.67724	0.67618	0.67676	2899	64"
"2024-09-02 00:00:00	0.67675	0.67944	0.67564	0.67867	40019	9"
"2024-09-03 00:00:00	0.67868	0.67919	0.67064	0.67128	97388	9"
"2024-09-04 00:00:00	0.67128	0.6749	0.66852	0.67155	85173	9"
"2024-09-05 00:00:00	0.67154	0.67412	0.67132	0.67403	76950	9"
"2024-09-06 00:00:00	0.67401	0.67669	0.66594	0.66689	121619	9"
"2024-09-08 00:00:00	0.66644	0.66739	0.66634	0.66693	3267	37"
"2024-09-09 00:00:00	0.66692	0.66885	0.66475	0.6657	61785	10"
"2024-09-10 00:00:00	0.66571	0.66762	0.66407	0.66525	69994	9"
"2024-09-11 00:00:00	0.66527	0.66789	0.66217	0.66739	96995	9"
"2024-09-12 00:00:00	0.66739	0.6728	0.66561	0.67256	79262	9"
"2024-09-13 00:00:00	0.67255	0.67322	0.66919	0.67022	74233	8"
"2024-09-15 00:00:00	0.66957	0.67136	0.66955	0.67132	3548	58"
"2024-09-16 00:00:00	0.67132	0.67533	0.67054	0.67512	56502	9"
"2024-09-17 00:00:00	0.67513	0.67684	0.67411	0.676	63343	9"
"2024-09-18 00:00:00	0.676	0.68198	0.6742	0.67654	110612	9"
"2024-09-19 00:00:00	0.67658	0.68389	0.67373	0.68088	103944	10"
"2024-09-20 00:00:00	0.68089	0.68284	0.67826	0.68057	77457	9"
"2024-09-22 00:00:00	0.67956	0.68106	0.67956	0.68095	2633	38"
"2024-09-23 00:00:00	0.68096	0.68532	0.67999	0.68328	67092	8"
"2024-09-24 00:00:00	0.68329	0.69067	0.68135	0.69054	82075	9"
"2024-09-25 00:00:00	0.69053	0.69077	0.68176	0.68186	75164	9"
"2024-09-26 00:00:00	0.68187	0.69044	0.68187	0.68921	88156	10"
"2024-09-27 00:00:00	0.68921	0.69368	0.68675	0.69009	83774	10"
"2024-09-29 00:00:00	0.69022	0.692	0.68947	0.69182	3730	53"
"2024-09-30 00:00:00	0.69185	0.69418	0.68982	0.69148	84486	9"
"2024-10-01 00:00:00	0.69147	0.69341	0.68561	0.6879	104641	9"
"2024-10-02 00:00:00	0.68791	0.69153	0.6875	0.68837	83880	8"
"2024-10-03 00:00:00	0.68837	0.68858	0.68296	0.68498	92098	10"
"2024-10-04 00:00:00	0.68498	0.68517	0.67851	0.67922	80988	10"
"2024-10-06 00:00:00	0.67869	0.68075	0.67865	0.67974	5089	129"
"2024-10-07 00:00:00	0.67972	0.68099	0.67429	0.67551	86719	9"
"2024-10-08 00:00:00	0.6755	0.67691	0.67146	0.67389	109630	8"
"2024-10-09 00:00:00	0.67388	0.67616	0.67074	0.67141	102087	10"
"2024-10-10 00:00:00	0.67179	0.67434	0.66993	0.67403	98812	10"
"2024-10-11 00:00:00	0.67405	0.67588	0.67244	0.67485	54706	9"
"2024-10-13 00:00:00	0.67354	0.67449	0.67229	0.67301	5676	73"
"2024-10-14 00:00:00	0.67301	0.67446	0.67018	0.67245	67296	9"
"2024-10-15 00:00:00	0.67248	0.67324	0.6673	0.6677	75766	10"
"2024-10-16 00:00:00	0.6677	0.67005	0.6657	0.66641	67698	9"
"2024-10-17 00:00:00	0.6664	0.67099	0.66632	0.66989	85683	9"
"2024-10-18 00:00:00	0.6699	0.6719	0.66937	0.6705	60298	9"
"2024-10-20 00:00:00	0.6703	0.67151	0.66999	0.67134	2949	53"
"2024-10-21 00:00:00	0.67136	0.6723	0.66516	0.66537	58185	9"
"2024-10-22 00:00:00	0.66535	0.66947	0.66504	0.66812	64223	9"
"2024-10-23 00:00:00	0.66812	0.6691	0.66135	0.66341	92138	9"
"2024-10-24 00:00:00	0.66342	0.66611	0.66206	0.66341	76409	8"
"2024-10-25 00:00:00	0.66342	0.66463	0.66007	0.6601	66127	10"
"2024-10-27 00:00:00	0.66117	0.66145	0.66007	0.66025	5259	70"
"2024-10-28 00:00:00	0.66024	0.66099	0.65778	0.65827	57299	10"
"2024-10-29 00:00:00	0.65828	0.65844	0.65447	0.65579	75628	9"
"2024-10-30 00:00:00	0.65577	0.65958	0.65364	0.65722	86711	10"
"2024-10-31 00:00:00	0.65722	0.65839	0.65393	0.65763	86047	9"
"2024-11-01 00:00:00	0.65761	0.65909	0.65535	0.6558	79281	9"
"2024-11-03 00:00:00	0.66094	0.66125	0.65841	0.65904	7423	54"
"2024-11-04 00:00:00	0.65904	0.66186	0.65771	0.65833	111350	11"
"2024-11-05 00:00:00	0.65834	0.66445	0.65784	0.66399	106650	10"
"2024-11-06 00:00:00	0.664	0.66414	0.65119	0.65664	303121	11"
"2024-11-07 00:00:00	0.65663	0.66874	0.65636	0.66745	210870	11"
"2024-11-08 00:00:00	0.66744	0.66752	0.65578	0.65811	172896	10"
"2024-11-10 00:00:00	0.6579	0.65862	0.65749	0.65836	4720	135"
"2024-11-11 00:00:00	0.65835	0.65979	0.65621	0.65784	147714	9"
"2024-11-12 00:00:00	0.65782	0.65815	0.65136	0.65291	166840	11"
"2024-11-13 00:00:00	0.6529	0.65455	0.64799	0.64931	187013	10"
"2024-11-14 00:00:00	0.64933	0.64954	0.64401	0.64548	210645	11"
"2024-11-15 00:00:00	0.64549	0.64809	0.64424	0.64572	193778	10"
"2024-11-17 00:00:00	0.64598	0.64644	0.64565	0.64644	4812	71"
"2024-11-18 00:00:00	0.64645	0.65108	0.64475	0.65052	146681	10"
"2024-11-19 00:00:00	0.65053	0.6541	0.64818	0.65409	186116	10"
"2024-11-20 00:00:00	0.6541	0.65439	0.6484	0.65112	144184	10"
"2024-11-21 00:00:00	0.65113	0.65319	0.64967	0.6509	169292	11"
"2024-11-22 00:00:00	0.6509	0.65211	0.64707	0.64968	197640	10"
"2024-11-24 00:00:00	0.65373	0.65482	0.65227	0.65389	9399	49"
"2024-11-25 00:00:00	0.65388	0.65494	0.64546	0.64629	162212	11"
"2024-11-26 00:00:00	0.64629	0.65072	0.64334	0.64738	180412	12"
"2024-11-27 00:00:00	0.6474	0.65029	0.64587	0.64962	154241	10"
"2024-11-28 00:00:00	0.64962	0.65089	0.64768	0.65066	87346	11"
"2024-11-29 00:00:00	0.65066	0.65276	0.64954	0.65068	170101	11"
"2024-12-01 00:00:00	0.651	0.65136	0.64973	0.65013	6181	47"
"2024-12-02 00:00:00	0.65011	0.65104	0.64425	0.64743	161342	11"
"2024-12-03 00:00:00	0.64741	0.65042	0.64548	0.64848	146419	10"
"2024-12-04 00:00:00	0.64846	0.64879	0.63988	0.64311	184003	10"
"2024-12-05 00:00:00	0.64313	0.64552	0.6421	0.64503	126674	10"
"2024-12-06 00:00:00	0.64504	0.64508	0.63723	0.63868	137878	10"
"2024-12-08 00:00:00	0.63881	0.64015	0.63877	0.63991	4085	78"
"2024-12-09 00:00:00	0.6399	0.6471	0.63798	0.64369	126630	11"
"2024-12-10 00:00:00	0.64372	0.64376	0.63648	0.63751	141223	10"
"2024-12-11 00:00:00	0.6375	0.63888	0.63363	0.6383	151615	9"
"2024-12-12 00:00:00	0.63831	0.6429	0.6359	0.63706	146074	9"
"2024-12-13 00:00:00	0.63707	0.63833	0.63513	0.6357	124077	10"
"2024-12-15 00:00:00	0.63502	0.63678	0.63502	0.63665	3582	53"
"2024-12-16 00:00:00	0.63664	0.63823	0.63448	0.6376	100196	10"
"2024-12-17 00:00:00	0.63761	0.63775	0.63311	0.63388	95017	11"
"2024-12-18 00:00:00	0.63388	0.63388	0.61995	0.62045	152092	11"
"2024-12-19 00:00:00	0.62043	0.62648	0.61985	0.62304	160784	11"
"2024-12-20 00:00:00	0.62305	0.62739	0.62145	0.62476	171824	11"
"2024-12-22 00:00:00	0.62558	0.62575	0.62448	0.62541	3729	61"
"2024-12-23 00:00:00	0.62541	0.62646	0.62182	0.62428	110986	10"
"2024-12-24 00:00:00	0.62427	0.62481	0.62191	0.62257	75693	11"
"2024-12-25 00:00:00	0.62258	0.62462	0.62214	0.62428	3086	250"
"2024-12-26 00:00:00	0.62428	0.62537	0.62135	0.62225	101340	13"
"2024-12-27 00:00:00	0.62225	0.62256	0.61999	0.62146	96508	12"
"2024-12-29 00:00:00	0.62126	0.62339	0.62105	0.62243	3547	78"
"2024-12-30 00:00:00	0.62245	0.62464	0.62015	0.62176	105182	11"
"2024-12-31 00:00:00	0.62178	0.62311	0.61785	0.61867	111784	10"
"2025-01-01 00:00:00	0.61804	0.61939	0.61796	0.6193	4017	105"
"2025-01-02 00:00:00	0.6193	0.62223	0.61878	0.62006	143919	11"
"2025-01-03 00:00:00	0.62007	0.62248	0.61975	0.62148	98237	11"
"2025-01-05 00:00:00	0.62094	0.62243	0.6204	0.62203	3426	104"
"2025-01-06 00:00:00	0.62205	0.63018	0.62183	0.62376	152860	10"
"2025-01-07 00:00:00	0.62379	0.62878	0.62268	0.62336	151654	10"
"2025-01-08 00:00:00	0.62336	0.62416	0.61871	0.62105	152960	11"
"2025-01-09 00:00:00	0.62105	0.62125	0.61715	0.61893	85863	10"
"2025-01-10 00:00:00	0.61893	0.62055	0.61389	0.61426	145324	11"
"2025-01-12 00:00:00	0.61441	0.61583	0.61414	0.61531	3345	77"
"2025-01-13 00:00:00	0.61531	0.62025	0.61306	0.61904	115824	11"
"2025-01-14 00:00:00	0.61906	0.62069	0.61656	0.61905	123480	10"
"2025-01-15 00:00:00	0.61903	0.62461	0.61808	0.62349	113615	10"
"2025-01-16 00:00:00	0.62349	0.62456	0.61916	0.62093	135014	10"
"2025-01-17 00:00:00	0.62093	0.62268	0.61637	0.61896	105471	11"
"2025-01-19 00:00:00	0.61964	0.61997	0.61893	0.6197	2890	54"
"2025-01-20 00:00:00	0.6197	0.62862	0.61964	0.62798	122437	10"
"2025-01-21 00:00:00	0.62799	0.62885	0.62077	0.62614	168028	11"
"2025-01-22 00:00:00	0.62614	0.62951	0.62524	0.62724	111568	11"
"2025-01-23 00:00:00	0.62723	0.62993	0.62546	0.62823	112265	10"
"2025-01-24 00:00:00	0.62823	0.63303	0.62781	0.63097	136797	10"
"2025-01-26 00:00:00	0.63026	0.63045	0.62905	0.6293	3670	33"
"2025-01-27 00:00:00	0.62932	0.63074	0.62563	0.62591	164253	11"
"2025-01-28 00:00:00	0.62591	0.62737	0.62363	0.62509	102304	11"
"2025-01-29 00:00:00	0.6251	0.62553	0.62097	0.62388	136658	10"
"2025-01-30 00:00:00	0.62388	0.62429	0.61984	0.62137	110736	11"
"2025-01-31 00:00:00	0.62135	0.62621	0.62034	0.62058	146599	10"
"2025-02-02 00:00:00	0.61611	0.61656	0.61369	0.61411	13542	55"
"2025-02-03 00:00:00	0.61411	0.62367	0.60873	0.6217	214349	14"
"2025-02-04 00:00:00	0.62169	0.62615	0.61702	0.62488	112409	11"
"2025-02-05 00:00:00	0.62491	0.62964	0.62397	0.62833	95245	12"
"2025-02-06 00:00:00	0.62833	0.62876	0.62547	0.62808	77272	11"
"2025-02-07 00:00:00	0.62807	0.63004	0.62525	0.62696	118468	10"
"2025-02-09 00:00:00	0.62326	0.62605	0.62326	0.62574	5993	39"
"2025-02-10 00:00:00	0.62573	0.62869	0.6252	0.62695	76609	11"
"2025-02-11 00:00:00	0.62697	0.63015	0.62599	0.62961	76070	10"
"2025-02-12 00:00:00	0.62963	0.63089	0.62347	0.62812	102404	11"
"2025-02-13 00:00:00	0.62815	0.63224	0.62544	0.6316	113783	11"
"2025-02-14 00:00:00	0.63159	0.63672	0.631	0.63475	88487	11"
"2025-02-16 00:00:00	0.63444	0.63562	0.63444	0.6356	3681	54"
"2025-02-17 00:00:00	0.63559	0.63734	0.63484	0.63549	54716	11"
"2025-02-18 00:00:00	0.63548	0.63673	0.63338	0.63518	67213	11"
"2025-02-19 00:00:00	0.63517	0.63696	0.63362	0.63401	69091	11"
"2025-02-20 00:00:00	0.63403	0.6408	0.63273	0.6402	92415	11"
"2025-02-21 00:00:00	0.6402	0.64075	0.63513	0.63534	90408	10"
"2025-02-23 00:00:00	0.63603	0.63737	0.63582	0.63684	4893	61"
"2025-02-24 00:00:00	0.63685	0.63916	0.6336	0.63382	100298	10"
"2025-02-25 00:00:00	0.63381	0.6356	0.63216	0.63509	105037	11"
"2025-02-26 00:00:00	0.63508	0.63522	0.62953	0.63086	110899	10"
"2025-02-27 00:00:00	0.63089	0.63096	0.623	0.62309	115768	10"
"2025-02-28 00:00:00	0.62311	0.62374	0.61922	0.62025	115066	11"
"2025-03-02 00:00:00	0.62135	0.62234	0.62077	0.62195	4538	48"
"2025-03-03 00:00:00	0.62194	0.62541	0.62034	0.62152	124131	11"
"2025-03-04 00:00:00	0.62153	0.62792	0.61867	0.62675	195726	11"
"2025-03-05 00:00:00	0.62674	0.63418	0.62335	0.63361	177832	10"
"2025-03-06 00:00:00	0.63362	0.63634	0.63199	0.63312	165067	11"
"2025-03-07 00:00:00	0.63312	0.63369	0.62815	0.63031	134766	9"
"2025-03-09 00:00:00	0.63068	0.63114	0.62951	0.63025	7817	69"
"2025-03-10 00:00:00	0.63027	0.63305	0.62639	0.62797	129689	10"
"2025-03-11 00:00:00	0.62799	0.63113	0.62584	0.62948	146496	10"
"2025-03-12 00:00:00	0.62949	0.63282	0.62761	0.6328	112660	10"
"2025-03-13 00:00:00	0.63279	0.63334	0.62687	0.62857	98234	12"
"2025-03-14 00:00:00	0.62856	0.63309	0.62773	0.63207	90530	11"
"2025-03-16 00:00:00	0.63195	0.63334	0.6315	0.63249	4440	46"
"2025-03-17 00:00:00	0.63249	0.63905	0.63207	0.63803	82739	10"
"2025-03-18 00:00:00	0.63802	0.63905	0.63435	0.6361	93505	10"
"2025-03-19 00:00:00	0.63611	0.63661	0.6319	0.63628	95087	10"
"2025-03-20 00:00:00	0.63627	0.63631	0.62707	0.63017	85760	10"
"2025-03-21 00:00:00	0.63017	0.63057	0.62575	0.62676	70234	11"
"2025-03-23 00:00:00	0.62664	0.62884	0.62663	0.62884	7740	76"
"2025-03-24 00:00:00	0.62885	0.63048	0.62672	0.62862	80668	10"
"2025-03-25 00:00:00	0.62861	0.6325	0.62781	0.63064	73791	10"
"2025-03-26 00:00:00	0.63062	0.63301	0.6278	0.62858	90765	9"
"2025-03-27 00:00:00	0.62858	0.63178	0.62853	0.63005	84510	10"
"2025-03-28 00:00:00	0.63005	0.63117	0.62804	0.62829	74799	11"
"2025-03-30 00:00:00	0.62843	0.62905	0.62686	0.62819	7275	75"
"2025-03-31 00:00:00	0.62819	0.62999	0.62183	0.62395	101092	12"
"2025-04-01 00:00:00	0.62391	0.62902	0.62314	0.62875	102420	10"
"2025-04-02 00:00:00	0.62876	0.63403	0.62255	0.62633	118211	11"
"2025-04-03 00:00:00	0.62632	0.63887	0.62554	0.63253	192781	12"
"2025-04-04 00:00:00	0.63252	0.63314	0.59862	0.60372	320306	11"
"2025-04-06 00:00:00	0.59919	0.60096	0.59319	0.59861	42224	74"
"2025-04-07 00:00:00	0.59862	0.61267	0.59439	0.59963	434667	13"
"2025-04-08 00:00:00	0.59966	0.60848	0.59394	0.59525	287162	11"
"2025-04-09 00:00:00	0.59525	0.61751	0.59132	0.61327	368431	11"
"2025-04-10 00:00:00	0.61323	0.6249	0.61152	0.62225	331891	10"
"2025-04-11 00:00:00	0.62225	0.63003	0.61807	0.62865	346625	12"
"2025-04-13 00:00:00	0.6303	0.63055	0.62777	0.63002	15082	61"
"2025-04-14 00:00:00	0.63003	0.63423	0.62747	0.63184	183107	11"
"2025-04-15 00:00:00	0.63183	0.63826	0.63183	0.63372	133047	10"
"2025-04-16 00:00:00	0.6337	0.63911	0.63304	0.63685	144252	12"
"2025-04-17 00:00:00	0.63686	0.63934	0.63327	0.63885	112219	11"
"2025-04-18 00:00:00	0.63885	0.63928	0.63665	0.63731	525319	31"
"2025-04-20 00:00:00	0.63684	0.63927	0.63659	0.63893	11452	56"
"2025-04-21 00:00:00	0.63891	0.64373	0.63829	0.6421	89275	11"
"2025-04-22 00:00:00	0.64211	0.64389	0.63486	0.63754	137455	10"
"2025-04-23 00:00:00	0.63754	0.64351	0.63517	0.63634	141188	12"
"2025-04-24 00:00:00	0.63634	0.64139	0.63432	0.63997	105093	10"
"2025-04-25 00:00:00	0.63996	0.64206	0.6374	0.63957	90439	11"
"2025-04-27 00:00:00	0.63835	0.64052	0.63799	0.63818	5733	157"
"2025-04-28 00:00:00	0.6382	0.64347	0.63674	0.64275	91182	10"
"2025-04-29 00:00:00	0.64274	0.64493	0.63744	0.63868	89277	11"
"2025-04-30 00:00:00	0.63867	0.64173	0.63554	0.641	102535	10"
"2025-05-01 00:00:00	0.64101	0.64268	0.63645	0.63848	87797	11"
"2025-05-02 00:00:00	0.63849	0.64695	0.63815	0.64414	108955	11"
"2025-05-04 00:00:00	0.64428	0.64574	0.64402	0.64433	5653	219"
"2025-05-05 00:00:00	0.64435	0.64934	0.64338	0.64603	84373	10"
"2025-05-06 00:00:00	0.64604	0.65141	0.64374	0.65028	99642	11"
"2025-05-07 00:00:00	0.65027	0.65114	0.64205	0.64303	108158	11"
"2025-05-08 00:00:00	0.64305	0.6464	0.63913	0.63931	105580	11"
"2025-05-09 00:00:00	0.63929	0.6432	0.63703	0.6409	71904	11"
"2025-05-11 00:00:00	0.64284	0.6431	0.64162	0.64186	8701	64"
"2025-05-12 00:00:00	0.64188	0.64603	0.63535	0.6372	125585	11"
"2025-05-13 00:00:00	0.63721	0.64782	0.63608	0.64716	103605	11"
"2025-05-14 00:00:00	0.64717	0.65007	0.64196	0.64267	107579	11"
"2025-05-15 00:00:00	0.6427	0.64571	0.639	0.64036	88281	10"
"2025-05-16 00:00:00	0.64037	0.64356	0.63874	0.64003	72445	10"
"2025-05-18 00:00:00	0.63957	0.64124	0.6395	0.64087	5367	236"
"2025-05-19 00:00:00	0.64088	0.64645	0.63978	0.64537	75424	10"
"2025-05-20 00:00:00	0.64539	0.64546	0.63912	0.64251	91356	10"
"2025-05-21 00:00:00	0.64249	0.64688	0.64224	0.6432	108730	10"
"2025-05-22 00:00:00	0.64325	0.64582	0.64067	0.64083	89248	10"
"2025-05-23 00:00:00	0.64085	0.64991	0.64079	0.64925	93235	11"
"2025-05-25 00:00:00	0.64824	0.65063	0.64821	0.65014	8215	136"
"2025-05-26 00:00:00	0.65013	0.6537	0.64794	0.64796	54890	12"
"2025-05-27 00:00:00	0.64795	0.64954	0.64343	0.64471	82605	11"
"2025-05-28 00:00:00	0.64473	0.64529	0.64095	0.64219	94879	10"
"2025-05-29 00:00:00	0.64218	0.64597	0.64067	0.64434	106904	11"
"2025-05-30 00:00:00	0.64434	0.6452	0.64071	0.64283	95095	11"
"2025-06-01 00:00:00	0.64326	0.64499	0.64307	0.64424	4161	78"
"2025-06-02 00:00:00	0.64425	0.64999	0.6442	0.64982	81819	10"
"2025-06-03 00:00:00	0.64981	0.64987	0.64439	0.64638	77221	10"
"2025-06-04 00:00:00	0.64637	0.65044	0.64501	0.64891	73477	10"
"2025-06-05 00:00:00	0.64891	0.65375	0.64855	0.65097	95812	11"
"2025-06-06 00:00:00	0.65096	0.65166	0.64791	0.64877	86746	10"
"2025-06-08 00:00:00	0.6496	0.65012	0.6494	0.64982	2928	44"
"2025-06-09 00:00:00	0.64984	0.65334	0.64934	0.65161	54600	10"
"2025-06-10 00:00:00	0.65163	0.65328	0.64895	0.65284	77674	10"
"2025-06-11 00:00:00	0.65286	0.65455	0.64956	0.65083	75524	10"
"2025-06-12 00:00:00	0.65084	0.65332	0.64768	0.65267	89574	10"
"2025-06-13 00:00:00	0.65266	0.65268	0.64559	0.64821	128939	9"
"2025-06-15 00:00:00	0.64801	0.64937	0.64759	0.64915	8781	68"
"2025-06-16 00:00:00	0.64916	0.65516	0.64661	0.65119	84612	10"
"2025-06-17 00:00:00	0.6512	0.65435	0.64656	0.64801	95515	11"
"2025-06-18 00:00:00	0.648	0.65371	0.64765	0.65058	104680	11"
"2025-06-19 00:00:00	0.65058	0.6509	0.64452	0.64851	80025	10"
"2025-06-20 00:00:00	0.6485	0.64951	0.64445	0.64445	74148	10"
"2025-06-22 00:00:00	0.6424	0.64482	0.64145	0.64454	8545	57"
"2025-06-23 00:00:00	0.64454	0.64865	0.6372	0.64764	114411	11"
"2025-06-24 00:00:00	0.64766	0.65191	0.64706	0.64949	109631	10"
"2025-06-25 00:00:00	0.6495	0.65227	0.64839	0.65205	75726	9"
"2025-06-26 00:00:00	0.6521	0.65635	0.65098	0.65463	98580	10"
"2025-06-27 00:00:00	0.65466	0.65607	0.65077	0.65271	92537	9"
"2025-06-29 00:00:00	0.65319	0.65383	0.65309	0.65316	4971	57"
"2025-06-30 00:00:00	0.65314	0.65835	0.65224	0.65758	94915	10"
"2025-07-01 00:00:00	0.65761	0.65899	0.65534	0.65792	82950	9"
"2025-07-02 00:00:00	0.65792	0.65883	0.65429	0.65815	82801	9"
"2025-07-03 00:00:00	0.65815	0.65861	0.65366	0.6576	88788	11"
"2025-07-04 00:00:00	0.65758	0.65784	0.65453	0.65454	101463	11"
"2025-07-06 00:00:00	0.65555	0.65558	0.65465	0.65497	3031	161"
"2025-07-07 00:00:00	0.65497	0.65525	0.64849	0.6506	95326	10"
"2025-07-08 00:00:00	0.65059	0.65576	0.65058	0.65237	108427	11"
"2025-07-09 00:00:00	0.65238	0.65476	0.65092	0.65355	82985	10"
"2025-07-10 00:00:00	0.65354	0.65947	0.65333	0.65929	70831	9"
"2025-07-11 00:00:00	0.6593	0.65942	0.65558	0.65736	91140	10"
"2025-07-13 00:00:00	0.65605	0.65771	0.65605	0.65748	4518	62"
"2025-07-14 00:00:00	0.65746	0.65871	0.65391	0.65434	71654	10"
"2025-07-15 00:00:00	0.65433	0.65753	0.65074	0.65181	120542	11"
"2025-07-16 00:00:00	0.65182	0.65539	0.64948	0.65222	106133	9"
"2025-07-17 00:00:00	0.65221	0.65232	0.64539	0.64973	100280	10"
"2025-07-18 00:00:00	0.64974	0.65404	0.64963	0.65049	64214	10"
"2025-07-20 00:00:00	0.65165	0.65171	0.65029	0.65119	3915	67"
"2025-07-21 00:00:00	0.65119	0.6537	0.64975	0.65268	50801	9"
"2025-07-22 00:00:00	0.6527	0.65592	0.65034	0.65525	63583	10"
"2025-07-23 00:00:00	0.65525	0.66043	0.65497	0.66012	72568	10"
"2025-07-24 00:00:00	0.66011	0.66247	0.65857	0.65942	71068	10"
"2025-07-25 00:00:00	0.65942	0.65982	0.65504	0.65643	68124	9"
"2025-07-27 00:00:00	0.65714	0.65764	0.65686	0.65704	3333	58"
"2025-07-28 00:00:00	0.65706	0.65854	0.65125	0.65214	85026	10"
"2025-07-29 00:00:00	0.65213	0.65296	0.64956	0.65128	71487	10"
"2025-07-30 00:00:00	0.65128	0.65285	0.64255	0.64448	124758	10"
"2025-07-31 00:00:00	0.6445	0.64759	0.6421	0.64273	102148	10"
"2025-08-01 00:00:00	0.64271	0.64929	0.64185	0.64684	137093	9"
"2025-08-03 00:00:00	0.64645	0.64724	0.64606	0.64687	4440	136"
"2025-08-04 00:00:00	0.64684	0.64893	0.64586	0.64735	71140	8"
"2025-08-05 00:00:00	0.64737	0.64791	0.64493	0.64715	76620	9"
"2025-08-06 00:00:00	0.64715	0.65084	0.64707	0.64992	59183	11"
"2025-08-07 00:00:00	0.64993	0.65409	0.64891	0.65246	83302	9"
"2025-08-08 00:00:00	0.65249	0.65345	0.6511	0.65202	56548	10"
"2025-08-10 00:00:00	0.65197	0.65226	0.6516	0.6516	1659	78"
"2025-08-11 00:00:00	0.65161	0.65281	0.65008	0.65129	84529	9"
"2025-08-12 00:00:00	0.65129	0.654	0.64814	0.65292	118583	9"
"2025-08-13 00:00:00	0.65291	0.65623	0.65159	0.65504	62642	10"
"2025-08-14 00:00:00	0.65504	0.65684	0.64823	0.64969	122866	10"
"2025-08-15 00:00:00	0.64969	0.65224	0.64874	0.65035	59427	10"
"2025-08-17 00:00:00	0.65073	0.65126	0.65054	0.65119	1603	60"
"2025-08-18 00:00:00	0.65117	0.65239	0.6481	0.64941	63904	10"
"2025-08-19 00:00:00	0.64941	0.64967	0.64492	0.64531	83902	8"
"2025-08-20 00:00:00	0.64531	0.64548	0.64231	0.64348	70510	11"
"2025-08-21 00:00:00	0.64347	0.64364	0.64068	0.64251	60306	10"
"2025-08-22 00:00:00	0.6425	0.65006	0.64147	0.64875	83227	8"
"2025-08-24 00:00:00	0.64896	0.64944	0.64834	0.64841	3197	79"
"2025-08-25 00:00:00	0.64843	0.65046	0.64711	0.6481	61567	11"
"2025-08-26 00:00:00	0.64811	0.65003	0.64694	0.6495	71465	10"
"2025-08-27 00:00:00	0.64948	0.65125	0.6462	0.65122	70585	8"
"2025-08-28 00:00:00	0.6512	0.65372	0.65053	0.65301	71693	10"
"2025-08-29 00:00:00	0.65303	0.65482	0.65224	0.65364	67400	10"
"2025-08-31 00:00:00	0.65429	0.6546	0.65366	0.65427	1686	46"
"2025-09-01 00:00:00	0.65426	0.65597	0.65345	0.65565	44184	9"
"2025-09-02 00:00:00	0.65567	0.65581	0.64826	0.65183	102640	9"
"2025-09-03 00:00:00	0.65182	0.65541	0.65017	0.65444	75914	9"
"2025-09-04 00:00:00	0.65445	0.65493	0.64979	0.65218	78429	10"
"2025-09-05 00:00:00	0.65219	0.65884	0.65194	0.65521	109331	9"
"2025-09-07 00:00:00	0.65495	0.65555	0.65456	0.65544	3794	75"
"2025-09-08 00:00:00	0.65545	0.65983	0.65476	0.65974	68269	10"
"2025-09-09 00:00:00	0.65974	0.66193	0.65793	0.65852	77123	9"
"2025-09-10 00:00:00	0.65851	0.66352	0.65796	0.66186	74080	9"
"2025-09-11 00:00:00	0.66185	0.66663	0.65895	0.66651	76467	10"
"2025-09-12 00:00:00	0.66649	0.66685	0.66303	0.66483	65005	8"
"2025-09-14 00:00:00	0.66275	0.66495	0.66275	0.66484	2878	185"
"2025-09-15 00:00:00	0.66484	0.66744	0.66446	0.66721	57345	10"
"2025-09-16 00:00:00	0.6672	0.66884	0.66595	0.66881	74894	8"
"2025-09-17 00:00:00	0.66883	0.67065	0.6641	0.66517	93449	9"
"2025-09-18 00:00:00	0.66518	0.66594	0.66065	0.66163	130038	8"
"2025-09-19 00:00:00	0.66163	0.66191	0.65854	0.65892	82190	11"
"2025-09-21 00:00:00	0.65878	0.65951	0.65824	0.65882	2821	152"
"2025-09-22 00:00:00	0.65879	0.66022	0.65746	0.66006	59341	8"
"2025-09-23 00:00:00	0.66006	0.66151	0.65809	0.65985	69411	8"
"2025-09-24 00:00:00	0.65987	0.66276	0.65741	0.65856	83030	8"
"2025-09-25 00:00:00	0.65856	0.66035	0.65255	0.65377	98096	10"
"2025-09-26 00:00:00	0.65378	0.65511	0.652	0.65438	75929	10"
"2025-09-28 00:00:00	0.65441	0.6552	0.65439	0.65515	1703	112"
"2025-09-29 00:00:00	0.65514	0.65807	0.65472	0.65776	65836	8"
"2025-09-30 00:00:00	0.65775	0.66281	0.65706	0.66102	101798	9"
"2025-10-01 00:00:00	0.66104	0.66286	0.65888	0.66151	112659	8"
"2025-10-02 00:00:00	0.66152	0.66241	0.65764	0.65986	81913	10"
"2025-10-03 00:00:00	0.65988	0.66137	0.65885	0.66008	92162	9"
"2025-10-05 00:00:00	0.65809	0.6594	0.65803	0.65934	7463	74"
"2025-10-06 00:00:00	0.65937	0.66201	0.65898	0.6616	105236	9"
"2025-10-07 00:00:00	0.6616	0.6624	0.65773	0.65796	82034	9"
"2025-10-08 00:00:00	0.65796	0.65913	0.6556	0.6584	75659	10"
"2025-10-09 00:00:00	0.65841	0.66119	0.65396	0.65601	94842	8"
"2025-10-10 00:00:00	0.656	0.65725	0.64696	0.64696	119286	8"
"2025-10-12 00:00:00	0.65105	0.65134	0.64907	0.64974	10814	66"
"2025-10-13 00:00:00	0.64974	0.65325	0.64966	0.65115	73712	11"
"2025-10-14 00:00:00	0.65112	0.65208	0.64399	0.64906	115844	9"
"2025-10-15 00:00:00	0.64906	0.65231	0.64857	0.65073	94944	10"
"2025-10-16 00:00:00	0.65073	0.65153	0.64706	0.64815	117839	10"
"2025-10-17 00:00:00	0.64814	0.65022	0.64429	0.64915	116138	10"
"2025-10-19 00:00:00	0.64896	0.65056	0.6487	0.65007	3188	72"
"2025-10-20 00:00:00	0.65006	0.65207	0.64839	0.65157	70656	10"
"2025-10-21 00:00:00	0.65155	0.65246	0.64724	0.64905	95740	8"
"2025-10-22 00:00:00	0.64905	0.65117	0.64778	0.64876	91674	10"
"2025-10-23 00:00:00	0.64875	0.65174	0.64783	0.65142	68913	8"
"2025-10-24 00:00:00	0.65141	0.65285	0.64924	0.65108	73152	10"
"2025-10-26 00:00:00	0.65399	0.65435	0.65275	0.65332	6869	49"
"2025-10-27 00:00:00	0.65332	0.65604	0.65278	0.65579	74558	11"
"2025-10-28 00:00:00	0.65579	0.65903	0.6544	0.65844	73356	9"
"2025-10-29 00:00:00	0.65844	0.66172	0.65565	0.65762	140488	8"
"2025-10-30 00:00:00	0.65761	0.65971	0.65322	0.65587	128988	9"
"2025-10-31 00:00:00	0.65586	0.65597	0.65327	0.65404	75629	8"
"2025-11-02 00:00:00	0.65421	0.65478	0.65377	0.65448	2439	53"
"2025-11-03 00:00:00	0.65449	0.65622	0.65172	0.65379	68582	10"
"2025-11-04 00:00:00	0.65378	0.65378	0.64806	0.64843	100302	10"
"2025-11-05 00:00:00	0.64841	0.65125	0.64583	0.65091	72588	10"
"2025-11-06 00:00:00	0.65093	0.65182	0.64628	0.64833	84083	9"
"2025-11-07 00:00:00	0.64833	0.64987	0.64672	0.64901	90231	10"
"2025-11-09 00:00:00	0.64946	0.65022	0.64884	0.65017	4492	45"
"2025-11-10 00:00:00	0.65016	0.65398	0.64955	0.65342	52920	10"
"2025-11-11 00:00:00	0.65342	0.65377	0.6512	0.65288	56781	8"
"2025-11-12 00:00:00	0.65285	0.655	0.65156	0.65357	62131	8"
"2025-11-13 00:00:00	0.65361	0.65799	0.65235	0.65263	102754	9"
"2025-11-14 00:00:00	0.65262	0.6551	0.65032	0.6535	115053	10"
"2025-11-16 00:00:00	0.65308	0.65355	0.65293	0.65322	2902	62"
"2025-11-17 00:00:00	0.65324	0.65371	0.64817	0.64918	79604	9"
"2025-11-18 00:00:00	0.6492	0.6518	0.64645	0.65081	107329	9"
"2025-11-19 00:00:00	0.6508	0.65086	0.64507	0.64899	101007	10"
"2025-11-20 00:00:00	0.649	0.65023	0.64358	0.64487	127291	9"
"2025-11-21 00:00:00	0.64487	0.64604	0.6421	0.64539	126711	8"
"2025-11-23 00:00:00	0.64559	0.64656	0.64543	0.64612	2680	76"
"2025-11-24 00:00:00	0.6461	0.64683	0.64417	0.64649	66216	8"
"2025-11-25 00:00:00	0.64648	0.64754	0.64358	0.64699	89917	9"
"2025-11-26 00:00:00	0.64698	0.65275	0.64686	0.65229	86905	9"
"2025-11-27 00:00:00	0.6523	0.65395	0.65212	0.65353	40511	10"
"2025-11-28 00:00:00	0.65352	0.65588	0.65199	0.65491	251193	8"
"2025-11-30 00:00:00	0.65384	0.65531	0.65357	0.6551	3210	34"
"2025-12-01 00:00:00	0.65508	0.6566	0.65361	0.65413	86387	9"
"2025-12-02 00:00:00	0.65415	0.65733	0.65376	0.65731	67252	8"
"2025-12-03 00:00:00	0.65733	0.66039	0.65521	0.66035	80090	8"
"2025-12-04 00:00:00	0.6604	0.66237	0.66017	0.6606	81628	8"
"2025-12-05 00:00:00	0.66061	0.66485	0.66061	0.66382	66626	9"
"2025-12-07 00:00:00	0.66321	0.66395	0.66266	0.66343	4893	51"
"2025-12-08 00:00:00	0.66346	0.66488	0.66139	0.66265	61493	8"
"2025-12-09 00:00:00	0.66264	0.66541	0.66078	0.6639	90354	8"
"2025-12-10 00:00:00	0.66396	0.66855	0.66284	0.66731	95750	9"
"2025-12-11 00:00:00	0.66732	0.66786	0.66261	0.6662	95448	9"
"2025-12-12 00:00:00	0.6662	0.66767	0.6632	0.66502	91476	9"
"2025-12-14 00:00:00	0.66404	0.66505	0.66316	0.6647	4412	44"
"2025-12-15 00:00:00	0.66471	0.66561	0.66309	0.66409	77062	9"
"2025-12-16 00:00:00	0.66411	0.66608	0.66178	0.66321	129567	9"
"2025-12-17 00:00:00	0.6632	0.66331	0.65988	0.66	97688	9"
"2025-12-18 00:00:00	0.66001	0.66305	0.6592	0.66132	99150	8"
"2025-12-19 00:00:00	0.6613	0.66247	0.65997	0.66068	70385	9"
"2025-12-21 00:00:00	0.66113	0.66146	0.66053	0.66119	2929	77"
"2025-12-22 00:00:00	0.66119	0.6661	0.66102	0.6657	63453	9"
"2025-12-23 00:00:00	0.66572	0.67023	0.66554	0.67017	80860	9"
"2025-12-24 00:00:00	0.67021	0.67171	0.66974	0.67011	70352	9"
"2025-12-25 00:00:00	0.67004	0.67134	0.66933	0.67046	9290	128"
"2025-12-26 00:00:00	0.67044	0.67243	0.66967	0.6714	82783	13"
"2025-12-28 00:00:00	0.66984	0.67155	0.66956	0.67142	3957	128"
"2025-12-29 00:00:00	0.6714	0.67271	0.66826	0.66947	100650	9"
"2025-12-30 00:00:00	0.66946	0.67175	0.66876	0.66953	69416	10"
"2025-12-31 00:00:00	0.66954	0.67008	0.66593	0.66726	82492	9"
"2026-01-01 00:00:00	0.66617	0.66796	0.66617	0.6678	2935	168"
"2026-01-02 00:00:00	0.66783	0.67067	0.66761	0.66934	80766	9"
"2026-01-04 00:00:00	0.66809	0.66929	0.66747	0.66832	5456	12"
"2026-01-05 00:00:00	0.66834	0.67186	0.66626	0.67127	83030	8"
"2026-01-06 00:00:00	0.67129	0.67414	0.67029	0.67342	80631	9"
"2026-01-07 00:00:00	0.67345	0.67661	0.67165	0.67216	94008	8"
"2026-01-08 00:00:00	0.67216	0.67251	0.66813	0.66984	76693	9"
"2026-01-09 00:00:00	0.66982	0.67031	0.66631	0.66844	81135	8"
"2026-01-11 00:00:00	0.66756	0.6688	0.66741	0.66856	2568	82"
"2026-01-12 00:00:00	0.66854	0.6722	0.6683	0.67077	78072	9"
"2026-01-13 00:00:00	0.67076	0.67269	0.66724	0.66822	90795	8"
"2026-01-14 00:00:00	0.66822	0.67019	0.66726	0.66816	87294	8"
"2026-01-15 00:00:00	0.66821	0.67094	0.66667	0.67005	69082	8"
"2026-01-16 00:00:00	0.67004	0.67092	0.66706	0.66789	75027	8"
"2026-01-18 00:00:00	0.66705	0.66904	0.66678	0.66875	6157	58"
"2026-01-19 00:00:00	0.66873	0.67169	0.66763	0.6709	57439	8"
"2026-01-20 00:00:00	0.6709	0.67469	0.67063	0.67305	128031	8"
"2026-01-21 00:00:00	0.67307	0.67775	0.67271	0.6754	125756	9"
"2026-01-22 00:00:00	0.6754	0.68441	0.67535	0.6839	82302	8"
"2026-01-23 00:00:00	0.68388	0.68985	0.68339	0.68923	86670	9"
"2026-01-25 00:00:00	0.69219	0.69321	0.69095	0.69138	8688	55"
"2026-01-26 00:00:00	0.6914	0.69405	0.69056	0.69131	107542	8"
"2026-01-27 00:00:00	0.69131	0.70157	0.6901	0.69962	127330	8"
"2026-01-28 00:00:00	0.69962	0.70494	0.69764	0.70391	162723	9"
"2026-01-29 00:00:00	0.7039	0.70938	0.69685	0.7047	194748	8"
"2026-01-30 00:00:00	0.70471	0.70525	0.69397	0.69623	234635	8"
"2026-02-01 00:00:00	0.69472	0.69523	0.692	0.69434	15314	72"
"2026-02-02 00:00:00	0.69437	0.69703	0.69082	0.69571	219616	11"
"2026-02-03 00:00:00	0.69569	0.705	0.69559	0.70225	176226	9"
"2026-02-04 00:00:00	0.70224	0.70426	0.69711	0.69942	158904	9"
"2026-02-05 00:00:00	0.69941	0.7007	0.69126	0.69155	190927	9"
"2026-02-06 00:00:00	0.69157	0.70244	0.68967	0.70099	138446	9"
"2026-02-08 00:00:00	0.70068	0.70373	0.70068	0.70354	5572	42"
"2026-02-09 00:00:00	0.70354	0.70984	0.70134	0.7083	109875	8"
"2026-02-10 00:00:00	0.7083	0.70903	0.7061	0.70732	99804	9"
"2026-02-11 00:00:00	0.70733	0.71428	0.70712	0.71241	169619	9"
"2026-02-12 00:00:00	0.71239	0.71467	0.70752	0.70875	151917	9"
"2026-02-13 00:00:00	0.70873	0.7097	0.70431	0.70684	160787	9"
"2026-02-15 00:00:00	0.70609	0.7072	0.70554	0.70711	3086	90"
"2026-02-16 00:00:00	0.70711	0.70963	0.70669	0.70719	51488	8"
"2026-02-17 00:00:00	0.7072	0.70898	0.70277	0.70814	130282	10"
"2026-02-18 00:00:00	0.70813	0.70843	0.70345	0.70424	91982	9"
"2026-02-19 00:00:00	0.70425	0.70798	0.70237	0.70552	127890	9"
"2026-02-20 00:00:00	0.70553	0.70942	0.7015	0.70816	179067	8"
"2026-02-22 00:00:00	0.70715	0.71116	0.70707	0.71115	6960	144"
"2026-02-23 00:00:00	0.71113	0.71115	0.70469	0.70594	124352	9"
"2026-02-24 00:00:00	0.70593	0.70732	0.70263	0.70581	95957	9"
"2026-02-25 00:00:00	0.70582	0.71257	0.70567	0.71196	95104	8"
"2026-02-26 00:00:00	0.71194	0.71362	0.70665	0.7102	130429	9"
"2026-02-27 00:00:00	0.7102	0.71318	0.7086	0.71137	137297	10"
"2026-03-01 00:00:00	0.70389	0.70858	0.70341	0.70557	13285	43"
"2026-03-02 00:00:00	0.70556	0.71164	0.70445	0.71021	231427	10"
"2026-03-03 00:00:00	0.71024	0.71224	0.69437	0.70384	358495	9"
"2026-03-04 00:00:00	0.70387	0.70829	0.69842	0.70752	280789	10"
"2026-03-05 00:00:00	0.70751	0.70888	0.69732	0.70088	271113	10"
"2026-03-06 00:00:00	0.70089	0.70471	0.69764	0.70284	265015	10"
"2026-03-08 00:00:00	0.69806	0.69961	0.69631	0.69684	22661	51"
"2026-03-09 00:00:00	0.69682	0.70331	0.69559	0.70154	158984	10"
