13.30 ,13.30 ,13.30 ,13.30 
13.30 ,13.30 ,13.30 ,13.30 
13.40 ,13.40 ,13.40 ,13.40 
13.50 ,13.50 ,13.50 ,13.50 
13.40 ,13.40 ,13.40 ,13.40 
13.40 ,13.40 ,13.40 ,13.40 
13.60 ,13.60 ,13.60 ,13.60 
13.70 ,13.70 ,13.70 ,13.70 
13.80 ,13.80 ,13.80 ,13.80 
14.10 ,14.10 ,14.10 ,14.10 
14.10 ,14.10 ,14.10 ,14.10 
14.20 ,14.20 ,14.20 ,14.20 
14.10 ,14.10 ,14.10 ,14.10 
14.30 ,14.30 ,14.30 ,14.30 
14.30 ,14.30 ,14.30 ,14.30 
14.70 ,14.70 ,14.70 ,14.70 
15.50 ,15.50 ,15.50 ,15.50 
15.70 ,15.70 ,15.70 ,15.70 
15.60 ,15.60 ,15.60 ,15.60 
15.70 ,15.70 ,15.70 ,15.70 
16.80 ,16.80 ,16.80 ,16.80 
17.30 ,17.30 ,17.30 ,17.30 
17.50 ,17.50 ,17.50 ,17.50 
16.90 ,16.90 ,16.90 ,16.90 
17.40 ,17.40 ,17.40 ,17.40 
17.90 ,17.90 ,17.90 ,17.90 
17.80 ,17.80 ,17.80 ,17.80 
18.70 ,18.70 ,18.70 ,18.70 
19.50 ,19.50 ,19.50 ,19.50 
19.70 ,19.70 ,19.70 ,19.70 
20.40 ,20.40 ,20.40 ,20.40 
20.50 ,20.50 ,20.50 ,20.50 
19.60 ,19.60 ,19.60 ,19.60 
20.60 ,20.60 ,20.60 ,20.60 
20.40 ,20.40 ,20.40 ,20.40 
20.60 ,20.60 ,20.60 ,20.60 
21.20 ,21.20 ,21.20 ,21.20 
22.10 ,22.10 ,22.10 ,22.10 
22.70 ,22.70 ,22.70 ,22.70 
23.60 ,23.60 ,23.60 ,23.60 
24.00 ,24.00 ,24.00 ,24.00 
24.60 ,24.60 ,24.60 ,24.60 
25.20 ,25.20 ,25.20 ,25.20 
24.20 ,24.20 ,24.20 ,24.20 
27.20 ,27.20 ,27.20 ,27.20 
27.10 ,27.10 ,27.10 ,27.10 
27.20 ,27.20 ,27.20 ,27.20 
26.80 ,26.80 ,26.80 ,26.80 
27.00 ,27.00 ,27.00 ,27.00 
29.40 ,29.40 ,29.40 ,29.40 
29.60 ,29.60 ,29.60 ,29.60 
29.80 ,29.80 ,29.80 ,29.80 
30.30 ,30.30 ,30.30 ,30.30 
29.80 ,29.80 ,29.80 ,29.80 
29.90 ,29.90 ,29.90 ,29.90 
30.40 ,30.40 ,30.40 ,30.40 
31.10 ,31.10 ,31.10 ,31.10 
30.90 ,30.90 ,30.90 ,30.90 
33.40 ,33.40 ,33.40 ,33.40 
34.50 ,34.50 ,34.50 ,34.50 
34.30 ,34.30 ,34.30 ,34.30 
34.50 ,34.50 ,34.50 ,34.50 
36.20 ,36.20 ,36.20 ,36.20 
40.30 ,40.30 ,40.30 ,40.30 
41.00 ,41.00 ,41.00 ,41.00 
42.00 ,42.00 ,42.00 ,42.00 
44.20 ,44.20 ,44.20 ,44.20 
46.80 ,46.80 ,46.80 ,46.80 
46.00 ,46.00 ,46.00 ,46.00 
48.40 ,48.40 ,48.40 ,48.40 
44.30 ,44.30 ,44.30 ,44.30 
46.90 ,46.90 ,46.90 ,46.90 
47.20 ,47.20 ,47.20 ,47.20 
47.00 ,47.00 ,47.00 ,47.00 
47.00 ,47.00 ,47.00 ,47.00 
47.40 ,47.40 ,47.40 ,47.40 
51.60 ,51.60 ,51.60 ,51.60 
59.10 ,59.10 ,59.10 ,59.10 
64.50 ,64.50 ,64.50 ,64.50 
70.80 ,70.80 ,70.80 ,70.80 
69.90 ,69.90 ,69.90 ,69.90 
64.30 ,64.30 ,64.30 ,64.30 
71.50 ,71.50 ,71.50 ,71.50 
73.60 ,73.60 ,73.60 ,73.60 
78.50 ,78.50 ,78.50 ,78.50 
88.90 ,88.90 ,88.90 ,88.90 
86.20 ,86.20 ,86.20 ,86.20 
90.50 ,90.50 ,90.50 ,90.50 
92.20 ,92.20 ,92.20 ,92.20 
93.00 ,93.00 ,93.00 ,93.00 
104.00 ,104.00 ,104.00 ,104.00 
118.00 ,118.00 ,118.00 ,118.00 
135.00 ,135.00 ,135.00 ,135.00 
132.10 ,132.10 ,132.10 ,132.10 
142.30 ,142.30 ,142.30 ,142.30 
142.60 ,142.60 ,142.60 ,142.60 
162.30 ,162.30 ,162.30 ,162.30 
187.50 ,187.50 ,187.50 ,187.50 
230.00 ,230.00 ,230.00 ,230.00 
165.00 ,165.00 ,165.00 ,165.00 
124.90 ,124.90 ,124.90 ,124.90 
117.00 ,117.00 ,117.00 ,117.00 
93.00 ,93.00 ,93.00 ,93.00 
90.00 ,90.00 ,90.00 ,90.00 
82.40 ,82.40 ,82.40 ,82.40 
68.40 ,68.40 ,68.40 ,68.40 
93.10 ,93.10 ,93.10 ,93.10 
109.00 ,109.00 ,109.00 ,109.00 
118.50 ,118.50 ,118.50 ,118.50 
126.60 ,126.60 ,126.60 ,126.60 
119.20 ,119.20 ,119.20 ,119.20 
127.40 ,127.40 ,127.40 ,127.40 
143.50 ,143.50 ,143.50 ,143.50 
154.20 ,154.20 ,154.20 ,154.20 
141.70 ,141.70 ,141.70 ,141.70 
136.90 ,136.90 ,136.90 ,136.90 
128.00 ,128.00 ,128.00 ,128.00 
134.40 ,134.40 ,134.40 ,134.40 
144.00 ,144.00 ,144.00 ,144.00 
139.20 ,139.20 ,139.20 ,139.20 
116.40 ,116.40 ,116.40 ,116.40 
106.30 ,106.30 ,106.30 ,106.30 
98.10 ,98.10 ,98.10 ,98.10 
112.90 ,112.90 ,112.90 ,112.90 
116.00 ,116.00 ,116.00 ,116.00 
112.30 ,112.30 ,112.30 ,112.30 
109.60 ,109.60 ,109.60 ,109.60 
113.20 ,113.20 ,113.20 ,113.20 
112.80 ,112.80 ,112.80 ,112.80 
117.70 ,117.70 ,117.70 ,117.70 
115.60 ,115.60 ,115.60 ,115.60 
114.80 ,114.80 ,114.80 ,114.80 
118.00 ,118.00 ,118.00 ,118.00 
111.40 ,111.40 ,111.40 ,111.40 
114.20 ,114.20 ,114.20 ,114.20 
118.20 ,118.20 ,118.20 ,118.20 
123.50 ,123.50 ,123.50 ,123.50 
123.20 ,123.20 ,123.20 ,123.20 
122.50 ,122.50 ,122.50 ,122.50 
122.00 ,122.00 ,122.00 ,122.00 
122.90 ,122.90 ,122.90 ,122.90 
123.80 ,123.80 ,123.80 ,123.80 
126.30 ,126.30 ,126.30 ,126.30 
133.10 ,133.10 ,133.10 ,133.10 
132.00 ,132.00 ,132.00 ,132.00 
133.50 ,133.50 ,133.50 ,133.50 
129.80 ,129.80 ,129.80 ,129.80 
129.00 ,129.00 ,129.00 ,129.00 
132.30 ,132.30 ,132.30 ,132.30 
128.80 ,128.80 ,128.80 ,128.80 
128.80 ,128.80 ,128.80 ,128.80 
129.30 ,129.30 ,129.30 ,129.30 
122.50 ,122.50 ,122.50 ,122.50 
120.70 ,120.70 ,120.70 ,120.70 
121.40 ,121.40 ,121.40 ,121.40 
121.90 ,121.90 ,121.90 ,121.90 
119.00 ,119.00 ,119.00 ,119.00 
111.00 ,111.00 ,111.00 ,111.00 
107.90 ,107.90 ,107.90 ,107.90 
100.40 ,100.40 ,100.40 ,100.40 
106.30 ,106.30 ,106.30 ,106.30 
109.00 ,109.00 ,109.00 ,109.00 
108.80 ,108.80 ,108.80 ,108.80 
103.90 ,103.90 ,103.90 ,103.90 
100.00 ,100.00 ,100.00 ,100.00 
99.80 ,99.80 ,99.80 ,99.80 
99.90 ,99.90 ,99.90 ,99.90 
101.90 ,101.90 ,101.90 ,101.90 
107.30 ,107.30 ,107.30 ,107.30 
108.30 ,108.30 ,108.30 ,108.30 
111.30 ,111.30 ,111.30 ,111.30 
109.50 ,109.50 ,109.50 ,109.50 
108.20 ,108.20 ,108.20 ,108.20 
107.90 ,107.90 ,107.90 ,107.90 
102.10 ,102.10 ,102.10 ,102.10 
103.30 ,103.30 ,103.30 ,103.30 
104.00 ,104.00 ,104.00 ,104.00 
101.70 ,101.70 ,101.70 ,101.70 
94.70 ,94.70 ,94.70 ,94.70 
95.00 ,95.00 ,95.00 ,95.00 
97.50 ,97.50 ,97.50 ,97.50 
84.60 ,84.60 ,84.60 ,84.60 
87.70 ,87.70 ,87.70 ,87.70 
76.90 ,76.90 ,76.90 ,76.90 
77.70 ,77.70 ,77.70 ,77.70 
66.30 ,66.30 ,66.30 ,66.30 
66.80 ,66.80 ,66.80 ,66.80 
72.50 ,72.50 ,72.50 ,72.50 
74.60 ,74.60 ,74.60 ,74.60 
74.20 ,74.20 ,74.20 ,74.20 
84.50 ,84.50 ,84.50 ,84.50 
91.20 ,91.20 ,91.20 ,91.20 
88.50 ,88.50 ,88.50 ,88.50 
91.40 ,91.40 ,91.40 ,91.40 
90.40 ,90.40 ,90.40 ,90.40 
93.10 ,93.10 ,93.10 ,93.10 
92.70 ,92.70 ,92.70 ,92.70 
90.50 ,90.50 ,90.50 ,90.50 
85.40 ,85.40 ,85.40 ,85.40 
85.80 ,85.80 ,85.80 ,85.80 
85.70 ,85.70 ,85.70 ,85.70 
85.50 ,85.50 ,85.50 ,85.50 
86.10 ,86.10 ,86.10 ,86.10 
86.90 ,86.90 ,86.90 ,86.90 
87.50 ,87.50 ,87.50 ,87.50 
89.40 ,89.40 ,89.40 ,89.40 
90.60 ,90.60 ,90.60 ,90.60 
89.10 ,89.10 ,89.10 ,89.10 
92.10 ,92.10 ,92.10 ,92.10 
93.30 ,93.30 ,93.30 ,93.30 
96.30 ,96.30 ,96.30 ,96.30 
97.90 ,97.90 ,97.90 ,97.90 
96.40 ,96.40 ,96.40 ,96.40 
97.20 ,97.20 ,97.20 ,97.20 
96.70 ,96.70 ,96.70 ,96.70 
96.60 ,96.60 ,96.60 ,96.60 
96.90 ,96.90 ,96.90 ,96.90 
97.10 ,97.10 ,97.10 ,97.10 
96.90 ,96.90 ,96.90 ,96.90 
94.80 ,94.80 ,94.80 ,94.80 
93.40 ,93.40 ,93.40 ,93.40 
93.30 ,93.30 ,93.30 ,93.30 
94.20 ,94.20 ,94.20 ,94.20 
95.10 ,95.10 ,95.10 ,95.10 
97.90 ,97.90 ,97.90 ,97.90 
98.00 ,98.00 ,98.00 ,98.00 
97.50 ,97.50 ,97.50 ,97.50 
98.30 ,98.30 ,98.30 ,98.30 
99.60 ,99.60 ,99.60 ,99.60 
98.80 ,98.80 ,98.80 ,98.80 
102.30 ,102.30 ,102.30 ,102.30 
105.00 ,105.00 ,105.00 ,105.00 
111.40 ,111.40 ,111.40 ,111.40 
109.70 ,109.70 ,109.70 ,109.70 
107.60 ,107.60 ,107.60 ,107.60 
108.70 ,108.70 ,108.70 ,108.70 
111.80 ,111.80 ,111.80 ,111.80 
112.20 ,112.20 ,112.20 ,112.20 
117.40 ,117.40 ,117.40 ,117.40 
117.60 ,117.60 ,117.60 ,117.60 
117.50 ,117.50 ,117.50 ,117.50 
123.20 ,123.20 ,123.20 ,123.20 
129.50 ,129.50 ,129.50 ,129.50 
128.30 ,128.30 ,128.30 ,128.30 
127.40 ,127.40 ,127.40 ,127.40 
127.60 ,127.60 ,127.60 ,127.60 
120.60 ,120.60 ,120.60 ,120.60 
120.50 ,120.50 ,120.50 ,120.50 
116.30 ,116.30 ,116.30 ,116.30 
119.10 ,119.10 ,119.10 ,119.10 
116.60 ,116.60 ,116.60 ,116.60 
120.00 ,120.00 ,120.00 ,120.00 
121.50 ,121.50 ,121.50 ,121.50 
125.40 ,125.40 ,125.40 ,125.40 
125.80 ,125.80 ,125.80 ,125.80 
126.50 ,126.50 ,126.50 ,126.50 
124.10 ,124.10 ,124.10 ,124.10 
124.60 ,124.60 ,124.60 ,124.60 
125.10 ,125.10 ,125.10 ,125.10 
126.00 ,126.00 ,126.00 ,126.00 
126.30 ,126.30 ,126.30 ,126.30 
124.20 ,124.20 ,124.20 ,124.20 
122.90 ,122.90 ,122.90 ,122.90 
122.60 ,122.60 ,122.60 ,122.60 
122.70 ,122.70 ,122.70 ,122.70 
122.20 ,122.20 ,122.20 ,122.20 
122.50 ,122.50 ,122.50 ,122.50 
123.40 ,123.40 ,123.40 ,123.40 
123.50 ,123.50 ,123.50 ,123.50 
123.50 ,123.50 ,123.50 ,123.50 
124.80 ,124.80 ,124.80 ,124.80 
125.20 ,125.20 ,125.20 ,125.20 
123.10 ,123.10 ,123.10 ,123.10 
125.50 ,125.50 ,125.50 ,125.50 
99.80 ,99.80 ,99.80 ,99.80 
116.80 ,116.80 ,116.80 ,116.80 
121.30 ,121.30 ,121.30 ,121.30 
121.10 ,121.10 ,121.10 ,121.10 
121.70 ,121.70 ,121.70 ,121.70 
123.20 ,123.20 ,123.20 ,123.20 
124.30 ,124.30 ,124.30 ,124.30 
125.80 ,125.80 ,125.80 ,125.80 
125.70 ,125.70 ,125.70 ,125.70 
125.50 ,125.50 ,125.50 ,125.50 
126.50 ,126.50 ,126.50 ,126.50 
130.40 ,130.40 ,130.40 ,130.40 
133.00 ,133.00 ,133.00 ,133.00 
138.60 ,138.60 ,138.60 ,138.60 
137.40 ,137.40 ,137.40 ,137.40 
142.70 ,142.70 ,142.70 ,142.70 
149.60 ,149.60 ,149.60 ,149.60 
159.80 ,159.80 ,159.80 ,159.80 
163.10 ,163.10 ,163.10 ,163.10 
174.20 ,174.20 ,174.20 ,174.20 
183.90 ,183.90 ,183.90 ,183.90 
200.60 ,200.60 ,200.60 ,200.60 
183.10 ,183.10 ,183.10 ,183.10 
178.10 ,178.10 ,178.10 ,178.10 
175.90 ,175.90 ,175.90 ,175.90 
185.70 ,185.70 ,185.70 ,185.70 
187.90 ,187.90 ,187.90 ,187.90 
198.20 ,198.20 ,198.20 ,198.20 
194.60 ,194.60 ,194.60 ,194.60 
198.20 ,198.20 ,198.20 ,198.20 
198.50 ,198.50 ,198.50 ,198.50 
200.90 ,200.90 ,200.90 ,200.90 
207.60 ,207.60 ,207.60 ,207.60 
225.20 ,225.20 ,225.20 ,225.20 
239.30 ,239.30 ,239.30 ,239.30 
253.70 ,253.70 ,253.70 ,253.70 
283.30 ,283.30 ,283.30 ,283.30 
323.80 ,323.80 ,323.80 ,323.80 
336.10 ,336.10 ,336.10 ,336.10 
311.90 ,311.90 ,311.90 ,311.90 
338.60 ,342.80 ,342.80 ,328.90 
350.20 ,343.30 ,355.30 ,341.90 
387.70 ,366.80 ,387.70 ,356.40 
418.00 ,396.20 ,419.50 ,393.70 
400.00 ,419.10 ,436.10 ,400.00 
435.30 ,412.00 ,436.00 ,398.40 
473.30 ,435.90 ,473.30 ,435.90 
585.20 ,461.00 ,590.60 ,461.00 
599.00 ,600.00 ,690.90 ,418.40 
550.00 ,504.90 ,550.00 ,425.10 
700.00 ,587.00 ,700.00 ,580.00 
760.00 ,680.00 ,760.00 ,680.00 
842.20 ,800.20 ,842.20 ,769.90 
813.70 ,746.90 ,813.70 ,746.90 
782.80 ,785.90 ,789.00 ,782.80 
849.60 ,790.20 ,849.60 ,778.00 
948.00 ,863.90 ,948.90 ,855.00 
1010.00 ,955.00 ,1031.10 ,943.90 
1107.50 ,1030.00 ,1124.40 ,1030.00 
1112.40 ,1105.10 ,1115.00 ,1103.10 
955.00 ,998.10 ,998.10 ,903.00 
998.10 ,997.90 ,1031.10 ,960.00 
1048.00 ,1048.00 ,1048.00 ,1048.00 
1145.00 ,1065.50 ,1149.50 ,1065.50 
1030.60 ,1129.80 ,1135.00 ,866.00 
872.60 ,1028.20 ,1028.20 ,845.40 
800.60 ,833.30 ,1200.00 ,632.30 
730.00 ,717.10 ,758.50 ,682.20 
935.80 ,871.40 ,945.00 ,849.40 
1023.00 ,967.20 ,1030.40 ,958.50 
921.80 ,1005.60 ,1005.60 ,890.70 
900.50 ,878.90 ,915.00 ,878.90 
912.60 ,911.00 ,954.00 ,909.10 
897.90 ,904.00 ,909.70 ,889.00 
864.90 ,891.20 ,891.20 ,850.00 
704.80 ,896.80 ,896.80 ,699.60 
731.90 ,712.20 ,759.80 ,643.90 
551.40 ,668.80 ,668.80 ,408.70 
702.00 ,545.60 ,716.40 ,521.00 
599.00 ,702.00 ,732.00 ,599.00 
607.70 ,655.40 ,656.70 ,589.00 
622.10 ,590.00 ,669.60 ,590.00 
640.40 ,650.20 ,653.20 ,640.40 
647.30 ,662.00 ,668.70 ,646.80 
740.00 ,680.00 ,741.30 ,680.00 
718.90 ,757.50 ,757.70 ,709.00 
701.00 ,726.00 ,732.00 ,701.00 
714.30 ,710.70 ,714.30 ,710.70 
737.20 ,735.00 ,740.00 ,730.20 
727.70 ,731.50 ,731.50 ,715.70 
740.30 ,740.00 ,757.00 ,733.50 
775.00 ,746.20 ,775.00 ,740.20 
812.10 ,801.00 ,812.10 ,801.00 
801.80 ,806.50 ,806.50 ,801.80 
904.00 ,839.50 ,904.00 ,839.50 
934.50 ,910.00 ,950.00 ,900.00 
791.00 ,928.70 ,928.70 ,791.00 
828.50 ,781.00 ,838.00 ,771.00 
850.00 ,833.70 ,850.00 ,794.90 
834.70 ,833.00 ,834.70 ,833.00 
896.90 ,899.00 ,900.30 ,895.00 
888.10 ,892.00 ,892.00 ,888.10 
818.40 ,846.60 ,857.30 ,818.40 
826.90 ,827.80 ,833.40 ,815.10 
839.70 ,835.50 ,842.20 ,833.70 
824.00 ,847.10 ,847.10 ,822.40 
789.00 ,820.00 ,820.70 ,789.00 
800.00 ,810.00 ,815.00 ,799.00 
830.00 ,819.00 ,830.00 ,814.20 
823.40 ,831.00 ,831.00 ,795.20 
810.00 ,810.00 ,824.70 ,794.20 
807.00 ,807.00 ,807.00 ,807.00 
816.20 ,819.00 ,820.00 ,804.30 
781.90 ,800.00 ,800.00 ,773.20 
810.00 ,795.80 ,810.00 ,789.40 
809.70 ,804.20 ,823.90 ,731.00 
760.30 ,810.90 ,810.90 ,757.00 
795.00 ,779.80 ,812.00 ,770.00 
800.00 ,789.00 ,800.00 ,783.60 
803.90 ,794.40 ,803.90 ,785.40 
800.00 ,801.70 ,803.30 ,791.80 
814.60 ,801.90 ,814.60 ,801.90 
810.00 ,806.80 ,814.10 ,801.70 
813.00 ,810.80 ,813.20 ,808.30 
791.00 ,807.00 ,808.00 ,791.00 
771.60 ,793.00 ,793.00 ,768.00 
720.00 ,750.30 ,755.10 ,677.00 
690.00 ,700.00 ,716.40 ,690.00 
710.00 ,702.60 ,720.00 ,702.60 
706.30 ,720.00 ,739.00 ,642.00 
658.90 ,739.00 ,761.70 ,653.30 
685.00 ,691.10 ,691.10 ,650.00 
634.30 ,671.90 ,671.90 ,630.00 
682.00 ,622.00 ,724.00 ,565.20 
653.40 ,652.90 ,655.70 ,650.00 
608.00 ,650.00 ,650.00 ,608.00 
663.80 ,626.00 ,663.80 ,626.00 
628.00 ,660.00 ,660.00 ,622.00 
630.40 ,634.20 ,638.00 ,628.00 
578.90 ,633.00 ,633.00 ,574.80 
568.00 ,565.20 ,591.50 ,548.50 
595.20 ,587.60 ,602.80 ,563.70 
619.00 ,597.70 ,624.10 ,597.70 
562.40 ,597.30 ,597.30 ,562.40 
515.00 ,554.00 ,567.00 ,425.00 
582.00 ,548.70 ,594.50 ,544.00 
579.00 ,592.50 ,592.50 ,565.70 
565.00 ,575.50 ,590.30 ,544.90 
568.20 ,565.00 ,571.80 ,560.00 
560.60 ,570.90 ,583.50 ,560.00 
658.00 ,571.50 ,685.00 ,569.70 
668.00 ,654.70 ,675.00 ,652.60 
675.00 ,658.00 ,675.80 ,658.00 
663.00 ,673.40 ,675.00 ,657.00 
621.00 ,663.00 ,663.00 ,614.00 
614.10 ,621.00 ,621.00 ,600.20 
621.00 ,610.50 ,621.00 ,609.40 
615.00 ,621.00 ,621.00 ,612.80 
615.00 ,615.00 ,615.00 ,613.50 
650.00 ,615.00 ,650.00 ,615.00 
642.00 ,633.50 ,645.10 ,633.50 
630.00 ,632.90 ,639.00 ,630.00 
641.60 ,636.90 ,641.60 ,636.90 
635.00 ,640.10 ,640.10 ,635.00 
624.30 ,635.00 ,635.70 ,624.00 
618.40 ,623.10 ,623.90 ,610.90 
611.00 ,622.90 ,622.90 ,611.00 
583.50 ,610.00 ,639.20 ,583.50 
568.80 ,581.00 ,605.40 ,568.80 
560.00 ,560.00 ,562.90 ,550.00 
566.20 ,570.30 ,570.30 ,566.20 
590.00 ,560.40 ,590.00 ,552.00 
582.00 ,586.60 ,586.70 ,579.10 
595.00 ,580.00 ,595.00 ,570.00 
498.50 ,582.40 ,589.30 ,498.50 
497.40 ,525.00 ,525.00 ,490.00 
491.90 ,506.20 ,507.00 ,491.00 
464.10 ,493.00 ,493.00 ,440.40 
452.00 ,478.60 ,485.00 ,443.10 
482.80 ,460.30 ,486.00 ,451.40 
443.30 ,479.20 ,490.50 ,435.80 
448.80 ,440.60 ,462.00 ,422.00 
450.00 ,441.50 ,458.10 ,434.20 
460.80 ,453.00 ,460.80 ,445.20 
453.70 ,463.30 ,463.30 ,453.70 
454.20 ,460.20 ,463.60 ,445.00 
448.80 ,454.50 ,458.30 ,448.80 
442.50 ,455.00 ,455.00 ,440.00 
370.00 ,440.20 ,440.20 ,370.00 
416.30 ,355.00 ,427.00 ,325.00 
415.00 ,417.80 ,430.00 ,412.00 
404.20 ,415.00 ,415.00 ,404.20 
459.00 ,403.10 ,464.00 ,403.10 
515.00 ,453.40 ,515.00 ,453.40 
522.30 ,510.00 ,522.80 ,499.00 
500.70 ,519.50 ,522.30 ,491.00 
490.50 ,499.40 ,504.40 ,483.60 
505.00 ,488.20 ,510.00 ,484.70 
512.50 ,510.00 ,512.50 ,510.00 
497.00 ,509.00 ,510.00 ,495.80 
488.00 ,499.50 ,501.00 ,488.00 
490.20 ,494.90 ,494.90 ,480.00 
497.50 ,486.00 ,497.50 ,480.00 
460.00 ,493.10 ,494.40 ,446.20 
459.00 ,467.40 ,470.50 ,453.90 
441.50 ,460.00 ,460.50 ,441.50 
448.00 ,434.00 ,448.00 ,433.00 
434.00 ,438.70 ,450.00 ,431.50 
448.30 ,446.00 ,450.00 ,440.50 
459.00 ,450.80 ,463.00 ,450.80 
453.50 ,459.00 ,459.60 ,447.00 
440.50 ,452.00 ,452.00 ,432.60 
430.90 ,439.50 ,440.60 ,430.90 
427.00 ,436.40 ,439.90 ,426.50 
430.00 ,426.50 ,431.50 ,419.80 
438.00 ,430.00 ,448.70 ,425.90 
442.80 ,440.00 ,447.00 ,439.50 
446.00 ,440.00 ,452.00 ,439.50 
451.10 ,452.00 ,452.30 ,449.10 
432.00 ,449.60 ,449.60 ,430.50 
440.00 ,434.50 ,441.00 ,433.00 
437.30 ,439.00 ,439.00 ,433.70 
444.00 ,437.30 ,444.00 ,432.00 
442.00 ,440.00 ,442.00 ,438.00 
442.30 ,442.00 ,443.00 ,442.00 
442.00 ,443.00 ,443.00 ,435.40 
438.80 ,438.00 ,438.80 ,436.30 
439.00 ,434.80 ,440.00 ,423.80 
476.00 ,440.00 ,480.00 ,440.00 
477.60 ,480.00 ,480.00 ,475.80 
502.30 ,476.50 ,507.00 ,475.80 
509.50 ,507.00 ,529.80 ,500.80 
502.30 ,500.00 ,505.00 ,500.00 
566.20 ,507.80 ,572.00 ,507.80 
575.00 ,569.00 ,580.10 ,563.20 
570.00 ,575.60 ,580.00 ,557.70 
577.00 ,570.00 ,580.00 ,563.40 
573.00 ,570.00 ,575.00 ,567.90 
629.00 ,590.00 ,629.00 ,590.00 
635.60 ,621.00 ,635.60 ,618.60 
646.50 ,638.00 ,687.30 ,625.00 
669.50 ,647.10 ,675.00 ,623.90 
682.90 ,673.10 ,693.90 ,665.00 
652.30 ,681.30 ,681.30 ,640.00 
663.30 ,651.80 ,670.00 ,650.00 
655.00 ,661.00 ,666.00 ,654.70 
663.00 ,646.80 ,663.00 ,646.80 
662.30 ,664.80 ,668.20 ,660.00 
653.70 ,663.90 ,663.90 ,653.00 
653.60 ,654.00 ,663.00 ,647.00 
637.10 ,657.30 ,657.30 ,637.10 
590.00 ,636.00 ,640.10 ,569.10 
582.60 ,586.90 ,615.60 ,570.00 
554.40 ,584.00 ,584.50 ,545.30 
571.00 ,565.00 ,571.80 ,549.30 
580.00 ,580.80 ,601.00 ,580.00 
614.30 ,578.80 ,614.30 ,577.00 
611.50 ,615.50 ,621.10 ,603.80 
602.00 ,608.00 ,613.80 ,600.30 
601.00 ,595.90 ,603.00 ,591.00 
601.60 ,597.30 ,601.60 ,592.20 
607.80 ,605.00 ,620.00 ,605.00 
599.30 ,609.70 ,609.70 ,592.50 
587.30 ,595.90 ,595.90 ,585.00 
568.10 ,585.00 ,585.00 ,568.10 
577.90 ,573.50 ,578.80 ,572.00 
606.20 ,582.70 ,606.20 ,582.00 
600.10 ,602.50 ,610.50 ,600.10 
603.70 ,603.00 ,607.00 ,601.00 
640.00 ,605.50 ,646.00 ,605.50 
650.80 ,650.00 ,662.00 ,643.90 
647.90 ,650.60 ,654.90 ,641.00 
643.60 ,649.50 ,652.00 ,640.70 
632.20 ,650.00 ,650.00 ,628.50 
630.00 ,635.00 ,636.00 ,630.00 
633.30 ,634.60 ,636.80 ,630.50 
624.00 ,630.50 ,635.00 ,615.00 
618.50 ,623.30 ,626.00 ,611.10 
620.20 ,620.70 ,624.70 ,616.30 
610.00 ,618.50 ,620.00 ,608.50 
625.50 ,610.00 ,625.50 ,609.90 
626.00 ,625.10 ,630.00 ,623.00 
624.00 ,626.00 ,626.00 ,621.50 
622.40 ,621.70 ,624.00 ,616.00 
620.90 ,621.30 ,624.00 ,617.90 
621.00 ,620.00 ,631.70 ,614.00 
627.60 ,622.00 ,631.10 ,619.00 
627.50 ,626.40 ,627.50 ,616.80 
625.30 ,627.20 ,627.20 ,618.00 
618.90 ,623.30 ,623.30 ,617.00 
619.80 ,621.00 ,621.80 ,605.00 
612.60 ,620.00 ,624.00 ,605.50 
617.20 ,612.00 ,618.60 ,610.00 
600.30 ,616.80 ,616.90 ,593.20 
598.00 ,600.90 ,605.30 ,595.00 
594.00 ,599.00 ,599.00 ,590.20 
590.50 ,594.30 ,595.00 ,590.00 
586.40 ,585.00 ,588.00 ,571.00 
575.00 ,580.00 ,585.70 ,566.20 
551.00 ,575.40 ,575.80 ,550.00 
579.00 ,554.00 ,586.00 ,553.50 
594.90 ,578.00 ,606.10 ,578.00 
587.80 ,593.30 ,593.30 ,583.70 
582.10 ,583.90 ,583.90 ,578.30 
581.10 ,583.10 ,587.80 ,581.10 
575.00 ,582.00 ,584.00 ,574.20 
577.50 ,575.30 ,583.70 ,574.30 
582.30 ,577.50 ,583.30 ,577.50 
586.40 ,582.90 ,587.60 ,582.90 
583.30 ,583.00 ,583.90 ,581.30 
580.00 ,581.90 ,586.40 ,580.00 
572.50 ,582.70 ,583.20 ,572.50 
566.00 ,570.00 ,570.50 ,563.00 
549.00 ,567.60 ,567.70 ,530.50 
510.00 ,549.00 ,549.00 ,503.00 
506.20 ,517.30 ,525.00 ,490.00 
527.20 ,502.70 ,527.80 ,489.50 
501.30 ,525.40 ,527.00 ,490.10 
478.20 ,504.20 ,506.70 ,462.40 
490.30 ,470.00 ,498.00 ,470.00 
517.00 ,492.10 ,525.00 ,471.70 
515.90 ,515.60 ,529.00 ,510.00 
515.60 ,518.40 ,521.50 ,502.00 
500.10 ,510.50 ,511.60 ,499.00 
507.30 ,500.70 ,512.80 ,500.00 
502.50 ,506.30 ,511.00 ,498.20 
508.40 ,507.00 ,514.70 ,505.50 
511.00 ,512.90 ,518.00 ,511.00 
507.80 ,512.00 ,513.30 ,506.60 
507.50 ,506.00 ,510.10 ,503.00 
499.00 ,506.90 ,506.90 ,499.00 
483.40 ,503.10 ,504.00 ,482.30 
485.80 ,487.40 ,489.50 ,479.10 
476.80 ,481.60 ,485.80 ,475.00 
474.00 ,478.50 ,478.90 ,473.40 
489.20 ,473.70 ,494.30 ,473.30 
477.60 ,487.10 ,488.60 ,477.60 
481.30 ,481.40 ,485.00 ,479.60 
479.70 ,481.10 ,483.60 ,479.70 
470.40 ,476.70 ,478.10 ,462.20 
472.70 ,471.00 ,475.50 ,463.30 
477.30 ,474.00 ,487.00 ,473.30 
477.10 ,479.60 ,480.80 ,470.10 
471.80 ,475.70 ,477.90 ,467.80 
478.10 ,471.20 ,480.80 ,470.80 
476.50 ,477.20 ,479.10 ,474.30 
469.90 ,476.50 ,478.80 ,469.90 
465.10 ,466.80 ,475.10 ,464.40 
456.80 ,465.70 ,469.00 ,450.40 
427.20 ,456.70 ,460.00 ,412.00 
395.30 ,426.80 ,428.40 ,389.90 
411.60 ,396.50 ,427.30 ,392.50 
400.70 ,409.30 ,412.50 ,394.20 
397.70 ,400.10 ,406.20 ,394.00 
429.10 ,398.90 ,440.50 ,395.40 
420.40 ,426.70 ,430.00 ,408.60 
409.10 ,420.60 ,420.60 ,404.00 
403.00 ,411.20 ,414.80 ,397.00 
397.30 ,400.40 ,405.00 ,395.10 
374.70 ,398.80 ,399.40 ,370.00 
369.60 ,376.80 ,383.00 ,367.30 
387.10 ,374.20 ,392.10 ,372.00 
383.00 ,387.00 ,389.00 ,377.00 
371.70 ,383.10 ,385.50 ,370.30 
357.70 ,371.50 ,375.10 ,356.40 
328.70 ,359.60 ,364.80 ,322.40 
322.50 ,327.60 ,341.20 ,285.10 
323.80 ,320.20 ,345.50 ,303.10 
331.00 ,330.50 ,334.60 ,315.80 
350.00 ,332.10 ,351.00 ,325.00 
363.50 ,349.10 ,375.70 ,346.00 
359.50 ,363.70 ,375.00 ,352.40 
361.30 ,358.90 ,366.00 ,352.30 
372.00 ,361.90 ,375.00 ,354.30 
383.40 ,367.10 ,391.00 ,363.30 
397.90 ,388.00 ,405.80 ,385.90 
393.50 ,392.70 ,397.90 ,379.30 
379.30 ,395.00 ,395.00 ,372.20 
380.30 ,380.70 ,385.70 ,371.90 
390.00 ,379.10 ,391.80 ,377.00 
386.30 ,386.30 ,389.10 ,384.30 
381.00 ,385.90 ,386.80 ,374.60 
382.80 ,380.70 ,387.80 ,378.20 
380.00 ,382.90 ,385.50 ,379.70 
356.00 ,379.70 ,381.00 ,353.00 
356.10 ,356.10 ,359.90 ,349.00 
347.40 ,356.80 ,357.50 ,342.30 
350.00 ,346.80 ,356.30 ,344.00 
350.60 ,351.10 ,355.00 ,346.50 
353.10 ,351.20 ,353.20 ,349.00 
333.20 ,352.20 ,352.30 ,333.20 
343.90 ,334.60 ,350.60 ,333.00 
337.00 ,344.90 ,346.50 ,336.60 
327.20 ,337.70 ,338.40 ,321.70 
322.50 ,327.00 ,329.40 ,321.30 
323.60 ,324.30 ,335.50 ,323.30 
326.90 ,323.60 ,330.20 ,321.80 
337.50 ,330.80 ,341.00 ,321.00 
348.50 ,337.80 ,349.70 ,335.50 
341.50 ,348.50 ,350.00 ,341.10 
345.00 ,342.00 ,345.00 ,340.50 
360.00 ,343.70 ,360.00 ,342.50 
368.00 ,360.00 ,372.50 ,355.00 
367.00 ,366.50 ,367.20 ,361.30 
417.90 ,375.00 ,431.10 ,375.00 
419.40 ,428.30 ,445.00 ,387.50 
399.10 ,410.00 ,414.60 ,385.00 
376.50 ,400.50 ,406.30 ,371.00 
388.20 ,380.60 ,391.90 ,380.30 
387.60 ,388.90 ,407.00 ,376.00 
370.00 ,388.60 ,390.90 ,370.00 
379.20 ,373.10 ,381.60 ,372.10 
355.90 ,380.50 ,380.60 ,353.40 
349.30 ,353.50 ,356.00 ,346.10 
346.40 ,350.90 ,360.30 ,346.10 
360.60 ,347.50 ,360.60 ,346.70 
373.20 ,365.30 ,387.00 ,327.80 
375.80 ,373.50 ,390.00 ,373.10 
367.90 ,377.00 ,378.30 ,365.80 
369.60 ,369.30 ,373.50 ,368.10 
375.60 ,369.90 ,380.30 ,359.50 
374.50 ,375.30 ,383.00 ,372.00 
376.70 ,374.70 ,380.30 ,373.10 
377.60 ,376.70 ,380.00 ,374.90 
382.00 ,377.40 ,382.60 ,376.90 
375.70 ,381.40 ,383.10 ,374.30 
370.30 ,375.80 ,378.90 ,364.80 
378.40 ,368.80 ,380.60 ,367.20 
372.80 ,378.00 ,379.10 ,371.10 
374.40 ,373.90 ,376.70 ,370.90 
363.30 ,375.20 ,375.60 ,361.70 
353.90 ,363.20 ,364.40 ,345.50 
346.90 ,354.00 ,356.20 ,343.50 
350.00 ,346.60 ,363.30 ,343.60 
352.80 ,350.40 ,357.00 ,349.90 
350.90 ,352.60 ,352.60 ,348.30 
352.70 ,350.60 ,356.80 ,347.00 
347.20 ,354.10 ,354.10 ,346.30 
330.60 ,348.10 ,348.10 ,330.60 
318.20 ,333.40 ,337.00 ,315.00 
308.30 ,318.60 ,321.10 ,303.60 
315.70 ,309.30 ,317.00 ,306.00 
329.10 ,315.80 ,330.00 ,314.90 
317.20 ,328.40 ,328.40 ,316.90 
329.00 ,318.20 ,329.20 ,317.50 
332.90 ,330.00 ,335.20 ,326.10 
322.80 ,333.60 ,334.30 ,322.80 
319.00 ,322.60 ,323.10 ,317.90 
328.50 ,319.20 ,329.80 ,317.50 
315.90 ,327.10 ,327.10 ,312.70 
317.50 ,317.30 ,318.60 ,312.00 
311.90 ,319.60 ,321.50 ,311.90 
308.80 ,314.40 ,315.30 ,307.90 
317.00 ,309.00 ,317.60 ,308.60 
313.90 ,317.50 ,317.50 ,312.90 
315.10 ,313.60 ,316.00 ,313.00 
282.00 ,314.80 ,314.80 ,282.00 
258.80 ,282.00 ,288.90 ,258.80 
273.20 ,261.00 ,276.50 ,260.50 
285.40 ,273.20 ,287.80 ,268.50 
297.00 ,286.10 ,303.80 ,285.00 
285.60 ,296.20 ,296.20 ,285.60 
292.80 ,285.40 ,295.60 ,283.00 
275.00 ,292.40 ,292.40 ,271.00 
266.20 ,274.80 ,280.00 ,265.00 
267.60 ,267.20 ,281.00 ,265.50 
229.80 ,267.30 ,267.60 ,222.50 
183.20 ,230.30 ,230.50 ,164.90 
217.70 ,181.10 ,234.50 ,176.50 
206.70 ,216.00 ,225.00 ,200.00 
201.20 ,207.20 ,211.00 ,198.20 
209.90 ,202.90 ,218.30 ,197.10 
213.20 ,211.20 ,216.20 ,208.80 
218.00 ,215.00 ,218.00 ,208.00 
225.50 ,219.00 ,225.50 ,219.00 
226.30 ,245.50 ,257.70 ,216.60 
235.00 ,230.00 ,235.00 ,215.00 
240.00 ,215.00 ,250.60 ,215.00 
254.50 ,248.00 ,256.30 ,245.30 
274.50 ,262.80 ,322.70 ,241.40 
263.60 ,274.70 ,278.50 ,244.00 
236.10 ,264.00 ,266.00 ,228.50 
235.00 ,235.90 ,242.00 ,221.10 
229.10 ,235.00 ,244.60 ,227.90 
218.40 ,229.00 ,234.70 ,217.10 
229.00 ,218.70 ,233.80 ,210.00 
237.80 ,228.40 ,240.10 ,220.90 
228.60 ,237.00 ,243.90 ,225.30 
227.10 ,228.80 ,231.00 ,221.50 
216.80 ,227.10 ,228.90 ,215.00 
223.20 ,216.80 ,226.60 ,216.00 
229.00 ,223.20 ,230.50 ,222.70 
224.00 ,229.20 ,231.60 ,220.00 
221.10 ,224.00 ,225.00 ,216.40 
220.90 ,221.10 ,222.00 ,215.00 
219.80 ,221.40 ,223.30 ,218.10 
222.40 ,220.00 ,223.20 ,217.80 
236.10 ,222.60 ,242.50 ,221.50 
257.20 ,236.10 ,261.20 ,235.50 
235.90 ,257.00 ,268.30 ,228.20 
233.60 ,235.90 ,243.30 ,229.00 
244.00 ,233.50 ,246.30 ,231.50 
236.30 ,244.00 ,245.00 ,231.70 
240.20 ,236.30 ,243.40 ,235.00 
244.50 ,240.00 ,248.30 ,238.90 
245.60 ,244.50 ,247.70 ,243.30 
236.50 ,245.50 ,247.80 ,232.40 
239.40 ,236.50 ,241.00 ,232.60 
239.70 ,239.40 ,241.00 ,236.70 
238.00 ,239.70 ,240.80 ,235.60 
236.90 ,238.00 ,238.30 ,233.80 
255.00 ,236.90 ,262.60 ,236.60 
255.70 ,255.10 ,257.40 ,251.30 
262.40 ,255.70 ,266.00 ,245.80 
277.30 ,262.40 ,279.60 ,259.20 
283.80 ,277.30 ,290.30 ,268.00 
273.30 ,283.80 ,286.00 ,267.40 
277.70 ,273.30 ,284.50 ,262.90 
273.20 ,277.70 ,277.90 ,269.70 
277.00 ,273.40 ,280.00 ,270.60 
275.60 ,277.00 ,278.70 ,272.00 
291.00 ,275.60 ,295.00 ,279.00 
292.70 ,291.00 ,303.80 ,290.00 
296.70 ,292.60 ,298.70 ,291.10 
295.60 ,296.70 ,298.80 ,292.40 
283.30 ,295.50 ,295.90 ,282.10 
282.60 ,283.20 ,287.50 ,281.40 
286.90 ,282.60 ,287.80 ,283.40 
291.20 ,286.90 ,295.10 ,289.30 
285.30 ,291.20 ,292.80 ,283.00 
257.30 ,285.10 ,285.20 ,249.00 
261.90 ,257.30 ,267.90 ,248.10 
262.20 ,262.00 ,267.00 ,259.40 
260.50 ,262.20 ,263.00 ,255.50 
268.80 ,260.50 ,270.80 ,259.80 
267.20 ,268.80 ,271.50 ,262.00 
246.00 ,267.20 ,268.40 ,241.50 
245.90 ,246.00 ,250.00 ,235.70 
249.20 ,246.30 ,255.00 ,246.30 
246.50 ,249.20 ,250.40 ,245.30 
252.90 ,246.50 ,255.40 ,246.50 
242.40 ,252.90 ,250.00 ,239.50 
247.90 ,242.70 ,248.70 ,246.90 
244.30 ,247.90 ,248.80 ,242.00 
246.90 ,244.50 ,248.50 ,239.50 
253.20 ,246.90 ,254.90 ,244.60 
254.20 ,253.20 ,256.40 ,250.70 
253.60 ,254.20 ,255.70 ,250.40 
260.50 ,253.60 ,261.30 ,251.60 
255.60 ,260.50 ,262.40 ,253.70 
253.70 ,255.60 ,257.90 ,253.00 
244.90 ,253.70 ,255.00 ,243.10 
243.60 ,244.90 ,246.80 ,236.50 
236.10 ,243.60 ,243.70 ,230.80 
236.90 ,236.10 ,240.00 ,233.80 
236.40 ,236.90 ,238.70 ,232.80 
225.00 ,236.40 ,237.70 ,220.30 
220.20 ,225.00 ,225.80 ,216.40 
224.00 ,220.20 ,224.00 ,219.00 
228.50 ,224.00 ,230.00 ,223.00 
222.40 ,228.50 ,229.00 ,219.60 
223.10 ,222.40 ,224.20 ,219.90 
222.20 ,223.10 ,226.80 ,222.10 
224.20 ,222.20 ,227.00 ,221.50 
235.80 ,224.20 ,236.20 ,224.20 
234.10 ,237.00 ,239.00 ,232.40 
236.00 ,234.10 ,237.00 ,233.00 
231.40 ,236.00 ,236.20 ,228.70 
226.10 ,231.40 ,232.70 ,225.80 
219.70 ,226.10 ,221.50 ,214.00 
227.70 ,219.70 ,232.00 ,218.20 
225.30 ,227.10 ,228.10 ,222.20 
225.20 ,225.30 ,227.80 ,222.70 
236.10 ,225.20 ,240.20 ,224.60 
231.80 ,236.10 ,239.20 ,231.30 
234.80 ,231.80 ,235.80 ,231.80 
240.70 ,234.80 ,243.70 ,235.70 
238.50 ,240.60 ,243.60 ,237.00 
235.90 ,238.50 ,239.40 ,231.10 
229.30 ,235.90 ,236.80 ,227.30 
237.30 ,229.30 ,239.80 ,227.80 
244.50 ,237.30 ,248.50 ,236.20 
242.50 ,244.50 ,249.10 ,240.10 
240.60 ,242.50 ,245.90 ,238.80 
242.50 ,240.70 ,245.50 ,238.50 
241.80 ,242.50 ,244.40 ,240.90 
235.80 ,241.90 ,245.00 ,234.30 
236.70 ,235.70 ,238.20 ,232.10 
237.30 ,236.70 ,238.90 ,233.90 
235.70 ,237.30 ,237.60 ,234.00 
236.20 ,235.70 ,238.00 ,235.60 
232.80 ,236.10 ,237.30 ,229.00 
231.70 ,232.80 ,235.70 ,231.20 
234.20 ,231.70 ,235.20 ,231.60 
235.30 ,234.20 ,236.50 ,233.90 
241.00 ,235.30 ,241.80 ,234.60 
238.80 ,241.00 ,241.20 ,237.60 
240.90 ,238.80 ,243.00 ,238.60 
237.10 ,241.00 ,241.10 ,236.10 
237.40 ,237.10 ,238.50 ,235.30 
236.90 ,237.40 ,239.30 ,235.60 
236.90 ,236.90 ,237.50 ,235.90 
236.50 ,236.90 ,237.20 ,235.00 
232.50 ,236.50 ,236.70 ,230.70 
228.70 ,232.50 ,232.70 ,227.10 
222.00 ,228.70 ,230.90 ,219.80 
224.70 ,222.00 ,226.00 ,221.00 
225.10 ,224.70 ,227.00 ,222.30 
223.20 ,225.10 ,225.80 ,222.60 
224.50 ,223.20 ,229.20 ,222.70 
225.60 ,224.50 ,226.90 ,223.90 
223.30 ,225.70 ,226.70 ,222.30 
228.80 ,223.30 ,230.60 ,223.30 
229.10 ,228.80 ,232.00 ,227.80 
228.60 ,229.10 ,229.90 ,227.50 
229.80 ,228.60 ,230.70 ,228.60 
229.40 ,230.00 ,231.30 ,229.10 
232.90 ,229.40 ,233.50 ,228.40 
233.50 ,232.90 ,235.40 ,232.50 
237.00 ,233.50 ,238.20 ,233.40 
252.10 ,237.00 ,253.90 ,236.00 
248.90 ,252.10 ,259.10 ,246.10 
249.50 ,248.90 ,253.70 ,243.00 
244.60 ,249.50 ,252.10 ,243.70 
245.40 ,244.60 ,245.90 ,240.10 
244.30 ,245.40 ,245.70 ,241.10 
246.70 ,244.30 ,248.00 ,243.50 
244.30 ,246.70 ,247.40 ,242.30 
239.80 ,244.30 ,244.30 ,239.50 
242.10 ,239.80 ,243.00 ,239.50 
243.30 ,242.10 ,243.90 ,240.60 
251.60 ,243.30 ,251.80 ,242.60 
248.70 ,251.60 ,252.10 ,247.30 
256.70 ,248.70 ,257.70 ,248.60 
262.90 ,256.70 ,268.90 ,254.70 
258.10 ,262.90 ,264.80 ,253.50 
254.50 ,258.10 ,262.60 ,253.00 
256.00 ,254.50 ,256.90 ,252.10 
260.60 ,256.10 ,261.90 ,253.60 
265.20 ,260.60 ,265.30 ,258.00 
274.80 ,270.10 ,276.50 ,268.10 
265.50 ,268.80 ,268.90 ,263.30 
270.80 ,269.50 ,271.40 ,267.40 
269.20 ,270.00 ,272.80 ,268.00 
286.70 ,269.20 ,292.70 ,268.60 
311.10 ,300.60 ,316.00 ,300.50 
292.60 ,311.10 ,312.00 ,284.50 
286.90 ,292.60 ,297.10 ,286.10 
285.40 ,286.90 ,294.40 ,283.50 
278.90 ,285.40 ,294.30 ,275.20 
279.90 ,278.90 ,281.50 ,272.10 
277.30 ,279.90 ,283.30 ,276.10 
275.00 ,277.30 ,279.20 ,274.70 
280.30 ,275.00 ,280.50 ,273.50 
275.80 ,280.20 ,282.10 ,275.30 
278.00 ,275.80 ,278.40 ,274.50 
276.50 ,278.00 ,278.40 ,275.60 
288.60 ,276.50 ,289.90 ,276.00 
289.40 ,288.60 ,292.40 ,286.40 
293.00 ,289.40 ,294.50 ,288.10 
294.80 ,293.00 ,298.70 ,286.00 
295.20 ,294.80 ,298.90 ,293.60 
289.90 ,295.20 ,295.40 ,286.60 
288.20 ,289.90 ,291.00 ,285.00 
284.50 ,288.20 ,289.90 ,282.00 
280.30 ,284.50 ,285.00 ,276.50 
282.50 ,280.30 ,283.30 ,276.30 
281.30 ,282.40 ,287.00 ,279.70 
285.50 ,281.30 ,285.90 ,281.30 
282.60 ,285.50 ,285.90 ,281.60 
279.10 ,282.60 ,282.60 ,278.10 
280.10 ,279.10 ,281.00 ,276.10 
261.30 ,280.20 ,280.30 ,260.60 
265.60 ,261.30 ,267.60 ,260.70 
265.10 ,265.60 ,267.70 ,262.20 
272.00 ,265.10 ,272.00 ,264.80 
267.10 ,272.00 ,273.80 ,265.80 
264.50 ,267.10 ,268.00 ,263.30 
266.10 ,264.50 ,268.90 ,262.10 
262.10 ,266.30 ,267.80 ,261.00 
259.90 ,262.20 ,262.90 ,256.50 
258.50 ,259.90 ,262.00 ,257.50 
183.00 ,258.50 ,258.50 ,171.00 
226.20 ,194.00 ,239.40 ,194.00 
235.50 ,226.30 ,237.80 ,226.30 
232.20 ,235.50 ,236.40 ,230.50 
230.30 ,232.20 ,234.60 ,222.00 
228.50 ,230.30 ,232.90 ,225.60 
210.50 ,228.10 ,228.60 ,208.50 
222.70 ,210.50 ,227.90 ,198.00 
226.20 ,222.70 ,232.20 ,220.10 
225.80 ,226.10 ,229.20 ,224.00 
231.80 ,225.80 ,237.30 ,220.10 
230.80 ,231.80 ,233.90 ,227.20 
230.00 ,230.80 ,233.50 ,225.80 
231.40 ,230.00 ,233.70 ,225.30 
228.20 ,231.40 ,232.30 ,226.60 
229.70 ,228.20 ,231.80 ,226.50 
227.30 ,229.70 ,229.90 ,226.20 
230.90 ,227.30 ,231.60 ,227.10 
235.80 ,230.90 ,239.70 ,230.00 
241.00 ,235.80 ,246.50 ,235.50 
240.90 ,241.00 ,243.00 ,239.00 
244.20 ,240.90 ,247.70 ,240.30 
238.90 ,244.20 ,245.60 ,238.50 
239.50 ,238.90 ,241.90 ,237.00 
240.60 ,239.50 ,242.90 ,239.40 
235.80 ,240.60 ,241.00 ,235.30 
231.00 ,235.80 ,236.90 ,228.90 
230.90 ,231.00 ,233.80 ,228.40 
230.90 ,230.90 ,232.90 ,229.50 
229.00 ,230.90 ,232.10 ,227.40 
233.60 ,229.00 ,235.70 ,229.00 
233.80 ,233.60 ,236.20 ,232.50 
232.10 ,233.80 ,234.20 ,231.40 
232.10 ,232.10 ,233.20 ,231.40 
227.20 ,232.10 ,233.00 ,226.40 
231.30 ,227.20 ,233.30 ,224.50 
230.50 ,231.10 ,233.00 ,230.00 
234.60 ,230.50 ,236.30 ,230.50 
235.30 ,234.60 ,237.60 ,233.10 
234.60 ,235.30 ,235.90 ,233.80 
233.40 ,234.60 ,234.80 ,233.10 
240.40 ,233.40 ,241.40 ,233.40 
236.80 ,240.40 ,241.50 ,236.60 
236.50 ,236.80 ,238.80 ,235.10 
238.50 ,236.50 ,240.10 ,236.20 
237.90 ,238.50 ,240.00 ,237.30 
239.80 ,237.90 ,241.10 ,237.70 
239.50 ,239.80 ,240.90 ,239.30 
242.00 ,239.50 ,242.70 ,237.20 
247.40 ,242.00 ,249.00 ,241.50 
244.20 ,247.40 ,247.90 ,243.50 
243.00 ,244.00 ,245.60 ,242.60 
244.80 ,243.00 ,245.40 ,242.60 
246.00 ,244.80 ,246.40 ,243.60 
247.90 ,246.00 ,248.70 ,244.80 
246.10 ,248.00 ,248.40 ,245.40 
251.30 ,246.20 ,253.40 ,244.10 
253.50 ,251.30 ,255.90 ,250.10 
255.20 ,253.50 ,257.50 ,253.40 
263.50 ,255.20 ,267.80 ,254.90 
272.90 ,263.50 ,275.10 ,258.30 
265.00 ,272.90 ,274.60 ,263.30 
265.00 ,265.00 ,268.30 ,262.40 
271.00 ,265.10 ,273.90 ,264.50 
267.80 ,271.00 ,272.30 ,264.10 
275.80 ,267.80 ,280.00 ,267.30 
279.20 ,275.80 ,280.90 ,275.10 
284.20 ,279.20 ,284.50 ,279.00 
284.80 ,284.20 ,296.00 ,281.20 
287.20 ,284.70 ,287.90 ,282.30 
295.20 ,287.20 ,298.70 ,287.10 
304.50 ,295.30 ,308.00 ,295.30 
314.90 ,304.50 ,321.10 ,301.50 
328.20 ,314.90 ,336.00 ,313.80 
316.00 ,328.20 ,335.40 ,307.20 
330.70 ,316.00 ,333.50 ,313.60 
365.00 ,330.20 ,372.50 ,326.80 
405.30 ,365.30 ,423.90 ,361.90 
409.20 ,405.00 ,503.40 ,366.70 
388.00 ,409.20 ,449.10 ,371.00 
375.60 ,387.90 ,396.70 ,351.50 
384.60 ,375.60 ,392.20 ,371.70 
374.00 ,384.90 ,390.30 ,365.70 
381.00 ,374.10 ,388.80 ,360.90 
340.20 ,381.10 ,383.40 ,327.00 
314.00 ,340.20 ,343.60 ,300.80 
336.60 ,314.30 ,346.20 ,314.10 
338.50 ,337.60 ,343.60 ,326.20 
333.40 ,338.50 ,340.70 ,329.00 
321.10 ,333.40 ,336.40 ,315.00 
332.10 ,320.50 ,335.00 ,315.20 
336.30 ,332.10 ,342.50 ,331.00 
336.00 ,336.30 ,338.80 ,328.10 
326.50 ,335.90 ,336.40 ,324.50 
322.20 ,326.50 ,326.80 ,309.50 
327.50 ,322.20 ,329.00 ,319.00 
324.70 ,327.80 ,327.90 ,320.40 
323.60 ,324.70 ,327.00 ,320.90 
320.10 ,323.60 ,323.80 ,315.80 
329.90 ,320.10 ,331.00 ,316.00 
354.00 ,329.90 ,369.10 ,329.40 
358.90 ,354.00 ,366.70 ,348.20 
358.70 ,358.90 ,362.10 ,351.20 
373.30 ,358.60 ,376.00 ,355.60 
376.90 ,373.90 ,384.50 ,370.00 
362.70 ,376.90 ,380.00 ,353.20 
359.10 ,362.70 ,363.10 ,346.20 
360.70 ,359.10 ,371.10 ,352.90 
363.20 ,360.50 ,364.40 ,354.30 
390.00 ,363.20 ,394.00 ,362.20 
390.60 ,390.00 ,406.80 ,386.00 
396.70 ,390.60 ,403.80 ,384.90 
420.80 ,396.70 ,421.40 ,388.40 
418.70 ,422.00 ,426.00 ,406.50 
414.90 ,418.70 ,421.00 ,411.20 
456.30 ,414.90 ,457.00 ,414.80 
435.70 ,457.00 ,475.00 ,404.40 
433.00 ,435.60 ,443.80 ,418.30 
442.60 ,432.50 ,448.10 ,427.60 
466.50 ,442.60 ,467.00 ,442.50 
455.00 ,466.00 ,467.00 ,440.00 
455.80 ,455.00 ,458.50 ,446.30 
463.50 ,455.60 ,466.60 ,452.00 
462.50 ,463.50 ,467.00 ,452.80 
442.60 ,462.40 ,462.70 ,431.80 
437.90 ,442.60 ,445.90 ,424.90 
435.60 ,437.50 ,443.60 ,433.50 
442.60 ,435.60 ,445.80 ,434.60 
456.10 ,442.60 ,459.00 ,442.50 
455.50 ,456.10 ,460.00 ,445.90 
416.50 ,455.50 ,459.30 ,405.50 
422.40 ,416.50 ,424.90 ,407.00 
420.20 ,422.30 ,429.00 ,417.00 
431.90 ,420.10 ,432.20 ,418.00 
424.70 ,431.80 ,434.00 ,420.00 
429.00 ,424.70 ,432.60 ,412.50 
434.00 ,429.00 ,436.50 ,426.30 
432.70 ,434.00 ,435.80 ,430.00 
428.70 ,432.70 ,433.10 ,422.00 
432.90 ,428.60 ,435.70 ,427.00 
431.80 ,432.90 ,434.90 ,428.20 
428.00 ,431.80 ,432.20 ,425.00 
459.00 ,428.90 ,461.90 ,427.10 
454.00 ,458.80 ,465.00 ,446.80 
449.20 ,454.00 ,456.00 ,447.50 
449.40 ,449.20 ,450.30 ,441.00 
449.30 ,449.40 ,452.50 ,443.60 
432.00 ,449.30 ,449.60 ,429.30 
431.10 ,432.00 ,436.40 ,416.40 
429.30 ,431.10 ,434.90 ,426.00 
358.90 ,429.30 ,429.40 ,358.00 
388.40 ,359.00 ,392.40 ,353.20 
382.10 ,388.40 ,392.80 ,378.80 
387.00 ,382.00 ,389.40 ,375.10 
379.00 ,387.00 ,388.40 ,377.40 
419.40 ,378.90 ,428.00 ,375.00 
411.00 ,419.50 ,424.60 ,405.00 
381.00 ,411.00 ,411.20 ,371.30 
385.60 ,381.00 ,394.00 ,379.90 
402.80 ,385.60 ,407.00 ,385.10 
391.00 ,402.80 ,402.80 ,384.00 
391.30 ,391.00 ,398.00 ,387.50 
395.00 ,391.30 ,397.00 ,389.70 
378.40 ,394.70 ,395.50 ,375.60 
377.60 ,378.40 ,385.30 ,360.20 
377.00 ,377.60 ,380.50 ,374.00 
365.50 ,377.00 ,378.90 ,362.60 
371.40 ,365.50 ,379.00 ,363.30 
372.90 ,371.40 ,374.80 ,369.90 
369.00 ,372.90 ,374.00 ,366.00 
389.80 ,369.00 ,393.90 ,368.60 
386.50 ,389.80 ,392.60 ,384.50 
373.80 ,386.50 ,386.50 ,366.40 
372.00 ,373.70 ,377.80 ,369.20 
370.50 ,372.00 ,376.70 ,369.10 
374.00 ,370.50 ,377.60 ,370.30 
380.90 ,374.30 ,386.50 ,373.10 
378.00 ,380.90 ,383.00 ,372.30 
383.00 ,378.00 ,383.50 ,377.10 
393.00 ,382.90 ,393.00 ,382.60 
408.30 ,393.00 ,408.70 ,393.00 
399.90 ,408.30 ,412.50 ,395.40 
407.30 ,399.90 ,408.80 ,398.70 
414.90 ,407.30 ,421.70 ,405.30 
421.50 ,414.90 ,426.00 ,413.10 
420.00 ,421.50 ,422.50 ,412.00 
438.70 ,419.80 ,445.00 ,419.70 
440.50 ,438.70 ,451.20 ,428.30 
440.30 ,440.50 ,442.50 ,433.40 
421.10 ,440.30 ,442.60 ,416.30 
426.40 ,421.40 ,427.50 ,410.70 
424.90 ,426.40 ,430.00 ,419.50 
435.30 ,424.90 ,435.30 ,420.00 
434.20 ,435.50 ,438.00 ,431.80 
434.50 ,434.20 ,437.80 ,422.10 
439.20 ,434.50 ,444.80 ,430.50 
434.80 ,439.20 ,442.80 ,428.50 
422.20 ,434.80 ,436.30 ,421.10 
420.60 ,422.10 ,424.40 ,416.40 
408.80 ,420.60 ,424.00 ,407.70 
397.40 ,408.80 ,410.10 ,389.70 
403.90 ,397.40 ,409.50 ,392.00 
412.70 ,403.80 ,415.30 ,401.60 
411.40 ,412.60 ,415.90 ,406.00 
412.90 ,411.40 ,414.50 ,407.80 
416.50 ,413.00 ,417.20 ,410.70 
420.50 ,416.50 ,423.60 ,415.50 
410.00 ,420.50 ,421.80 ,406.50 
411.80 ,410.00 ,416.00 ,410.00 
416.00 ,411.90 ,417.90 ,411.80 
415.50 ,415.90 ,418.80 ,412.80 
417.30 ,415.50 ,418.00 ,414.00 
418.80 ,417.30 ,420.60 ,416.70 
407.70 ,418.80 ,418.90 ,403.00 
408.40 ,407.70 ,410.70 ,404.00 
411.30 ,408.40 ,413.00 ,407.90 
411.90 ,411.30 ,412.10 ,406.00 
417.70 ,411.90 ,418.70 ,409.90 
418.10 ,417.70 ,419.70 ,415.80 
415.30 ,418.10 ,418.10 ,414.00 
416.00 ,415.30 ,417.00 ,413.00 
416.70 ,416.00 ,418.70 ,414.50 
427.40 ,416.70 ,431.00 ,415.80 
424.10 ,427.40 ,428.00 ,422.40 
415.80 ,424.10 ,426.40 ,407.50 
413.20 ,416.00 ,416.00 ,408.60 
416.00 ,413.20 ,418.30 ,413.00 
417.60 ,416.00 ,417.60 ,414.00 
420.30 ,417.90 ,422.80 ,417.50 
420.60 ,420.30 ,421.70 ,417.60 
420.50 ,420.60 ,421.20 ,416.30 
423.80 ,420.50 ,424.60 ,419.60 
422.60 ,423.80 ,424.50 ,421.70 
422.30 ,422.60 ,422.90 ,417.80 
418.50 ,422.30 ,424.50 ,415.50 
418.50 ,418.50 ,418.80 ,412.00 
421.30 ,418.50 ,422.80 ,417.50 
423.70 ,421.30 ,423.90 ,418.80 
426.60 ,423.70 ,430.00 ,423.70 
424.80 ,426.60 ,427.70 ,423.00 
426.00 ,424.80 ,426.40 ,424.00 
431.50 ,426.00 ,432.40 ,426.00 
432.00 ,431.50 ,435.70 ,430.50 
428.50 ,432.50 ,433.50 ,426.40 
430.00 ,428.50 ,430.90 ,426.50 
437.80 ,430.00 ,439.00 ,428.50 
444.00 ,437.80 ,446.50 ,436.60 
452.00 ,443.90 ,454.50 ,442.30 
447.80 ,452.30 ,453.10 ,444.50 
453.70 ,447.80 ,454.60 ,445.70 
463.00 ,453.70 ,465.00 ,450.20 
461.80 ,463.00 ,471.60 ,455.00 
468.10 ,461.80 ,472.00 ,461.80 
445.10 ,468.10 ,469.70 ,443.40 
450.50 ,444.90 ,450.80 ,435.00 
455.30 ,450.50 ,457.40 ,445.80 
446.60 ,455.30 ,456.00 ,445.10 
451.10 ,446.60 ,453.00 ,445.70 
443.70 ,451.10 ,452.50 ,436.00 
450.40 ,443.70 ,452.00 ,440.10 
447.40 ,450.40 ,451.00 ,445.10 
448.40 ,447.40 ,450.40 ,446.10 
461.20 ,448.40 ,465.00 ,448.00 
460.20 ,461.20 ,463.00 ,458.30 
459.90 ,460.20 ,461.60 ,456.00 
461.60 ,459.90 ,465.40 ,457.80 
450.70 ,461.60 ,464.00 ,446.20 
452.30 ,450.70 ,454.70 ,450.00 
455.00 ,452.30 ,456.10 ,445.90 
455.80 ,455.00 ,457.50 ,452.00 
455.80 ,455.80 ,458.50 ,454.10 
457.90 ,455.80 ,460.70 ,454.70 
453.00 ,457.90 ,459.00 ,451.00 
453.20 ,453.00 ,454.90 ,451.00 
453.50 ,453.20 ,456.90 ,451.50 
435.00 ,453.50 ,454.70 ,433.00 
441.60 ,434.50 ,443.10 ,433.00 
440.80 ,441.60 ,442.20 ,437.00 
437.50 ,440.80 ,441.00 ,435.10 
443.70 ,437.50 ,444.40 ,436.50 
445.00 ,443.50 ,447.80 ,442.40 
449.10 ,445.00 ,450.40 ,443.00 
454.00 ,449.10 ,454.70 ,446.00 
472.00 ,454.00 ,482.30 ,453.60 
527.00 ,472.00 ,541.00 ,471.00 
531.00 ,527.00 ,567.00 ,512.50 
532.90 ,531.00 ,548.40 ,521.10 
530.70 ,532.90 ,546.50 ,518.00 
536.80 ,530.70 ,546.10 ,523.80 
538.80 ,536.80 ,543.70 ,532.40 
570.90 ,538.80 ,579.00 ,535.80 
572.70 ,570.90 ,593.70 ,561.50 
574.00 ,572.90 ,586.00 ,565.20 
585.20 ,574.00 ,588.50 ,574.00 
576.90 ,585.20 ,592.10 ,561.30 
583.00 ,576.90 ,585.00 ,571.10 
575.50 ,583.00 ,583.70 ,570.00 
580.10 ,575.50 ,582.40 ,572.50 
614.50 ,580.10 ,615.00 ,579.30 
671.00 ,614.60 ,685.00 ,607.00 
705.90 ,672.00 ,719.00 ,659.90 
684.50 ,705.90 ,705.90 ,656.50 
696.90 ,684.50 ,699.10 ,669.20 
769.50 ,697.00 ,778.50 ,697.00 
748.70 ,769.50 ,780.00 ,703.10 
757.60 ,748.70 ,789.70 ,721.60 
767.30 ,757.60 ,771.90 ,740.00 
743.90 ,767.30 ,767.70 ,724.30 
668.90 ,705.80 ,715.80 ,668.90 
606.00 ,669.00 ,688.20 ,588.90 
625.80 ,605.60 ,638.20 ,555.60 
666.00 ,625.80 ,680.00 ,625.80 
664.90 ,665.50 ,698.00 ,642.80 
627.40 ,664.90 ,667.90 ,614.30 
662.20 ,627.40 ,662.20 ,617.30 
646.30 ,662.20 ,664.30 ,633.00 
639.70 ,646.60 ,646.60 ,622.00 
674.70 ,640.00 ,677.50 ,635.60 
674.80 ,674.70 ,690.60 ,667.60 
705.00 ,674.80 ,705.30 ,673.40 
659.30 ,706.00 ,707.00 ,644.40 
681.30 ,659.30 ,684.20 ,644.50 
667.80 ,681.30 ,682.70 ,659.30 
677.00 ,667.80 ,682.60 ,667.00 
640.50 ,677.40 ,682.00 ,610.10 
664.80 ,640.50 ,666.60 ,634.00 
648.10 ,664.80 ,664.80 ,624.00 
649.70 ,648.10 ,651.50 ,636.90 
648.00 ,649.70 ,662.50 ,643.40 
667.20 ,648.00 ,678.00 ,645.60 
653.70 ,667.10 ,669.90 ,652.50 
659.80 ,653.70 ,666.00 ,650.00 
665.50 ,659.80 ,669.60 ,658.20 
665.30 ,665.50 ,669.60 ,659.10 
683.20 ,665.30 ,689.70 ,663.60 
674.30 ,683.20 ,686.00 ,666.50 
675.00 ,674.30 ,676.60 ,666.30 
665.80 ,675.00 ,676.00 ,661.30 
665.00 ,665.80 ,668.00 ,657.60 
648.00 ,665.00 ,668.00 ,640.00 
654.00 ,648.00 ,657.10 ,645.00 
661.80 ,654.00 ,664.10 ,650.50 
654.20 ,661.80 ,664.40 ,650.00 
648.50 ,654.20 ,657.60 ,640.60 
654.50 ,648.50 ,657.10 ,646.60 
658.30 ,657.00 ,660.40 ,654.50 
655.00 ,658.30 ,660.50 ,651.80 
623.70 ,655.00 ,655.10 ,621.30 
608.00 ,622.70 ,627.30 ,605.00 
604.00 ,608.30 ,615.30 ,595.00 
604.10 ,604.10 ,604.10 ,604.10 
604.10 ,604.10 ,604.10 ,604.10 
604.10 ,604.10 ,604.10 ,604.10 
604.10 ,604.10 ,604.10 ,604.10 
604.10 ,604.10 ,604.10 ,604.10 
604.10 ,604.10 ,604.10 ,604.10 
604.10 ,604.10 ,604.10 ,604.10 
590.30 ,604.10 ,614.50 ,579.00 
591.30 ,590.50 ,599.00 ,587.80 
585.50 ,591.30 ,593.00 ,584.00 
583.70 ,585.50 ,590.00 ,582.10 
569.40 ,583.70 ,583.70 ,564.00 
564.60 ,569.40 ,574.00 ,563.00 
574.20 ,564.60 ,579.00 ,564.00 
571.80 ,574.20 ,577.90 ,569.00 
572.20 ,571.80 ,578.00 ,569.70 
573.50 ,572.30 ,577.20 ,570.80 
582.00 ,573.50 ,582.80 ,571.30 
581.40 ,582.10 ,584.20 ,580.00 
588.00 ,581.40 ,590.00 ,581.40 
583.50 ,588.00 ,590.70 ,581.10 
580.30 ,583.50 ,586.90 ,580.00 
577.20 ,580.30 ,581.10 ,574.00 
578.00 ,577.20 ,579.50 ,575.10 
568.50 ,578.00 ,578.90 ,567.20 
574.20 ,568.50 ,574.40 ,568.30 
574.80 ,574.20 ,578.00 ,573.00 
579.50 ,574.80 ,580.20 ,574.20 
576.20 ,579.50 ,579.50 ,572.70 
572.70 ,576.20 ,578.00 ,571.50 
579.80 ,572.70 ,581.10 ,570.60 
609.90 ,579.80 ,612.40 ,576.00 
614.50 ,609.90 ,618.70 ,604.60 
611.50 ,614.50 ,615.70 ,605.70 
615.20 ,611.50 ,616.70 ,609.80 
619.80 ,615.10 ,620.60 ,610.80 
631.70 ,619.80 ,636.20 ,617.80 
626.30 ,631.70 ,633.50 ,621.30 
628.00 ,626.30 ,629.70 ,624.90 
612.10 ,628.00 ,635.00 ,598.00 
611.60 ,612.10 ,615.20 ,608.10 
614.20 ,611.60 ,618.00 ,610.00 
613.90 ,614.20 ,617.40 ,612.00 
611.80 ,613.90 ,617.30 ,611.00 
610.00 ,611.80 ,614.20 ,609.50 
607.70 ,610.00 ,610.60 ,605.00 
613.00 ,607.70 ,615.90 ,607.40 
609.80 ,613.00 ,615.00 ,608.90 
600.00 ,609.80 ,612.00 ,600.00 
597.40 ,600.10 ,600.10 ,592.70 
597.10 ,597.40 ,598.70 ,596.00 
603.30 ,597.10 ,604.00 ,596.00 
602.50 ,603.30 ,605.80 ,601.50 
600.40 ,602.50 ,603.60 ,597.60 
609.10 ,600.40 ,610.00 ,599.90 
605.50 ,609.10 ,609.90 ,602.00 
603.80 ,605.50 ,605.80 ,603.10 
604.60 ,603.80 ,607.80 ,603.20 
611.10 ,604.60 ,612.90 ,604.30 
614.10 ,611.10 ,616.90 ,611.10 
609.10 ,614.10 ,614.20 ,607.00 
612.60 ,609.10 ,613.20 ,608.90 
611.00 ,612.70 ,614.00 ,609.60 
614.10 ,610.70 ,617.30 ,610.00 
613.50 ,614.10 ,615.90 ,612.70 
620.10 ,613.50 ,621.20 ,613.00 
620.50 ,620.10 ,622.90 ,617.90 
616.60 ,620.50 ,620.90 ,614.40 
618.90 ,616.60 ,620.00 ,615.90 
641.70 ,618.90 ,646.00 ,618.10 
637.60 ,641.90 ,644.10 ,637.30 
637.00 ,637.60 ,643.70 ,636.40 
643.00 ,637.00 ,645.40 ,636.70 
640.20 ,643.00 ,645.70 ,637.90 
644.20 ,640.20 ,645.80 ,639.80 
639.80 ,644.20 ,644.60 ,637.80 
638.80 ,639.80 ,641.70 ,632.90 
631.80 ,638.70 ,643.90 ,627.80 
632.50 ,631.80 ,633.60 ,628.00 
636.70 ,632.50 ,639.00 ,632.00 
665.00 ,636.70 ,671.00 ,635.10 
659.00 ,665.00 ,671.40 ,656.00 
654.70 ,659.00 ,659.00 ,654.00 
659.50 ,654.70 ,670.00 ,652.70 
678.70 ,659.50 ,685.60 ,658.50 
688.70 ,678.70 ,690.60 ,676.70 
693.50 ,688.70 ,695.00 ,681.60 
714.50 ,693.50 ,724.00 ,692.30 
702.50 ,714.50 ,716.60 ,697.80 
704.10 ,702.50 ,706.00 ,688.00 
734.20 ,704.10 ,746.50 ,701.40 
737.90 ,731.40 ,740.00 ,723.60 
690.10 ,747.20 ,753.70 ,676.00 
708.40 ,696.90 ,710.90 ,687.00 
708.40 ,706.80 ,713.90 ,700.80 
713.00 ,709.20 ,721.60 ,700.00 
707.80 ,712.70 ,712.70 ,700.00 
714.00 ,704.80 ,718.00 ,703.00 
723.80 ,714.00 ,743.10 ,708.50 
714.90 ,724.40 ,725.00 ,709.10 
714.80 ,714.90 ,719.40 ,712.00 
703.80 ,714.80 ,717.00 ,700.10 
708.10 ,703.40 ,708.10 ,687.60 
707.40 ,708.10 ,709.00 ,699.00 
712.20 ,707.40 ,720.00 ,707.40 
745.00 ,712.20 ,747.50 ,710.10 
740.70 ,745.00 ,762.40 ,735.00 
754.00 ,740.70 ,756.90 ,734.50 
752.90 ,754.00 ,760.00 ,740.00 
729.70 ,752.90 ,757.00 ,712.00 
739.00 ,729.70 ,740.60 ,728.10 
750.00 ,739.00 ,753.90 ,733.30 
742.00 ,749.80 ,750.90 ,730.80 
737.70 ,742.00 ,744.30 ,727.60 
740.40 ,737.70 ,741.10 ,730.00 
731.20 ,740.40 ,741.00 ,720.00 
725.00 ,731.20 ,736.20 ,722.50 
731.50 ,724.90 ,735.00 ,724.90 
731.00 ,731.50 ,733.90 ,728.70 
739.00 ,731.00 ,743.10 ,729.10 
755.40 ,739.00 ,756.00 ,738.80 
774.90 ,755.40 ,779.20 ,755.20 
765.30 ,774.90 ,774.90 ,756.00 
768.50 ,765.50 ,770.00 ,760.90 
750.60 ,768.50 ,769.00 ,744.60 
757.40 ,750.60 ,758.50 ,750.40 
765.00 ,757.20 ,772.20 ,749.10 
765.00 ,765.00 ,773.20 ,762.70 
770.50 ,765.00 ,772.70 ,765.00 
772.90 ,770.50 ,777.80 ,770.00 
770.20 ,772.90 ,773.70 ,761.80 
778.00 ,770.20 ,784.10 ,770.20 
775.00 ,778.00 ,788.90 ,763.70 
774.50 ,775.00 ,781.20 ,771.20 
777.40 ,774.50 ,780.10 ,774.50 
784.20 ,777.40 ,785.00 ,775.90 
791.00 ,784.20 ,793.00 ,784.20 
790.20 ,791.00 ,792.80 ,784.40 
790.60 ,790.20 ,792.20 ,788.00 
798.00 ,790.60 ,802.30 ,788.00 
830.00 ,798.80 ,830.50 ,795.00 
859.20 ,829.30 ,873.90 ,825.00 
919.00 ,859.20 ,920.00 ,859.00 
895.20 ,919.00 ,919.80 ,882.80 
898.00 ,895.20 ,901.50 ,858.60 
906.40 ,898.00 ,920.00 ,894.20 
936.30 ,906.40 ,940.00 ,903.50 
981.70 ,936.40 ,983.00 ,936.40 
972.60 ,981.70 ,983.00 ,949.00 
959.30 ,974.70 ,974.70 ,929.80 
966.60 ,959.20 ,968.00 ,945.00 
999.00 ,966.60 ,1006.50 ,961.30 
1019.30 ,999.20 ,1034.80 ,997.30 
1037.50 ,1019.30 ,1038.70 ,1013.50 
1139.60 ,1037.50 ,1150.00 ,1036.40 
1003.20 ,1139.80 ,1166.00 ,865.40 
898.00 ,1003.80 ,1025.00 ,871.00 
908.80 ,898.50 ,911.00 ,816.10 
915.90 ,908.80 ,942.50 ,890.00 
903.00 ,915.90 ,916.10 ,876.30 
905.80 ,903.00 ,917.90 ,895.50 
778.60 ,905.80 ,922.60 ,760.00 
804.60 ,779.50 ,831.20 ,738.70 
828.10 ,804.60 ,832.30 ,776.00 
815.30 ,828.10 ,838.50 ,800.70 
820.70 ,815.30 ,823.00 ,805.10 
830.10 ,820.70 ,837.90 ,814.80 
904.00 ,830.10 ,910.80 ,828.00 
887.80 ,904.00 ,913.80 ,847.30 
900.30 ,887.60 ,908.20 ,884.60 
896.00 ,900.30 ,904.50 ,883.30 
924.00 ,895.70 ,931.00 ,893.90 
923.70 ,924.00 ,939.70 ,892.00 
910.00 ,923.70 ,928.80 ,910.00 
886.10 ,908.40 ,927.00 ,884.20 
893.30 ,886.10 ,899.60 ,884.20 
915.10 ,893.30 ,917.60 ,893.30 
916.70 ,915.10 ,922.20 ,905.00 
919.40 ,916.70 ,924.00 ,915.00 
912.60 ,919.40 ,923.00 ,910.70 
917.40 ,912.50 ,920.80 ,910.00 
966.20 ,917.40 ,969.40 ,916.80 
983.70 ,966.20 ,985.00 ,960.10 
1005.70 ,983.70 ,1010.50 ,970.10 
1015.70 ,1007.00 ,1020.50 ,988.30 
1031.10 ,1016.80 ,1040.00 ,1001.60 
1006.60 ,1031.10 ,1033.00 ,996.30 
1022.60 ,1006.60 ,1026.20 ,1006.00 
1052.10 ,1022.60 ,1056.30 ,1021.70 
1048.80 ,1052.50 ,1068.00 ,1013.20 
985.00 ,1049.00 ,1078.00 ,936.40 
992.00 ,985.00 ,1002.00 ,949.40 
1000.30 ,992.10 ,1009.00 ,984.20 
996.00 ,1000.10 ,1005.40 ,992.30 
996.50 ,996.00 ,1004.50 ,975.90 
1013.70 ,996.50 ,1019.00 ,988.90 
1013.80 ,1013.30 ,1017.30 ,1002.40 
1038.40 ,1013.90 ,1045.70 ,1013.90 
1056.20 ,1038.50 ,1065.80 ,1034.10 
1059.80 ,1056.20 ,1071.10 ,1053.10 
1056.20 ,1059.80 ,1066.00 ,1045.00 
1091.20 ,1056.20 ,1100.30 ,1044.10 
1129.60 ,1091.30 ,1134.00 ,1085.00 
1125.30 ,1129.60 ,1140.00 ,1106.40 
1190.90 ,1125.50 ,1196.90 ,1120.40 
1185.10 ,1189.90 ,1222.20 ,1111.10 
1153.00 ,1185.40 ,1189.90 ,1131.50 
1178.30 ,1153.00 ,1185.90 ,1130.90 
1195.50 ,1178.30 ,1202.60 ,1171.00 
1189.10 ,1196.00 ,1216.00 ,1177.80 
1232.80 ,1189.10 ,1233.50 ,1186.00 
1262.30 ,1232.90 ,1283.10 ,1213.00 
1288.20 ,1257.60 ,1294.70 ,1256.60 
1267.80 ,1289.10 ,1291.80 ,1240.10 
1278.40 ,1267.80 ,1279.80 ,1245.30 
1279.30 ,1278.40 ,1287.80 ,1268.60 
1232.40 ,1279.20 ,1281.80 ,1185.90 
1149.30 ,1232.40 ,1243.60 ,1142.20 
1190.40 ,1150.00 ,1207.50 ,1136.00 
1113.60 ,1190.40 ,1328.80 ,971.00 
1172.80 ,1113.50 ,1196.10 ,1107.00 
1225.20 ,1172.40 ,1232.60 ,1167.50 
1238.50 ,1224.40 ,1246.90 ,1207.50 
1245.00 ,1238.50 ,1257.90 ,1218.90 
1256.10 ,1245.00 ,1262.00 ,1241.30 
1169.00 ,1256.10 ,1259.70 ,1132.50 
1068.40 ,1169.10 ,1169.60 ,1066.00 
971.00 ,1067.80 ,1097.10 ,935.10 
1016.10 ,971.90 ,1058.90 ,971.00 
1039.00 ,1016.50 ,1052.10 ,1011.20 
1115.00 ,1040.40 ,1120.90 ,1040.10 
1039.10 ,1115.90 ,1116.00 ,986.30 
1033.00 ,1039.40 ,1055.00 ,1018.00 
943.10 ,1032.70 ,1034.20 ,928.30 
972.20 ,942.10 ,980.00 ,891.00 
969.00 ,971.30 ,1005.50 ,950.10 
1042.70 ,968.90 ,1046.90 ,960.10 
1044.70 ,1042.80 ,1066.50 ,1016.80 
1041.80 ,1044.70 ,1058.90 ,1009.30 
1041.00 ,1041.70 ,1053.50 ,1022.20 
1081.70 ,1042.10 ,1089.40 ,1041.00 
1093.20 ,1081.30 ,1106.90 ,1070.20 
1107.60 ,1093.50 ,1118.20 ,1081.00 
1150.20 ,1107.80 ,1159.90 ,1107.80 
1145.00 ,1150.10 ,1161.90 ,1124.10 
1140.60 ,1145.80 ,1146.70 ,1112.30 
1191.50 ,1140.30 ,1206.40 ,1140.30 
1196.60 ,1191.50 ,1208.90 ,1176.70 
1188.10 ,1196.60 ,1202.60 ,1171.30 
1215.90 ,1188.10 ,1226.90 ,1180.20 
1220.30 ,1215.90 ,1229.90 ,1208.10 
1235.60 ,1220.30 ,1243.40 ,1209.10 
1227.40 ,1236.90 ,1239.00 ,1221.00 
1187.00 ,1227.40 ,1235.10 ,1163.50 
1206.80 ,1187.00 ,1219.10 ,1184.00 
1193.30 ,1206.80 ,1215.00 ,1190.00 
1212.00 ,1193.30 ,1217.60 ,1190.40 
1240.00 ,1212.50 ,1247.00 ,1202.20 
1265.40 ,1240.00 ,1274.80 ,1237.00 
1260.50 ,1265.40 ,1272.00 ,1255.00 
1308.40 ,1260.50 ,1325.70 ,1260.10 
1325.60 ,1308.70 ,1333.10 ,1307.50 
1347.50 ,1327.10 ,1353.10 ,1290.10 
1355.20 ,1346.40 ,1359.00 ,1336.00 
1345.00 ,1355.30 ,1359.60 ,1326.90 
1370.30 ,1345.00 ,1378.50 ,1342.10 
1399.30 ,1371.00 ,1411.70 ,1365.10 
1440.30 ,1399.30 ,1449.70 ,1392.50 
1415.60 ,1440.30 ,1447.00 ,1368.30 
1423.60 ,1415.60 ,1436.60 ,1401.50 
1435.20 ,1425.40 ,1443.50 ,1403.30 
1533.10 ,1435.00 ,1560.00 ,1432.00 
1560.00 ,1533.00 ,1604.60 ,1479.20 
1617.80 ,1558.50 ,1626.90 ,1542.00 
1607.10 ,1619.40 ,1701.90 ,1521.10 
1545.10 ,1607.20 ,1665.50 ,1511.70 
1597.10 ,1545.10 ,1605.00 ,1545.00 
1619.90 ,1597.00 ,1631.30 ,1575.10 
1703.20 ,1619.80 ,1715.00 ,1618.90 
1760.00 ,1703.50 ,1813.90 ,1695.10 
1796.80 ,1759.80 ,1817.40 ,1722.30 
1853.90 ,1796.90 ,1908.00 ,1766.60 
1735.00 ,1853.90 ,1864.80 ,1700.80 
1820.40 ,1735.00 ,1824.00 ,1666.00 
1828.10 ,1820.60 ,1852.40 ,1780.00 
1772.50 ,1826.80 ,1828.50 ,1720.00 
1785.70 ,1772.00 ,1795.10 ,1728.00 
1870.00 ,1786.20 ,1892.90 ,1766.40 
1941.50 ,1870.00 ,1949.90 ,1861.00 
1966.50 ,1941.50 ,2000.00 ,1925.00 
2059.70 ,1966.50 ,2072.20 ,1963.60 
2029.20 ,2059.30 ,2099.10 ,2001.00 
2085.50 ,2026.50 ,2219.90 ,1979.20 
2249.30 ,2087.50 ,2262.90 ,2060.00 
2394.80 ,2250.00 ,2443.80 ,2247.70 
2252.00 ,2392.60 ,2689.00 ,2142.10 
2127.30 ,2268.10 ,2477.00 ,2008.70 
1972.30 ,2125.90 ,2207.90 ,1810.00 
2056.60 ,1980.00 ,2193.00 ,1955.50 
2207.40 ,2056.90 ,2249.80 ,1990.10 
2146.70 ,2207.40 ,2263.10 ,2080.40 
2191.80 ,2147.30 ,2240.10 ,2002.10 
2311.60 ,2191.80 ,2366.70 ,2187.40 
2405.90 ,2312.00 ,2407.80 ,2271.90 
2461.00 ,2405.90 ,2481.00 ,2348.00 
2488.20 ,2461.60 ,2498.00 ,2376.40 
2636.20 ,2488.20 ,2637.50 ,2480.00 
2843.60 ,2636.90 ,2896.50 ,2620.00 
2642.60 ,2844.60 ,2850.00 ,2600.20 
2782.10 ,2642.00 ,2789.30 ,2570.10 
2809.00 ,2781.50 ,2849.80 ,2769.60 
2806.00 ,2809.90 ,2890.50 ,2750.80 
2936.30 ,2806.00 ,3000.00 ,2793.80 
2571.80 ,2941.80 ,2961.90 ,2298.20 
2676.40 ,2570.00 ,2730.00 ,2532.60 
2395.00 ,2677.10 ,2720.00 ,2284.40 
2377.40 ,2394.30 ,2455.00 ,2050.00 
2437.00 ,2377.50 ,2480.00 ,2261.20 
2610.00 ,2435.50 ,2636.90 ,2368.70 
2491.50 ,2610.10 ,2635.00 ,2421.00 
2580.80 ,2494.90 ,2592.70 ,2481.40 
2712.20 ,2585.00 ,2779.60 ,2568.20 
2621.20 ,2715.30 ,2760.00 ,2573.30 
2672.80 ,2624.40 ,2709.00 ,2554.80 
2674.90 ,2672.80 ,2725.30 ,2652.80 
2502.60 ,2674.90 ,2700.00 ,2454.10 
2477.70 ,2502.60 ,2595.00 ,2369.10 
2394.60 ,2480.00 ,2510.40 ,2258.70 
2521.20 ,2393.50 ,2524.00 ,2208.10 
2518.20 ,2521.30 ,2561.10 ,2403.20 
2470.10 ,2518.20 ,2537.00 ,2424.10 
2420.70 ,2472.40 ,2511.10 ,2406.60 
2349.50 ,2420.60 ,2440.90 ,2291.00 
2445.00 ,2346.20 ,2470.00 ,2302.00 
2524.00 ,2445.10 ,2584.00 ,2416.20 
2582.60 ,2525.90 ,2628.00 ,2512.40 
2598.50 ,2579.90 ,2617.60 ,2482.50 
2593.10 ,2598.60 ,2603.30 ,2546.00 
2479.30 ,2593.20 ,2598.00 ,2447.00 
2542.00 ,2479.30 ,2542.60 ,2436.80 
2478.00 ,2542.00 ,2555.60 ,2473.70 
2318.30 ,2477.90 ,2498.10 ,2240.00 
2282.10 ,2318.30 ,2372.80 ,2183.30 
2374.40 ,2285.60 ,2394.00 ,2195.80 
2329.00 ,2375.60 ,2400.00 ,2293.80 
2205.10 ,2329.40 ,2345.60 ,2138.00 
1978.60 ,2206.50 ,2210.10 ,1975.70 
1924.90 ,1979.70 ,2048.80 ,1835.80 
2219.00 ,1925.00 ,2223.30 ,1924.10 
2302.10 ,2220.00 ,2380.20 ,2139.80 
2253.10 ,2302.20 ,2399.90 ,2214.20 
2856.30 ,2253.30 ,2919.90 ,2253.30 
2664.00 ,2874.50 ,2874.50 ,2615.00 
2845.70 ,2659.00 ,2912.90 ,2642.80 
2747.50 ,2845.70 ,2875.70 ,2656.20 
2769.70 ,2750.10 ,2812.00 ,2707.30 
2560.90 ,2769.70 ,2790.10 ,2435.70 
2525.70 ,2560.90 ,2612.00 ,2404.60 
2664.90 ,2527.70 ,2682.20 ,2511.00 
2784.80 ,2664.60 ,2819.90 ,2655.50 
2714.10 ,2784.80 ,2794.20 ,2662.60 
2749.00 ,2713.70 ,2756.20 ,2595.00 
2856.00 ,2748.90 ,2883.50 ,2694.80 
2731.20 ,2854.30 ,2901.60 ,2615.80 
2702.00 ,2733.80 ,2757.80 ,2640.00 
2790.30 ,2702.00 ,2813.00 ,2698.00 
2860.00 ,2790.30 ,2874.80 ,2762.60 
3256.40 ,2860.00 ,3331.90 ,2855.00 
3227.90 ,3255.00 ,3309.80 ,3156.00 
3396.70 ,3232.50 ,3440.00 ,3190.00 
3415.00 ,3395.00 ,3482.90 ,3343.80 
3339.90 ,3415.00 ,3424.40 ,3236.80 
3407.90 ,3340.20 ,3444.40 ,3310.00 
3644.10 ,3404.70 ,3690.60 ,3380.00 
3865.50 ,3643.40 ,3965.40 ,3590.00 
4053.30 ,3866.20 ,4183.70 ,3836.10 
4319.50 ,4061.60 ,4330.30 ,3969.30 
4151.90 ,4321.00 ,4430.00 ,3841.90 
4386.30 ,4160.00 ,4403.60 ,3928.10 
4260.00 ,4386.40 ,4489.10 ,4178.10 
4090.20 ,4269.70 ,4359.00 ,3957.00 
4145.10 ,4088.20 ,4184.10 ,3920.00 
4064.30 ,4145.00 ,4192.00 ,4040.90 
4002.50 ,4066.30 ,4093.50 ,3956.40 
4074.00 ,3998.90 ,4140.00 ,3600.00 
4129.10 ,4086.90 ,4248.60 ,4055.90 
4325.20 ,4135.00 ,4370.80 ,4093.00 
4351.50 ,4324.10 ,4461.20 ,4277.40 
4341.70 ,4351.50 ,4364.00 ,4243.60 
4331.80 ,4340.20 ,4405.70 ,4305.00 
4383.80 ,4330.70 ,4395.20 ,4175.70 
4587.10 ,4385.10 ,4644.20 ,4336.70 
4569.00 ,4586.60 ,4641.10 ,4481.10 
4718.20 ,4567.90 ,4749.90 ,4567.90 
4904.90 ,4718.30 ,4927.40 ,4660.70 
4534.40 ,4911.80 ,4969.00 ,4400.50 
4595.00 ,4534.20 ,4699.80 ,4331.00 
4200.40 ,4599.20 ,4606.00 ,4056.50 
4374.90 ,4210.60 ,4469.90 ,3900.10 
4589.10 ,4375.00 ,4631.40 ,4361.40 
4613.50 ,4594.60 ,4672.80 ,4465.30 
4305.80 ,4613.50 ,4686.20 ,4107.10 
4317.90 ,4304.00 ,4381.20 ,4159.40 
4232.10 ,4315.40 ,4325.00 ,3975.80 
4203.00 ,4234.90 ,4373.10 ,4123.00 
4142.90 ,4198.90 ,4378.40 ,4055.50 
3849.70 ,4149.40 ,4159.60 ,3734.00 
3238.10 ,3850.20 ,3917.20 ,3206.20 
3698.00 ,3237.40 ,3809.00 ,2981.00 
3685.40 ,3697.10 ,3874.00 ,3511.10 
3666.30 ,3680.10 ,3775.90 ,3476.30 
4084.10 ,3667.00 ,4113.90 ,3667.00 
3900.00 ,4084.40 ,4110.00 ,3836.20 
3873.20 ,3892.20 ,4048.00 ,3834.10 
3603.40 ,3875.50 ,3903.70 ,3564.40 
3598.50 ,3597.30 ,3743.60 ,3493.50 
3779.60 ,3598.70 ,3808.00 ,3559.10 
3652.80 ,3779.60 ,3781.30 ,3620.00 
3930.00 ,3654.70 ,3977.00 ,3654.70 
3879.10 ,3930.00 ,3983.00 ,3850.90 
4205.40 ,3881.60 ,4226.50 ,3878.10 
4190.00 ,4207.50 ,4268.60 ,4125.00 
4169.90 ,4190.00 ,4244.60 ,4024.70 
4367.00 ,4168.10 ,4393.40 ,4160.10 
4404.30 ,4366.60 ,4420.50 ,4257.70 
4400.10 ,4404.30 ,4482.00 ,4359.80 
4311.10 ,4399.30 ,4439.90 ,4222.00 
4215.10 ,4310.60 ,4353.80 ,4177.70 
4315.40 ,4215.90 ,4364.60 ,4134.90 
4371.00 ,4312.60 ,4424.50 ,4294.00 
4436.00 ,4370.00 ,4477.10 ,4316.10 
4613.10 ,4435.90 ,4630.00 ,4417.60 
4782.30 ,4612.40 ,4874.90 ,4551.30 
4777.00 ,4782.30 ,4940.00 ,4717.50 
4824.90 ,4777.70 ,4879.50 ,4715.00 
5428.50 ,4824.90 ,5437.60 ,4815.10 
5636.80 ,5440.00 ,5874.30 ,5376.00 
5835.00 ,5636.80 ,5854.30 ,5567.30 
5698.60 ,5838.70 ,5876.90 ,5450.00 
5764.40 ,5712.20 ,5803.20 ,5570.40 
5597.10 ,5764.80 ,5779.00 ,5511.00 
5565.00 ,5597.70 ,5597.90 ,5114.30 
5694.00 ,5574.80 ,5741.00 ,5505.80 
5984.50 ,5694.00 ,6082.20 ,5606.40 
6005.10 ,5984.90 ,6190.00 ,5873.60 
5980.50 ,6005.10 ,6069.60 ,5717.90 
5906.90 ,5980.50 ,6051.00 ,5639.80 
5509.50 ,5902.50 ,5902.50 ,5457.50 
5720.00 ,5509.90 ,5743.90 ,5367.90 
5890.00 ,5724.20 ,5966.60 ,5680.50 
5759.60 ,5890.00 ,6010.20 ,5681.20 
5720.60 ,5759.80 ,5863.90 ,5634.70 
6156.00 ,5718.10 ,6330.00 ,5662.90 
6125.30 ,6146.00 ,6237.20 ,6010.00 
6458.30 ,6129.90 ,6472.10 ,6082.70 
6727.30 ,6450.20 ,6727.30 ,6348.00 
7019.90 ,6735.00 ,7315.10 ,6724.50 
7278.40 ,7018.90 ,7447.50 ,6926.50 
7369.00 ,7104.00 ,7521.10 ,6936.50 
7382.00 ,7370.90 ,7595.00 ,7272.00 
6955.00 ,7355.10 ,7429.50 ,6915.10 
7103.30 ,6959.60 ,7214.40 ,6959.00 
7442.40 ,7102.00 ,7895.00 ,7029.90 
7126.20 ,7447.00 ,7447.00 ,7017.60 
6542.20 ,7123.30 ,7313.10 ,6405.20 
6300.70 ,6541.20 ,6788.00 ,6166.00 
5822.10 ,6282.40 ,6465.00 ,5426.00 
6474.60 ,5806.50 ,6680.00 ,5786.10 
6579.20 ,6476.50 ,6687.80 ,6315.40 
7278.30 ,6589.90 ,7310.20 ,6589.90 
7864.20 ,7273.70 ,8012.90 ,7099.90 
7677.90 ,7865.00 ,8029.80 ,7511.10 
7773.30 ,7674.10 ,7867.00 ,7419.50 
8054.20 ,7770.60 ,8126.90 ,7652.00 
8245.10 ,8052.80 ,8310.20 ,7943.40 
8097.30 ,8245.10 ,8380.00 ,7790.00 
8230.10 ,8097.30 ,8310.00 ,8064.30 
7977.10 ,8230.00 ,8267.60 ,7977.10 
8191.60 ,7977.00 ,8350.70 ,7873.00 
8766.20 ,8191.60 ,8770.00 ,8132.90 
9316.00 ,8791.00 ,9495.00 ,8769.20 
9728.80 ,9303.90 ,9760.70 ,9268.90 
9898.00 ,9727.10 ,9977.80 ,9608.30 
9749.40 ,9891.90 ,11427.20 ,9001.10 
9907.00 ,9771.90 ,10540.00 ,8821.00 
10869.00 ,9907.00 ,10949.00 ,9370.10 
10881.00 ,10852.00 ,11187.00 ,10627.00 
11157.00 ,10880.00 ,11842.00 ,10299.00 
11595.00 ,11162.00 ,11598.00 ,10788.00 
11595.00 ,11611.00 ,11949.00 ,11414.00 
13527.00 ,11590.00 ,13598.00 ,11590.00 
16601.00 ,13500.00 ,16639.00 ,13154.00 
15869.00 ,16608.00 ,17160.00 ,13774.00 
14660.00 ,15829.00 ,16300.00 ,13021.00 
14997.00 ,14660.00 ,15728.00 ,12748.00 
16754.00 ,14937.00 ,17443.00 ,14937.00 
16967.00 ,16754.00 ,17500.00 ,16234.00 
16181.00 ,17010.00 ,17288.00 ,15674.00 
16383.00 ,16122.00 ,16999.00 ,15870.00 
17522.00 ,16396.00 ,18098.00 ,16352.00 
19187.00 ,17569.50 ,19548.00 ,17098.00 
18971.00 ,19210.00 ,19891.00 ,18622.00 
18934.00 ,18959.00 ,19171.00 ,18010.00 
17345.00 ,18931.00 ,18987.00 ,16500.00 
16425.00 ,17340.00 ,17709.00 ,15500.00 
15666.80 ,16433.00 ,17333.00 ,14827.00 
13170.00 ,15650.00 ,15826.00 ,10718.00 
14035.00 ,13173.00 ,14986.00 ,12755.00 
13476.00 ,14036.00 ,14047.00 ,11601.20 
13623.00 ,13517.00 ,14278.00 ,12678.00 
15679.00 ,13627.00 ,16048.00 ,13550.00 
15374.00 ,15680.00 ,16494.00 ,14463.00 
14315.00 ,15374.00 ,15467.00 ,13232.00 
14317.00 ,14323.00 ,15105.00 ,13847.00 
12377.00 ,14308.00 ,14403.00 ,11690.00 
13800.00 ,12385.00 ,14140.00 ,12183.90 
13354.00 ,13794.00 ,13893.00 ,12787.00 
14709.80 ,13448.00 ,15300.00 ,12810.00 
15155.00 ,14713.00 ,15428.00 ,14522.00 
15160.00 ,15150.00 ,15390.00 ,14064.00 
16917.00 ,15159.00 ,17101.00 ,14769.00 
17161.00 ,16911.00 ,17252.00 ,16251.00 
16196.00 ,17163.00 ,17176.00 ,15726.00 
14930.00 ,16216.00 ,16279.00 ,13760.00 
14423.00 ,14902.00 ,15355.00 ,14122.00 
14896.00 ,14426.00 ,14896.00 ,13338.00 
13266.00 ,14895.00 ,14949.80 ,12639.00 
13783.00 ,13248.00 ,14095.00 ,12778.00 
14191.00 ,13794.00 ,14580.00 ,13760.00 
13558.00 ,14190.00 ,14391.00 ,12874.30 
13575.00 ,13558.00 ,14350.00 ,13307.00 
11072.00 ,13594.00 ,13604.00 ,9949.40 
11082.00 ,11059.00 ,11490.00 ,9231.10 
11045.00 ,11101.00 ,11881.00 ,10515.00 
11476.00 ,11036.00 ,11879.00 ,10649.00 
12728.00 ,11462.00 ,13002.00 ,11425.00 
11514.00 ,12732.00 ,12732.00 ,11020.00 
10771.00 ,11519.00 ,11886.00 ,10009.00 
10819.00 ,10770.00 ,11383.00 ,9901.10 
11414.00 ,10811.00 ,11529.00 ,10454.00 
11146.00 ,11402.00 ,11723.00 ,10857.00 
11070.00 ,11144.00 ,11647.00 ,10298.00 
11461.00 ,11068.00 ,11683.00 ,10822.00 
11839.00 ,11455.10 ,12181.00 ,11398.00 
11212.00 ,11836.00 ,11957.00 ,11074.00 
10175.00 ,11215.00 ,11250.00 ,9864.90 
10284.00 ,10170.00 ,10411.00 ,9761.00 
9181.10 ,10278.00 ,10311.00 ,8941.00 
8895.80 ,9181.00 ,9201.00 ,7972.20 
9219.40 ,8887.10 ,9495.00 ,8189.60 
8200.00 ,9225.10 ,9403.30 ,7840.00 
6949.90 ,8185.20 ,8378.00 ,6658.80 
7673.80 ,6946.60 ,7860.00 ,6000.00 
7587.00 ,7679.40 ,8488.20 ,7175.10 
8235.10 ,7585.00 ,8648.80 ,7579.60 
8683.20 ,8240.00 ,8748.00 ,7734.70 
8563.10 ,8678.10 ,9074.30 ,8152.10 
8069.00 ,8563.00 ,8569.00 ,7851.00 
8900.60 ,8070.00 ,9000.00 ,8070.00 
8515.90 ,8902.90 ,8952.80 ,8339.70 
9455.40 ,8515.90 ,9488.00 ,8512.60 
9996.90 ,9454.30 ,10175.00 ,9338.80 
10162.00 ,9996.00 ,10270.00 ,9674.90 
11053.50 ,10161.00 ,11083.00 ,10050.00 
10372.00 ,11062.00 ,11250.00 ,10122.00 
11173.00 ,10398.00 ,11250.00 ,10308.00 
11218.00 ,11172.00 ,11776.00 ,11101.00 
10455.00 ,11216.00 ,11239.00 ,10200.00 
9830.00 ,10453.20 ,10912.00 ,9740.00 
10145.00 ,9826.50 ,10395.00 ,9583.90 
9666.30 ,10144.00 ,10499.00 ,9350.30 
9557.40 ,9666.30 ,9840.00 ,9284.30 
10321.00 ,9583.00 ,10437.00 ,9359.90 
10569.00 ,10320.00 ,10880.00 ,10133.00 
10315.00 ,10583.00 ,11063.00 ,10270.00 
10925.00 ,10316.00 ,11087.00 ,10224.00 
11025.00 ,10908.00 ,11189.00 ,10766.00 
11440.00 ,11024.00 ,11526.00 ,11024.00 
11501.00 ,11454.00 ,11544.00 ,11061.00 
11416.00 ,11497.00 ,11696.00 ,11390.00 
10720.00 ,11403.00 ,11403.00 ,10578.00 
9902.90 ,10779.00 ,10899.00 ,9422.10 
9300.00 ,9910.70 ,10109.00 ,9037.00 
9217.00 ,9301.90 ,9420.50 ,8351.00 
8762.00 ,9216.20 ,9500.00 ,8691.10 
9528.00 ,8764.40 ,9726.10 ,8429.00 
9121.00 ,9528.00 ,9894.70 ,8776.80 
9135.00 ,9130.20 ,9479.00 ,8827.70 
8186.60 ,9135.20 ,9400.10 ,7923.80 
8252.90 ,8181.30 ,8416.70 ,7666.30 
8251.00 ,8250.10 ,8602.70 ,7903.20 
7851.00 ,8250.00 ,8350.10 ,7729.50 
8200.20 ,7832.00 ,8285.60 ,7240.00 
8600.10 ,8209.00 ,8689.90 ,8100.00 
8899.70 ,8600.20 ,9025.00 ,8309.60 
8900.10 ,8899.80 ,9175.20 ,8755.70 
8706.40 ,8888.60 ,9088.00 ,8453.10 
8908.00 ,8703.80 ,8910.00 ,8272.80 
8535.00 ,8911.40 ,9040.20 ,8463.00 
8445.10 ,8525.00 ,8673.90 ,8373.00 
8119.10 ,8445.00 ,8496.40 ,7839.10 
7784.50 ,8128.00 ,8209.00 ,7727.00 
7936.10 ,7784.50 ,8118.00 ,7725.00 
7094.00 ,7936.00 ,7963.90 ,6897.20 
6840.40 ,7091.50 ,7267.30 ,6533.00 
6925.30 ,6838.10 ,7221.90 ,6782.90 
6810.00 ,6925.40 ,7035.10 ,6432.40 
7052.70 ,6813.10 ,7121.40 ,6770.20 
7405.60 ,7073.80 ,7509.60 ,7020.00 
6785.90 ,7403.30 ,7422.00 ,6670.00 
6765.00 ,6785.80 ,6911.00 ,6571.90 
6610.20 ,6767.20 ,6851.50 ,6501.10 
6892.60 ,6610.00 ,7075.40 ,6599.90 
7023.90 ,6892.60 ,7114.80 ,6883.00 
6764.60 ,7024.00 ,7187.40 ,6611.00 
6839.30 ,6770.90 ,6890.60 ,6650.00 
6943.10 ,6839.30 ,6975.70 ,6795.00 
7912.00 ,6944.00 ,8083.70 ,6761.30 
7885.80 ,7915.20 ,8230.00 ,7746.00 
8002.90 ,7885.80 ,8182.00 ,7820.70 
8354.10 ,8003.00 ,8426.30 ,7997.20 
8056.20 ,8354.80 ,8415.00 ,7900.30 
7889.90 ,8056.10 ,8169.00 ,7823.30 
8166.30 ,7888.80 ,8229.00 ,7874.70 
8272.80 ,8166.40 ,8296.80 ,8099.90 
8866.10 ,8272.80 ,8937.50 ,8219.00 
8919.10 ,8865.40 ,9029.00 ,8618.90 
8800.00 ,8917.60 ,8979.80 ,8752.90 
8940.00 ,8791.40 ,8940.00 ,8769.90 
9644.40 ,8940.20 ,9737.90 ,8929.90 
8878.40 ,9643.00 ,9761.50 ,8768.40 
9279.30 ,8850.10 ,9308.00 ,8656.00 
8920.10 ,9269.70 ,9381.10 ,8902.80 
9345.30 ,8911.00 ,9436.00 ,8845.00 
9398.60 ,9340.30 ,9564.10 ,9184.60 
9240.00 ,9400.00 ,9450.00 ,9110.70 
9067.00 ,9240.70 ,9240.70 ,8829.10 
9236.40 ,9069.10 ,9279.80 ,8979.60 
9762.10 ,9237.90 ,9838.00 ,9162.80 
9702.80 ,9759.00 ,9811.90 ,9557.00 
9859.60 ,9702.90 ,9990.00 ,9685.90 
9658.70 ,9859.60 ,9963.90 ,9455.00 
9370.00 ,9659.00 ,9675.70 ,9200.00 
9184.70 ,9356.40 ,9469.70 ,9052.30 
9318.20 ,9180.70 ,9370.90 ,8980.10 
9018.70 ,9320.00 ,9390.00 ,9003.00 
8412.40 ,9015.20 ,9015.20 ,8341.80 
8462.70 ,8419.50 ,8631.60 ,8204.50 
8683.60 ,8467.00 ,8753.00 ,8320.00 
8670.80 ,8683.80 ,8882.40 ,8279.50 
8467.50 ,8668.50 ,8838.00 ,8420.70 
8336.10 ,8467.00 ,8488.70 ,8103.60 
8051.80 ,8349.70 ,8466.90 ,7986.80 
8239.00 ,8054.80 ,8276.60 ,7927.80 
8232.30 ,8238.90 ,8400.10 ,8142.00 
8523.70 ,8230.90 ,8580.00 ,8171.50 
8393.40 ,8523.70 ,8586.90 ,8317.70 
7977.30 ,8399.60 ,8406.50 ,7947.20 
7494.80 ,7978.00 ,8020.00 ,7442.10 
7576.70 ,7503.30 ,7718.00 ,7260.90 
7458.00 ,7576.00 ,7654.10 ,7323.10 
7330.30 ,7456.70 ,7621.70 ,7286.10 
7339.70 ,7330.80 ,7411.50 ,7220.10 
7097.90 ,7339.60 ,7434.80 ,7062.40 
7460.00 ,7104.00 ,7527.90 ,7048.60 
7375.10 ,7465.30 ,7557.50 ,7279.60 
7485.80 ,7375.10 ,7599.70 ,7338.00 
7521.00 ,7485.90 ,7599.80 ,7344.80 
7638.10 ,7521.10 ,7691.20 ,7445.50 
7718.00 ,7639.00 ,7777.40 ,7600.00 
7488.30 ,7718.00 ,7761.50 ,7457.50 
7621.70 ,7487.90 ,7669.00 ,7372.90 
7654.00 ,7621.90 ,7698.00 ,7495.20 
7688.90 ,7653.90 ,7756.10 ,7645.80 
7615.10 ,7685.70 ,7697.00 ,7544.00 
7498.60 ,7615.20 ,7684.90 ,7467.70 
6757.30 ,7498.10 ,7498.10 ,6633.90 
6873.30 ,6757.30 ,6897.00 ,6631.00 
6543.90 ,6873.20 ,6873.20 ,6441.00 
6295.20 ,6543.10 ,6611.70 ,6125.70 
6633.70 ,6295.10 ,6703.40 ,6269.50 
6385.00 ,6638.00 ,6655.50 ,6360.30 
6485.90 ,6386.20 ,6557.20 ,6330.00 
6435.70 ,6491.00 ,6573.00 ,6426.90 
6709.20 ,6443.50 ,6826.80 ,6378.60 
6737.50 ,6711.60 ,6832.90 ,6666.20 
6760.40 ,6732.70 ,6818.20 ,6560.00 
6713.50 ,6760.00 ,6787.10 ,6680.10 
6042.60 ,6715.20 ,6730.70 ,5929.10 
6152.00 ,6041.00 ,6253.90 ,6014.00 
6148.00 ,6151.90 ,6249.70 ,5762.90 
6246.60 ,6146.10 ,6334.20 ,6082.10 
6078.50 ,6250.80 ,6273.70 ,6050.20 
6133.10 ,6073.50 ,6181.40 ,5989.00 
5850.00 ,6133.10 ,6167.70 ,5829.90 
6208.10 ,5848.10 ,6273.00 ,5782.90 
6391.50 ,6208.20 ,6518.10 ,6195.80 
6349.70 ,6391.50 ,6435.00 ,6260.20 
6581.30 ,6617.60 ,6672.40 ,6539.00 
6500.00 ,6617.60 ,6672.40 ,6470.50 
6590.00 ,6509.00 ,6778.30 ,6418.70 
6540.20 ,6589.90 ,6697.70 ,6452.00 
6602.10 ,6531.60 ,6636.90 ,6452.90 
6761.70 ,6602.20 ,6826.10 ,6511.50 
6707.00 ,6761.80 ,6790.80 ,6669.10 
6666.70 ,6705.90 ,6820.00 ,6617.10 
6301.50 ,6666.90 ,6680.10 ,6269.30 
6377.80 ,6299.00 ,6402.80 ,6287.70 
6249.00 ,6377.70 ,6377.70 ,6080.80 
6220.00 ,6240.60 ,6335.10 ,6133.40 
6250.10 ,6219.70 ,6320.00 ,6179.30 
6347.20 ,6250.00 ,6388.90 ,6232.30 
6729.20 ,6347.70 ,6750.00 ,6328.90 
7319.80 ,6734.30 ,7462.90 ,6667.40 
7379.40 ,7320.00 ,7586.50 ,7249.90 
7473.50 ,7379.80 ,7559.90 ,7282.90 
7333.10 ,7473.60 ,7681.00 ,7278.20 
7403.30 ,7333.00 ,7458.00 ,7221.00 
7400.50 ,7403.40 ,7572.70 ,7338.90 
7719.80 ,7397.70 ,7800.70 ,7374.10 
8394.50 ,7719.80 ,8500.20 ,7692.30 
8176.00 ,8380.00 ,8485.70 ,8073.00 
7939.00 ,8178.40 ,8313.10 ,7869.80 
8185.70 ,7933.50 ,8280.30 ,7815.10 
8246.40 ,8188.00 ,8246.40 ,8073.90 
8221.00 ,8235.70 ,8293.90 ,8123.00 
8179.60 ,8218.50 ,8274.20 ,7862.90 
7730.60 ,8179.50 ,8179.50 ,7670.00 
7608.80 ,7731.30 ,7755.60 ,7444.20 
7535.20 ,7606.00 ,7707.10 ,7463.10 
7420.00 ,7533.20 ,7533.20 ,7283.60 
7013.20 ,7420.00 ,7490.00 ,6930.00 
7025.80 ,7013.20 ,7089.70 ,6890.20 
6941.30 ,7025.80 ,7149.90 ,6847.00 
6720.50 ,6940.10 ,7149.90 ,6678.80 
6279.20 ,6718.80 ,6720.10 ,6131.00 
6529.10 ,6280.70 ,6623.70 ,6188.20 
6146.80 ,6533.60 ,6573.60 ,6014.50 
6232.70 ,6147.00 ,6485.70 ,6008.20 
6313.90 ,6234.70 ,6481.70 ,6163.30 
6251.90 ,6312.20 ,6541.80 ,6150.00 
6189.00 ,6241.30 ,6244.00 ,5879.30 
6270.10 ,6188.60 ,6623.80 ,6181.10 
6314.00 ,6270.20 ,6474.70 ,6215.20 
6583.30 ,6312.00 ,6588.70 ,6290.20 
6391.20 ,6585.90 ,6615.00 ,6301.90 
6485.10 ,6395.00 ,6550.00 ,6309.30 
6255.90 ,6485.10 ,6520.60 ,6230.20 
6479.10 ,6255.20 ,6500.00 ,6245.00 
6354.90 ,6479.10 ,6885.00 ,6253.00 
6527.20 ,6363.80 ,6565.60 ,6350.00 
6695.90 ,6530.50 ,6728.30 ,6462.70 
6732.90 ,6693.30 ,6795.50 ,6670.00 
6708.40 ,6732.80 ,6784.10 ,6574.50 
6909.50 ,6707.00 ,6911.60 ,6653.50 
7079.70 ,6910.50 ,7127.20 ,6872.00 
7045.70 ,7079.90 ,7133.60 ,6931.60 
6994.70 ,7037.90 ,7060.00 ,6802.40 
7025.90 ,6986.10 ,7084.00 ,6889.00 
7197.50 ,7022.90 ,7260.40 ,7020.50 
7290.40 ,7197.50 ,7367.00 ,7137.20 
7268.00 ,7304.70 ,7341.40 ,7200.10 
7358.90 ,7267.80 ,7410.30 ,7246.20 
6710.50 ,7357.30 ,7400.00 ,6700.00 
6515.60 ,6705.00 ,6720.80 ,6310.30 
6404.10 ,6516.10 ,6532.90 ,6322.80 
6185.00 ,6404.20 ,6475.10 ,6130.30 
6239.90 ,6184.90 ,6427.60 ,6142.20 
6308.00 ,6240.00 ,6363.50 ,6233.20 
6290.80 ,6332.10 ,6397.10 ,6178.10 
6332.00 ,6290.90 ,6355.00 ,6203.10 
6475.60 ,6334.00 ,6523.40 ,6334.00 
6485.00 ,6495.00 ,6593.00 ,6355.60 
6513.60 ,6480.10 ,6568.90 ,6473.60 
6498.50 ,6512.80 ,6517.80 ,6384.50 
6254.20 ,6506.10 ,6532.80 ,6205.10 
6342.80 ,6243.00 ,6384.00 ,6229.20 
6390.90 ,6330.80 ,6521.50 ,6112.70 
6500.50 ,6392.80 ,6535.00 ,6357.20 
6762.70 ,6522.10 ,6790.00 ,6496.00 
6723.00 ,6789.80 ,6840.00 ,6643.60 
6710.00 ,6723.10 ,6783.30 ,6664.20 
6585.00 ,6697.80 ,6721.70 ,6555.10 
6434.70 ,6585.10 ,6585.10 ,6350.20 
6462.40 ,6442.80 ,6552.70 ,6385.80 
6692.50 ,6462.40 ,6727.20 ,6440.70 
6635.10 ,6691.20 ,6825.00 ,6545.10 
6604.60 ,6627.30 ,6631.20 ,6466.00 
6618.10 ,6590.00 ,6656.50 ,6533.30 
6601.90 ,6625.90 ,6659.60 ,6521.00 
6533.30 ,6602.00 ,6638.40 ,6514.10 
6503.20 ,6527.50 ,6552.50 ,6428.10 
6580.10 ,6507.90 ,6640.00 ,6499.30 
6644.70 ,6594.30 ,6666.90 ,6548.00 
6592.00 ,6639.90 ,6648.20 ,6564.50 
6601.00 ,6595.20 ,6633.70 ,6532.80 
6673.20 ,6617.00 ,6718.40 ,6585.90 
6663.00 ,6679.70 ,6680.60 ,6608.50 
6630.20 ,6659.70 ,6659.70 ,6529.70 
6252.00 ,6628.00 ,6628.00 ,6223.80 
6293.20 ,6249.00 ,6348.40 ,6223.00 
6326.50 ,6288.60 ,6331.40 ,6288.60 
6335.20 ,6326.00 ,6399.10 ,6318.50 
6742.00 ,6322.70 ,7704.20 ,6300.00 
6754.10 ,6739.00 ,6891.80 ,6679.00 
6737.10 ,6754.20 ,6792.70 ,6681.30 
6613.00 ,6736.40 ,6778.20 ,6567.50 
6527.30 ,6609.60 ,6630.20 ,6519.90 
6586.70 ,6517.00 ,6609.70 ,6511.30 
6591.60 ,6582.90 ,6655.00 ,6582.90 
6567.20 ,6587.40 ,6627.60 ,6549.10 
6550.00 ,6567.20 ,6584.30 ,6525.40 
6554.10 ,6550.00 ,6623.00 ,6543.20 
6528.10 ,6554.00 ,6566.00 ,6500.10 
6531.50 ,6533.40 ,6588.30 ,6514.30 
6500.20 ,6534.90 ,6553.90 ,6480.10 
6490.10 ,6498.40 ,6510.10 ,6456.30 
6344.00 ,6490.20 ,6505.00 ,6320.90 
6330.10 ,6347.10 ,6380.00 ,6313.20 
6368.40 ,6330.10 ,6406.40 ,6248.20 
6399.70 ,6374.80 ,6423.20 ,6353.50 
6426.90 ,6407.10 ,6454.80 ,6391.60 
6387.90 ,6432.20 ,6432.20 ,6334.70 
6485.20 ,6389.20 ,6509.40 ,6360.10 
6470.10 ,6495.20 ,6495.20 ,6439.40 
6515.20 ,6475.00 ,6515.30 ,6447.80 
6572.70 ,6519.00 ,6607.10 ,6512.20 
6479.60 ,6573.00 ,6585.00 ,6477.00 
6420.20 ,6479.50 ,6502.90 ,6392.60 
6431.10 ,6414.50 ,6461.70 ,6414.50 
6450.00 ,6431.00 ,6459.90 ,6364.00 
6446.90 ,6481.00 ,6481.00 ,6418.80 
6464.40 ,6447.00 ,6497.50 ,6403.50 
5884.60 ,6458.90 ,6485.00 ,5705.00 
5753.40 ,5922.30 ,5929.20 ,5441.50 
5660.50 ,5731.90 ,5756.80 ,5555.00 
5626.70 ,5655.70 ,5659.20 ,5573.60 
5659.40 ,5637.20 ,5716.00 ,5621.00 
4938.10 ,5650.30 ,5650.30 ,4890.90 
4600.10 ,4944.90 ,5048.00 ,4318.10 
4666.60 ,4572.80 ,4773.40 ,4429.90 
4392.40 ,4672.10 ,4716.80 ,4388.50 
4422.70 ,4370.80 ,4482.00 ,4251.00 
3929.80 ,4422.80 ,4515.20 ,3834.70 
4087.80 ,3934.90 ,4211.30 ,3663.00 
3858.00 ,4111.30 ,4196.40 ,3708.10 
3884.40 ,3850.10 ,3941.60 ,3713.20 
4306.30 ,3902.30 ,4439.60 ,3889.90 
4312.90 ,4331.40 ,4472.00 ,4180.60 
4038.30 ,4323.30 ,4357.40 ,3966.20 
4243.00 ,4043.60 ,4339.00 ,3978.80 
4159.70 ,4241.40 ,4353.20 ,4127.20 
3901.20 ,4172.90 ,4178.50 ,3836.20 
3981.90 ,3903.80 ,4131.10 ,3793.10 
3765.30 ,3982.20 ,4000.10 ,3751.10 
3531.30 ,3770.50 ,3908.00 ,3506.00 
3460.00 ,3528.60 ,3624.80 ,3278.40 
3506.00 ,3460.00 ,3784.80 ,3316.20 
3639.60 ,3506.00 ,3766.60 ,3469.70 
3524.90 ,3642.10 ,3697.90 ,3475.80 
3435.30 ,3523.50 ,3549.60 ,3384.00 
3535.60 ,3435.30 ,3611.20 ,3415.10 
3354.40 ,3535.60 ,3539.10 ,3322.20 
3282.80 ,3354.40 ,3390.80 ,3226.40 
3285.10 ,3281.60 ,3323.80 ,3216.10 
3299.90 ,3282.20 ,3380.30 ,3278.00 
3625.10 ,3299.90 ,3711.50 ,3285.50 
3780.10 ,3625.00 ,3780.90 ,3551.00 
3810.00 ,3780.10 ,4041.10 ,3758.00 
4214.50 ,3810.00 ,4275.70 ,3788.60 
3976.10 ,4214.60 ,4283.00 ,3913.30 
4135.00 ,3975.90 ,4147.30 ,3919.50 
4075.70 ,4135.00 ,4210.00 ,4036.80 
4145.20 ,4071.70 ,4384.00 ,4069.00 
3909.70 ,4140.70 ,4152.10 ,3815.50 
3929.80 ,3909.70 ,3990.00 ,3812.10 
3714.70 ,3930.00 ,3954.90 ,3688.00 
4036.70 ,3712.00 ,4094.90 ,3696.30 
3887.00 ,4033.90 ,4099.70 ,3864.60 
3978.30 ,3893.80 ,4003.00 ,3845.20 
3830.50 ,3976.70 ,3986.90 ,3779.50 
3963.00 ,3832.60 ,3981.90 ,3788.40 
4048.50 ,3963.10 ,4082.20 ,3920.10 
3923.20 ,4049.90 ,4055.10 ,3882.00 
3954.90 ,3923.20 ,3985.80 ,3853.30 
3911.00 ,3954.80 ,4014.90 ,3901.40 
4171.50 ,3911.00 ,4214.50 ,3892.90 
4113.90 ,4170.90 ,4196.90 ,4078.50 
4100.00 ,4113.90 ,4210.00 ,4056.20 
4083.20 ,4100.00 ,4165.50 ,4036.00 
3712.80 ,4083.30 ,4136.10 ,3687.20 
3716.10 ,3712.80 ,3777.40 ,3666.60 
3702.00 ,3712.80 ,3734.00 ,3674.40 
3591.00 ,3702.00 ,3712.90 ,3570.00 
3749.30 ,3591.00 ,3798.70 ,3581.80 
3656.50 ,3749.30 ,3769.50 ,3625.10 
3671.20 ,3657.00 ,3750.00 ,3642.90 
3723.00 ,3671.30 ,3725.00 ,3610.00 
3675.70 ,3722.50 ,3723.90 ,3652.40 
3760.00 ,3674.10 ,3858.50 ,3673.90 
3586.10 ,3762.30 ,3796.00 ,3548.30 
3579.40 ,3588.60 ,3614.80 ,3550.00 
3639.10 ,3579.40 ,3676.30 ,3488.30 
3619.90 ,3639.00 ,3677.00 ,3591.20 
3652.60 ,3621.70 ,3670.00 ,3589.90 
3628.90 ,3653.00 ,3663.40 ,3582.10 
3630.70 ,3629.00 ,3745.80 ,3624.80 
3597.10 ,3630.70 ,3642.50 ,3544.00 
3501.90 ,3597.10 ,3597.90 ,3450.30 
3477.90 ,3501.10 ,3512.50 ,3427.20 
3529.60 ,3478.00 ,3548.00 ,3451.50 
3501.10 ,3529.70 ,3565.70 ,3482.20 
3536.20 ,3502.70 ,3557.20 ,3465.00 
3564.30 ,3534.80 ,3575.40 ,3500.80 
3501.70 ,3564.50 ,3566.80 ,3470.10 
3490.50 ,3504.20 ,3522.60 ,3475.30 
3512.60 ,3490.40 ,3517.00 ,3475.90 
3452.00 ,3512.60 ,3521.00 ,3417.60 
3436.10 ,3451.90 ,3462.30 ,3429.30 
3724.00 ,3439.00 ,3799.60 ,3427.80 
3718.40 ,3724.10 ,3739.10 ,3688.80 
3746.30 ,3718.30 ,3753.50 ,3667.10 
3681.10 ,3749.70 ,3749.70 ,3672.00 
3694.20 ,3681.00 ,3728.00 ,3645.30 
3666.10 ,3694.10 ,3735.40 ,3650.40 
3656.70 ,3665.50 ,3681.10 ,3641.10 
3670.00 ,3656.70 ,3716.30 ,3644.50 
3676.40 ,3670.10 ,3724.90 ,3666.00 
3734.50 ,3676.50 ,3788.80 ,3668.90 
3978.10 ,3734.50 ,4019.90 ,3723.90 
3989.90 ,3978.40 ,4081.40 ,3943.40 
4055.00 ,3989.90 ,4070.00 ,3969.20 
4008.80 ,4053.70 ,4122.00 ,3975.30 
4058.30 ,4008.80 ,4074.00 ,3991.30 
4211.70 ,4058.20 ,4255.00 ,4014.50 
3832.00 ,4212.20 ,4282.40 ,3812.00 
3921.80 ,3825.00 ,3965.00 ,3825.00 
3896.80 ,3919.30 ,3934.10 ,3870.40 
3902.70 ,3896.80 ,3934.00 ,3767.00 
3894.00 ,3900.10 ,3988.00 ,3875.00 
3914.00 ,3894.00 ,3948.70 ,3893.00 
3913.00 ,3915.00 ,3924.00 ,3850.00 
3884.80 ,3913.00 ,3923.40 ,3856.70 
3800.00 ,3884.80 ,3908.10 ,3767.10 
3951.60 ,3800.00 ,3966.90 ,3786.20 
3951.40 ,3951.60 ,3984.10 ,3912.40 
3964.70 ,3951.50 ,3989.60 ,3935.70 
3940.50 ,3964.70 ,4020.90 ,3863.70 
4017.30 ,3940.50 ,4046.20 ,3933.90 
4000.00 ,4017.30 ,4017.30 ,3961.80 
3949.00 ,4000.00 ,4009.20 ,3920.70 
3954.10 ,3950.70 ,3979.50 ,3895.20 
3947.90 ,3954.90 ,3972.10 ,3925.10 
3948.30 ,3946.20 ,4000.10 ,3882.80 
4003.10 ,3948.30 ,4011.00 ,3948.30 
4088.00 ,4003.10 ,4152.70 ,4003.10 
4068.90 ,4088.00 ,4088.30 ,4041.10 
4073.50 ,4069.00 ,4119.90 ,4035.60 
4104.70 ,4073.70 ,4118.00 ,4056.60 
4127.20 ,4104.60 ,4136.20 ,4073.90 
4044.80 ,4127.20 ,4138.70 ,4005.20 
4045.30 ,4044.80 ,4064.60 ,4035.10 
4063.20 ,4045.20 ,4076.30 ,4038.50 
4041.40 ,4063.00 ,4063.20 ,4011.50 
3970.00 ,4041.40 ,4049.90 ,3939.10 
3991.70 ,3970.00 ,3994.80 ,3951.00 
4102.50 ,3992.70 ,4109.60 ,3979.60 
4092.60 ,4102.70 ,4104.00 ,4066.40 
4179.00 ,4092.60 ,4188.00 ,4084.70 
4165.10 ,4179.10 ,4210.00 ,4117.20 
4167.60 ,4165.10 ,4181.40 ,4153.10 
4196.80 ,4167.50 ,4220.80 ,4127.20 
4927.10 ,4196.90 ,5079.40 ,4189.70 
4978.00 ,4929.30 ,5330.10 ,4849.10 
4938.90 ,4976.90 ,5099.90 ,4834.00 
5080.40 ,4939.30 ,5130.00 ,4930.10 
5090.50 ,5080.40 ,5280.00 ,4968.10 
5238.10 ,5091.10 ,5313.10 ,5075.00 
5312.50 ,5238.90 ,5361.70 ,5148.50 
5216.30 ,5312.40 ,5312.50 ,5173.50 
5311.70 ,5213.00 ,5487.40 ,5200.50 
5065.80 ,5315.50 ,5340.00 ,5001.10 
5114.00 ,5059.00 ,5134.90 ,4935.20 
5101.80 ,5114.10 ,5160.80 ,5075.30 
5194.30 ,5103.70 ,5209.00 ,5064.20 
5049.20 ,5190.10 ,5217.10 ,5000.70 
5234.30 ,5042.80 ,5256.20 ,5030.00 
5254.50 ,5234.30 ,5291.10 ,5224.70 
5310.80 ,5254.50 ,5339.30 ,5254.00 
5314.00 ,5310.80 ,5371.10 ,5225.00 
5340.00 ,5314.10 ,5375.60 ,5289.20 
5321.90 ,5340.10 ,5366.10 ,5259.40 
5417.80 ,5320.30 ,5447.50 ,5276.50 
5550.90 ,5417.80 ,5645.00 ,5395.20 
5480.30 ,5547.10 ,5647.40 ,5415.00 
5219.00 ,5479.60 ,5556.80 ,5065.20 
5410.80 ,5215.60 ,5517.10 ,5174.10 
5401.80 ,5410.90 ,5456.90 ,5355.40 
5486.80 ,5400.60 ,5542.20 ,5400.60 
5480.10 ,5486.80 ,5515.20 ,5370.30 
5599.50 ,5480.00 ,5612.00 ,5454.90 
5629.60 ,5599.60 ,5655.00 ,5585.50 
5723.80 ,5629.50 ,5779.80 ,5618.00 
6016.00 ,5729.60 ,6139.90 ,5716.50 
6098.30 ,6019.90 ,6149.10 ,5868.20 
6042.00 ,6098.20 ,6112.00 ,5956.20 
6027.90 ,6042.00 ,6100.30 ,5906.80 
6087.90 ,6027.90 ,6290.00 ,6027.90 
6201.00 ,6096.60 ,6220.40 ,6024.10 
6258.40 ,6201.90 ,6309.00 ,6165.00 
6438.70 ,6262.00 ,6522.00 ,6212.60 
7136.40 ,6438.70 ,7278.30 ,6438.70 
6979.90 ,7125.10 ,7448.00 ,6860.00 
7753.20 ,6980.10 ,8049.90 ,6883.90 
7958.30 ,7753.20 ,8194.10 ,7684.10 
8132.90 ,7951.90 ,8208.90 ,7837.60 
7857.00 ,8135.50 ,8307.70 ,7750.10 
7415.40 ,7857.50 ,7905.70 ,7067.40 
7260.00 ,7418.30 ,7509.10 ,7210.60 
8189.50 ,7260.10 ,8263.20 ,7252.00 
7985.00 ,8188.30 ,8188.30 ,7601.00 
7937.00 ,7990.50 ,8089.90 ,7819.70 
7621.10 ,7933.60 ,8030.00 ,7507.90 
7872.40 ,7619.90 ,7957.10 ,7496.30 
7994.90 ,7872.10 ,8158.60 ,7801.60 
8054.90 ,7990.00 ,8135.00 ,7950.40 
8729.90 ,8054.90 ,8820.00 ,7880.20 
8806.00 ,8730.00 ,8951.00 ,8661.00 
8740.90 ,8806.10 ,8843.70 ,8558.30 
8680.90 ,8738.10 ,8794.90 ,8490.00 
8269.90 ,8681.20 ,9100.00 ,8019.70 
8533.30 ,8268.50 ,8550.00 ,8112.40 
8547.00 ,8531.90 ,8625.00 ,8452.00 
8740.00 ,8546.90 ,8818.00 ,8540.00 
8103.40 ,8740.10 ,8740.10 ,8050.10 
7692.80 ,8088.00 ,8088.00 ,7524.50 
7789.30 ,7692.80 ,7931.00 ,7603.00 
7805.60 ,7766.30 ,7870.60 ,7461.00 
7991.50 ,7816.90 ,8123.50 ,7769.10 
7924.60 ,8002.10 ,8064.80 ,7802.00 
7639.20 ,7924.00 ,7961.00 ,7502.50 
8013.70 ,7622.50 ,8046.30 ,7523.30 
7904.10 ,8018.80 ,8048.90 ,7711.30 
8175.40 ,7903.10 ,8238.80 ,7822.30 
8227.40 ,8177.60 ,8333.00 ,8038.90 
8689.10 ,8230.00 ,8714.90 ,8163.30 
8856.00 ,8689.00 ,8904.10 ,8611.00 
8986.00 ,8852.80 ,9389.60 ,8803.00 
9356.00 ,8986.00 ,9489.90 ,8986.00 
9095.90 ,9351.00 ,9370.90 ,8945.40 
9305.90 ,9094.90 ,9339.90 ,9062.00 
9557.10 ,9306.00 ,9620.80 ,9241.00 
10236.00 ,9557.80 ,10249.00 ,9557.80 
10747.90 ,10227.00 ,11210.00 ,10098.20 
10916.00 ,10745.00 ,11368.00 ,10576.00 
11053.00 ,10913.00 ,11135.00 ,10560.00 
11751.00 ,11070.00 ,11780.00 ,10992.40 
12876.00 ,11746.00 ,13764.00 ,11693.00 
11200.00 ,12876.00 ,13222.00 ,10397.00 
12349.00 ,11183.00 ,12404.00 ,10812.00 
11921.00 ,12350.70 ,12350.70 ,11375.00 
10745.00 ,11973.00 ,12229.00 ,10705.00 
10639.00 ,10777.00 ,11221.00 ,10099.00 
10866.00 ,10639.80 ,10961.00 ,9745.10 
11984.00 ,10903.00 ,12004.00 ,10903.00 
11169.00 ,12000.00 ,12063.50 ,11057.00 
10998.00 ,11141.00 ,11440.00 ,10802.00 
11283.00 ,10983.00 ,11720.00 ,10983.00 
11486.00 ,11276.00 ,11618.00 ,11121.60 
12301.00 ,11484.00 ,12382.00 ,11339.00 
12553.00 ,12301.50 ,12811.00 ,12173.00 
12093.00 ,12564.00 ,13173.00 ,11572.00 
11340.00 ,12092.00 ,12092.00 ,11006.00 
11765.00 ,11327.00 ,11900.00 ,11100.00 
11312.00 ,11779.00 ,11803.00 ,10806.00 
10206.80 ,11324.00 ,11390.00 ,10125.00 
10820.00 ,10193.00 ,11043.00 ,9920.60 
9410.00 ,10813.00 ,10991.00 ,9378.00 
9683.20 ,9418.40 ,9963.10 ,9090.00 
10622.00 ,9691.20 ,10750.00 ,9271.60 
10519.00 ,10624.00 ,10759.00 ,10132.70 
10740.00 ,10517.60 ,11085.00 ,10402.00 
10569.40 ,10741.00 ,10811.00 ,10300.00 
10329.00 ,10572.00 ,10667.00 ,10094.00 
9854.90 ,10330.00 ,10330.00 ,9824.50 
9771.00 ,9859.00 ,9917.70 ,9541.90 
9890.10 ,9772.00 ,10180.00 ,9735.00 
9842.50 ,9888.00 ,9899.00 ,9672.00 
9465.70 ,9840.30 ,10189.00 ,9300.30 
9519.00 ,9463.10 ,9604.20 ,9112.30 
9507.00 ,9530.00 ,9690.00 ,9396.60 
9589.00 ,9503.50 ,9736.00 ,9401.60 
10088.00 ,9588.90 ,10099.00 ,9575.50 
10399.00 ,10096.00 ,10500.00 ,9899.90 
10519.00 ,10400.00 ,10648.30 ,10345.00 
10822.00 ,10520.00 ,10910.00 ,10506.00 
10973.00 ,10822.00 ,11060.00 ,10595.00 
11808.00 ,10974.00 ,11938.00 ,10973.00 
11471.20 ,11824.00 ,12307.00 ,11268.00 
11997.00 ,11472.00 ,12122.00 ,11386.00 
12060.00 ,11999.00 ,12126.00 ,11570.00 
11893.00 ,12051.00 ,12092.70 ,11711.00 
11314.00 ,11892.00 ,12003.00 ,11263.00 
11586.00 ,11308.00 ,11594.00 ,11158.00 
11404.00 ,11577.00 ,11578.80 ,11272.00 
10904.00 ,11411.00 ,11468.00 ,10801.00 
10067.00 ,10904.00 ,10909.00 ,9980.00 
10327.00 ,10067.00 ,10470.00 ,9522.50 
10366.00 ,10324.00 ,10568.00 ,9783.40 
10228.00 ,10372.00 ,10487.00 ,10004.10 
10327.00 ,10230.00 ,10529.00 ,10086.00 
10937.00 ,10329.00 ,10960.00 ,10280.00 
10793.00 ,10947.00 ,10986.00 ,10588.00 
10146.00 ,10795.00 ,10825.00 ,9880.00 
10117.00 ,10147.00 ,10247.00 ,9790.00 
10408.00 ,10117.00 ,10461.00 ,10063.00 
10152.00 ,10414.00 ,10427.00 ,9900.00 
10132.00 ,10162.00 ,10349.00 ,9881.10 
10377.00 ,10144.00 ,10654.00 ,10144.00 
10184.00 ,10376.20 ,10392.00 ,10036.90 
9727.40 ,10190.00 ,10303.00 ,9585.30 
9509.00 ,9727.30 ,9727.30 ,9360.40 
9601.00 ,9509.40 ,9710.00 ,9384.30 
9623.90 ,9600.70 ,9710.20 ,9472.10 
9779.10 ,9623.90 ,9858.00 ,9560.10 
10388.00 ,9783.00 ,10473.00 ,9754.90 
10641.00 ,10401.00 ,10766.00 ,10300.00 
10590.00 ,10642.00 ,10841.20 ,10411.00 
10578.70 ,10593.00 ,10663.00 ,10483.00 
10317.00 ,10582.90 ,10933.00 ,10218.00 
10488.00 ,10305.00 ,10581.00 ,10305.00 
10415.00 ,10489.00 ,10599.00 ,10257.00 
10318.00 ,10417.00 ,10542.00 ,10118.60 
10122.00 ,10317.00 ,10399.00 ,9961.70 
10175.00 ,10121.00 ,10297.00 ,9866.50 
10452.00 ,10174.20 ,10488.00 ,10065.10 
10374.00 ,10452.00 ,10475.00 ,10170.00 
10379.00 ,10374.00 ,10478.00 ,10256.00 
10322.00 ,10381.00 ,10402.00 ,10287.00 
10295.00 ,10321.00 ,10399.00 ,10100.00 
10214.10 ,10290.00 ,10308.00 ,10171.00 
10185.00 ,10214.10 ,10278.00 ,10111.00 
10301.00 ,10185.00 ,10417.00 ,9655.00 
10198.00 ,10303.00 ,10340.00 ,10105.00 
10013.00 ,10197.00 ,10199.00 ,9958.10 
10052.00 ,10012.00 ,10105.00 ,9881.40 
9702.60 ,10055.00 ,10077.00 ,9627.50 
8547.90 ,9702.60 ,9788.10 ,8110.10 
8474.70 ,8535.00 ,8770.00 ,8266.10 
8103.60 ,8475.30 ,8489.90 ,7800.10 
8213.40 ,8105.90 ,8296.50 ,7906.30 
8238.60 ,8215.30 ,8354.70 ,8047.90 
8090.00 ,8238.20 ,8260.20 ,7930.70 
8331.10 ,8090.10 ,8384.00 ,7753.00 
8334.90 ,8331.10 ,8539.00 ,8228.00 
8413.40 ,8333.70 ,8419.90 ,8193.50 
8257.90 ,8414.90 ,8440.00 ,8100.70 
8170.00 ,8260.50 ,8264.90 ,8040.00 
8162.50 ,8170.10 ,8210.70 ,8040.00 
7883.10 ,8162.50 ,8183.10 ,7807.10 
8227.00 ,7886.20 ,8342.00 ,7794.90 
8211.20 ,8234.60 ,8362.00 ,8132.80 
8607.50 ,8205.00 ,8717.90 ,8146.60 
8596.00 ,8610.40 ,8682.80 ,8472.00 
8280.00 ,8596.00 ,8815.20 ,8253.00 
8318.30 ,8278.20 ,8421.00 ,8272.50 
8305.70 ,8319.60 ,8477.40 ,8179.30 
8370.00 ,8304.90 ,8423.50 ,8230.10 
8191.10 ,8370.00 ,8433.70 ,8123.60 
8016.00 ,8191.00 ,8203.20 ,7960.00 
8092.30 ,8016.10 ,8144.90 ,7949.30 
7987.20 ,8092.40 ,8135.10 ,7860.00 
7992.90 ,7987.30 ,8117.00 ,7927.00 
8260.60 ,7993.00 ,8335.60 ,7922.00 
8243.90 ,8260.70 ,8371.30 ,8181.80 
8058.90 ,8242.20 ,8332.20 ,8037.10 
7493.70 ,8053.70 ,8074.50 ,7341.50 
7453.00 ,7493.60 ,7529.00 ,7372.00 
8679.10 ,7453.00 ,8800.00 ,7426.00 
9270.90 ,8679.30 ,10464.10 ,8662.90 
9571.80 ,9270.90 ,9815.60 ,9121.60 
9225.70 ,9574.10 ,9948.00 ,9216.80 
9445.50 ,9229.20 ,9558.30 ,9101.30 
9184.30 ,9445.50 ,9446.90 ,9035.00 
9185.60 ,9184.40 ,9460.70 ,8984.80 
9289.10 ,9185.60 ,9332.10 ,9087.40 
9332.10 ,9288.40 ,9429.40 ,9251.80 
9222.40 ,9332.20 ,9400.60 ,9100.00 
9441.20 ,9223.00 ,9621.80 ,9152.00 
9333.90 ,9440.00 ,9504.10 ,9200.00 
9353.00 ,9334.00 ,9475.00 ,9278.00 
9208.00 ,9355.00 ,9387.10 ,9086.50 
8782.40 ,9209.20 ,9252.40 ,8688.10 
8828.00 ,8782.30 ,8891.40 ,8735.90 
9068.40 ,8827.10 ,9156.90 ,8764.00 
8737.70 ,9069.70 ,9107.30 ,8633.40 
8830.00 ,8737.70 ,8891.50 ,8602.10 
8801.10 ,8830.00 ,8849.30 ,8730.30 
8655.70 ,8800.90 ,8817.40 ,8601.40 
8495.80 ,8655.50 ,8798.10 ,8420.20 
8523.50 ,8494.80 ,8553.10 ,8442.70 
8537.30 ,8523.40 ,8662.90 ,8422.00 
8219.50 ,8536.70 ,8536.80 ,8119.00 
8164.90 ,8219.50 ,8241.90 ,8055.20 
8126.40 ,8164.90 ,8255.00 ,8081.00 
7671.10 ,8126.40 ,8155.90 ,7510.10 
7323.00 ,7672.50 ,7763.30 ,6820.10 
7352.60 ,7318.60 ,7385.00 ,7141.00 
6965.30 ,7352.70 ,7372.00 ,6922.00 
7168.00 ,6965.20 ,7413.60 ,6619.40 
7198.30 ,7162.80 ,7384.70 ,7061.20 
7549.30 ,7198.30 ,7689.00 ,6880.00 
7460.80 ,7547.30 ,7683.00 ,7415.00 
7796.60 ,7460.70 ,7916.30 ,7450.00 
7599.90 ,7796.50 ,7849.60 ,7495.00 
7450.10 ,7599.90 ,7600.10 ,7288.70 
7350.30 ,7450.10 ,7467.30 ,7209.40 
7336.00 ,7350.20 ,7453.50 ,7288.00 
7238.20 ,7336.90 ,7887.70 ,7134.10 
7440.00 ,7239.30 ,7522.80 ,7193.70 
7588.30 ,7439.90 ,7648.60 ,7350.10 
7543.20 ,7584.70 ,7665.10 ,7520.10 
7564.60 ,7543.20 ,7620.00 ,7433.60 
7379.50 ,7563.80 ,7701.10 ,7309.10 
7254.60 ,7373.80 ,7433.00 ,7207.50 
7230.70 ,7254.70 ,7296.20 ,7170.10 
7224.00 ,7231.20 ,7325.60 ,7133.80 
7283.20 ,7224.10 ,7331.90 ,7218.70 
7100.80 ,7283.10 ,7290.50 ,7038.50 
7152.70 ,7100.80 ,7218.60 ,7046.60 
6926.80 ,7152.70 ,7189.90 ,6900.00 
6667.10 ,6926.60 ,6972.00 ,6624.30 
7323.40 ,6667.10 ,7480.20 ,6479.40 
7181.80 ,7326.90 ,7412.50 ,7089.10 
7212.90 ,7181.80 ,7249.00 ,7116.80 
7166.40 ,7213.00 ,7215.10 ,7145.20 
7532.00 ,7166.30 ,7541.30 ,7159.60 
7347.40 ,7538.90 ,7715.00 ,7283.10 
7276.90 ,7346.20 ,7445.00 ,7182.90 
7220.10 ,7270.00 ,7287.40 ,7144.80 
7232.40 ,7220.10 ,7464.30 ,7189.00 
7287.00 ,7235.30 ,7300.00 ,7114.10 
7334.40 ,7293.60 ,7389.90 ,7280.50 
7417.90 ,7333.20 ,7551.60 ,7311.80 
7260.90 ,7413.00 ,7421.60 ,7217.70 
7208.30 ,7261.00 ,7333.00 ,7161.30 
7212.70 ,7208.20 ,7268.80 ,7185.40 
6989.40 ,7212.70 ,7225.20 ,6963.00 
7367.50 ,6989.40 ,7437.60 ,6909.30 
7369.80 ,7371.80 ,7422.00 ,7297.70 
7364.60 ,7370.30 ,7509.90 ,7315.80 
7757.90 ,7364.70 ,7784.90 ,7358.00 
8150.00 ,7759.50 ,8200.10 ,7741.90 
8036.80 ,8158.20 ,8442.00 ,7882.80 
7817.50 ,8036.80 ,8036.80 ,7756.20 
8176.30 ,7817.40 ,8177.80 ,7678.50 
8013.80 ,8184.30 ,8271.90 ,7994.60 
8174.70 ,8013.60 ,8174.70 ,7951.70 
8094.50 ,8174.90 ,8198.30 ,8053.60 
8775.60 ,8104.10 ,8829.00 ,8099.30 
8807.70 ,8760.80 ,8873.00 ,8560.20 
8720.60 ,8810.90 ,8839.90 ,8579.80 
8875.40 ,8719.50 ,8994.90 ,8674.20 
8891.50 ,8873.10 ,8965.00 ,8794.20 
8694.00 ,8891.60 ,9169.50 ,8455.70 
8638.20 ,8698.60 ,8741.10 ,8519.60 
8734.10 ,8638.20 ,8782.80 ,8512.20 
8663.90 ,8734.20 ,8799.90 ,8580.60 
8403.50 ,8668.90 ,8669.30 ,8296.90 
8447.10 ,8403.60 ,8521.80 ,8247.70 
8353.70 ,8447.10 ,8447.20 ,8280.00 
8621.60 ,8351.10 ,8622.00 ,8303.60 
8912.00 ,8622.00 ,9001.80 ,8585.20 
9393.70 ,8912.10 ,9413.00 ,8912.10 
9304.20 ,9390.90 ,9442.00 ,9244.40 
9512.70 ,9305.10 ,9550.00 ,9175.70 
9367.40 ,9512.70 ,9519.90 ,9221.90 
9410.60 ,9371.30 ,9476.40 ,9318.10 
9353.10 ,9408.00 ,9501.00 ,9175.40 
9309.30 ,9353.10 ,9625.30 ,9247.10 
9197.40 ,9309.20 ,9359.80 ,9112.50 
9612.00 ,9197.50 ,9731.20 ,9180.20 
9744.90 ,9612.00 ,9860.00 ,9547.00 
9805.20 ,9745.00 ,9859.60 ,9695.50 
9877.20 ,9805.20 ,9920.70 ,9657.80 
10151.00 ,9877.30 ,10161.00 ,9871.10 
9850.20 ,10151.50 ,10187.00 ,9737.80 
10247.00 ,9851.20 ,10316.00 ,9720.00 
10339.00 ,10249.00 ,10458.00 ,10238.00 
10222.00 ,10338.00 ,10489.00 ,10080.00 
10335.00 ,10222.00 ,10371.00 ,10101.00 
9901.00 ,10335.00 ,10370.00 ,9800.30 
9929.70 ,9901.00 ,10037.00 ,9651.40 
9708.00 ,9929.70 ,9963.80 ,9501.50 
10183.00 ,9708.00 ,10275.00 ,9625.90 
9592.20 ,10184.00 ,10309.00 ,9350.30 
9608.10 ,9586.20 ,9694.70 ,9362.40 
9693.50 ,9609.20 ,9757.40 ,9567.90 
9662.40 ,9693.00 ,9714.00 ,9565.20 
9985.00 ,9663.00 ,10001.00 ,9660.20 
9674.10 ,9983.80 ,10022.00 ,9484.30 
9327.50 ,9674.00 ,9686.60 ,9251.40 
8813.20 ,9324.80 ,9385.90 ,8652.70 
8825.80 ,8813.20 ,8975.00 ,8555.00 
8728.00 ,8826.10 ,8908.30 ,8455.20 
8557.30 ,8730.60 ,8820.90 ,8557.30 
8565.20 ,8561.50 ,8775.00 ,8460.00 
8938.10 ,8556.80 ,8990.80 ,8524.60 
8791.10 ,8938.50 ,8940.00 ,8700.00 
8788.60 ,8791.10 ,8877.70 ,8718.40 
9090.80 ,8795.30 ,9185.00 ,8795.30 
9180.60 ,9085.60 ,9199.70 ,9016.10 
8919.00 ,9180.60 ,9231.10 ,8884.80 
8074.00 ,8917.20 ,8917.20 ,8049.50 
7967.30 ,8073.80 ,8214.90 ,7700.00 
7913.80 ,7965.50 ,8180.00 ,7779.00 
7969.60 ,7917.90 ,8020.60 ,7635.10 
4927.00 ,7975.30 ,8001.70 ,4612.10 
5625.40 ,4873.10 ,5965.30 ,4001.00 
5218.20 ,5621.80 ,5673.20 ,5099.00 
5383.20 ,5217.10 ,5984.20 ,5133.00 
5058.50 ,5381.90 ,5381.90 ,4468.00 
5345.20 ,5068.30 ,5564.20 ,4964.40 
5416.20 ,5339.00 ,5452.70 ,5033.90 
6173.40 ,5417.10 ,6412.60 ,5266.40 
6205.80 ,6173.50 ,6897.00 ,5687.60 
6201.80 ,6211.10 ,6461.00 ,5884.70 
5827.00 ,6202.70 ,6410.60 ,5757.30 
6491.20 ,5820.10 ,6652.40 ,5682.70 
6762.00 ,6491.20 ,6838.50 ,6406.10 
6688.20 ,6762.00 ,6968.00 ,6449.90 
6750.70 ,6688.20 ,6790.10 ,6536.90 
6370.00 ,6755.00 ,6856.00 ,6277.80 
6249.30 ,6366.00 ,6366.00 ,6061.40 
5892.60 ,6252.30 ,6279.60 ,5892.60 
6407.60 ,5893.70 ,6627.10 ,5880.90 
6427.70 ,6409.10 ,6536.00 ,6350.00 
6675.00 ,6429.00 ,6714.60 ,6180.00 
6818.30 ,6685.70 ,7263.30 ,6591.30 
6740.80 ,6810.70 ,7048.10 ,6624.60 
6881.60 ,6738.50 ,7010.80 ,6660.00 
6778.00 ,6880.60 ,6914.70 ,6693.40 
7346.00 ,6780.20 ,7350.10 ,6779.90 
7203.00 ,7340.20 ,7452.00 ,7088.00 
7367.00 ,7203.00 ,7420.00 ,7155.80 
7293.50 ,7367.10 ,7370.70 ,7117.00 
6875.50 ,7293.70 ,7305.80 ,6756.40 
6884.50 ,6874.30 ,6954.40 ,6780.00 
6913.00 ,6884.50 ,7192.20 ,6797.60 
6848.70 ,6916.50 ,6916.50 ,6576.50 
6872.40 ,6847.90 ,6984.90 ,6762.90 
6633.80 ,6874.00 ,6938.40 ,6621.30 
7114.90 ,6629.10 ,7200.00 ,6500.40 
7045.80 ,7114.70 ,7158.90 ,7013.40 
7269.10 ,7045.90 ,7300.10 ,7044.90 
7133.30 ,7268.80 ,7285.40 ,7058.70 
6841.90 ,7133.40 ,7235.00 ,6767.10 
6850.00 ,6835.00 ,6955.60 ,6770.70 
7133.00 ,6849.90 ,7164.00 ,6826.20 
7495.20 ,7133.30 ,7744.90 ,7047.40 
7506.80 ,7499.00 ,7614.00 ,7428.30 
7538.50 ,7508.40 ,7700.00 ,7450.10 
7697.10 ,7538.50 ,7697.10 ,7487.00 
7777.70 ,7698.00 ,7777.70 ,7623.40 
7755.80 ,7777.60 ,7777.70 ,7658.60 
8773.30 ,7750.70 ,8918.00 ,7706.10 
8635.30 ,8773.80 ,9438.80 ,8416.00 
8822.90 ,8630.80 ,9069.90 ,8630.80 
8982.30 ,8822.90 ,8999.00 ,8763.00 
8899.80 ,8982.30 ,9198.00 ,8738.50 
8865.80 ,8901.60 ,8959.00 ,8535.00 
9020.10 ,8871.20 ,9119.80 ,8770.90 
9157.90 ,9020.00 ,9415.10 ,8918.30 
9979.60 ,9150.40 ,10045.00 ,9050.00 
9792.80 ,9991.00 ,10025.00 ,9713.80 
9537.90 ,9792.20 ,9900.00 ,9499.00 
8726.00 ,9537.70 ,9557.50 ,8107.40 
8555.00 ,8726.00 ,9135.80 ,8211.10 
8811.40 ,8555.00 ,8967.00 ,8526.60 
9312.00 ,8811.40 ,9403.20 ,8799.50 
9791.00 ,9312.00 ,9937.80 ,9267.50 
9313.30 ,9791.00 ,9836.50 ,9133.60 
9388.00 ,9313.30 ,9580.00 ,9224.00 
9668.20 ,9388.00 ,9877.70 ,9334.20 
9714.80 ,9668.20 ,9941.10 ,9462.40 
9770.10 ,9714.80 ,9877.50 ,9470.20 
9502.00 ,9770.10 ,9840.60 ,9305.10 
9059.50 ,9502.00 ,9564.00 ,8821.40 
9162.40 ,9059.50 ,9257.30 ,8935.50 
9174.60 ,9162.40 ,9304.00 ,9088.60 
8711.50 ,9174.60 ,9300.00 ,8700.00 
8902.00 ,8711.50 ,8960.80 ,8628.60 
8845.50 ,8902.00 ,9013.30 ,8705.00 
9210.30 ,8845.50 ,9225.00 ,8822.80 
9589.30 ,9210.30 ,9629.60 ,9121.70 
9426.20 ,9589.30 ,9618.50 ,9352.30 
9706.40 ,9426.20 ,9742.00 ,9338.00 
9452.10 ,9706.40 ,9707.20 ,9402.60 
10221.00 ,9452.10 ,10390.00 ,9421.80 
9530.00 ,10221.00 ,10242.00 ,9197.40 
9672.00 ,9530.00 ,9684.00 ,9400.00 
9790.70 ,9672.00 ,9882.10 ,9477.00 
9620.50 ,9790.70 ,9861.80 ,9620.50 
9668.40 ,9620.40 ,9733.00 ,9552.60 
9746.30 ,9668.40 ,9814.00 ,9402.30 
9783.20 ,9747.10 ,9800.00 ,9650.40 
9770.80 ,9784.40 ,9875.90 ,9582.10 
9898.80 ,9771.90 ,10004.00 ,9699.30 
9272.20 ,9898.80 ,9972.80 ,9088.60 
9468.30 ,9272.20 ,9544.00 ,9246.00 
9480.80 ,9468.30 ,9498.20 ,9363.60 
9345.40 ,9480.90 ,9486.00 ,9262.00 
9433.90 ,9344.80 ,9510.00 ,8914.90 
9534.40 ,9435.00 ,9589.90 ,9388.10 
9473.30 ,9534.40 ,9566.00 ,9261.30 
9400.00 ,9473.30 ,9496.40 ,9287.20 
9315.50 ,9400.00 ,9439.90 ,9241.80 
9371.30 ,9315.50 ,9401.00 ,9178.60 
9298.10 ,9371.30 ,9431.10 ,9292.10 
9697.70 ,9298.10 ,9794.20 ,9285.20 
9635.10 ,9697.70 ,9724.00 ,9594.70 
9312.10 ,9635.10 ,9684.10 ,9222.30 
9257.00 ,9312.10 ,9344.00 ,9012.70 
9173.10 ,9257.00 ,9299.00 ,9054.10 
9015.30 ,9173.10 ,9199.50 ,8857.30 
9127.80 ,9015.30 ,9193.20 ,8949.40 
9194.40 ,9127.80 ,9242.10 ,9030.20 
9150.60 ,9194.40 ,9206.50 ,9077.10 
9239.90 ,9150.60 ,9298.00 ,9109.50 
9100.00 ,9239.90 ,9266.10 ,8950.20 
9073.90 ,9100.00 ,9135.50 ,9058.10 
9147.70 ,9073.90 ,9203.50 ,9060.00 
9089.70 ,9147.70 ,9152.30 ,9004.90 
9361.00 ,9089.70 ,9361.00 ,9080.10 
9267.50 ,9361.00 ,9361.00 ,9255.10 
9447.00 ,9267.50 ,9480.70 ,9267.50 
9248.90 ,9447.00 ,9447.00 ,9215.00 
9305.70 ,9248.90 ,9305.70 ,9161.90 
9246.30 ,9305.70 ,9305.70 ,9221.80 
9315.80 ,9246.30 ,9315.80 ,9195.60 
9252.00 ,9315.80 ,9344.80 ,9238.10 
9263.40 ,9252.00 ,9270.70 ,9194.80 
9210.10 ,9263.40 ,9263.40 ,9195.70 
9149.90 ,9210.10 ,9215.70 ,9092.10 
9167.30 ,9149.90 ,9172.00 ,9128.80 
9189.10 ,9167.30 ,9200.10 ,9142.90 
9231.20 ,9189.10 ,9231.20 ,9130.50 
9179.20 ,9231.20 ,9231.20 ,9169.70 
9402.00 ,9179.20 ,9434.00 ,9179.20 
9557.70 ,9402.00 ,9557.70 ,9349.30 
9615.00 ,9557.70 ,9642.90 ,9494.60 
9559.40 ,9615.00 ,9615.00 ,9505.30 
9714.90 ,9559.10 ,9730.50 ,9559.10 
9948.10 ,9714.90 ,10008.00 ,9685.80 
11044.00 ,9946.30 ,11249.10 ,9946.30 
10932.00 ,11044.00 ,11211.80 ,10761.00 
11117.00 ,10932.00 ,11240.00 ,10929.20 
11123.00 ,11117.00 ,11180.00 ,10965.00 
11350.00 ,11123.00 ,11378.00 ,11038.00 
11804.70 ,11350.00 ,11804.70 ,11307.00 
11053.80 ,11804.70 ,11917.00 ,11032.00 
11226.50 ,11053.80 ,11389.00 ,11053.80 
11184.00 ,11226.50 ,11346.80 ,11096.00 
11735.80 ,11184.00 ,11735.80 ,11182.00 
11759.00 ,11735.80 ,11858.00 ,11649.70 
11580.00 ,11759.00 ,11845.00 ,11509.00 
11764.00 ,11580.00 ,11772.00 ,11564.00 
11675.70 ,11764.00 ,11782.00 ,11572.00 
11892.00 ,11675.70 ,12024.00 ,11675.70 
11379.80 ,11892.00 ,11912.00 ,11278.00 
11591.00 ,11379.80 ,11591.00 ,11257.00 
11792.50 ,11589.00 ,11792.50 ,11388.00 
11761.00 ,11792.50 ,11824.00 ,11699.00 
11873.40 ,11761.00 ,11977.40 ,11761.00 
11925.00 ,11873.40 ,11925.00 ,11781.00 
12300.00 ,11925.00 ,12415.00 ,11826.10 
11961.80 ,12300.00 ,12359.00 ,11927.20 
11778.00 ,11961.80 ,12004.00 ,11694.60 
11884.00 ,11778.00 ,11900.00 ,11719.00 
11531.00 ,11884.00 ,11889.00 ,11531.00 
11685.00 ,11531.00 ,11690.70 ,11449.00 
11663.00 ,11685.00 ,11692.60 ,11551.00 
11768.00 ,11663.00 ,11817.90 ,11616.80 
11341.00 ,11768.00 ,11768.00 ,11200.00 
11471.00 ,11341.00 ,11482.00 ,11316.00 
11343.00 ,11471.10 ,11471.10 ,11254.00 
11545.00 ,11343.00 ,11545.00 ,11343.00 
11492.00 ,11545.00 ,11587.00 ,11476.30 
11729.90 ,11492.00 ,11729.90 ,11492.00 
11671.00 ,11729.90 ,11734.00 ,11639.10 
11942.00 ,11671.00 ,12037.00 ,11616.00 
11408.00 ,11942.00 ,11942.00 ,11334.00 
10170.00 ,11408.00 ,11408.00 ,10011.00 
10484.70 ,10170.00 ,10593.00 ,10170.00 
10197.00 ,10484.70 ,10517.70 ,10046.20 
10276.00 ,10196.90 ,10325.00 ,10122.00 
10397.00 ,10276.00 ,10397.00 ,9964.10 
10149.80 ,10397.00 ,10397.00 ,10007.00 
10240.00 ,10149.80 ,10324.00 ,10030.00 
10355.00 ,10240.00 ,10407.00 ,10240.00 
10405.00 ,10355.00 ,10405.00 ,10220.00 
10458.00 ,10405.00 ,10463.50 ,10352.00 
10331.00 ,10458.00 ,10560.00 ,10244.00 
10686.00 ,10331.00 ,10754.00 ,10331.00 
10797.00 ,10690.00 ,10899.90 ,10690.00 
10971.30 ,10797.00 ,11091.00 ,10690.90 
10959.00 ,10971.30 ,11040.40 ,10812.70 
10957.20 ,10959.00 ,11022.00 ,10868.00 
11099.00 ,10957.20 ,11127.00 ,10957.20 
10934.50 ,11099.00 ,11099.00 ,10848.20 
10434.00 ,10934.50 ,10980.90 ,10434.00 
10549.00 ,10435.00 ,10589.00 ,10435.00 
10263.00 ,10549.00 ,10549.00 ,10255.00 
10754.00 ,10263.00 ,10760.00 ,10263.00 
10708.00 ,10754.00 ,10765.00 ,10629.00 
10750.00 ,10708.00 ,10776.90 ,10700.70 
10803.00 ,10750.00 ,10807.10 ,10664.00 
10712.00 ,10803.00 ,10941.00 ,10712.00 
10856.00 ,10712.00 ,10856.00 ,10697.00 
10794.00 ,10856.00 ,10856.00 ,10715.00 
10634.00 ,10795.00 ,10909.00 ,10523.00 
10586.00 ,10634.00 ,10634.00 ,10476.00 
10558.60 ,10586.00 ,10608.00 ,10535.00 
10687.00 ,10558.60 ,10694.10 ,10557.60 
10807.00 ,10687.00 ,10807.00 ,10669.00 
10613.70 ,10807.00 ,10807.00 ,10592.00 
10687.00 ,10613.70 ,10687.00 ,10584.10 
10943.00 ,10687.00 ,10943.00 ,10577.00 
11071.00 ,10943.00 ,11102.40 ,10878.00 
11308.00 ,11071.00 ,11450.00 ,11071.00 
11385.00 ,11308.00 ,11430.00 ,11308.00 
11560.00 ,11385.00 ,11698.90 ,11284.00 
11442.00 ,11560.00 ,11560.00 ,11392.50 
11440.00 ,11442.00 ,11547.00 ,11347.00 
11509.00 ,11440.00 ,11513.00 ,11335.00 
11325.00 ,11509.00 ,11540.00 ,11268.20 
11375.00 ,11325.00 ,11375.00 ,11325.00 
11518.00 ,11375.00 ,11518.00 ,11366.00 
11757.00 ,11518.00 ,11764.00 ,11451.00 
11925.00 ,11757.00 ,11980.00 ,11723.00 
12825.00 ,11925.00 ,13099.00 ,11925.00 
12988.00 ,12810.90 ,13128.00 ,12738.30 
12935.00 ,12988.00 ,12999.00 ,12757.00 
13132.00 ,12935.00 ,13166.00 ,12905.00 
13037.00 ,13127.00 ,13298.00 ,12990.00 
13061.00 ,13037.00 ,13205.00 ,12863.00 
13626.30 ,13061.00 ,13703.50 ,13061.00 
13272.00 ,13626.30 ,13763.00 ,13041.20 
13451.00 ,13272.00 ,13555.10 ,13153.00 
13568.00 ,13451.00 ,13642.20 ,13250.00 
13788.00 ,13568.00 ,13958.00 ,13499.00 
13756.00 ,13788.00 ,13829.00 ,13679.50 
13563.00 ,13756.00 ,13828.50 ,13414.00 
14025.00 ,13562.00 ,14025.00 ,13401.00 
14160.00 ,14025.00 ,14160.00 ,13643.00 
15574.00 ,14160.00 ,15574.00 ,14160.00 
15571.70 ,15568.00 ,15876.00 ,15441.00 
14844.10 ,15571.70 ,15610.00 ,14734.00 
15501.00 ,14844.10 ,15554.20 ,14844.10 
15329.00 ,15501.00 ,15687.00 ,15063.70 
15312.00 ,15329.00 ,15402.00 ,15177.00 
15710.00 ,15312.00 ,15911.60 ,15312.00 
16294.00 ,15710.00 ,16294.00 ,15656.00 
16310.00 ,16296.20 ,16405.00 ,16079.00 
16058.30 ,16310.00 ,16310.00 ,15833.00 
15962.20 ,16057.00 ,16095.00 ,15871.00 
16710.00 ,15962.20 ,16827.60 ,15906.00 
17674.90 ,16710.00 ,17740.00 ,16627.00 
17773.00 ,17674.90 ,18212.00 ,17378.60 
17810.00 ,17773.00 ,18140.00 ,17486.00 
18669.00 ,17810.00 ,18699.70 ,17810.00 
18660.00 ,18669.00 ,18944.50 ,18521.00 
18399.00 ,18660.00 ,18668.00 ,18122.00 
18373.00 ,18399.00 ,18655.00 ,18158.00 
19134.80 ,18373.00 ,19349.00 ,18357.00 
18730.00 ,19134.80 ,19303.00 ,18730.00 
17219.00 ,18727.00 ,18824.00 ,16592.00 
17169.30 ,17211.70 ,17492.00 ,16614.90 
17746.00 ,17169.30 ,17800.00 ,16997.00 
18196.00 ,17746.00 ,18212.00 ,17579.20 
19686.00 ,18196.00 ,19723.00 ,18196.00 
18807.00 ,19695.00 ,19733.00 ,18727.00 
19241.00 ,18807.00 ,19275.00 ,18538.00 
19447.00 ,19241.00 ,19560.00 ,18999.40 
18657.00 ,19452.00 ,19452.00 ,18657.00 
19157.00 ,18657.00 ,19157.00 ,18657.00 
19410.00 ,19157.00 ,19410.00 ,19015.60 
19196.00 ,19410.00 ,19410.00 ,18959.40 
18335.00 ,19196.00 ,19299.00 ,18335.00 
18560.00 ,18337.00 ,18630.00 ,17827.00 
18260.00 ,18560.00 ,18560.00 ,18155.00 
18050.00 ,18260.00 ,18260.00 ,17764.00 
18810.60 ,18050.00 ,18821.00 ,18050.00 
19180.00 ,18818.00 ,19338.10 ,18747.00 
19281.00 ,19180.00 ,19281.00 ,19076.00 
19459.00 ,19282.00 ,19548.00 ,19135.00 
21322.00 ,19459.00 ,21322.00 ,19388.00 
22806.60 ,21322.00 ,23492.00 ,21322.00 
23127.00 ,22806.60 ,23142.00 ,22544.00 
23804.00 ,23127.00 ,24058.00 ,22966.00 
23427.00 ,23804.00 ,24099.00 ,23331.70 
22701.00 ,23432.70 ,23901.00 ,22483.00 
23805.00 ,22701.00 ,23805.00 ,22489.70 
23234.00 ,23805.00 ,23916.00 ,22917.00 
23735.00 ,23234.00 ,23735.00 ,22860.00 
24717.00 ,23743.00 ,24717.00 ,23491.00 
26412.00 ,24717.00 ,26577.00 ,24566.00 
26241.00 ,26410.00 ,28051.10 ,26241.00 
27058.00 ,26241.00 ,27308.00 ,26241.00 
27315.00 ,27058.00 ,27315.00 ,25923.00 
28880.00 ,27316.00 ,28892.00 ,27316.00 
28933.00 ,28880.00 ,29133.00 ,28358.00 
29346.00 ,28933.00 ,29498.00 ,28932.00 
32185.00 ,29346.00 ,33168.00 ,29192.00 
32971.00 ,32183.00 ,34253.00 ,32110.00 
32020.00 ,32971.00 ,33403.00 ,29178.00 
33996.00 ,32020.00 ,33996.00 ,30979.10 
36755.00 ,33986.00 ,36755.00 ,33901.00 
39407.00 ,36755.00 ,39672.00 ,36755.00 
40509.00 ,39407.00 ,41616.00 ,37723.00 
40171.00 ,40509.00 ,41046.00 ,38966.00 
38226.00 ,40171.00 ,41209.30 ,37436.00 
35476.00 ,38226.00 ,38226.00 ,31842.00 
34103.00 ,35448.00 ,35838.60 ,33616.00 
37375.00 ,34106.00 ,37418.00 ,33160.00 
39170.00 ,37374.00 ,39750.00 ,37193.00 
36741.00 ,39145.00 ,39476.00 ,35268.00 
36055.00 ,36741.00 ,37750.00 ,35809.00 
35903.00 ,36061.00 ,36570.00 ,33914.00 
36699.00 ,35913.00 ,36906.00 ,35180.00 
35958.00 ,36699.00 ,37673.00 ,35958.00 
35521.10 ,35915.00 ,36263.00 ,33447.00 
30873.00 ,35522.00 ,35522.00 ,30609.00 
33062.00 ,30852.00 ,33631.00 ,28991.00 
32099.00 ,33062.00 ,33062.00 ,31773.00 
32298.00 ,32099.00 ,32830.00 ,31481.00 
32268.10 ,32298.00 ,34693.00 ,32268.10 
32519.00 ,32268.10 ,32735.10 ,31434.00 
30454.00 ,32519.00 ,32519.00 ,29815.00 
33331.00 ,30454.00 ,33418.00 ,30344.00 
34280.70 ,33350.00 ,38056.00 ,32466.00 
34334.00 ,34268.00 ,34791.00 ,33136.60 
33141.00 ,34334.00 ,34334.00 ,32270.00 
33559.00 ,33141.00 ,34460.10 ,32595.00 
35563.00 ,33559.00 ,35960.00 ,33559.00 
37677.00 ,35563.00 ,37677.00 ,35563.00 
36975.00 ,37677.00 ,37998.00 ,36521.00 
38260.00 ,36975.00 ,38260.00 ,36759.00 
39257.00 ,38260.00 ,40780.00 ,38260.00 
38841.00 ,39257.00 ,39561.00 ,38061.00 
46440.00 ,38841.00 ,46440.00 ,38250.00 
46486.00 ,46440.00 ,48004.00 ,45882.00 
44835.00 ,46486.00 ,47056.00 ,44541.00 
47966.00 ,44835.00 ,47981.00 ,44444.00 
47389.00 ,47966.00 ,48540.00 ,47072.00 
47177.00 ,47389.00 ,47939.00 ,46582.00 
48587.00 ,47177.00 ,49279.00 ,47177.00 
47941.00 ,48587.00 ,48694.00 ,46563.00 
49225.00 ,47941.00 ,49533.50 ,47643.00 
52060.00 ,49225.00 ,52284.00 ,49225.00 
51566.00 ,52060.00 ,52433.00 ,51356.90 
55847.00 ,51566.00 ,56093.00 ,51079.00 
55838.00 ,55847.00 ,57352.00 ,55182.00 
57376.00 ,55838.00 ,58238.00 ,55639.00 
54078.00 ,57376.00 ,57376.00 ,48383.00 
48888.00 ,54078.00 ,54078.00 ,45343.50 
49715.00 ,48888.00 ,51043.00 ,47179.00 
47144.00 ,49715.00 ,51511.00 ,47144.00 
46319.00 ,47144.00 ,48250.00 ,45320.00 
46217.00 ,46319.00 ,47766.90 ,46217.00 
45300.00 ,46217.00 ,46360.50 ,43380.00 
49572.00 ,45300.00 ,49572.00 ,45300.00 
48526.00 ,49572.00 ,49572.00 ,47453.60 
50425.00 ,48526.00 ,52018.00 ,48526.00 
48368.00 ,50425.00 ,51556.00 ,48059.00 
48811.00 ,48368.00 ,49277.00 ,46662.00 
48895.00 ,48811.00 ,49043.10 ,47515.40 
51031.20 ,48895.00 ,51031.20 ,48895.00 
52395.00 ,51031.20 ,52395.00 ,49821.00 
54949.40 ,52395.00 ,54949.40 ,52395.00 
55955.20 ,54950.00 ,57033.00 ,53698.70 
57869.00 ,55939.00 ,57921.00 ,54834.00 
57315.00 ,57869.00 ,57869.00 ,55946.00 
61207.00 ,57315.00 ,61207.00 ,56488.00 
59005.00 ,61207.00 ,61468.00 ,59005.00 
55644.00 ,59005.00 ,60141.10 ,55644.00 
56924.00 ,55644.00 ,56924.00 ,54049.00 
58870.00 ,56924.00 ,58870.00 ,54576.00 
57640.00 ,58870.00 ,59799.00 ,57580.00 
58074.00 ,57640.00 ,58961.00 ,57030.00 
58087.00 ,58074.00 ,59421.00 ,58074.00 
57368.00 ,58087.00 ,58499.50 ,56200.00 
54074.00 ,57368.00 ,58036.00 ,54074.00 
54331.00 ,54074.00 ,55646.90 ,53541.20 
52347.20 ,54331.00 ,56919.00 ,52347.20 
51363.00 ,52347.20 ,52926.00 ,50874.00 
54992.90 ,51363.00 ,54992.90 ,51363.00 
55886.00 ,54992.90 ,56249.00 ,54373.00 
55773.00 ,55886.00 ,56326.00 ,55089.00 
57672.30 ,55773.00 ,58162.00 ,54984.00 
58841.00 ,57672.30 ,59349.00 ,57278.00 
58796.00 ,58841.00 ,59453.00 ,57698.00 
58727.40 ,58796.00 ,59172.90 ,58498.00 
58959.00 ,58727.40 ,59834.00 ,58727.40 
57023.00 ,58959.00 ,59499.00 ,57023.00 
58240.00 ,57023.00 ,58240.00 ,57023.00 
59145.00 ,58240.00 ,59145.00 ,57034.00 
57991.00 ,59145.00 ,59200.00 ,57603.00 
55960.00 ,57991.00 ,58490.00 ,55960.00 
58110.00 ,55960.00 ,58110.00 ,55960.00 
58114.00 ,58110.00 ,58683.00 ,57849.00 
59823.80 ,58114.00 ,60984.00 ,58114.00 
60034.80 ,59823.80 ,60486.00 ,59411.00 
59900.00 ,60034.80 ,60701.00 ,59747.00 
63518.00 ,59900.00 ,63518.00 ,59900.00 
62942.70 ,63518.00 ,64374.00 ,62065.00 
63196.00 ,62907.00 ,63475.00 ,62348.00 
61325.00 ,63196.00 ,63453.00 ,60286.00 
59970.00 ,61325.00 ,62367.70 ,59970.00 
56163.00 ,59970.00 ,60223.00 ,54416.80 
55639.00 ,56173.00 ,57359.00 ,54912.80 
56476.00 ,55639.00 ,56950.00 ,54398.00 
53822.00 ,56476.00 ,56476.00 ,53822.00 
51781.30 ,53822.00 ,55067.00 ,51781.30 
51139.00 ,51781.30 ,51781.30 ,48719.60 
50167.00 ,51139.00 ,51139.00 ,49572.00 
49116.30 ,50167.00 ,50539.00 ,48409.80 
54103.00 ,49129.00 ,54214.00 ,49129.00 
55044.00 ,54103.00 ,55215.00 ,53660.00 
54860.00 ,55044.00 ,55575.00 ,54090.00 
53566.00 ,54860.00 ,54860.00 ,52631.00 
57637.00 ,53566.00 ,57637.00 ,53339.00 
57774.00 ,57634.70 ,58265.00 ,57259.00 
56605.00 ,57774.00 ,57774.00 ,56385.00 
57147.00 ,56605.00 ,58686.00 ,56605.00 
53264.00 ,57147.00 ,57147.00 ,53264.00 
57477.00 ,52960.00 ,57477.00 ,52960.00 
56451.00 ,57487.00 ,57843.00 ,55897.00 
57349.00 ,56451.00 ,58101.00 ,55606.00 
58894.00 ,57349.00 ,59327.00 ,57317.00 
58276.00 ,58894.00 ,58956.50 ,56977.00 
55851.00 ,58276.00 ,59454.30 ,55448.00 
56715.00 ,55851.00 ,56724.00 ,54789.00 
49725.00 ,56715.00 ,57688.00 ,49725.00 
49747.00 ,49725.00 ,51154.00 ,48120.60 
49917.00 ,49747.00 ,51168.00 ,49289.00 
46784.90 ,49917.00 ,50526.20 ,46784.90 
46582.90 ,46784.90 ,49460.00 ,45340.00 
43544.00 ,46569.00 ,46569.00 ,42304.00 
42935.00 ,43544.00 ,45474.00 ,42611.80 
36755.00 ,42935.00 ,42935.00 ,35303.40 
40578.00 ,36755.00 ,41827.00 ,35198.40 
37415.00 ,40550.10 ,41500.00 ,35188.00 
37585.00 ,37415.00 ,38662.00 ,36150.00 
34730.30 ,37585.00 ,38186.00 ,32623.00 
38772.90 ,34730.30 ,39201.00 ,34730.30 
38363.00 ,38772.90 ,39761.00 ,36760.50 
39301.00 ,38363.00 ,40497.80 ,38020.20 
38435.00 ,39301.00 ,40120.00 ,37381.00 
35667.00 ,38484.70 ,38484.70 ,35028.00 
34570.00 ,35667.00 ,36910.50 ,33681.00 
35615.00 ,34570.00 ,36138.00 ,33680.00 
37305.00 ,35615.00 ,37305.00 ,34527.00 
36672.60 ,37305.00 ,37624.80 ,35928.00 
37590.00 ,36672.60 ,38053.00 ,36192.30 
39209.00 ,37590.00 ,39209.00 ,37371.00 
36854.00 ,39209.00 ,39209.00 ,36532.00 
35543.00 ,36844.00 ,37690.30 ,35296.00 
35782.00 ,35543.00 ,36238.00 ,35496.00 
33596.00 ,35782.00 ,36613.30 ,33596.00 
33415.00 ,33596.00 ,33744.80 ,31547.60 
37347.00 ,33415.00 ,37490.00 ,32673.00 
36649.20 ,37347.00 ,37933.00 ,36559.00 
37338.00 ,36649.20 ,37427.00 ,36342.00 
35531.00 ,37338.00 ,37338.00 ,35185.00 
39004.00 ,35531.00 ,39021.10 ,34984.00 
40500.00 ,39004.00 ,40732.00 ,38812.00 
40139.00 ,40509.00 ,40708.80 ,39726.00 
38332.00 ,40139.00 ,40394.00 ,38332.00 
38061.00 ,38332.00 ,39324.00 ,37733.70 
35802.00 ,38061.00 ,38061.00 ,35490.00 
35585.80 ,35802.00 ,36236.00 ,35460.00 
35631.00 ,35585.80 ,35966.00 ,33725.00 
31761.00 ,35631.00 ,35631.00 ,31475.00 
32553.00 ,31761.00 ,33300.00 ,29927.00 
33703.00 ,32553.00 ,34196.00 ,32553.00 
34656.60 ,33703.00 ,35137.20 ,32530.00 
31584.00 ,34656.60 ,34915.00 ,31584.00 
32359.00 ,31584.70 ,32359.00 ,30331.00 
34717.00 ,32359.00 ,34717.00 ,32359.00 
34484.00 ,34717.00 ,35168.00 ,34152.00 
35895.90 ,34484.00 ,36411.00 ,34316.70 
35043.50 ,35895.90 ,35981.00 ,34754.00 
33554.40 ,35043.50 ,35043.50 ,32821.00 
33816.00 ,33554.40 ,33924.00 ,32727.00 
34758.00 ,33816.00 ,34762.00 ,33561.60 
35289.00 ,35494.00 ,35782.00 ,35289.00 
33668.00 ,35289.00 ,35289.00 ,33479.20 
34140.00 ,33668.00 ,34858.80 ,33668.00 
33886.00 ,34256.00 ,35076.00 ,33826.00 
32873.90 ,33886.00 ,33939.00 ,32063.00 
33769.00 ,32873.90 ,34044.00 ,32574.00 
33506.00 ,33769.00 ,34221.00 ,33024.00 
34239.00 ,33506.00 ,34584.00 ,33317.00 
33090.00 ,34239.00 ,34624.00 ,32616.00 
32727.00 ,33090.00 ,33333.00 ,32210.00 
32822.60 ,32727.00 ,33117.00 ,31596.00 
31857.00 ,32822.60 ,33194.00 ,31170.00 
31429.00 ,31875.00 ,32266.00 ,31055.00 
31559.00 ,31427.00 ,31975.00 ,31224.00 
31824.00 ,31559.00 ,32427.00 ,31211.80 
30847.00 ,31824.00 ,31924.00 ,30514.00 
29806.10 ,30847.00 ,31075.00 ,29341.00 
32141.00 ,29806.10 ,32804.00 ,29545.00 
32320.00 ,32141.00 ,32609.70 ,31747.00 
33597.10 ,32320.00 ,33625.30 ,32020.00 
33845.00 ,33597.10 ,34043.00 ,33422.00 
35407.00 ,34620.00 ,35430.00 ,33906.00 
37296.00 ,35422.00 ,40515.60 ,35276.00 
39563.00 ,37296.00 ,39563.00 ,36436.00 
40004.00 ,39563.00 ,40899.00 ,38822.00 
40041.00 ,40004.00 ,40623.00 ,39282.00 
42169.00 ,40034.40 ,42244.00 ,38373.00 
41409.00 ,42169.00 ,42317.00 ,41051.00 
39922.00 ,41409.00 ,42532.00 ,39596.00 
39156.00 ,39922.00 ,40441.00 ,38716.00 
38207.00 ,39156.00 ,39774.00 ,37700.00 
39754.00 ,38219.00 ,39965.00 ,37564.00 
40887.00 ,39741.00 ,41352.00 ,37361.00 
42830.00 ,40887.00 ,43294.00 ,39933.00 
44589.00 ,42830.00 ,44689.20 ,42464.00 
43770.00 ,44589.00 ,45249.00 ,43300.00 
46293.00 ,43770.00 ,46432.20 ,42792.00 
45612.00 ,46291.00 ,46674.00 ,44644.00 
45546.00 ,45612.00 ,46725.00 ,45358.00 
44423.00 ,45546.00 ,46185.00 ,43789.00 
47842.00 ,44423.00 ,47866.00 ,44276.00 
47084.00 ,47842.00 ,48120.00 ,46036.00 
47031.00 ,47084.00 ,47355.00 ,45556.00 
45940.00 ,47031.00 ,48059.00 ,45689.00 
44698.00 ,45940.00 ,47157.00 ,44467.00 
44744.00 ,44698.00 ,46007.80 ,44290.00 
46765.00 ,44744.00 ,47060.00 ,43992.00 
49332.00 ,46765.00 ,49362.00 ,46660.00 
48868.00 ,49332.00 ,49784.00 ,48290.00 
49264.00 ,48868.00 ,49487.00 ,48121.00 
49539.00 ,49264.00 ,50506.30 ,49055.00 
47714.00 ,49539.00 ,49857.00 ,47604.00 
48989.00 ,47714.00 ,49244.00 ,47158.00 
46832.00 ,48989.00 ,49385.00 ,46370.70 
49076.10 ,46832.00 ,49159.00 ,46364.90 
48914.00 ,49076.10 ,49310.00 ,48400.00 
48800.00 ,48914.00 ,49650.00 ,47844.00 
47008.00 ,48800.00 ,48915.70 ,46904.00 
47157.00 ,47008.00 ,48241.00 ,46725.00 
48844.00 ,47157.00 ,49102.00 ,46600.00 
49291.00 ,48844.00 ,50365.00 ,48633.00 
50000.00 ,49291.00 ,51032.00 ,48362.00 
49899.00 ,50000.00 ,50529.00 ,49418.00 
51762.00 ,49899.00 ,51900.00 ,49500.00 
52676.00 ,51762.00 ,52709.00 ,51062.00 
46778.00 ,52676.00 ,52888.00 ,43347.00 
46088.00 ,46778.00 ,47342.40 ,44509.90 
46389.00 ,46088.00 ,47397.00 ,45591.00 
44852.00 ,46389.00 ,47036.00 ,44265.10 
45169.00 ,44852.00 ,45990.00 ,44750.00 
46069.00 ,45169.00 ,46391.00 ,44780.10 
44960.00 ,46069.00 ,46823.00 ,43514.00 
47078.00 ,44960.00 ,47235.00 ,44726.00 
48136.00 ,47078.00 ,48440.00 ,46738.00 
47786.00 ,48136.00 ,48518.00 ,47080.00 
47292.00 ,47786.00 ,48183.00 ,46782.00 
48309.00 ,47296.00 ,48794.00 ,47070.00 
47239.00 ,48309.00 ,48370.00 ,46837.00 
43002.00 ,47239.00 ,47323.00 ,42577.00 
40664.00 ,43002.00 ,43622.30 ,39678.00 
43582.60 ,40632.50 ,43998.00 ,40607.00 
44882.00 ,43582.60 ,44986.00 ,43121.00 
42878.00 ,44882.00 ,45140.00 ,40779.00 
42711.00 ,42854.00 ,42977.00 ,41731.00 
43180.00 ,42711.00 ,43931.00 ,40830.00 
42191.00 ,43220.50 ,44354.00 ,42144.00 
41064.00 ,42191.00 ,42777.00 ,40928.00 
41551.00 ,41064.00 ,42591.00 ,40811.00 
43830.00 ,41551.00 ,44107.00 ,41432.00 
48157.00 ,43830.00 ,48454.00 ,43311.00 
47675.00 ,48151.00 ,48330.00 ,47459.00 
48243.00 ,47675.00 ,49187.00 ,47124.00 
49252.00 ,48243.00 ,49503.00 ,46951.00 
51508.00 ,49232.00 ,51891.10 ,49065.00 
55331.00 ,51508.00 ,55724.00 ,50448.00 
53793.00 ,55331.00 ,55339.00 ,53444.00 
53925.00 ,53793.00 ,56000.00 ,53649.00 
54978.00 ,53925.00 ,55443.70 ,53711.00 
54701.00 ,54978.00 ,56414.00 ,54173.00 
57468.00 ,54701.00 ,57802.50 ,54430.00 
55967.00 ,57468.00 ,57633.00 ,54000.00 
57381.00 ,55967.00 ,57758.00 ,54310.00 
57354.00 ,57381.00 ,58473.00 ,56880.00 
61709.00 ,57354.00 ,62897.00 ,56889.00 
60867.50 ,61680.00 ,62325.00 ,60175.00 
61511.00 ,60867.50 ,61652.00 ,59073.00 
62034.00 ,61504.00 ,62661.00 ,59948.00 
64237.00 ,62034.00 ,64418.00 ,61441.10 
65988.00 ,64263.00 ,66927.00 ,63536.00 
62200.00 ,65988.00 ,66643.00 ,62100.00 
60708.00 ,62200.00 ,63708.00 ,60045.00 
61302.00 ,60708.00 ,61731.00 ,59762.00 
60847.00 ,61302.00 ,61471.00 ,59537.00 
63100.00 ,60847.00 ,63666.00 ,60633.00 
60290.00 ,63100.00 ,63306.00 ,59852.00 
58453.00 ,60289.00 ,61447.70 ,58096.40 
60598.00 ,58453.00 ,62395.00 ,57612.00 
62235.00 ,60598.00 ,62980.00 ,60189.50 
61838.80 ,62235.00 ,62353.00 ,60756.00 
61330.00 ,61838.80 ,62414.00 ,60021.00 
60927.00 ,61330.00 ,62485.00 ,59595.60 
63249.00 ,60927.00 ,64263.40 ,60661.00 
62904.00 ,63249.00 ,63556.00 ,60624.00 
61422.80 ,62904.00 ,63060.20 ,60733.00 
61016.40 ,61422.80 ,62598.00 ,60746.30 
61496.00 ,61016.40 ,61583.00 ,60100.00 
63259.10 ,61495.00 ,63279.00 ,61400.00 
67526.00 ,63259.10 ,67665.00 ,63259.10 
66935.00 ,67526.00 ,68429.00 ,66343.00 
64954.00 ,66935.00 ,68925.00 ,63123.00 
64801.00 ,64954.00 ,65541.00 ,64089.00 
64156.00 ,64801.00 ,65412.00 ,62310.00 
64406.00 ,64137.00 ,64968.20 ,63405.00 
65471.00 ,64406.00 ,65471.00 ,63589.00 
63562.00 ,65471.00 ,66320.00 ,63383.30 
60124.00 ,63562.00 ,63562.00 ,58708.00 
60386.10 ,60124.00 ,60847.00 ,58427.00 
57014.00 ,60386.10 ,60945.00 ,56559.00 
58130.00 ,56932.00 ,58379.00 ,55670.00 
59739.00 ,58130.00 ,59886.00 ,57494.40 
58790.00 ,59739.00 ,60047.00 ,58624.00 
56299.00 ,58790.00 ,59407.00 ,55714.00 
57602.00 ,56299.00 ,57866.20 ,55460.00 
57209.00 ,57602.00 ,57762.00 ,55916.90 
58995.00 ,57209.00 ,59423.40 ,57070.00 
53738.00 ,58995.00 ,59229.00 ,53565.00 
54836.00 ,53738.00 ,55329.00 ,53711.00 
57325.00 ,54836.00 ,57469.00 ,53482.00 
57845.00 ,57325.00 ,58886.00 ,56772.00 
56938.00 ,57845.00 ,59174.00 ,55940.00 
57250.00 ,56938.00 ,59055.00 ,56505.00 
56517.00 ,57250.00 ,57389.00 ,55842.00 
53709.00 ,56517.00 ,57599.00 ,52062.00 
49272.00 ,53709.00 ,53879.00 ,42101.00 
49469.00 ,49272.00 ,49752.00 ,47860.00 
50566.60 ,49469.00 ,50974.00 ,47295.00 
50634.00 ,50566.60 ,51969.00 ,50102.00 
50503.40 ,50634.00 ,51239.00 ,48760.00 
47611.00 ,50503.40 ,50824.00 ,47408.00 
47170.00 ,47611.00 ,50105.00 ,47060.00 
49363.10 ,47170.00 ,49510.00 ,46897.00 
50123.00 ,49363.10 ,50800.00 ,48692.00 
46777.00 ,50123.00 ,50222.70 ,45790.00 
48408.00 ,46777.00 ,48656.00 ,46356.20 
48901.00 ,48408.00 ,49520.00 ,46602.00 
47675.00 ,48901.00 ,49462.10 ,47561.00 
46193.00 ,47675.00 ,48028.80 ,45539.00 
46879.00 ,46193.00 ,47364.00 ,45543.50 
46716.50 ,46879.00 ,48283.00 ,46474.90 
46898.00 ,46716.50 ,47541.00 ,45606.00 
48923.00 ,46898.00 ,49352.00 ,46683.00 
48626.00 ,48923.00 ,49575.10 ,48459.80 
50812.00 ,48626.00 ,51376.00 ,48078.00 
50815.00 ,50833.00 ,51834.00 ,50439.00 
50437.00 ,50815.00 ,51169.00 ,50209.00 
50797.00 ,50435.20 ,51281.00 ,49473.00 
50684.00 ,50797.00 ,52027.00 ,50483.00 
47554.00 ,50684.00 ,50710.00 ,47339.00 
46465.00 ,47554.00 ,48166.00 ,46129.00 
47156.00 ,46465.00 ,47911.00 ,45996.00 
46218.00 ,47156.00 ,48589.00 ,45697.00 
47755.00 ,46218.00 ,47954.00 ,46215.00 
47314.00 ,47755.00 ,47980.00 ,46698.00 
46445.00 ,47314.00 ,47578.00 ,45701.00 
45830.00 ,46445.00 ,47546.00 ,45583.00 
43418.00 ,45830.00 ,47056.70 ,42519.00 
43111.00 ,43418.00 ,43777.00 ,42487.00 
41518.00 ,43111.00 ,43132.00 ,40755.00 
41679.00 ,41518.00 ,42319.00 ,40570.00 
41850.00 ,41679.00 ,42790.00 ,41275.00 
41839.00 ,41850.00 ,42270.00 ,39677.00 
42743.00 ,41839.00 ,43113.00 ,41287.00 
43909.00 ,42743.00 ,44305.00 ,42475.00 
42562.00 ,43909.00 ,44426.70 ,42334.00 
43091.00 ,42562.00 ,43463.00 ,41839.00 
43069.00 ,43091.00 ,43806.00 ,42600.00 
43084.00 ,43069.00 ,43487.00 ,42611.80 
42242.00 ,43084.00 ,43191.00 ,41568.00 
42390.00 ,42223.00 ,42682.00 ,41304.00 
41676.00 ,42390.00 ,42581.20 ,41180.00 
40740.00 ,41676.00 ,43540.60 ,40572.00 
36501.00 ,40740.00 ,41132.00 ,35524.00 
35103.00 ,36467.00 ,36816.00 ,34079.00 
36308.00 ,35103.00 ,36550.00 ,34687.30 
36702.00 ,36308.00 ,37460.00 ,32981.00 
36994.00 ,36702.00 ,37545.00 ,35759.00 
36830.80 ,36986.00 ,38901.00 ,36301.00 
37217.00 ,36830.80 ,37248.00 ,35571.00 
37759.80 ,37217.00 ,38041.00 ,36197.00 
38197.00 ,37759.80 ,38696.00 ,37347.70 
37939.00 ,38179.90 ,38349.00 ,37398.00 
38526.00 ,37914.40 ,38772.10 ,36683.00 
38733.00 ,38495.00 ,39350.00 ,38039.00 
36925.00 ,38733.00 ,38877.00 ,36660.00 
37331.00 ,36925.00 ,37395.00 ,36282.00 
41562.70 ,37331.00 ,41734.00 ,37070.00 
41454.00 ,41562.70 ,41928.00 ,40979.80 
42423.00 ,41454.00 ,42730.00 ,41171.00 
43865.00 ,42416.00 ,44500.00 ,41715.00 
44060.50 ,43865.00 ,45400.00 ,42713.00 
44432.00 ,44060.50 ,44839.60 ,43160.00 
43545.00 ,44432.00 ,45851.00 ,43255.00 
42418.00 ,43545.00 ,43965.00 ,42053.00 
42239.10 ,42418.00 ,43028.00 ,41810.00 
42091.00 ,42239.10 ,42760.00 ,41920.00 
42559.90 ,42091.00 ,42852.00 ,41608.00 
44559.90 ,42559.90 ,44762.00 ,42467.00 
43885.00 ,44559.90 ,44584.00 ,43382.00 
40556.00 ,43885.00 ,44187.60 ,40126.80 
40037.00 ,40559.00 ,40983.00 ,39571.00 
40141.00 ,40037.00 ,40478.00 ,39683.00 
38420.00 ,40128.00 ,40164.10 ,38071.00 
37054.00 ,38420.00 ,39531.00 ,36829.00 
38299.00 ,37060.90 ,38475.00 ,36404.00 
37292.00 ,38299.00 ,39270.00 ,37142.00 
38380.00 ,37292.00 ,39716.00 ,34435.00 
39243.00 ,38380.00 ,39717.00 ,38071.10 
39125.00 ,39243.00 ,40274.00 ,38633.00 
37734.00 ,39137.10 ,39888.00 ,37067.10 
43202.00 ,37734.00 ,44198.00 ,37502.00 
44442.00 ,43202.00 ,44939.00 ,42878.00 
43952.00 ,44442.00 ,45326.00 ,43386.00 
42490.00 ,43952.00 ,44103.00 ,41862.00 
39171.00 ,42489.00 ,42559.00 ,38621.00 
39408.00 ,39171.00 ,39628.00 ,38680.00 
38437.00 ,39408.00 ,39715.00 ,38151.00 
38039.00 ,38437.00 ,39559.00 ,37198.00 
38757.00 ,38039.00 ,39385.10 ,37906.00 
41962.30 ,38757.00 ,42593.00 ,38692.50 
39458.50 ,41964.00 ,42069.00 ,38646.00 
38737.00 ,39458.50 ,40228.00 ,38236.40 
38816.30 ,38737.00 ,39397.00 ,38679.00 
37777.10 ,38816.30 ,39314.00 ,37592.00 
39717.00 ,37777.10 ,39977.00 ,37570.00 
39317.00 ,39717.90 ,39886.90 ,38212.00 
41148.00 ,39316.60 ,41728.00 ,38974.00 
40942.60 ,41148.00 ,41451.00 ,40553.00 
41774.00 ,40942.60 ,42333.00 ,40236.00 
42214.00 ,41774.00 ,42373.00 ,41491.00 
41249.00 ,42213.00 ,42292.00 ,40933.00 
41031.00 ,41264.00 ,41535.00 ,40544.00 
42370.00 ,41011.00 ,43319.00 ,40886.00 
42882.00 ,42370.00 ,42995.00 ,41772.00 
44003.00 ,42885.00 ,44221.00 ,42670.00 
44337.00 ,44003.00 ,45082.00 ,43607.00 
44536.40 ,44337.00 ,44785.00 ,44112.70 
46836.00 ,44536.40 ,46862.00 ,44440.00 
47105.00 ,46836.00 ,48159.00 ,46666.00 
47424.00 ,47105.00 ,48099.00 ,46964.00 
47035.00 ,47424.00 ,47675.00 ,46602.00 
45535.00 ,47035.00 ,47665.00 ,45224.40 
46301.00 ,45535.00 ,46717.00 ,44245.90 
45825.00 ,46301.00 ,47216.00 ,45640.00 
46383.00 ,45825.00 ,47414.00 ,45570.00 
46611.10 ,46383.00 ,46900.00 ,45128.00 
45481.00 ,46611.10 ,47173.00 ,45376.00 
43199.00 ,45481.00 ,45515.10 ,43162.00 
43458.00 ,43195.90 ,43899.00 ,42804.00 
42277.00 ,43458.00 ,43984.00 ,42137.30 
42780.00 ,42277.00 ,42824.00 ,42137.00 
42181.00 ,42780.00 ,43460.00 ,41933.00 
39565.00 ,42181.00 ,42437.00 ,39274.00 
40087.00 ,39565.00 ,40649.00 ,39300.00 
41155.00 ,40088.00 ,41540.00 ,39607.00 
39948.00 ,41155.00 ,41510.30 ,39604.00 
40587.00 ,39948.00 ,40807.00 ,39792.00 
40408.70 ,40587.00 ,40717.00 ,40033.10 
39707.60 ,40408.70 ,40611.00 ,39567.00 
40821.00 ,39707.60 ,41123.20 ,38557.00 
41516.80 ,40821.00 ,41743.00 ,40601.00 
41366.40 ,41516.80 ,42195.40 ,40905.00 
40502.00 ,41365.00 ,42977.00 ,39807.00 
39724.00 ,40502.00 ,40799.00 ,39195.00 
39446.70 ,39726.00 ,40008.00 ,39312.00 
39486.00 ,39444.00 ,39949.00 ,38963.00 
40456.00 ,39486.00 ,40588.00 ,38200.00 
38139.00 ,40456.00 ,40800.30 ,37762.00 
39263.00 ,38139.00 ,39478.00 ,37901.00 
39757.80 ,39263.00 ,40364.00 ,38922.00 
38600.00 ,39757.80 ,39927.20 ,38200.70 
37662.00 ,38600.00 ,38791.60 ,37633.00 
38496.10 ,37662.00 ,38689.00 ,37426.00 
38520.00 ,38496.10 ,39184.00 ,38090.70 
37751.00 ,38520.00 ,38673.50 ,37555.00 
39701.20 ,37751.00 ,39996.00 ,37695.00 
36577.00 ,39701.20 ,39843.00 ,36209.00 
36040.00 ,36577.00 ,36684.00 ,35315.00 
35508.00 ,36040.00 ,36163.00 ,34879.00 
34084.00 ,35506.00 ,35540.00 ,33779.00 
30158.00 ,34064.00 ,34259.00 ,30114.00 
31050.00 ,30158.00 ,32681.00 ,29845.00 
29095.00 ,31061.00 ,32181.00 ,27902.00 
29089.50 ,29095.00 ,30224.00 ,26600.00 
29306.00 ,29089.50 ,31068.00 ,28831.00 
30104.00 ,29306.00 ,30346.00 ,28674.00 
31319.00 ,30104.00 ,31416.00 ,29483.00 
29854.00 ,31318.00 ,31324.10 ,29083.00 
30442.00 ,29854.00 ,30766.00 ,29445.90 
28680.00 ,30442.00 ,30702.00 ,28634.00 
30329.00 ,28680.00 ,30542.00 ,28673.00 
29202.00 ,30329.00 ,30764.00 ,28713.00 
29439.00 ,29202.00 ,29652.00 ,28963.00 
30283.00 ,29439.00 ,30466.00 ,29253.00 
29091.00 ,30283.00 ,30666.00 ,28868.00 
29647.00 ,29091.00 ,29822.00 ,28690.00 
29524.00 ,29647.00 ,30218.00 ,29345.00 
29213.00 ,29524.00 ,29859.20 ,28005.00 
28609.00 ,29213.00 ,29377.80 ,28267.10 
29037.00 ,28609.00 ,29259.00 ,28528.30 
29476.00 ,29037.00 ,29586.00 ,28851.00 
31726.30 ,29476.00 ,32191.00 ,29310.60 
31792.00 ,31726.30 ,32390.80 ,31220.00 
29832.00 ,31792.00 ,31974.00 ,29354.00 
30478.00 ,29832.00 ,30712.00 ,29620.00 
29730.00 ,30478.00 ,30707.00 ,29346.00 
29877.00 ,29730.00 ,29981.00 ,29506.00 
29923.40 ,29877.00 ,30196.00 ,29541.00 
31371.00 ,29923.40 ,31764.00 ,29907.00 
31149.00 ,31371.00 ,31577.00 ,29231.00 
30230.00 ,31149.00 ,31331.00 ,29887.00 
30112.20 ,30226.00 ,30711.80 ,29957.00 
29103.00 ,30112.20 ,30367.00 ,28864.10 
28425.00 ,29103.00 ,29452.00 ,28138.00 
26670.00 ,28425.00 ,28558.30 ,26640.00 
22487.00 ,26670.00 ,26922.30 ,22017.00 
22172.00 ,22500.00 ,23326.00 ,20873.00 
22594.00 ,22172.00 ,22805.00 ,20089.00 
20394.00 ,22594.00 ,22996.00 ,20253.00 
20411.00 ,20394.00 ,21347.00 ,20254.00 
18978.00 ,20411.00 ,20688.00 ,17611.00 
20556.00 ,18978.00 ,20744.00 ,17950.00 
20554.10 ,20556.00 ,20984.00 ,19628.00 
20692.90 ,20549.10 ,21670.00 ,20341.00 
19943.00 ,20692.90 ,20848.00 ,19739.00 
21071.00 ,19943.00 ,21163.00 ,19866.00 
21229.00 ,21071.00 ,21526.00 ,20704.00 
21485.00 ,21229.00 ,21575.00 ,20899.40 
21067.00 ,21485.00 ,21871.30 ,21000.00 
20718.00 ,21067.00 ,21509.40 ,20551.00 
20267.00 ,20718.00 ,21200.00 ,20204.00 
20106.60 ,20270.60 ,20428.00 ,19886.00 
19938.00 ,20106.60 ,20146.10 ,18643.00 
19286.00 ,19938.00 ,20795.00 ,18993.00 
19230.00 ,19286.00 ,19442.00 ,18994.00 
19308.80 ,19230.00 ,19638.00 ,18774.00 
20224.00 ,19308.80 ,20318.00 ,19056.60 
20169.00 ,20224.00 ,20723.00 ,19290.00 
20557.10 ,20169.00 ,20665.60 ,19765.20 
21620.00 ,20557.10 ,21809.00 ,20253.00 
21600.00 ,21620.00 ,22405.00 ,21198.00 
21575.80 ,21600.00 ,21967.00 ,21335.50 
20854.60 ,21575.80 ,21590.10 ,20678.00 
19945.00 ,20854.60 ,20865.20 ,19876.00 
19310.50 ,19945.00 ,20038.20 ,19243.90 
20246.00 ,19310.50 ,20282.70 ,18926.80 
20578.00 ,20246.00 ,20880.00 ,19647.00 
20816.00 ,20582.00 ,21190.00 ,20375.70 
21224.00 ,20820.00 ,21590.00 ,20477.00 
20781.00 ,21224.00 ,21666.00 ,20751.00 
22476.00 ,20781.00 ,22749.00 ,20763.00 
23398.00 ,22476.00 ,23783.00 ,21599.00 
23209.00 ,23398.00 ,24276.00 ,22915.00 
23151.80 ,23209.00 ,23409.00 ,22350.00 
22675.90 ,23151.80 ,23729.00 ,22517.00 
22446.00 ,22675.90 ,22993.00 ,21949.00 
22579.20 ,22446.00 ,23001.00 ,22262.00 
21302.60 ,22579.20 ,22663.30 ,21262.00 
21271.00 ,21302.60 ,21329.00 ,20738.00 
22951.00 ,21271.00 ,23098.00 ,21056.00 
23851.60 ,22951.00 ,24172.00 ,22601.00 
23764.00 ,23851.60 ,24426.00 ,23456.00 
23639.00 ,23764.00 ,24641.00 ,23520.00 
23294.00 ,23639.00 ,24211.00 ,23233.00 
23259.00 ,23294.00 ,23499.00 ,22882.00 
22984.00 ,23259.00 ,23438.90 ,22676.00 
22813.90 ,22986.00 ,23626.60 ,22684.00 
22611.70 ,22813.90 ,23210.10 ,22390.00 
23311.00 ,22611.70 ,23462.00 ,22596.00 
22924.00 ,23311.00 ,23341.30 ,22903.00 
23177.90 ,22924.00 ,23397.00 ,22837.00 
23817.00 ,23177.90 ,24224.00 ,23164.00 
23141.00 ,23817.00 ,23912.00 ,22888.00 
23954.20 ,23142.00 ,24215.00 ,22665.00 
23931.50 ,23954.20 ,24877.00 ,23861.00 
24395.20 ,23931.50 ,24441.00 ,23603.00 
24425.00 ,24395.20 ,24880.00 ,24307.00 
24300.00 ,24425.00 ,25003.00 ,24151.00 
24094.00 ,24300.00 ,25203.00 ,23776.00 
23856.00 ,24094.00 ,24234.10 ,23686.00 
23335.00 ,23856.00 ,24433.00 ,23180.00 
23196.70 ,23335.00 ,23599.00 ,23124.00 
20839.00 ,23196.70 ,23204.00 ,20793.00 
21141.00 ,20835.00 ,21366.00 ,20769.00 
21510.00 ,21141.00 ,21772.90 ,21076.60 
21395.00 ,21511.70 ,21527.00 ,20910.00 
21527.00 ,21395.00 ,21671.00 ,20909.00 
21365.60 ,21527.00 ,21861.00 ,21160.00 
21563.10 ,21365.60 ,21809.00 ,21320.00 
20257.90 ,21563.10 ,21866.00 ,20134.00 
20036.00 ,20257.90 ,20362.00 ,19852.00 
19557.80 ,20044.00 ,20163.00 ,19540.00 
20308.00 ,19572.00 ,20412.00 ,19566.30 
19812.00 ,20308.00 ,20574.00 ,19574.00 
20058.00 ,19812.00 ,20483.00 ,19812.00 
20134.00 ,20058.00 ,20212.00 ,19587.00 
19973.00 ,20134.00 ,20441.00 ,19770.00 
19835.00 ,19973.00 ,20061.90 ,19667.00 
20002.00 ,19835.00 ,20020.00 ,19590.00 
19788.00 ,20002.00 ,20045.00 ,19646.00 
18790.00 ,19789.00 ,20183.00 ,18691.80 
19279.50 ,18790.00 ,19457.00 ,18561.00 
19322.00 ,19280.00 ,19447.00 ,19048.00 
21375.00 ,19322.00 ,21576.00 ,19304.40 
21648.00 ,21375.00 ,21802.00 ,21143.80 
21826.00 ,21657.00 ,21826.00 ,21369.00 
22395.00 ,21850.00 ,22473.00 ,21561.00 
20181.00 ,22395.00 ,22746.00 ,19950.00 
20231.00 ,20181.00 ,20511.00 ,19642.00 
19717.00 ,20231.00 ,20329.00 ,19556.00 
19809.90 ,19717.00 ,19894.00 ,19350.00 
20127.00 ,19809.90 ,20206.00 ,19770.00 
19424.00 ,20127.00 ,20127.00 ,19356.00 
19544.50 ,19424.00 ,19684.00 ,18318.00 
18886.60 ,19544.50 ,19634.00 ,18769.00 
18476.50 ,18886.60 ,19888.00 ,18214.00 
19413.00 ,18476.50 ,19502.00 ,18378.80 
19298.80 ,19413.00 ,19512.00 ,18562.00 
18935.00 ,19298.80 ,19314.00 ,18822.00 
18817.00 ,18935.00 ,19179.00 ,18647.00 
19229.50 ,18817.00 ,19326.00 ,18699.00 
19096.60 ,19229.50 ,20373.00 ,18856.00 
19419.00 ,19096.60 ,19783.00 ,18495.00 
19588.00 ,19419.00 ,19651.30 ,18863.00 
19430.00 ,19588.00 ,20171.00 ,19201.00 
19317.00 ,19430.00 ,19485.00 ,19172.00 
19066.00 ,19317.00 ,19396.00 ,18945.00 
19638.00 ,19066.00 ,19688.00 ,18985.00 
20340.00 ,19638.00 ,20470.00 ,19510.00 
20156.00 ,20340.00 ,20363.00 ,19756.80 
19957.00 ,20156.00 ,20444.00 ,19866.00 
19533.00 ,19957.00 ,20053.00 ,19336.00 
19418.00 ,19533.00 ,19621.40 ,19275.00 
19444.40 ,19418.00 ,19551.40 ,19326.00 
19128.00 ,19444.40 ,19527.00 ,19056.00 
19062.00 ,19128.00 ,19260.00 ,18870.00 
19158.00 ,19062.00 ,19232.00 ,19026.00 
19387.00 ,19158.00 ,19503.00 ,18200.00 
19187.00 ,19387.00 ,19946.00 ,19103.00 
19072.00 ,19187.00 ,19227.00 ,18993.00 
19269.00 ,19072.00 ,19428.00 ,19068.00 
19554.00 ,19266.00 ,19683.00 ,19168.00 
19334.00 ,19554.00 ,19705.00 ,19106.00 
19132.00 ,19334.00 ,19361.00 ,19098.00 
19057.00 ,19132.00 ,19345.00 ,18940.00 
19175.00 ,19057.00 ,19260.00 ,18680.00 
19219.00 ,19175.00 ,19272.00 ,19125.00 
19585.00 ,19219.00 ,19707.00 ,19105.00 
19340.00 ,19585.00 ,19601.00 ,19175.00 
20104.00 ,19340.00 ,20430.00 ,19254.00 
20788.00 ,20104.00 ,21011.00 ,20077.00 
20303.00 ,20788.00 ,20892.00 ,20226.00 
20611.00 ,20303.00 ,20764.00 ,20055.00 
20833.00 ,20611.00 ,21074.00 ,20576.00 
20647.00 ,20833.00 ,20949.00 ,20535.00 
20509.00 ,20647.00 ,20843.00 ,20268.00 
20500.00 ,20509.00 ,20689.00 ,20357.00 
20168.00 ,20500.00 ,20816.00 ,20080.00 
20223.00 ,20168.00 ,20403.00 ,20073.00 
21168.00 ,20223.00 ,21290.00 ,20206.00 
21313.00 ,21168.00 ,21470.00 ,21105.00 
20932.00 ,21313.00 ,21378.00 ,20913.00 
20610.00 ,20932.00 ,21083.00 ,20423.00 
18557.00 ,20610.00 ,20692.00 ,16950.00 
15907.00 ,18557.00 ,18597.00 ,15603.00 
17579.00 ,15907.00 ,18155.00 ,15760.00 
17045.00 ,17579.00 ,17665.00 ,16403.00 
16812.00 ,17045.00 ,17105.00 ,16637.00 
16345.00 ,16812.00 ,16956.00 ,16257.00 
16627.00 ,16345.00 ,17188.00 ,15829.00 
16886.00 ,16627.00 ,17124.00 ,16554.00 
16531.00 ,16886.00 ,17002.00 ,16384.00 
16705.00 ,16676.00 ,16735.00 ,16413.00 
16634.00 ,16827.00 ,16837.00 ,16550.00 
16695.00 ,16645.00 ,16811.00 ,16600.00 
16281.00 ,16695.00 ,16742.00 ,16185.00 
15766.00 ,16281.00 ,16281.00 ,15501.00 
16215.00 ,15766.00 ,16279.00 ,15616.00 
16619.00 ,16215.00 ,16676.00 ,16168.00 
16606.00 ,16619.00 ,16792.00 ,16468.00 
16519.00 ,16606.00 ,16617.00 ,16354.00 
16459.00 ,16519.00 ,16697.00 ,16390.00 
16432.00 ,16459.00 ,16600.00 ,16422.00 
16215.00 ,16432.00 ,16487.00 ,16014.00 
16452.00 ,16215.00 ,16537.00 ,16102.00 
17182.00 ,16452.00 ,17238.00 ,16446.00 
16980.00 ,17182.00 ,17270.00 ,16872.00 
17091.00 ,16980.00 ,17100.00 ,16808.00 
16890.00 ,17091.00 ,17135.00 ,16870.00 
17128.00 ,16890.00 ,17199.00 ,16886.00 
16974.00 ,17128.00 ,17420.00 ,16886.00 
17096.00 ,16974.00 ,17109.00 ,16917.00 
16844.00 ,17096.00 ,17137.00 ,16720.00 
17246.00 ,16844.00 ,17321.00 ,16759.00 
17135.00 ,17246.00 ,17326.00 ,17090.00 
17132.00 ,17135.00 ,17232.00 ,17109.00 
17109.00 ,17132.00 ,17294.00 ,17095.00 
17228.00 ,17109.00 ,17258.00 ,16899.00 
17785.00 ,17228.00 ,17981.00 ,17107.00 
17810.00 ,17785.00 ,18373.00 ,17688.00 
17372.00 ,17810.00 ,17867.00 ,17311.00 
16642.00 ,17372.00 ,17543.00 ,16554.00 
16793.00 ,16642.00 ,16811.00 ,16609.00 
16757.00 ,16793.00 ,16851.00 ,16680.00 
16448.00 ,16757.00 ,16825.00 ,16320.00 
16925.00 ,16448.00 ,17057.00 ,16413.00 
16845.00 ,16925.00 ,16934.00 ,16755.00 
16838.00 ,16845.00 ,16873.00 ,16588.00 
16802.00 ,16838.00 ,16942.00 ,16788.00 
16864.00 ,16802.00 ,16880.00 ,16802.00 
16847.00 ,16864.00 ,16874.00 ,16760.00 
16946.00 ,16847.00 ,16958.00 ,16814.00 
16719.00 ,16946.00 ,16987.00 ,16631.00 
16558.00 ,16719.00 ,16796.00 ,16490.00 
16658.00 ,16558.00 ,16675.00 ,16505.00 
16618.00 ,16658.00 ,16659.00 ,16380.00 
16564.00 ,16618.00 ,16660.00 ,16515.00 
16643.00 ,16564.00 ,16644.00 ,16517.00 
16690.00 ,16643.00 ,16802.00 ,16584.00 
16689.00 ,16690.00 ,16807.00 ,16625.00 
16868.00 ,16689.00 ,16998.00 ,16671.00 
16842.00 ,16868.00 ,16888.00 ,16778.00 
16967.00 ,16842.00 ,17045.00 ,16705.00 
16958.00 ,16967.00 ,16990.00 ,16925.00 
17139.00 ,16958.00 ,17174.00 ,16930.00 
17188.00 ,17139.00 ,17399.00 ,17123.00 
17445.00 ,17188.00 ,17503.00 ,17155.00 
17946.00 ,17445.00 ,17998.00 ,17319.00 
18857.00 ,17946.00 ,19070.00 ,17920.00 
19933.00 ,18857.00 ,19989.00 ,18725.00 
20963.00 ,19933.00 ,21300.00 ,19897.00 
20882.00 ,20963.00 ,21048.00 ,20583.00 
21196.00 ,20882.00 ,21433.00 ,20651.00 
21136.00 ,21196.00 ,21518.00 ,20905.00 
20678.00 ,21136.00 ,21632.00 ,20435.00 
21080.00 ,20678.00 ,21181.00 ,20670.00 
22672.00 ,21080.00 ,22742.00 ,20879.00 
22766.00 ,22672.00 ,23312.00 ,22443.00 
22713.00 ,22766.00 ,23071.00 ,22321.00 
22910.00 ,22713.00 ,23169.00 ,22520.00 
22627.00 ,22910.00 ,23154.00 ,22479.00 
23045.00 ,22627.00 ,23812.00 ,22334.00 
23004.00 ,23045.00 ,23273.00 ,22859.00 
23067.00 ,23004.00 ,23475.00 ,22539.00 
23029.00 ,23067.00 ,23181.00 ,22885.00 
23746.00 ,23029.00 ,23962.00 ,23000.00 
22837.00 ,23746.00 ,23784.00 ,22516.00 
23135.00 ,22837.00 ,23286.00 ,22730.00 
23723.00 ,23135.00 ,23802.00 ,22800.00 
23485.00 ,23723.00 ,24239.00 ,23395.00 
23433.00 ,23485.00 ,23700.00 ,23230.00 
23315.00 ,23433.00 ,23580.00 ,23253.00 
22936.00 ,23315.00 ,23419.00 ,22799.00 
22755.00 ,22936.00 ,23145.00 ,22639.00 
23251.00 ,22755.00 ,23350.00 ,22744.00 
22959.00 ,23251.00 ,23430.00 ,22691.00 
21800.00 ,22959.00 ,23002.00 ,21710.00 
21643.00 ,21800.00 ,21937.00 ,21500.00 
21866.00 ,21643.00 ,21903.00 ,21614.00 
21796.00 ,21866.00 ,22095.00 ,21667.00 
21773.00 ,21796.00 ,21902.00 ,21404.00 
22198.00 ,21773.00 ,22311.00 ,21578.00 
24318.00 ,22198.00 ,24350.00 ,22082.00 
23535.00 ,24318.00 ,25232.00 ,23527.00 
24579.00 ,23535.00 ,25018.00 ,23362.00 
24633.00 ,24579.00 ,24853.00 ,24450.00 
24294.00 ,24633.00 ,25200.00 ,24246.00 
24831.00 ,24294.00 ,25114.00 ,23867.00 
24460.00 ,24831.00 ,25162.00 ,24177.00 
24186.00 ,24460.00 ,24485.00 ,23586.00 
23947.00 ,24186.00 ,24598.00 ,23625.00 
23201.00 ,23947.00 ,24150.00 ,22911.00 
23177.00 ,23201.00 ,23222.00 ,22810.00 
23560.00 ,23177.00 ,23669.00 ,23083.00 
23504.00 ,23560.00 ,23891.00 ,23167.00 
23134.00 ,23504.00 ,23609.00 ,23067.00 
23646.00 ,23134.00 ,23979.00 ,23037.00 
23472.00 ,23646.00 ,23792.00 ,23208.00 
22363.00 ,23472.00 ,23482.00 ,22003.00 
22346.00 ,22363.00 ,22405.00 ,22176.00 
22431.00 ,22346.00 ,22650.00 ,22225.00 
22404.00 ,22431.00 ,22586.00 ,22315.00 
22209.00 ,22404.00 ,22552.00 ,21967.00 
21712.00 ,22209.00 ,22286.00 ,21622.00 
20378.00 ,21712.00 ,21835.00 ,20096.00 
20201.00 ,20378.00 ,20381.00 ,19592.00 
20538.00 ,20201.00 ,20783.00 ,19874.00 
22079.00 ,20538.00 ,22132.00 ,20363.00 
24187.00 ,22079.00 ,24560.00 ,21891.00 
24744.00 ,24187.00 ,26434.00 ,24073.00 
24321.00 ,24744.00 ,25245.00 ,23939.00 
25057.00 ,24321.00 ,25213.00 ,24202.00 
27350.00 ,25057.00 ,27562.00 ,24954.00 
26913.00 ,27350.00 ,27605.00 ,26595.00 
27936.00 ,26913.00 ,28329.00 ,26838.00 
27712.00 ,27936.00 ,28438.00 ,27130.00 
28112.00 ,27712.00 ,28435.00 ,27313.00 
27263.00 ,28112.00 ,28813.00 ,26620.00 
28304.00 ,27263.00 ,28741.00 ,27121.00 
27458.00 ,28304.00 ,28372.00 ,27017.00 
27482.00 ,27458.00 ,27779.00 ,27173.00 
27986.00 ,27482.00 ,28171.00 ,27438.00 
27129.00 ,27986.00 ,28027.00 ,26542.00 
27265.00 ,27129.00 ,27512.00 ,26637.00 
28344.00 ,27265.00 ,28645.00 ,27253.00 
28017.00 ,28344.00 ,29170.00 ,27692.00 
28460.00 ,28017.00 ,28651.00 ,27556.00 
28443.00 ,28460.00 ,28809.00 ,28210.00 
28173.00 ,28443.00 ,28515.00 ,27867.00 
27790.00 ,28173.00 ,28482.00 ,27231.00 
28153.00 ,27790.00 ,28445.00 ,27671.00 
28153.00 ,28153.00 ,28750.00 ,27837.00 
28018.00 ,28153.00 ,28163.00 ,27728.00 
27889.00 ,28018.00 ,28082.00 ,27755.00 
27901.00 ,27889.00 ,28135.00 ,27839.00 
28320.00 ,27901.00 ,28510.00 ,27780.00 
29614.00 ,28320.00 ,29724.00 ,28159.00 
30190.00 ,29614.00 ,30484.00 ,29579.00 
29876.00 ,30190.00 ,30450.00 ,29683.00 
30389.00 ,29876.00 ,30563.00 ,29867.00 
30462.00 ,30389.00 ,30968.00 ,30001.00 
30280.00 ,30462.00 ,30575.00 ,30195.00 
30285.00 ,30280.00 ,30559.00 ,30123.00 
29434.00 ,30285.00 ,30289.00 ,29277.00 
30392.00 ,29434.00 ,30471.00 ,29169.00 
28826.00 ,30392.00 ,30412.00 ,28645.00 
28248.00 ,28826.00 ,29098.00 ,28035.00 
27287.00 ,28248.00 ,28378.00 ,27191.00 
27826.00 ,27287.00 ,27884.00 ,27163.00 
27613.00 ,27826.00 ,27827.00 ,27364.00 
27522.00 ,27613.00 ,28000.00 ,26998.00 
28324.00 ,27522.00 ,28389.00 ,27224.00 
28433.00 ,28324.00 ,30028.00 ,27263.00 
29479.00 ,28433.00 ,29885.00 ,28395.00 
29338.00 ,29479.00 ,29589.00 ,28911.00 
29253.00 ,29338.00 ,29454.00 ,29085.00 
29255.00 ,29253.00 ,29962.00 ,29113.00 
28106.00 ,29255.00 ,29347.00 ,27700.00 
28679.00 ,28106.00 ,28888.00 ,27919.00 
29037.00 ,28679.00 ,29277.00 ,28161.00 
28844.00 ,29037.00 ,29370.00 ,28706.00 
29526.00 ,28844.00 ,29687.00 ,28844.00 
28909.00 ,29526.00 ,29836.00 ,28415.00 
28464.00 ,28909.00 ,29175.00 ,28464.00 
27701.00 ,28464.00 ,28682.00 ,27309.00 
27668.00 ,27701.00 ,27844.00 ,27386.00 
27622.00 ,27668.00 ,28338.00 ,26855.00 
27016.00 ,27622.00 ,27654.00 ,26795.00 
26818.00 ,27016.00 ,27101.00 ,25884.00 
26790.00 ,26818.00 ,27065.00 ,26713.00 
26937.00 ,26790.00 ,27194.00 ,26639.00 
27190.00 ,26937.00 ,27671.00 ,26764.00 
27054.00 ,27190.00 ,27313.00 ,26899.00 
27425.00 ,27054.00 ,27511.00 ,26614.00 
26862.00 ,27425.00 ,27504.00 ,26443.00 
26911.00 ,26862.00 ,27198.00 ,26676.00 
27126.00 ,26911.00 ,27168.00 ,26863.00 
26760.00 ,27126.00 ,27285.00 ,26701.00 
26869.00 ,26760.00 ,27101.00 ,26562.00 
27243.00 ,26869.00 ,27481.00 ,26829.00 
26344.00 ,27243.00 ,27243.00 ,26100.00 
26498.00 ,26344.00 ,26620.00 ,25889.00 
26737.00 ,26498.00 ,26937.00 ,26359.00 
26885.00 ,26737.00 ,26917.00 ,26608.00 
28096.00 ,26885.00 ,28263.00 ,26804.00 
27772.00 ,28096.00 ,28463.00 ,27579.00 
27723.00 ,27772.00 ,28065.00 ,27600.00 
27220.00 ,27723.00 ,27855.00 ,26859.00 
26833.00 ,27220.00 ,27348.00 ,26666.00 
27254.00 ,26833.00 ,27301.00 ,26523.00 
27077.00 ,27254.00 ,27331.00 ,26925.00 
27126.00 ,27077.00 ,27446.00 ,26963.00 
25730.00 ,27126.00 ,27134.00 ,25420.00 
27233.00 ,25730.00 ,27342.00 ,25392.00 
26365.00 ,27233.00 ,27368.00 ,26157.00 
26526.00 ,26365.00 ,26811.00 ,26248.00 
26502.00 ,26526.00 ,26804.00 ,26303.00 
25870.00 ,26502.00 ,26556.00 ,25468.00 
25953.00 ,25870.00 ,26230.00 ,25669.00 
25933.00 ,25953.00 ,26106.00 ,25650.00 
25941.00 ,25933.00 ,26428.00 ,25748.00 
25146.00 ,25941.00 ,26113.00 ,24853.00 
25611.00 ,25146.00 ,25766.00 ,24862.00 
26357.00 ,25611.00 ,26506.00 ,25244.00 
26535.00 ,26357.00 ,26789.00 ,26202.00 
26358.00 ,26535.00 ,26712.00 ,26293.00 
26866.00 ,26358.00 ,27056.00 ,26293.00 
28325.00 ,26866.00 ,28406.00 ,26676.00 
30013.00 ,28325.00 ,30769.00 ,28286.00 
29920.00 ,30013.00 ,30506.00 ,29678.00 
30708.00 ,29920.00 ,31415.00 ,29838.00 
30556.00 ,30708.00 ,30820.00 ,30294.00 
30485.00 ,30556.00 ,31058.00 ,30334.00 
30287.00 ,30485.00 ,30672.00 ,29981.00 
30711.00 ,30287.00 ,31018.00 ,30246.00 
30094.00 ,30711.00 ,30731.00 ,29900.00 
30471.00 ,30094.00 ,30844.00 ,30062.00 
30500.00 ,30471.00 ,31299.00 ,29617.00 
30607.00 ,30500.00 ,30689.00 ,30356.00 
30663.00 ,30607.00 ,30817.00 ,30200.00 
31176.00 ,30663.00 ,31416.00 ,30607.00 
30782.00 ,31176.00 ,31345.00 ,30656.00 
30532.00 ,30782.00 ,30897.00 ,30239.00 
29942.00 ,30532.00 ,31530.00 ,29901.00 
30370.00 ,29942.00 ,30469.00 ,29779.00 
30318.00 ,30370.00 ,30406.00 ,30086.00 
30188.00 ,30318.00 ,30459.00 ,30081.00 
30445.00 ,30188.00 ,31044.00 ,29988.00 
30654.00 ,30445.00 ,30822.00 ,30359.00 
30428.00 ,30654.00 ,30998.00 ,30260.00 
31500.00 ,30428.00 ,31814.00 ,30307.00 
30343.00 ,31500.00 ,31657.00 ,29969.00 
30310.00 ,30343.00 ,30419.00 ,30283.00 
30260.00 ,30310.00 ,30469.00 ,30108.00 
30172.00 ,30260.00 ,30353.00 ,29701.00 
29888.00 ,30172.00 ,30269.00 ,29618.00 
29939.00 ,29888.00 ,30220.00 ,29829.00 
29839.00 ,29939.00 ,30438.00 ,29625.00 
29942.00 ,29839.00 ,30091.00 ,29770.00 
29811.00 ,29942.00 ,30035.00 ,29673.00 
30122.00 ,29811.00 ,30370.00 ,29777.00 
29224.00 ,30122.00 ,30125.00 ,28931.00 
29272.00 ,29224.00 ,29404.00 ,29101.00 
29390.00 ,29272.00 ,29720.00 ,29150.00 
29256.00 ,29390.00 ,29601.00 ,29123.00 
29365.00 ,29256.00 ,29578.00 ,29169.00 
29402.00 ,29365.00 ,29443.00 ,29305.00 
29315.00 ,29402.00 ,29488.00 ,29111.00 
29273.00 ,29315.00 ,29560.00 ,29164.00 
29746.00 ,29273.00 ,29746.00 ,28663.00 
29197.00 ,29746.00 ,30056.00 ,28975.00 
29206.00 ,29197.00 ,29438.00 ,28995.00 
29119.00 ,29206.00 ,29335.00 ,28863.00 
29075.00 ,29119.00 ,29153.00 ,28993.00 
29095.00 ,29075.00 ,29198.00 ,29007.00 
29223.00 ,29095.00 ,29289.00 ,28722.00 
29796.00 ,29223.00 ,30235.00 ,29165.00 
29597.00 ,29796.00 ,30163.00 ,29393.00 
29458.00 ,29597.00 ,29745.00 ,29384.00 
29434.00 ,29458.00 ,29549.00 ,29258.00 
29445.00 ,29434.00 ,29495.00 ,29393.00 
29314.00 ,29445.00 ,29477.00 ,29297.00 
29445.00 ,29314.00 ,29689.00 ,29103.00 
29200.00 ,29445.00 ,29499.00 ,29109.00 
28730.00 ,29200.00 ,29255.00 ,28728.00 
26661.00 ,28730.00 ,28778.00 ,24863.00 
26066.00 ,26661.00 ,26823.00 ,25699.00 
26115.00 ,26066.00 ,26279.00 ,25812.00 
26215.00 ,26115.00 ,26305.00 ,26018.00 
26144.00 ,26215.00 ,26255.00 ,25850.00 
26057.00 ,26144.00 ,26156.00 ,25490.00 
26461.00 ,26057.00 ,26834.00 ,25840.00 
26199.00 ,26461.00 ,26598.00 ,25962.00 
26079.00 ,26199.00 ,26314.00 ,25825.00 
26045.00 ,26079.00 ,26142.00 ,26019.00 
26121.00 ,26045.00 ,26198.00 ,25997.00 
26147.00 ,26121.00 ,26264.00 ,25900.00 
27752.00 ,26147.00 ,28097.00 ,25954.00 
27325.00 ,27752.00 ,27789.00 ,27085.00 
25967.00 ,27325.00 ,27550.00 ,25750.00 
25816.00 ,25967.00 ,26164.00 ,25354.00 
25870.00 ,25816.00 ,25995.00 ,25763.00 
25980.00 ,25870.00 ,26114.00 ,25826.00 
25823.00 ,25980.00 ,26092.00 ,25666.00 
25793.00 ,25823.00 ,25886.00 ,25602.00 
25783.00 ,25793.00 ,26023.00 ,25453.00 
26264.00 ,25783.00 ,26444.00 ,25645.00 
25918.00 ,26264.00 ,26435.00 ,25692.00 
25910.00 ,25918.00 ,25948.00 ,25823.00 
25860.00 ,25910.00 ,26009.00 ,25638.00 
25183.00 ,25860.00 ,25904.00 ,24927.00 
25851.00 ,25183.00 ,26566.00 ,25152.00 
26238.00 ,25851.00 ,26430.00 ,25797.00 
26544.00 ,26238.00 ,26832.00 ,26151.00 
26625.00 ,26544.00 ,26862.00 ,26255.00 
26576.00 ,26625.00 ,26792.00 ,26477.00 
26547.00 ,26576.00 ,26632.00 ,26444.00 
26788.00 ,26547.00 ,27452.00 ,26444.00 
27244.00 ,26788.00 ,27506.00 ,26700.00 
27149.00 ,27244.00 ,27414.00 ,26847.00 
26594.00 ,27149.00 ,27167.00 ,26416.00 
26606.00 ,26594.00 ,26749.00 ,26532.00 
26609.00 ,26606.00 ,26662.00 ,26555.00 
26299.00 ,26609.00 ,26768.00 ,26211.00 
26330.00 ,26299.00 ,26465.00 ,26045.00 
26244.00 ,26330.00 ,26410.00 ,26129.00 
26391.00 ,26244.00 ,26872.00 ,26147.00 
27046.00 ,26391.00 ,27300.00 ,26368.00 
26929.00 ,27046.00 ,27263.00 ,26745.00 
26980.00 ,26929.00 ,27109.00 ,26909.00 
28008.00 ,26980.00 ,28100.00 ,26973.00 
27526.00 ,28008.00 ,28566.00 ,27345.00 
27431.00 ,27526.00 ,27700.00 ,27211.00 
27805.00 ,27431.00 ,27845.00 ,27249.00 
27418.00 ,27805.00 ,28118.00 ,27370.00 
27942.00 ,27418.00 ,28268.00 ,27200.00 
27967.00 ,27942.00 ,28026.00 ,27840.00 
27929.00 ,27967.00 ,28093.00 ,27710.00 
27617.00 ,27929.00 ,27987.00 ,27331.00 
27414.00 ,27617.00 ,27752.00 ,27325.00 
26894.00 ,27414.00 ,27492.00 ,26562.00 
26795.00 ,26894.00 ,26964.00 ,26580.00 
26875.00 ,26795.00 ,27140.00 ,26700.00 
26871.00 ,26875.00 ,26995.00 ,26830.00 
27168.00 ,26871.00 ,27297.00 ,26832.00 
28524.00 ,27168.00 ,30067.00 ,27129.00 
28410.00 ,28524.00 ,28624.00 ,28109.00 
28332.00 ,28410.00 ,28978.00 ,28171.00 
28745.00 ,28332.00 ,28904.00 ,28155.00 
29689.00 ,28745.00 ,30232.00 ,28619.00 
29922.00 ,29689.00 ,30343.00 ,29478.00 
30023.00 ,29922.00 ,30225.00 ,29704.00 
33069.00 ,30023.00 ,33525.00 ,29923.00 
33943.00 ,33069.00 ,35175.00 ,32852.00 
34504.00 ,33943.00 ,35147.00 ,33756.00 
34184.00 ,34504.00 ,34843.00 ,33770.00 
33942.00 ,34184.00 ,34268.00 ,33430.00 
34104.00 ,33942.00 ,34494.00 ,33906.00 
34551.00 ,34104.00 ,34783.00 ,33969.00 
34490.00 ,34552.00 ,34876.00 ,34117.00 
34669.00 ,34490.00 ,34730.00 ,34111.00 
35447.00 ,34669.00 ,35561.00 ,34114.00 
34944.00 ,35447.00 ,35953.00 ,34335.00 
34751.00 ,34944.00 ,34954.00 ,34154.00 
35100.00 ,34751.00 ,35296.00 ,34647.00 
35064.00 ,35100.00 ,35399.00 ,34532.00 
35053.00 ,35064.00 ,35323.00 ,34798.00 
35455.00 ,35053.00 ,35930.00 ,34578.00 
35641.00 ,35455.00 ,36065.00 ,35111.00 
36699.00 ,35641.00 ,37973.00 ,35562.00 
37301.00 ,36699.00 ,37500.00 ,36369.00 
37141.00 ,37301.00 ,37405.00 ,36720.00 
37042.00 ,37141.00 ,37215.00 ,36760.00 
36511.00 ,37042.00 ,37410.00 ,36390.00 
35542.00 ,36511.00 ,36756.00 ,34860.00 
37865.00 ,35542.00 ,37949.00 ,35374.00 
36161.00 ,37865.00 ,37927.00 ,35535.00 
36631.00 ,36161.00 ,36730.00 ,35886.00 
36581.00 ,36631.00 ,36849.00 ,36234.00 
37368.00 ,36581.00 ,37509.00 ,36410.00 
37451.00 ,37368.00 ,37731.00 ,36824.00 
35794.00 ,37451.00 ,37638.00 ,35791.00 
37407.00 ,35794.00 ,37870.00 ,35663.00 
37280.00 ,37407.00 ,37645.00 ,36898.00 
37704.00 ,37280.00 ,38410.00 ,37248.00 
37782.00 ,37704.00 ,37891.00 ,37583.00 
37443.00 ,37782.00 ,37798.00 ,37120.00 
37263.00 ,37443.00 ,37547.00 ,36735.00 
37815.00 ,37263.00 ,38349.00 ,36895.00 
37834.00 ,37815.00 ,38366.00 ,37599.00 
37723.00 ,37834.00 ,38136.00 ,37490.00 
38676.00 ,37723.00 ,38936.00 ,37626.00 
39438.00 ,38676.00 ,39678.00 ,38634.00 
39940.00 ,39438.00 ,40159.00 ,39253.00 
41942.00 ,39940.00 ,42335.00 ,39940.00 
44112.00 ,41942.00 ,44420.00 ,41317.00 
43814.00 ,44112.00 ,44285.00 ,43444.00 
43290.00 ,43814.00 ,44091.00 ,42881.00 
44173.00 ,43290.00 ,44699.00 ,43101.00 
43749.00 ,44173.00 ,44362.00 ,43629.00 
43809.00 ,43749.00 ,44065.00 ,43625.00 
41287.00 ,43809.00 ,43840.00 ,40286.00 
41501.00 ,41287.00 ,42113.00 ,40733.00 
42924.00 ,41501.00 ,43424.00 ,40682.00 
43064.00 ,42924.00 ,43434.00 ,41601.00 
41961.00 ,43064.00 ,43106.00 ,41742.00 
42328.00 ,41961.00 ,42746.00 ,41714.00 
41406.00 ,42328.00 ,42442.00 ,41304.00 
42672.00 ,41406.00 ,42753.00 ,40556.00 
42315.00 ,42672.00 ,43429.00 ,41850.00 
43662.00 ,42315.00 ,44336.00 ,42245.00 
43890.00 ,43662.00 ,44250.00 ,43363.00 
44038.00 ,43890.00 ,44444.00 ,43480.00 
43801.00 ,44038.00 ,44068.00 ,43342.00 
43026.00 ,43801.00 ,43975.00 ,42700.00 
43641.00 ,43026.00 ,43880.00 ,42784.00 
42568.00 ,43641.00 ,43649.00 ,41772.00 
43476.00 ,42568.00 ,43666.00 ,42178.00 
42617.00 ,43476.00 ,43793.00 ,42388.00 
42139.00 ,42617.00 ,43168.00 ,41433.00 
42199.00 ,42139.00 ,42664.00 ,41585.00 
42323.00 ,42199.00 ,42938.00 ,42023.00 
44175.00 ,42323.00 ,44190.00 ,42232.00 
44991.00 ,44175.00 ,45892.00 ,44175.00 
42869.00 ,44991.00 ,45559.00 ,40499.00 
44221.00 ,42869.00 ,44798.00 ,42673.00 
44189.00 ,44221.00 ,44415.00 ,42746.00 
44005.00 ,44189.00 ,44263.00 ,43461.00 
43960.00 ,44005.00 ,44500.00 ,43638.00 
46941.00 ,43960.00 ,47205.00 ,43244.00 
46113.00 ,46941.00 ,47845.00 ,45133.00 
46636.00 ,46113.00 ,47572.00 ,44352.00 
46377.00 ,46636.00 ,48750.00 ,45650.00 
42831.00 ,46377.00 ,46508.00 ,41574.00 
42847.00 ,42831.00 ,43250.00 ,42441.00 
41737.00 ,42847.00 ,43075.00 ,41719.00 
42508.00 ,41737.00 ,43359.00 ,41705.00 
43163.00 ,42508.00 ,43588.00 ,42107.00 
42778.00 ,43163.00 ,43215.00 ,42237.00 
41337.00 ,42778.00 ,42932.00 ,40704.00 
41719.00 ,41337.00 ,42212.00 ,40364.00 
41778.00 ,41714.00 ,41942.00 ,41525.00 
41679.00 ,41778.00 ,41945.00 ,41588.00 
39599.00 ,41679.00 ,41775.00 ,39461.00 
39938.00 ,39599.00 ,40215.00 ,38572.00 
40140.00 ,39938.00 ,40590.00 ,39533.00 
40001.00 ,40140.00 ,40333.00 ,39556.00 
41821.00 ,40001.00 ,42192.00 ,39877.00 
42125.00 ,41821.00 ,42204.00 ,41405.00 
42047.00 ,42125.00 ,42808.00 ,41637.00 
43301.00 ,42047.00 ,43301.00 ,41833.00 
42956.00 ,43309.00 ,43840.00 ,42700.00 
42594.00 ,42956.00 ,43722.00 ,42304.00 
43088.00 ,42594.00 ,43272.00 ,41880.00 
43201.00 ,43088.00 ,43477.00 ,42560.00 
43004.00 ,43201.00 ,43366.00 ,42892.00 
42583.00 ,43004.00 ,43109.00 ,42332.00 
42707.00 ,42583.00 ,43540.00 ,42247.00 
43101.00 ,42707.00 ,43375.00 ,42574.00 
44328.00 ,43101.00 ,44351.00 ,42788.00 
45279.00 ,44328.00 ,45541.00 ,44328.00 
47150.00 ,45279.00 ,48182.00 ,45247.00 
47800.00 ,47150.00 ,48185.00 ,46900.00 
48321.00 ,47800.00 ,48500.00 ,47613.00 
49947.00 ,48321.00 ,50283.00 ,47699.00 
49777.00 ,49947.00 ,50349.00 ,48388.00 
51778.00 ,49777.00 ,52005.00 ,49319.00 
51893.00 ,51778.00 ,52700.00 ,51280.00 
52130.00 ,51893.00 ,52579.00 ,51580.00 
51631.00 ,52130.00 ,52153.00 ,50611.00 
52061.00 ,51631.00 ,52449.00 ,51165.00 
51732.00 ,52061.00 ,52466.00 ,51650.00 
52168.00 ,51732.00 ,52872.00 ,50714.00 
51856.00 ,52168.00 ,52279.00 ,50600.00 
51287.00 ,51856.00 ,52042.00 ,50903.00 
50734.00 ,51287.00 ,51537.00 ,50527.00 
51630.00 ,50734.00 ,51724.00 ,50590.00 
51716.00 ,51630.00 ,51956.00 ,51307.00 
54417.00 ,51716.00 ,54720.00 ,50903.00 
56998.00 ,54417.00 ,57487.00 ,54388.00 
62380.00 ,56998.00 ,63780.00 ,56668.00 
61148.00 ,62380.00 ,63566.00 ,60385.00 
62346.00 ,61148.00 ,63000.00 ,60783.00 
61962.00 ,62346.00 ,62406.00 ,61584.00 
63121.00 ,61962.00 ,63229.00 ,61402.00 
68110.00 ,63121.00 ,68161.00 ,62489.00 
63818.00 ,68110.00 ,68874.00 ,59858.00 
66073.00 ,63818.00 ,67658.00 ,62805.00 
66744.00 ,66073.00 ,67953.00 ,65641.00 
68018.00 ,66744.00 ,69838.00 ,66100.00 
68205.00 ,68010.00 ,68458.00 ,67724.00 
68948.00 ,68205.00 ,69850.00 ,68048.00 
71937.00 ,68948.00 ,72606.00 ,67096.00 
71237.00 ,71937.00 ,72760.00 ,68429.00 
72974.00 ,71237.00 ,73588.00 ,71172.00 
71364.00 ,72985.00 ,73666.00 ,68602.00 
69457.00 ,71364.00 ,72413.00 ,65705.00 
65304.00 ,69514.00 ,70070.00 ,65000.00 
68456.00 ,65304.00 ,68922.00 ,64593.00 
67606.00 ,68456.00 ,68940.00 ,66648.00 
62072.00 ,67606.00 ,68136.00 ,61689.00 
67912.00 ,62072.00 ,68155.00 ,60900.00 
65577.00 ,67912.00 ,68229.00 ,64639.00 
63828.00 ,65577.00 ,66712.00 ,62336.00 
64069.00 ,63828.00 ,65969.00 ,63059.00 
67283.00 ,64034.00 ,67655.00 ,63827.00 
69824.00 ,67283.00 ,70983.00 ,66397.00 
70011.00 ,69824.00 ,71402.00 ,69347.00 
69467.00 ,70011.00 ,71610.00 ,68452.00 
70776.00 ,69467.00 ,71557.00 ,68932.00 
69862.00 ,70776.00 ,70892.00 ,69015.00 
69683.00 ,69862.00 ,70301.00 ,69632.00 
71402.00 ,69683.00 ,71444.00 ,69652.00 
69691.00 ,71402.00 ,71402.00 ,68198.00 
65495.00 ,69691.00 ,69691.00 ,64667.00 
65967.00 ,65495.00 ,66931.00 ,64603.00 
68518.00 ,65967.00 ,69320.00 ,65074.00 
67819.00 ,68518.00 ,68718.00 ,65993.00 
68880.00 ,67819.00 ,69673.00 ,67491.00 
69343.00 ,68880.00 ,70222.00 ,68821.00 
71675.00 ,69343.00 ,72761.00 ,69040.00 
69164.00 ,71675.00 ,71751.00 ,68253.00 
70688.00 ,69165.00 ,71241.00 ,67606.00 
70104.00 ,70688.00 ,71352.00 ,69650.00 
67061.00 ,70104.00 ,71291.00 ,65625.00 
64039.00 ,67061.00 ,67878.00 ,61604.00 
65793.00 ,64039.00 ,65909.00 ,62190.00 
63488.00 ,65793.00 ,66888.00 ,62386.00 
63874.00 ,63488.00 ,64415.00 ,61765.00 
61375.00 ,63874.00 ,64534.00 ,59840.00 
63529.00 ,61375.00 ,64159.00 ,60932.00 
63867.00 ,63529.00 ,65487.00 ,59698.00 
65045.00 ,63867.00 ,65465.00 ,63174.00 
64992.00 ,65045.00 ,65744.00 ,64310.00 
66894.00 ,64992.00 ,67282.00 ,64581.00 
66458.00 ,66894.00 ,67234.00 ,65904.00 
64345.00 ,66458.00 ,67153.00 ,63667.00 
64555.00 ,64345.00 ,65348.00 ,62846.00 
63874.00 ,64555.00 ,64838.00 ,63376.00 
63574.00 ,63874.00 ,64028.00 ,62498.00 
63226.00 ,63574.00 ,64470.00 ,62924.00 
63960.00 ,63226.00 ,64304.00 ,61949.00 
60836.00 ,63960.00 ,64800.00 ,59372.00 
58457.00 ,60836.00 ,60991.00 ,56756.00 
59247.00 ,58457.00 ,59732.00 ,57082.00 
62978.00 ,59247.00 ,63429.00 ,58914.00 
63983.00 ,62978.00 ,64644.00 ,62690.00 
64173.00 ,63983.00 ,64769.00 ,63034.00 
63280.00 ,64173.00 ,65625.00 ,62812.00 
62432.00 ,63280.00 ,64480.00 ,62378.00 
61343.00 ,62432.00 ,63111.00 ,61020.00 
63209.00 ,61343.00 ,63509.00 ,60778.00 
60807.00 ,63209.00 ,63606.00 ,60300.00 
60929.00 ,60807.00 ,61588.00 ,60576.00 
61612.00 ,60929.00 ,61962.00 ,60723.00 
62986.00 ,61612.00 ,63535.00 ,60866.00 
61668.00 ,62986.00 ,63175.00 ,61239.00 
66320.00 ,61668.00 ,66500.00 ,61440.00 
65314.00 ,66320.00 ,66780.00 ,64715.00 
67182.00 ,65314.00 ,67540.00 ,65220.00 
66995.00 ,67182.00 ,67473.00 ,66677.00 
66339.00 ,66995.00 ,67800.00 ,65989.00 
71428.00 ,66339.00 ,71479.00 ,66166.00 
70148.00 ,71428.00 ,71921.00 ,69210.00 
69225.00 ,70148.00 ,70647.00 ,69000.00 
68058.00 ,69225.00 ,70095.00 ,66555.00 
68604.00 ,68058.00 ,69308.00 ,66733.00 
69334.00 ,68604.00 ,69635.00 ,68589.00 
68585.00 ,69334.00 ,69556.00 ,68261.00 
69492.00 ,68585.00 ,70678.00 ,68313.00 
68434.00 ,69492.00 ,69597.00 ,67400.00 
67720.00 ,68434.00 ,68971.00 ,67225.00 
68413.00 ,67720.00 ,69523.00 ,67202.00 
67582.00 ,68413.00 ,69028.00 ,66700.00 
67759.00 ,67582.00 ,67890.00 ,67463.00 
67816.00 ,67759.00 ,68444.00 ,67349.00 
68859.00 ,67816.00 ,70276.00 ,67636.00 
70604.00 ,68859.00 ,71071.00 ,68608.00 
71101.00 ,70604.00 ,71717.00 ,70409.00 
70836.00 ,71101.00 ,71651.00 ,70156.00 
69403.00 ,70836.00 ,71912.00 ,68674.00 
69338.00 ,69403.00 ,69618.00 ,69257.00 
69646.00 ,69338.00 ,69786.00 ,69177.00 
69528.00 ,69646.00 ,70150.00 ,69181.00 
67331.00 ,69528.00 ,69552.00 ,66189.00 
68266.00 ,67331.00 ,70036.00 ,66919.00 
66776.00 ,68266.00 ,68400.00 ,66272.00 
66038.00 ,66776.00 ,67370.00 ,65088.00 
66229.00 ,66038.00 ,66442.00 ,65886.00 
66677.00 ,66229.00 ,66947.00 ,66054.00 
66570.00 ,66677.00 ,67301.00 ,65148.00 
65250.00 ,66570.00 ,66623.00 ,64179.00 
65071.00 ,65250.00 ,65820.00 ,64784.00 
65000.00 ,65071.00 ,66585.00 ,64669.00 
64234.00 ,65007.00 ,65196.00 ,63505.00 
64370.00 ,64234.00 ,64613.00 ,64062.00 
63292.00 ,64370.00 ,64617.00 ,63290.00 
60372.00 ,63292.00 ,63451.00 ,58595.00 
61878.00 ,60372.00 ,62434.00 ,60340.00 
60923.00 ,61878.00 ,62555.00 ,60806.00 
61803.00 ,60923.00 ,62479.00 ,60708.00 
60546.00 ,61803.00 ,62289.00 ,60153.00 
61087.00 ,60546.00 ,61321.00 ,60513.00 
62867.00 ,61087.00 ,63127.00 ,60825.00 
62965.00 ,62867.00 ,63911.00 ,62631.00 
62219.00 ,62965.00 ,63331.00 ,61879.00 
60314.00 ,62214.00 ,62386.00 ,59538.00 
57118.00 ,60298.00 ,60550.00 ,56810.00 
56759.00 ,57118.00 ,57604.00 ,53727.00 
58326.00 ,56759.00 ,58538.00 ,56190.00 
56050.00 ,58326.00 ,58563.00 ,55946.00 
56873.00 ,56050.00 ,58350.00 ,54500.00 
58205.00 ,56873.00 ,58418.00 ,56462.00 
57931.00 ,58205.00 ,59588.00 ,57356.00 
57458.00 ,57931.00 ,59511.00 ,57237.00 
58049.00 ,57458.00 ,58653.00 ,56668.00 
59382.00 ,58049.00 ,60020.00 ,57940.00 
60946.00 ,59382.00 ,61508.00 ,59382.00 
64882.00 ,60946.00 ,65014.00 ,60842.00 
65188.00 ,64882.00 ,65481.00 ,62558.00 
64204.00 ,65188.00 ,66180.00 ,63959.00 
64048.00 ,64204.00 ,65181.00 ,63294.00 
66789.00 ,64048.00 ,67503.00 ,63414.00 
67239.00 ,66789.00 ,67673.00 ,66368.00 
68263.00 ,67239.00 ,68435.00 ,65945.00 
67714.00 ,68263.00 ,68560.00 ,66718.00 
66101.00 ,67714.00 ,67905.00 ,65589.00 
65482.00 ,66101.00 ,67221.00 ,65258.00 
65849.00 ,65482.00 ,66241.00 ,63560.00 
68061.00 ,65849.00 ,68333.00 ,65849.00 
68019.00 ,68061.00 ,69529.00 ,66858.00 
68419.00 ,68019.00 ,68442.00 ,67225.00 
66933.00 ,68419.00 ,70162.00 ,66666.00 
66349.00 ,66933.00 ,67129.00 ,65556.00 
64724.00 ,66349.00 ,66939.00 ,64636.00 
65465.00 ,64724.00 ,65694.00 ,62413.00 
61529.00 ,65465.00 ,65668.00 ,61326.00 
60825.00 ,61529.00 ,62260.00 ,60000.00 
58203.00 ,60825.00 ,61204.00 ,57431.00 
54169.00 ,58203.00 ,58343.00 ,49538.00 
56187.00 ,54169.00 ,57200.00 ,54142.00 
55179.00 ,56187.00 ,57814.00 ,54659.00 
61801.00 ,55179.00 ,62752.00 ,54847.00 
60970.00 ,61801.00 ,61801.00 ,59630.00 
61018.00 ,60942.00 ,61534.00 ,60343.00 
58817.00 ,61018.00 ,61824.00 ,58430.00 
59440.00 ,58817.00 ,60718.00 ,57750.00 
60666.00 ,59440.00 ,61612.00 ,58545.00 
58777.00 ,60666.00 ,61740.00 ,58558.00 
57594.00 ,58777.00 ,59909.00 ,56231.00 
58996.00 ,57594.00 ,59905.00 ,57187.00 
59589.00 ,58996.00 ,59799.00 ,58950.00 
58543.00 ,59589.00 ,60313.00 ,58533.00 
59609.00 ,58543.00 ,59699.00 ,57955.00 
59172.00 ,59609.00 ,61472.00 ,58763.00 
61252.00 ,59172.00 ,61898.00 ,58958.00 
60483.00 ,61252.00 ,61460.00 ,59863.00 
64151.00 ,60483.00 ,64953.00 ,60470.00 
64230.00 ,64151.00 ,64604.00 ,63689.00 
64361.00 ,64230.00 ,65092.00 ,63912.00 
62974.00 ,64361.00 ,64578.00 ,62934.00 
59570.00 ,62974.00 ,63306.00 ,58200.00 
59145.00 ,59570.00 ,60325.00 ,58085.00 
59542.00 ,59145.00 ,61290.00 ,58902.00 
59300.00 ,59542.00 ,59999.00 ,58000.00 
59155.00 ,59300.00 ,59622.00 ,58950.00 
57454.00 ,59155.00 ,59236.00 ,57333.00 
59308.00 ,57454.00 ,59585.00 ,57320.00 
57680.00 ,59308.00 ,59976.00 ,57610.00 
58116.00 ,57680.00 ,58630.00 ,56069.00 
56318.00 ,58116.00 ,58451.00 ,55868.00 
54133.00 ,56318.00 ,57102.00 ,52756.00 
54309.00 ,54133.00 ,55027.00 ,53931.00 
55016.00 ,54309.00 ,55447.00 ,53764.00 
57110.00 ,55016.00 ,58062.00 ,54752.00 
57758.00 ,57110.00 ,58135.00 ,56489.00 
57451.00 ,57758.00 ,58104.00 ,55743.00 
58287.00 ,57451.00 ,58643.00 ,57449.00 
60645.00 ,58287.00 ,60730.00 ,57762.00 
60139.00 ,60645.00 ,60713.00 ,59666.00 
59296.00 ,60139.00 ,60525.00 ,58868.00 
58342.00 ,59296.00 ,59336.00 ,57653.00 
60435.00 ,58342.00 ,61337.00 ,57773.00 
61841.00 ,60435.00 ,61869.00 ,59293.00 
63032.00 ,61841.00 ,63948.00 ,61714.00 
63205.00 ,63032.00 ,64200.00 ,62435.00 
63416.00 ,63205.00 ,63570.00 ,62805.00 
63663.00 ,63416.00 ,64093.00 ,62485.00 
63456.00 ,63663.00 ,64830.00 ,62701.00 
64381.00 ,63456.00 ,64775.00 ,62850.00 
63264.00 ,64381.00 ,64888.00 ,63082.00 
65307.00 ,63264.00 ,65856.00 ,62805.00 
65928.00 ,65307.00 ,66548.00 ,64987.00 
66015.00 ,65928.00 ,66410.00 ,65568.00 
65762.00 ,66015.00 ,66193.00 ,65574.00 
63468.00 ,65762.00 ,65762.00 ,63006.00 
60981.00 ,63468.00 ,64217.00 ,60329.00 
60785.00 ,60981.00 ,62455.00 ,60139.00 
60892.00 ,60785.00 ,61600.00 ,60009.00 
62191.00 ,60892.00 ,62575.00 ,60602.00 
62138.00 ,62191.00 ,62437.00 ,61767.00 
62894.00 ,62138.00 ,63016.00 ,61862.00 
62269.00 ,62894.00 ,64514.00 ,62202.00 
62231.00 ,62269.00 ,63248.00 ,61941.00 
60650.00 ,62231.00 ,62586.00 ,60371.00 
60337.00 ,60650.00 ,61364.00 ,58944.00 
62581.00 ,60337.00 ,63455.00 ,60104.00 
63335.00 ,62581.00 ,63590.00 ,62570.00 
62986.00 ,63335.00 ,63406.00 ,62204.00 
66179.00 ,62986.00 ,66555.00 ,62601.00 
67123.00 ,66179.00 ,67806.00 ,64857.00 
67657.00 ,67123.00 ,68367.00 ,66861.00 
67453.00 ,67657.00 ,67962.00 ,66724.00 
68368.00 ,67453.00 ,68886.00 ,67240.00 
68360.00 ,68368.00 ,68641.00 ,68035.00 
69045.00 ,68360.00 ,69375.00 ,68116.00 
67425.00 ,69045.00 ,69554.00 ,66942.00 
67405.00 ,67425.00 ,67824.00 ,66648.00 
66695.00 ,67405.00 ,67436.00 ,65265.00 
68188.00 ,66695.00 ,68846.00 ,66527.00 
66734.00 ,68188.00 ,68750.00 ,65629.00 
67081.00 ,66734.00 ,67445.00 ,66456.00 
68035.00 ,67081.00 ,68328.00 ,66926.00 
69989.00 ,68035.00 ,70287.00 ,67660.00 
72688.00 ,69989.00 ,73525.00 ,69812.00 
72455.00 ,72688.00 ,73014.00 ,71510.00 
70299.00 ,72455.00 ,72664.00 ,69674.00 
69590.00 ,70299.00 ,71637.00 ,68889.00 
69292.00 ,69590.00 ,69939.00 ,69028.00 
68807.00 ,69292.00 ,69405.00 ,67532.00 
67858.00 ,68807.00 ,69505.00 ,66881.00 
69450.00 ,67858.00 ,70598.00 ,67541.00 
75580.00 ,69450.00 ,76179.00 ,69401.00 
75864.00 ,75580.00 ,76655.00 ,74397.00 
76496.00 ,75864.00 ,77049.00 ,75611.00 
76703.00 ,76496.00 ,76888.00 ,75746.00 
80367.00 ,76703.00 ,81428.00 ,76531.00 
88566.00 ,80367.00 ,89528.00 ,80244.00 
88007.00 ,88566.00 ,89933.00 ,85128.00 
90453.00 ,88007.00 ,93286.00 ,86152.00 
87305.00 ,90453.00 ,91776.00 ,86693.00 
91015.00 ,87305.00 ,91854.00 ,87120.00 
90538.00 ,91015.00 ,91743.00 ,90088.00 
89843.00 ,90538.00 ,91423.00 ,88758.00 
90535.00 ,89843.00 ,92533.00 ,89500.00 
92172.00 ,90535.00 ,93751.00 ,90430.00 
94243.00 ,92172.00 ,94652.00 ,91404.00 
98348.00 ,94243.00 ,98700.00 ,93996.00 
98683.00 ,98348.00 ,99327.00 ,97010.00 
97538.00 ,98683.00 ,98745.00 ,97137.00 
97828.00 ,97538.00 ,98381.00 ,95611.00 
93133.00 ,97828.00 ,98690.00 ,92866.00 
92082.00 ,93133.00 ,95083.00 ,90911.00 
95953.00 ,92082.00 ,97251.00 ,91904.00 
95761.00 ,95953.00 ,96628.00 ,94750.00 
97564.00 ,95761.00 ,98682.00 ,95511.00 
96506.00 ,97579.00 ,97580.00 ,96222.00 
97365.00 ,96506.00 ,97959.00 ,95836.00 
95925.00 ,97365.00 ,98240.00 ,94713.00 
96065.00 ,95925.00 ,96402.00 ,93792.00 
98709.00 ,96083.00 ,99166.00 ,94737.00 
96833.00 ,98709.00 ,103990.00 ,91398.00 
99786.00 ,96833.00 ,101900.00 ,96283.00 
99936.00 ,99786.00 ,100530.00 ,99016.00 
101240.00 ,99936.00 ,101480.00 ,98803.00 
97500.00 ,101240.00 ,101280.00 ,94255.00 
96650.00 ,97500.00 ,98357.00 ,94400.00 
101100.00 ,96650.00 ,101800.00 ,95771.00 
100010.00 ,101100.00 ,102350.00 ,99280.00 
101370.00 ,100010.00 ,101840.00 ,99228.00 
101320.00 ,101370.00 ,102470.00 ,100560.00 
104340.00 ,101320.00 ,105000.00 ,101210.00 
105870.00 ,104340.00 ,107580.00 ,103230.00 
105990.00 ,105870.00 ,108080.00 ,105160.00 
100230.00 ,106000.00 ,106350.00 ,100110.00 
97515.00 ,100230.00 ,102800.00 ,95702.00 
97857.00 ,97515.00 ,98180.00 ,92454.00 
97289.00 ,97857.00 ,99507.00 ,96428.00 
95201.00 ,97289.00 ,97435.00 ,94333.00 
94918.00 ,95201.00 ,96529.00 ,92666.00 
98750.00 ,94918.00 ,99554.00 ,93571.00 
99420.00 ,98750.00 ,99566.00 ,97732.00 
95883.00 ,99420.00 ,99900.00 ,95309.00 
94419.00 ,95883.00 ,97534.00 ,93630.00 
95533.00 ,94419.00 ,95854.00 ,94311.00 
93944.00 ,95533.00 ,95556.00 ,93199.00 
92982.00 ,93944.00 ,95130.00 ,91696.00 
93780.00 ,92982.00 ,96400.00 ,92175.00 
94757.00 ,93780.00 ,95282.00 ,93131.00 
97034.00 ,94757.00 ,97887.00 ,94521.00 
98179.00 ,97034.00 ,99020.00 ,96191.00 
98319.00 ,98179.00 ,98781.00 ,97601.00 
98400.00 ,98310.00 ,98876.00 ,97372.00 
102290.00 ,98400.00 ,102550.00 ,98004.00 
97006.00 ,102290.00 ,102760.00 ,96218.00 
95198.00 ,97006.00 ,97339.00 ,92863.00 
92692.00 ,95198.00 ,95476.00 ,91431.00 
94835.00 ,92692.00 ,95930.00 ,92374.00 
94716.00 ,94835.00 ,95114.00 ,93958.00 
94574.00 ,94716.00 ,95511.00 ,93835.00 
94682.00 ,94574.00 ,95967.00 ,89939.00 
96701.00 ,94682.00 ,97451.00 ,94492.00 
100490.00 ,96701.00 ,100660.00 ,96664.00 
100040.00 ,100490.00 ,100790.00 ,97381.00 
104040.00 ,100040.00 ,105800.00 ,100000.00 
104490.00 ,104040.00 ,104950.00 ,102200.00 
101360.00 ,104490.00 ,106370.00 ,99675.00 
102170.00 ,101360.00 ,109410.00 ,99634.00 
106150.00 ,102170.00 ,107360.00 ,100140.00 
103680.00 ,106150.00 ,106290.00 ,103400.00 
103930.00 ,103680.00 ,106780.00 ,101260.00 
104800.00 ,103930.00 ,107030.00 ,102720.00 
104700.00 ,104800.00 ,105260.00 ,104100.00 
102670.00 ,104700.00 ,105440.00 ,102660.00 
102300.00 ,102670.00 ,103300.00 ,97823.00 
101460.00 ,102300.00 ,103800.00 ,100380.00 
103780.00 ,101460.00 ,104790.00 ,101430.00 
104740.00 ,103780.00 ,106520.00 ,103450.00 
102470.00 ,104740.00 ,106010.00 ,101680.00 
100700.00 ,102470.00 ,102790.00 ,100380.00 
97600.00 ,100700.00 ,101460.00 ,96251.00 
101270.00 ,97600.00 ,102390.00 ,91672.00 
97798.00 ,101270.00 ,101640.00 ,96127.00 
96614.00 ,97798.00 ,99150.00 ,96172.00 
96678.00 ,96614.00 ,99221.00 ,95922.00 
96579.00 ,96678.00 ,100160.00 ,95680.00 
96582.00 ,96579.00 ,96908.00 ,95783.00 
96615.00 ,96582.00 ,97357.00 ,94995.00 
97550.00 ,96615.00 ,98466.00 ,95395.00 
95950.00 ,97550.00 ,98612.00 ,95026.00 
98007.00 ,95950.00 ,98200.00 ,94398.00 
96802.00 ,98007.00 ,98166.00 ,95422.00 
97489.00 ,96802.00 ,98817.00 ,96431.00 
97574.00 ,97489.00 ,97969.00 ,97271.00 
96264.00 ,97574.00 ,97723.00 ,96159.00 
95955.00 ,96264.00 ,97163.00 ,95444.00 
95828.00 ,95955.00 ,96832.00 ,93633.00 
96801.00 ,95828.00 ,97056.00 ,95258.00 
98433.00 ,96801.00 ,98862.00 ,96615.00 
96345.00 ,98433.00 ,99572.00 ,95026.00 
96721.00 ,96345.00 ,97089.00 ,95965.00 
96450.00 ,96721.00 ,96767.00 ,95392.00 
91901.00 ,96450.00 ,96659.00 ,91833.00 
88923.00 ,91999.00 ,92833.00 ,86284.00 
84470.00 ,88912.00 ,89600.00 ,82952.00 
85021.00 ,84470.00 ,87299.00 ,83000.00 
84672.00 ,85007.00 ,85302.00 ,78651.00 
86382.00 ,84641.00 ,86818.00 ,84116.00 
94487.00 ,86397.00 ,95283.00 ,85368.00 
86475.00 ,94488.00 ,94620.00 ,85428.00 
87472.00 ,86478.00 ,89168.00 ,81740.00 
90848.00 ,87470.00 ,91190.00 ,86632.00 
90120.00 ,90848.00 ,92997.00 ,88071.00 
87014.00 ,90120.00 ,91379.00 ,85141.00 
86493.00 ,87042.00 ,87140.00 ,85495.00 
80893.00 ,86494.00 ,86823.00 ,80259.00 
78734.00 ,80893.00 ,84045.00 ,77793.00 
83142.00 ,78807.00 ,83808.00 ,77041.00 
83856.00 ,83163.00 ,84600.00 ,80881.00 
81289.00 ,83856.00 ,84490.00 ,80101.00 
84207.00 ,81289.00 ,85473.00 ,81024.00 
84536.00 ,84207.00 ,84911.00 ,83832.00 
82759.00 ,84536.00 ,85179.00 ,82191.00 
84240.00 ,82759.00 ,84905.00 ,82746.00 
82942.00 ,84240.00 ,84240.00 ,81366.00 
87029.00 ,82933.00 ,87182.00 ,82774.00 
84296.00 ,87048.00 ,87621.00 ,83783.00 
84144.00 ,84296.00 ,84932.00 ,83311.00 
83919.00 ,84144.00 ,84594.00 ,83791.00 
86251.00 ,83919.00 ,86288.00 ,83919.00 
87614.00 ,86267.00 ,88860.00 ,85714.00 
87641.00 ,87603.00 ,88651.00 ,86453.00 
87089.00 ,87611.00 ,88400.00 ,86057.00 
87317.00 ,87094.00 ,87934.00 ,85919.00 
84573.00 ,87317.00 ,87578.00 ,83773.00 
82861.00 ,84573.00 ,84779.00 ,81861.00 
82553.00 ,82866.00 ,83697.00 ,81754.00 
82673.00 ,82552.00 ,83989.00 ,81442.00 
85197.00 ,82673.00 ,85535.00 ,82571.00 
82493.00 ,85197.00 ,88461.00 ,82335.00 
83191.00 ,82517.00 ,83890.00 ,81316.00 
83841.00 ,83191.00 ,84695.00 ,81634.00 
83598.00 ,83841.00 ,84219.00 ,82425.00 
78441.00 ,83598.00 ,83807.00 ,77178.00 
79181.00 ,78441.00 ,81100.00 ,74508.00 
76332.00 ,79161.00 ,80901.00 ,76260.00 
82542.00 ,76332.00 ,83582.00 ,74636.00 
79553.00 ,82542.00 ,82699.00 ,78499.00 
83372.00 ,79519.00 ,84232.00 ,78915.00 
85259.00 ,83372.00 ,85832.00 ,82762.00 
83683.00 ,85259.00 ,85911.00 ,83006.00 
84544.00 ,83676.00 ,85727.00 ,83676.00 
83667.00 ,84544.00 ,86446.00 ,83604.00 
84021.00 ,83667.00 ,85451.00 ,83112.00 
84827.00 ,84021.00 ,85378.00 ,83678.00 
84363.00 ,84827.00 ,85009.00 ,84233.00 
84934.00 ,84363.00 ,85522.00 ,84311.00 
85019.00 ,84931.00 ,85187.00 ,83817.00 
87473.00 ,85019.00 ,88345.00 ,84940.00 
93303.00 ,87473.00 ,93821.00 ,87061.00 
93639.00 ,93303.00 ,94415.00 ,91919.00 
93940.00 ,93639.00 ,94000.00 ,91760.00 
94702.00 ,93940.00 ,95800.00 ,92921.00 
94693.00 ,94707.00 ,95228.00 ,94083.00 
93784.00 ,94693.00 ,95369.00 ,93738.00 
95046.00 ,93784.00 ,95550.00 ,93033.00 
94451.00 ,95046.00 ,95531.00 ,94012.00 
94309.00 ,94451.00 ,95285.00 ,93439.00 
96467.00 ,94309.00 ,97474.00 ,94294.00 
96887.00 ,96467.00 ,97915.00 ,96381.00 
96065.00 ,96887.00 ,96945.00 ,96065.00 
94704.00 ,96065.00 ,96439.00 ,94703.00 
94990.00 ,94704.00 ,95407.00 ,93988.00 
96933.00 ,94990.00 ,96999.00 ,93664.00 
97119.00 ,96933.00 ,97840.00 ,95944.00 
103250.00 ,97121.00 ,103850.00 ,96980.00 
102940.00 ,103290.00 ,104330.00 ,102360.00 
104680.00 ,102940.00 ,104920.00 ,102800.00 
104090.00 ,104780.00 ,104880.00 ,103320.00 
102860.00 ,104090.00 ,105660.00 ,100870.00 
104160.00 ,102860.00 ,104980.00 ,101500.00 
103550.00 ,104160.00 ,104300.00 ,102590.00 
103700.00 ,103550.00 ,104160.00 ,101440.00 
103450.00 ,103700.00 ,104510.00 ,103110.00 
103140.00 ,103450.00 ,103670.00 ,102630.00 
106510.00 ,103140.00 ,106580.00 ,103140.00 
105500.00 ,106510.00 ,107020.00 ,102080.00 
106710.00 ,105500.00 ,107220.00 ,104140.00 
109630.00 ,106730.00 ,110660.00 ,106020.00 
111640.00 ,109640.00 ,111880.00 ,109230.00 
107210.00 ,111640.00 ,111690.00 ,106720.00 
107540.00 ,107210.00 ,109420.00 ,106770.00 
108890.00 ,107540.00 ,109170.00 ,106450.00 
109390.00 ,108890.00 ,110400.00 ,108550.00 
108850.00 ,109390.00 ,110700.00 ,107610.00 
107760.00 ,108850.00 ,109200.00 ,106750.00 
105580.00 ,107760.00 ,108870.00 ,105350.00 
104030.00 ,105590.00 ,106260.00 ,103470.00 
104660.00 ,104030.00 ,104940.00 ,103110.00 
105620.00 ,104660.00 ,105850.00 ,103810.00 
105880.00 ,105630.00 ,105990.00 ,103720.00 
105400.00 ,105880.00 ,106760.00 ,104880.00 
104580.00 ,105400.00 ,105920.00 ,104250.00 
101670.00 ,104580.00 ,105860.00 ,100530.00 
104450.00 ,101680.00 ,105400.00 ,101270.00 
105680.00 ,104450.00 ,106000.00 ,104050.00 
105830.00 ,105680.00 ,106530.00 ,105060.00 
110300.00 ,105830.00 ,110680.00 ,105440.00 
110180.00 ,110300.00 ,110320.00 ,108320.00 
108610.00 ,110180.00 ,110270.00 ,108010.00 
105780.00 ,108610.00 ,108740.00 ,105740.00 
106090.00 ,105720.00 ,106180.00 ,102730.00 
105600.00 ,106090.00 ,106200.00 ,104480.00 
105740.00 ,105600.00 ,106260.00 ,104710.00 
106800.00 ,105740.00 ,108960.00 ,105190.00 
104770.00 ,106800.00 ,107780.00 ,103460.00 
105040.00 ,104740.00 ,105660.00 ,103640.00 
104780.00 ,105040.00 ,105340.00 ,104080.00 
103380.00 ,104780.00 ,106580.00 ,102500.00 
102200.00 ,103380.00 ,104120.00 ,101040.00 
101200.00 ,102220.00 ,103420.00 ,98594.00 
105520.00 ,101200.00 ,106200.00 ,99897.00 
106040.00 ,105530.00 ,106340.00 ,104810.00 
107340.00 ,106100.00 ,108120.00 ,105930.00 
106950.00 ,107340.00 ,108250.00 ,106520.00 
107100.00 ,106950.00 ,107750.00 ,106470.00 
107340.00 ,107100.00 ,107550.00 ,106890.00 
108370.00 ,107340.00 ,108540.00 ,107220.00 
107250.00 ,108370.00 ,108790.00 ,106950.00 
105920.00 ,107250.00 ,107620.00 ,105460.00 
108980.00 ,105920.00 ,109900.00 ,105350.00 
109760.00 ,108990.00 ,110700.00 ,108720.00 
108200.00 ,109760.00 ,109910.00 ,107470.00 
108330.00 ,108200.00 ,108540.00 ,107930.00 
109380.00 ,108330.00 ,109860.00 ,107980.00 
108420.00 ,109380.00 ,109820.00 ,107700.00 
109060.00 ,108420.00 ,109340.00 ,107640.00 
111380.00 ,109060.00 ,111990.00 ,108480.00 
115950.00 ,111380.00 ,117210.00 ,110730.00 
117410.00 ,115960.00 ,118760.00 ,115230.00 
117280.00 ,117400.00 ,118070.00 ,116720.00 
118940.00 ,117280.00 ,119290.00 ,117140.00 
119840.00 ,118940.00 ,123010.00 ,118790.00 
117830.00 ,119840.00 ,119920.00 ,115860.00 
118710.00 ,117830.00 ,120080.00 ,117180.00 
119250.00 ,118680.00 ,121050.00 ,117500.00 
118000.00 ,119250.00 ,120920.00 ,116930.00 
117900.00 ,118000.00 ,118480.00 ,117300.00 
117240.00 ,117900.00 ,118790.00 ,116480.00 
117460.00 ,117240.00 ,119630.00 ,116550.00 
119970.00 ,117460.00 ,120250.00 ,116160.00 
118900.00 ,119970.00 ,120110.00 ,117470.00 
118380.00 ,118900.00 ,119590.00 ,117260.00 
117700.00 ,118380.00 ,118520.00 ,114820.00 
118030.00 ,117700.00 ,118430.00 ,117260.00 
119590.00 ,118030.00 ,119870.00 ,117960.00 
118180.00 ,119590.00 ,119900.00 ,117630.00 
118110.00 ,118200.00 ,119410.00 ,117130.00 
118050.00 ,118110.00 ,118930.00 ,116050.00 
115970.00 ,118050.00 ,119100.00 ,115730.00 
113500.00 ,115970.00 ,116270.00 ,112840.00 
112810.00 ,113460.00 ,114260.00 ,112250.00 
114380.00 ,112810.00 ,114970.00 ,112210.00 
115200.00 ,114370.00 ,115800.00 ,114270.00 
114200.00 ,115200.00 ,115200.00 ,112740.00 
115160.00 ,114200.00 ,115870.00 ,113470.00 
117580.00 ,115220.00 ,117780.00 ,114470.00 
116790.00 ,117580.00 ,117890.00 ,116040.00 
116550.00 ,116790.00 ,117940.00 ,116470.00 
119370.00 ,116550.00 ,119410.00 ,116530.00 
118850.00 ,119370.00 ,122370.00 ,118380.00 
120110.00 ,118850.00 ,120280.00 ,118290.00 
122880.00 ,120080.00 ,123380.00 ,118890.00 
118410.00 ,122880.00 ,123640.00 ,117200.00 
117520.00 ,118410.00 ,119360.00 ,116990.00 
117590.00 ,117520.00 ,118060.00 ,117390.00 
117540.00 ,117590.00 ,118680.00 ,117390.00 
116390.00 ,117540.00 ,117640.00 ,114890.00 
113030.00 ,116390.00 ,116920.00 ,113000.00 
114500.00 ,113030.00 ,114880.00 ,112650.00 
112740.00 ,114500.00 ,115000.00 ,112310.00 
117000.00 ,112740.00 ,117560.00 ,111990.00 
115570.00 ,117000.00 ,117150.00 ,114790.00 
113700.00 ,115570.00 ,115810.00 ,111420.00 
110370.00 ,113700.00 ,113880.00 ,109550.00 
112000.00 ,110360.00 ,112570.00 ,108960.00 
111470.00 ,112000.00 ,112830.00 ,110600.00 
112740.00 ,111470.00 ,113630.00 ,111130.00 
108530.00 ,112740.00 ,112780.00 ,107660.00 
109000.00 ,108530.00 ,109120.00 ,107550.00 
108380.00 ,109000.00 ,109680.00 ,108250.00 
109410.00 ,108420.00 ,110010.00 ,107380.00 
111350.00 ,109410.00 ,111930.00 ,108630.00 
111890.00 ,111360.00 ,112710.00 ,110750.00 
110880.00 ,111890.00 ,112330.00 ,109520.00 
110600.00 ,110880.00 ,113520.00 ,110410.00 
110230.00 ,110600.00 ,111190.00 ,110220.00 
111220.00 ,110270.00 ,111610.00 ,110230.00 
112050.00 ,111220.00 ,112830.00 ,110740.00 
111540.00 ,112050.00 ,113190.00 ,110750.00 
113900.00 ,111540.00 ,114290.00 ,111170.00 
115400.00 ,113900.00 ,115400.00 ,113420.00 
116030.00 ,115400.00 ,116610.00 ,114690.00 
115910.00 ,116030.00 ,116200.00 ,115160.00 
115590.00 ,115910.00 ,116130.00 ,115230.00 
115580.00 ,115590.00 ,116960.00 ,114630.00 
116840.00 ,115580.00 ,117080.00 ,114910.00 
116500.00 ,116840.00 ,117360.00 ,114880.00 
117090.00 ,116500.00 ,117950.00 ,116210.00 
115830.00 ,117090.00 ,117470.00 ,115370.00 
115840.00 ,115830.00 ,116300.00 ,115620.00 
115460.00 ,115840.00 ,115970.00 ,115440.00 
112810.00 ,115460.00 ,115550.00 ,112100.00 
112250.00 ,112810.00 ,113490.00 ,111710.00 
113520.00 ,112250.00 ,114130.00 ,111450.00 
109180.00 ,113520.00 ,113710.00 ,108880.00 
109930.00 ,109180.00 ,110520.00 ,108940.00 
109940.00 ,109930.00 ,110010.00 ,109400.00 
112370.00 ,109940.00 ,112620.00 ,109500.00 
114580.00 ,112370.00 ,114640.00 ,111850.00 
114020.00 ,114580.00 ,114990.00 ,112900.00 
118670.00 ,114020.00 ,118810.00 ,113950.00 
120570.00 ,118630.00 ,121080.00 ,118400.00 
122160.00 ,120570.00 ,123890.00 ,119340.00 
122350.00 ,122160.00 ,122760.00 ,121560.00 
123480.00 ,122350.00 ,125660.00 ,122130.00 
124720.00 ,123480.00 ,126110.00 ,123170.00 
121480.00 ,124730.00 ,125070.00 ,120680.00 
123410.00 ,121480.00 ,124220.00 ,121270.00 
121760.00 ,123410.00 ,123750.00 ,119810.00 
113170.00 ,121760.00 ,122660.00 ,104920.00 
110980.00 ,112830.00 ,113720.00 ,109830.00 
115230.00 ,110990.00 ,115960.00 ,109910.00 
115390.00 ,115230.00 ,116120.00 ,113960.00 
113270.00 ,115390.00 ,115630.00 ,110170.00 
110920.00 ,113270.00 ,113820.00 ,110410.00 
108400.00 ,110920.00 ,112140.00 ,107710.00 
106700.00 ,108410.00 ,109480.00 ,103790.00 
107410.00 ,106690.00 ,107710.00 ,106660.00 
108840.00 ,107410.00 ,109680.00 ,106370.00 
110760.00 ,108840.00 ,111850.00 ,107690.00 
108610.00 ,110760.00 ,114150.00 ,107700.00 
107720.00 ,108520.00 ,109070.00 ,106790.00 
110150.00 ,107720.00 ,111270.00 ,107570.00 
111110.00 ,110150.00 ,111970.00 ,109780.00 
111650.00 ,111110.00 ,111960.00 ,110810.00 
114460.00 ,111650.00 ,115070.00 ,111260.00 
114150.00 ,114500.00 ,116230.00 ,113800.00 
113000.00 ,114150.00 ,116000.00 ,112310.00 
110250.00 ,112980.00 ,113770.00 ,109710.00 
108500.00 ,110240.00 ,111720.00 ,106510.00 
109820.00 ,108500.00 ,111270.00 ,108490.00 
110290.00 ,109820.00 ,110750.00 ,109600.00 
110720.00 ,110290.00 ,111360.00 ,109650.00 
106770.00 ,110710.00 ,110850.00 ,105500.00 
101630.00 ,106790.00 ,107460.00 ,99092.00 
103940.00 ,101560.00 ,104580.00 ,99129.00 
101400.00 ,103940.00 ,104300.00 ,100460.00 
103390.00 ,101400.00 ,104100.00 ,99459.00 
102480.00 ,103390.00 ,103390.00 ,101630.00 
104780.00 ,102480.00 ,105470.00 ,101640.00 
106010.00 ,104780.00 ,106610.00 ,104360.00 
103190.00 ,106010.00 ,107500.00 ,102660.00 
101750.00 ,103190.00 ,105340.00 ,100880.00 
99855.00 ,101750.00 ,104000.00 ,98138.00 
94750.00 ,99839.00 ,99920.00 ,94469.00 
95672.00 ,94750.00 ,96930.00 ,94750.00 
94601.00 ,95672.00 ,96711.00 ,93673.00 
92553.00 ,94601.00 ,96157.00 ,91762.00 
93200.00 ,92553.00 ,93989.00 ,89635.00 
91648.00 ,93186.00 ,93193.00 ,88888.00 
86773.00 ,91648.00 ,93125.00 ,86260.00 
85355.00 ,86803.00 ,87647.00 ,80843.00 
84890.00 ,85355.00 ,85766.00 ,83680.00 
87028.00 ,84889.00 ,88289.00 ,84835.00 
88471.00 ,87008.00 ,89348.00 ,85500.00 
87519.00 ,88471.00 ,88602.00 ,86300.00 
90585.00 ,87514.00 ,90684.00 ,86500.00 
91385.00 ,90585.00 ,91990.00 ,90188.00 
91030.00 ,91385.00 ,93000.00 ,90326.00 
90934.00 ,91023.00 ,91250.00 ,90323.00 
90413.00 ,90934.00 ,92000.00 ,90413.00 
86473.00 ,90413.00 ,90452.00 ,84007.00 
91381.00 ,86473.00 ,92331.00 ,86333.00 
93457.00 ,91380.00 ,94080.00 ,91075.00 
92135.00 ,93457.00 ,94100.00 ,91000.00 
89390.00 ,92135.00 ,92738.00 ,88197.00 
89276.00 ,89379.00 ,90263.00 ,89000.00 
90500.00 ,89273.00 ,91754.00 ,87878.00 
90668.00 ,90500.00 ,92267.00 ,89701.00 
92760.00 ,90668.00 ,94638.00 ,89626.00 
92023.00 ,92760.00 ,94458.00 ,91632.00 
92514.00 ,92023.00 ,93519.00 ,89301.00 
90302.00 ,92514.00 ,92750.00 ,89591.00 
90327.00 ,90325.00 ,90671.00 ,89887.00 
88181.00 ,90321.00 ,90530.00 ,87679.00 
86535.00 ,88181.00 ,90010.00 ,85304.00 
87950.00 ,86535.00 ,88262.00 ,85407.00 
86409.00 ,87950.00 ,90427.00 ,85438.00 
85670.00 ,86409.00 ,89443.00 ,84604.00 
88241.00 ,85665.00 ,89458.00 ,85275.00 
88463.00 ,88241.00 ,88690.00 ,87981.00 
88715.00 ,88463.00 ,89153.00 ,87739.00 
88607.00 ,88715.00 ,90485.00 ,87982.00 
87514.00 ,88622.00 ,88982.00 ,86720.00 
87692.00 ,87493.00 ,88060.00 ,86495.00 
87279.00 ,87692.00 ,88575.00 ,87000.00 
87465.00 ,87285.00 ,89556.00 ,86704.00 
87945.00 ,87465.00 ,88035.00 ,87336.00 
87976.00 ,87945.00 ,88096.00 ,87530.00 
87241.00 ,87987.00 ,90387.00 ,86865.00 
88556.00 ,87240.00 ,89430.00 ,86830.00 
87711.00 ,88556.00 ,89207.00 ,87330.00 
88876.00 ,87720.00 ,88944.00 ,87593.00 
89993.00 ,88876.00 ,90942.00 ,88442.00 
90604.00 ,90029.00 ,90688.00 ,89330.00 
91468.00 ,90595.00 ,91712.00 ,90593.00 
93744.00 ,91483.00 ,94615.00 ,91423.00 
93612.00 ,93744.00 ,94280.00 ,91233.00 
91349.00 ,93612.00 ,93612.00 ,90651.00 
91086.00 ,91349.00 ,91541.00 ,89340.00 
90630.00 ,91089.00 ,91976.00 ,89693.00 
90519.00 ,90630.00 ,90833.00 ,90386.00 
90927.00 ,90525.00 ,91221.00 ,90225.00 
91239.00 ,90915.00 ,92478.00 ,90092.00 
95281.00 ,91239.00 ,95953.00 ,90988.00 
96804.00 ,95245.00 ,97787.00 ,94505.00 
95509.00 ,96804.00 ,97113.00 ,95057.00 
95510.00 ,95509.00 ,95758.00 ,94228.00 
95114.00 ,95491.00 ,95610.00 ,94978.00 
93677.00 ,95089.00 ,95515.00 ,93601.00 
92607.00 ,93677.00 ,93677.00 ,92000.00 
88431.00 ,92596.00 ,92857.00 ,87921.00 
89490.00 ,88431.00 ,90518.00 ,87316.00 
89578.00 ,89496.00 ,90395.00 ,88566.00 
89629.00 ,89578.00 ,91205.00 ,88607.00 
89200.00 ,89615.00 ,89960.00 ,89155.00 
86628.00 ,89182.00 ,89291.00 ,86074.00 
88495.00 ,86628.00 ,88895.00 ,86509.00 
89253.00 ,88451.00 ,89561.00 ,87383.00 
89285.00 ,89242.00 ,90560.00 ,88836.00 
84719.00 ,89296.00 ,89320.00 ,83307.00 
84230.00 ,84719.00 ,84750.00 ,81179.00 
78816.00 ,84232.00 ,84241.00 ,76099.00 
77013.00 ,78816.00 ,79453.00 ,75875.00 
78848.00 ,77030.00 ,79397.00 ,75090.00 
75892.00 ,78848.00 ,79276.00 ,73104.00 
73280.00 ,75892.00 ,77054.00 ,72149.00 
62940.00 ,73280.00 ,73426.00 ,62590.00 
70634.00 ,62995.00 ,71800.00 ,60246.00 
69389.00 ,70639.00 ,71668.00 ,67465.00 
70381.00 ,69389.00 ,72255.00 ,68966.00 
70166.00 ,70381.00 ,71494.00 ,68400.00 
68873.00 ,70166.00 ,70541.00 ,67975.00 
67132.00 ,68873.00 ,69352.00 ,65840.00 
66355.00 ,67156.00 ,68456.00 ,65215.00 
68928.00 ,66347.00 ,69488.00 ,65966.00 
69825.00 ,68938.00 ,70547.00 ,68747.00 
68879.00 ,69807.00 ,71007.00 ,68131.00 
68978.00 ,68876.00 ,70167.00 ,67384.00 
67573.00 ,68961.00 ,69260.00 ,66752.00 
66572.00 ,67565.00 ,68561.00 ,65958.00 
67067.00 ,66562.00 ,67390.00 ,65740.00 
68091.00 ,67067.00 ,68383.00 ,66604.00 
68051.00 ,68090.00 ,68729.00 ,67613.00 
67700.00 ,68050.00 ,68270.00 ,67290.00 
64744.00 ,67707.00 ,67740.00 ,63970.00 
64102.00 ,64750.00 ,65087.00 ,62727.00 
68067.00 ,64102.00 ,69975.00 ,63990.00 
67540.00 ,68056.00 ,68929.00 ,66593.00 
65930.00 ,67552.00 ,68280.00 ,65078.00 
67047.00 ,65945.00 ,67734.00 ,63144.00 
65792.00 ,67060.00 ,68252.00 ,65099.00 
68822.00 ,65810.00 ,70042.00 ,65339.00 
68283.00 ,68830.00 ,69249.00 ,66290.00 
72770.00 ,68362.00 ,74022.00 ,67450.00 
70887.00 ,72680.00 ,73566.00 ,70644.00 
68111.00 ,70864.00 ,71364.00 ,67755.00 
67235.00 ,68149.00 ,68519.00 ,67002.00 
65981.00 ,67234.00 ,68191.00 ,65622.00 
68469.00 ,65952.00 ,69477.00 ,65860.00 
69953.00 ,68461.00 ,71777.00 ,68428.00 
70224.00 ,69975.00 ,71340.00 ,69000.00 
70505.00 ,70224.00 ,70821.00 ,69231.00 
70920.00 ,70472.00 ,73895.00 ,70422.00 
71178.00 ,70917.00 ,71281.00 ,70358.00 
72813.00 ,71207.00 ,73193.00 ,70861.00 
74850.00 ,72801.00 ,74899.00 ,72268.00 
73884.00 ,74871.00 ,75977.00 ,73442.00 
71240.00 ,73850.00 ,74650.00 ,70489.00 
69932.00 ,71240.00 ,71581.00 ,68823.00 
70545.00 ,69956.00 ,71365.00 ,69436.00 
68892.00 ,70537.00 ,71046.00 ,68637.00 
69205.00 ,68919.00 ,69599.00 ,68250.00 
